bird_id,species,x_km,y_km
SN03295,snow_goose,17.087931,4.025234
SA07083,sandhill_crane,9.156022,2.692839
SN08417,snow_goose,13.986712,13.147506
SA00042,sandhill_crane,13.04325,13.252462
SN09303,snow_goose,8.139617,2.793575
SN04457,snow_goose,6.370173,9.611524
SA05283,sandhill_crane,8.591814,2.435692
SN00519,snow_goose,12.526501,1.873305
SN07357,snow_goose,2.247211,5.105253
SA03482,sandhill_crane,14.140435,13.339724
SN03375,snow_goose,16.333992,3.45548
SA08895,sandhill_crane,6.673173,9.397882
SN08032,snow_goose,1.724719,5.454874
SA05698,sandhill_crane,16.372654,3.87643
SA02061,sandhill_crane,4.422136,10.116549
SN03572,snow_goose,11.517892,10.773926
SN03453,snow_goose,12.331017,10.950459
SN05115,snow_goose,16.494387,3.146069
SN03803,snow_goose,11.365378,1.91218
SN08741,snow_goose,16.26803,3.879113
SA07015,sandhill_crane,16.006716,3.637044
SN06699,snow_goose,11.965052,2.243484
SA01428,sandhill_crane,1.479756,4.30557
SN02924,snow_goose,4.871953,5.649996
SA03338,sandhill_crane,6.368993,5.406816
SA04026,sandhill_crane,5.041268,10.219862
SN05260,snow_goose,5.328252,9.144249
SA03160,sandhill_crane,6.801558,4.945731
SA02370,sandhill_crane,5.709271,9.509946
SA00855,sandhill_crane,5.809703,9.240971
SA04163,sandhill_crane,11.781861,2.240368
SN09603,snow_goose,5.167022,10.142432
SN07836,snow_goose,2.12846,5.589688
SA06606,sandhill_crane,2.183491,5.537613
SN04241,snow_goose,6.768334,6.470618
SN05476,snow_goose,15.109322,12.250057
SN09345,snow_goose,6.853871,5.578336
SA01550,sandhill_crane,9.391575,2.397247
SN03611,snow_goose,2.473166,5.500648
SA02775,sandhill_crane,6.882495,4.8416
SN01476,snow_goose,6.405195,6.159989
SA01284,sandhill_crane,12.205429,11.113386
SA06730,sandhill_crane,14.34412,13.699695
SA02456,sandhill_crane,6.360917,5.195741
SN06486,snow_goose,6.311436,10.144694
SN09790,snow_goose,9.321178,2.837817
SA06123,sandhill_crane,1.738816,4.46592
SA03572,sandhill_crane,8.414116,2.63381
SN06548,snow_goose,5.218144,9.45227
SN07906,snow_goose,1.979578,4.829896
SA03577,sandhill_crane,14.334305,13.039887
SN02394,snow_goose,12.194926,2.370929
SA05332,sandhill_crane,6.938992,5.95972
SN03147,snow_goose,11.682991,10.749023
SN09456,snow_goose,8.143542,1.13883
SN06960,snow_goose,6.082881,6.172372
SA08405,sandhill_crane,5.58159,5.808252
SA06196,sandhill_crane,16.054146,3.208233
SN00772,snow_goose,5.685623,5.863973
SA00164,sandhill_crane,12.502871,1.79418
SA08909,sandhill_crane,13.687762,12.814509
SA01419,sandhill_crane,4.84433,10.090153
SA09768,sandhill_crane,12.316423,2.860678
SN06201,snow_goose,8.016326,2.282353
SA08740,sandhill_crane,8.486443,2.973799
SN09960,snow_goose,16.762481,2.902196
SA03637,sandhill_crane,13.58579,13.231914
SA04712,sandhill_crane,14.020954,13.333016
SN06216,snow_goose,9.211593,3.318924
SA05583,sandhill_crane,11.917013,11.212095
SN06354,snow_goose,5.243069,10.168212
SN04102,snow_goose,15.904212,3.889469
SN03196,snow_goose,16.63825,4.054296
SA04000,sandhill_crane,12.509456,10.768297
SA01037,sandhill_crane,5.659236,9.863661
SA07396,sandhill_crane,5.861522,9.873014
SN04228,snow_goose,6.271239,5.460908
SA09995,sandhill_crane,2.43306,4.103793
SN01852,snow_goose,5.867095,10.240447
SA05007,sandhill_crane,12.3646,2.522795
SN06400,snow_goose,12.566063,10.177334
SA09290,sandhill_crane,7.249481,4.589292
SN07868,snow_goose,14.369066,12.784815
SN07528,snow_goose,16.208379,3.637252
SN06374,snow_goose,12.673671,2.489844
SA09875,sandhill_crane,6.53251,6.262078
SN03604,snow_goose,6.663511,6.186197
SN03316,snow_goose,9.086748,2.29824
SN04603,snow_goose,16.459971,3.391681
SA03028,sandhill_crane,5.881982,10.461109
SA09946,sandhill_crane,17.315685,4.342655
SN03407,snow_goose,14.670537,2.691942
SA05548,sandhill_crane,13.651932,12.562811
SN08633,snow_goose,6.271965,5.246707
SN08401,snow_goose,16.993363,2.38859
SA00914,sandhill_crane,11.636061,2.163324
SN08645,snow_goose,11.173516,11.244535
SN08856,snow_goose,12.305138,2.108046
SN00539,snow_goose,12.107759,2.876858
SN03520,snow_goose,5.260594,10.120559
SA06721,sandhill_crane,4.867894,9.805022
SN09532,snow_goose,12.492818,10.669154
SN01887,snow_goose,12.184452,2.638373
SA00058,sandhill_crane,6.026531,4.721727
SN08090,snow_goose,12.394304,10.049097
SN03629,snow_goose,13.469549,12.893573
SN00804,snow_goose,6.330275,6.193244
SN00174,snow_goose,5.611702,5.056097
SA06572,sandhill_crane,16.910917,3.681929
SN05974,snow_goose,14.153288,12.906154
SN07484,snow_goose,5.715847,6.111772
SN06365,snow_goose,16.471444,3.832518
SN00758,snow_goose,11.860665,10.413632
SA04734,sandhill_crane,5.470162,10.14303
SN02265,snow_goose,5.753642,9.226115
SN00376,snow_goose,1.886638,5.229997
SN04591,snow_goose,12.143819,11.083731
SA04669,sandhill_crane,13.375086,13.057961
SA09838,sandhill_crane,2.390729,5.681733
SA09536,sandhill_crane,2.572675,4.570593
SA03835,sandhill_crane,16.092045,3.460684
SN02457,snow_goose,5.996599,6.194259
SN01175,snow_goose,16.984453,4.063646
SN02750,snow_goose,13.140261,13.262413
SA01658,sandhill_crane,5.087693,10.110519
SN02452,snow_goose,14.041687,13.170604
SA03563,sandhill_crane,9.551334,3.008881
SN01400,snow_goose,17.044572,4.394248
SA07345,sandhill_crane,6.677993,5.10853
SA04261,sandhill_crane,13.616512,13.498501
SA02908,sandhill_crane,12.190487,10.530368
SN03317,snow_goose,6.420108,10.5051
SA07888,sandhill_crane,15.804323,3.697016
SN03531,snow_goose,4.940713,10.223713
SA07965,sandhill_crane,11.679982,3.274234
SN02211,snow_goose,3.252972,5.701211
SA03147,sandhill_crane,11.768002,2.645759
SN04171,snow_goose,2.756737,5.291375
SA00913,sandhill_crane,6.861084,5.48228
SA08818,sandhill_crane,8.441698,2.59389
SN07170,snow_goose,2.370767,4.777358
SA04284,sandhill_crane,9.374309,2.166097
SN09940,snow_goose,13.792802,11.612477
SN03926,snow_goose,8.110358,3.665829
SA07056,sandhill_crane,6.628269,5.725948
SA01460,sandhill_crane,13.677397,13.333826
SA09960,sandhill_crane,6.651726,6.128564
SN04483,snow_goose,15.851252,3.204488
SA02786,sandhill_crane,7.001368,5.441762
SN05661,snow_goose,9.32574,2.723047
SA03697,sandhill_crane,5.510715,6.179316
SA06521,sandhill_crane,12.948498,1.786174
SN04519,snow_goose,16.267539,3.430174
SN01256,snow_goose,13.819436,12.862301
SN02855,snow_goose,2.444798,6.243002
SN05428,snow_goose,8.930681,2.852536
SA07182,sandhill_crane,4.991771,10.450106
SN02525,snow_goose,12.485803,2.264439
SA05497,sandhill_crane,8.856507,2.70652
SA08861,sandhill_crane,11.556862,2.291192
SN01361,snow_goose,2.077893,5.005015
SA07456,sandhill_crane,11.98295,10.590935
SN08258,snow_goose,8.705792,1.791591
SA03859,sandhill_crane,12.655209,10.808514
SA07878,sandhill_crane,2.159647,5.741833
SN08850,snow_goose,16.955758,3.300183
SA08241,sandhill_crane,9.493874,2.536565
SA02640,sandhill_crane,6.180913,11.107241
SA07446,sandhill_crane,9.112733,2.748415
SA09452,sandhill_crane,4.630961,10.007101
SA08193,sandhill_crane,5.33504,10.113253
SN03330,snow_goose,11.873693,2.40781
SA02870,sandhill_crane,8.582668,2.404957
SA00885,sandhill_crane,15.692517,3.847815
SA08969,sandhill_crane,12.782997,11.790882
SN00440,snow_goose,12.003088,10.816065
SA09016,sandhill_crane,11.88136,2.574965
SN08639,snow_goose,12.426788,2.256668
SN04180,snow_goose,11.837508,1.613762
SA06716,sandhill_crane,11.958669,10.287645
SN08240,snow_goose,16.643364,3.277081
SA01169,sandhill_crane,2.184355,5.637114
SN03635,snow_goose,5.642164,5.982157
SA06060,sandhill_crane,5.359925,11.026893
SN06527,snow_goose,13.68392,12.22245
SN03841,snow_goose,5.419974,10.559457
SA00021,sandhill_crane,3.10941,5.253345
SN04738,snow_goose,13.543667,11.847054
SA03973,sandhill_crane,12.151335,2.225232
SN04936,snow_goose,9.048989,1.873173
SN06522,snow_goose,12.493068,10.097297
SN01797,snow_goose,5.576148,10.486274
SN08039,snow_goose,12.954442,12.540549
SN09920,snow_goose,16.329954,3.650222
SA06513,sandhill_crane,6.297175,10.921935
SA02351,sandhill_crane,5.602148,10.72616
SA01718,sandhill_crane,12.170908,11.205229
SA04840,sandhill_crane,13.418505,11.132317
SA08965,sandhill_crane,9.154675,2.761476
SA09111,sandhill_crane,9.524751,2.755233
SA00783,sandhill_crane,7.428041,2.522567
SN08928,snow_goose,13.448156,2.492373
SA08742,sandhill_crane,14.368594,13.632838
SA04350,sandhill_crane,14.466196,11.645238
SN04453,snow_goose,13.773039,12.329577
SN08384,snow_goose,7.553451,4.905765
SA08938,sandhill_crane,15.755996,4.260815
SN05160,snow_goose,8.865902,2.712843
SN03236,snow_goose,5.504225,10.838906
SN02843,snow_goose,8.855562,1.483187
SA00354,sandhill_crane,11.207318,10.578044
SA08279,sandhill_crane,2.501244,5.633432
SN06307,snow_goose,6.092295,9.374627
SA05333,sandhill_crane,12.126005,2.650939
SN03536,snow_goose,12.670578,2.014943
SN03529,snow_goose,16.303032,2.50173
SA02472,sandhill_crane,16.28544,3.264451
SN05280,snow_goose,12.369382,3.17497
SN01583,snow_goose,3.502427,4.979559
SA08231,sandhill_crane,2.489832,5.395494
SN02518,snow_goose,2.561918,5.710581
SN05502,snow_goose,5.536565,10.757546
SN05569,snow_goose,13.653823,13.499594
SA05595,sandhill_crane,3.016477,5.042895
SN02330,snow_goose,13.944189,13.032552
SA09505,sandhill_crane,11.697021,10.44075
SN05071,snow_goose,12.208614,2.425342
SN09459,snow_goose,12.396318,1.971786
SN09347,snow_goose,2.58789,5.225666
SN03303,snow_goose,8.876992,3.290241
SA02693,sandhill_crane,8.505398,1.483274
SN01429,snow_goose,8.85654,3.287766
SA06434,sandhill_crane,6.789745,6.511123
SN02349,snow_goose,4.280392,9.764879
SN09676,snow_goose,12.570458,2.726528
SA06002,sandhill_crane,12.443451,11.127369
SN03989,snow_goose,11.513532,10.364498
SA04577,sandhill_crane,8.725465,1.694704
SN08348,snow_goose,1.682944,5.129493
SA01347,sandhill_crane,12.885555,2.136544
SN09414,snow_goose,9.104793,2.681303
SA03184,sandhill_crane,2.729634,5.540068
SN04838,snow_goose,16.778619,3.239914
SA01907,sandhill_crane,3.380584,5.823165
SN08942,snow_goose,5.583579,9.031558
SN06581,snow_goose,12.327038,2.86601
SA00498,sandhill_crane,11.727308,1.561481
SA04522,sandhill_crane,6.189631,5.129037
SA09143,sandhill_crane,12.617663,1.558804
SN08390,snow_goose,12.057021,0.840255
SA00878,sandhill_crane,5.38553,9.63202
SN04909,snow_goose,12.342626,1.597916
SN09577,snow_goose,13.076563,10.187489
SN07159,snow_goose,9.022568,2.786138
SN06813,snow_goose,16.212986,3.916215
SN09502,snow_goose,5.846075,9.490505
SN04358,snow_goose,14.175922,13.101979
SN04837,snow_goose,5.719389,9.89409
SA05660,sandhill_crane,5.60441,10.309321
SN04385,snow_goose,13.247407,10.630771
SN05738,snow_goose,13.26348,12.816282
SN04153,snow_goose,6.20419,9.997089
SA05249,sandhill_crane,16.502244,4.153745
SN07446,snow_goose,8.243248,3.328347
SA07659,sandhill_crane,13.059296,12.825683
SN02885,snow_goose,8.460725,2.378168
SA04721,sandhill_crane,16.224756,3.575063
SN07279,snow_goose,9.281147,1.13515
SN03440,snow_goose,2.316419,5.661622
SA05809,sandhill_crane,12.356087,10.158161
SN02762,snow_goose,8.457635,2.020241
SN08283,snow_goose,6.359747,5.694949
SA05073,sandhill_crane,16.546362,3.724747
SN02331,snow_goose,12.934812,11.286144
SN07687,snow_goose,11.893769,10.041966
SN06260,snow_goose,11.93243,10.452105
SA07324,sandhill_crane,8.549107,2.783731
SA03741,sandhill_crane,3.036885,5.621195
SN01931,snow_goose,11.876775,3.673312
SA06711,sandhill_crane,6.165771,10.525053
SA05270,sandhill_crane,2.898437,5.955122
SA08530,sandhill_crane,3.27974,5.393974
SA09196,sandhill_crane,11.98012,10.070736
SA07656,sandhill_crane,13.310501,13.438331
SA05319,sandhill_crane,8.890272,2.336898
SA08258,sandhill_crane,13.563878,12.265854
SN01555,snow_goose,16.425284,3.850843
SA06307,sandhill_crane,6.092549,4.927602
SN04799,snow_goose,15.761401,2.852106
SN08657,snow_goose,6.041173,5.828033
SN06175,snow_goose,12.384145,2.400781
SN01673,snow_goose,11.973154,2.811023
SA07641,sandhill_crane,13.959206,13.279753
SA00596,sandhill_crane,9.70207,2.500467
SN02304,snow_goose,13.616526,12.309918
SA02098,sandhill_crane,7.919274,2.719277
SN03819,snow_goose,9.059341,2.325702
SA00615,sandhill_crane,4.988771,9.913318
SA05206,sandhill_crane,6.308679,6.666501
SA06692,sandhill_crane,14.181676,12.260406
SA03311,sandhill_crane,16.579823,3.95075
SN02369,snow_goose,6.751076,5.689883
SA04770,sandhill_crane,13.569739,2.451785
SA01884,sandhill_crane,12.677559,2.918146
SA06484,sandhill_crane,12.383931,10.827502
SN01232,snow_goose,9.3466,2.57
SA01714,sandhill_crane,11.942449,11.024625
SA04731,sandhill_crane,6.534478,5.09161
SN02780,snow_goose,5.547557,9.808792
SN08925,snow_goose,12.933032,2.369317
SA00897,sandhill_crane,12.701604,13.237161
SA04524,sandhill_crane,2.9246,5.022765
SN09454,snow_goose,8.92314,2.812506
SN03220,snow_goose,5.095683,10.414334
SA03210,sandhill_crane,14.984639,13.808271
SN06317,snow_goose,8.713561,3.39749
SA00775,sandhill_crane,8.580058,3.3032
SA00302,sandhill_crane,6.776489,5.109816
SA01508,sandhill_crane,12.399613,11.02848
SN03123,snow_goose,8.394534,2.260404
SA01210,sandhill_crane,8.430626,2.542998
SA04424,sandhill_crane,9.025811,2.439294
SA04233,sandhill_crane,14.060922,12.908839
SA05650,sandhill_crane,5.489732,10.509103
SA01001,sandhill_crane,16.283327,3.933652
SA03861,sandhill_crane,12.229724,10.651496
SN01464,snow_goose,2.496496,4.645317
SA04084,sandhill_crane,16.384305,3.524721
SN04533,snow_goose,11.98076,1.807103
SA03550,sandhill_crane,11.351227,2.788016
SA09040,sandhill_crane,8.759677,1.871413
SA05610,sandhill_crane,8.905774,2.550875
SN01699,snow_goose,12.51333,10.757069
SN03729,snow_goose,4.881679,10.076756
SA07917,sandhill_crane,13.179964,11.636496
SA08261,sandhill_crane,8.699335,2.421544
SN01853,snow_goose,2.661238,5.599674
SN05776,snow_goose,5.852137,9.102567
SN01591,snow_goose,13.661339,11.98453
SN03804,snow_goose,6.299104,5.040336
SN03091,snow_goose,8.992331,2.615485
SN02540,snow_goose,16.507253,3.63827
SN07918,snow_goose,11.540273,2.075878
SN04629,snow_goose,15.469033,3.936321
SA05413,sandhill_crane,16.378255,3.569457
SN06818,snow_goose,13.219918,13.146232
SA03908,sandhill_crane,12.714831,9.976693
SA03211,sandhill_crane,5.961892,9.115523
SA01614,sandhill_crane,11.879507,10.530686
SA07373,sandhill_crane,14.403955,13.13547
SA05221,sandhill_crane,16.102798,4.278217
SA04064,sandhill_crane,16.533224,2.907669
SA06854,sandhill_crane,16.547718,3.318829
SN04282,snow_goose,16.386839,3.820992
SN05530,snow_goose,5.076994,9.506885
SA05089,sandhill_crane,5.620008,6.197835
SA07539,sandhill_crane,5.027664,9.820965
SN04920,snow_goose,6.961194,5.950254
SN01230,snow_goose,4.842866,10.690541
SA00975,sandhill_crane,1.920994,5.926819
SA00482,sandhill_crane,12.997015,11.11263
SA09264,sandhill_crane,6.793152,6.164851
SA00761,sandhill_crane,4.804201,10.042027
SN03763,snow_goose,5.641637,5.775167
SA03343,sandhill_crane,2.064515,5.601622
SN04571,snow_goose,5.633514,9.87813
SN00726,snow_goose,16.227347,3.189674
SN09346,snow_goose,11.938196,2.436423
SN00601,snow_goose,6.807276,5.375097
SA02096,sandhill_crane,5.561879,10.015752
SN06493,snow_goose,11.70028,2.994761
SN00439,snow_goose,12.668568,10.53273
SA07386,sandhill_crane,11.891572,1.816241
SA00826,sandhill_crane,13.466258,12.408849
SA06227,sandhill_crane,11.868293,2.318901
SA07238,sandhill_crane,17.365696,4.223916
SA03282,sandhill_crane,11.951916,10.73412
SN00745,snow_goose,13.571691,13.473176
SA08377,sandhill_crane,2.525031,6.082214
SA08149,sandhill_crane,13.069319,12.796243
SA01702,sandhill_crane,11.810845,10.527774
SA10000,sandhill_crane,11.787843,10.428138
SN09753,snow_goose,2.376457,4.980618
SN03566,snow_goose,2.197646,4.798552
SA06204,sandhill_crane,13.253761,12.780899
SN00596,snow_goose,6.191084,5.274246
SN09870,snow_goose,12.61649,11.468618
SN09171,snow_goose,9.3898,2.453562
SA05012,sandhill_crane,8.612108,3.070254
SN05338,snow_goose,9.020539,2.933881
SN01448,snow_goose,8.572603,3.281405
SN07169,snow_goose,3.085454,4.584122
SN03789,snow_goose,5.100688,10.067147
SN03290,snow_goose,4.686654,9.609214
SN06549,snow_goose,12.162589,2.019651
SA05763,sandhill_crane,17.001336,3.958268
SN02653,snow_goose,12.588405,10.720951
SN04253,snow_goose,5.66959,5.231917
SA02524,sandhill_crane,12.741388,2.834202
SN05175,snow_goose,2.457873,5.227055
SA09777,sandhill_crane,14.35405,12.737266
SA04353,sandhill_crane,6.3032,6.358473
SA08084,sandhill_crane,16.520912,2.278529
SN02239,snow_goose,3.30663,4.227568
SN00977,snow_goose,13.196058,13.390207
SN01293,snow_goose,12.931275,2.579569
SN00664,snow_goose,12.950915,10.390946
SN09354,snow_goose,13.571516,12.261042
SA01923,sandhill_crane,13.100719,13.428911
SN07883,snow_goose,11.567571,2.289462
SA02265,sandhill_crane,12.289874,11.363286
SA02703,sandhill_crane,16.506152,3.315652
SN00131,snow_goose,11.792724,11.079989
SA00637,sandhill_crane,7.704138,5.539781
SN07367,snow_goose,6.314207,9.926006
SN03830,snow_goose,14.62652,12.6936
SA01606,sandhill_crane,8.875592,2.467237
SN06665,snow_goose,12.601271,1.997412
SA06363,sandhill_crane,5.647661,9.464163
SA06911,sandhill_crane,4.777365,9.925974
SN07215,snow_goose,8.559377,2.047217
SA01823,sandhill_crane,16.373517,2.746925
SA08658,sandhill_crane,6.083024,6.09393
SA07975,sandhill_crane,5.953583,9.322682
SN01580,snow_goose,16.892434,4.260494
SN06351,snow_goose,14.897926,12.613802
SN05570,snow_goose,2.921874,4.984383
SN05583,snow_goose,12.840896,11.544909
SN02729,snow_goose,12.02816,10.177322
SA01644,sandhill_crane,3.103372,5.715318
SN08452,snow_goose,13.843276,12.737296
SA02924,sandhill_crane,6.382601,5.510772
SA01513,sandhill_crane,12.432323,10.424972
SA06266,sandhill_crane,8.022214,3.279605
SA01667,sandhill_crane,13.101281,14.058743
SN06511,snow_goose,13.744713,10.663375
SN04219,snow_goose,12.581815,10.616247
SA04329,sandhill_crane,6.115258,5.524699
SN02743,snow_goose,5.746553,10.103821
SA08464,sandhill_crane,8.582027,2.283744
SA02567,sandhill_crane,2.199694,5.211339
SA07073,sandhill_crane,13.838682,13.095186
SN07661,snow_goose,11.067677,3.288266
SA05505,sandhill_crane,16.386994,3.651212
SA04090,sandhill_crane,8.968143,2.617854
SA07936,sandhill_crane,8.689596,2.455686
SN05169,snow_goose,2.126614,5.072974
SN00632,snow_goose,11.500002,2.960114
SN09927,snow_goose,6.567809,5.95384
SA08115,sandhill_crane,12.212513,10.066302
SA02698,sandhill_crane,13.194493,11.029935
SN06793,snow_goose,14.250752,12.243186
SN05074,snow_goose,14.211917,13.084873
SN05741,snow_goose,5.352604,9.429503
SN06035,snow_goose,8.643609,2.182389
SA06089,sandhill_crane,12.245527,2.602671
SA03055,sandhill_crane,16.8016,3.590755
SN03955,snow_goose,12.578502,12.511151
SN09620,snow_goose,0.880389,5.287752
SN05144,snow_goose,6.856391,5.673861
SN00189,snow_goose,8.196849,3.345468
SA06612,sandhill_crane,13.55383,12.321021
SA03316,sandhill_crane,5.698887,10.417919
SN08512,snow_goose,15.929987,3.531008
SN09196,snow_goose,15.021073,2.758954
SN01535,snow_goose,16.260681,2.418076
SN06060,snow_goose,13.987215,12.849726
SN05351,snow_goose,4.68826,9.973286
SA04024,sandhill_crane,2.328955,5.887464
SA01019,sandhill_crane,14.245185,13.275531
SN08111,snow_goose,2.902713,4.932712
SN06923,snow_goose,5.6454,10.743207
SN00588,snow_goose,14.419237,13.347904
SN03883,snow_goose,11.456145,2.684849
SN08037,snow_goose,12.649273,2.941379
SN03402,snow_goose,13.880271,12.767389
SA07769,sandhill_crane,9.022513,2.356767
SA02905,sandhill_crane,11.582208,10.300378
SN00286,snow_goose,12.395852,10.787734
SA08089,sandhill_crane,12.3926,10.653772
SN03357,snow_goose,5.359965,9.216011
SN00653,snow_goose,13.241005,3.623385
SN06947,snow_goose,14.043117,13.2711
SA07076,sandhill_crane,15.627953,3.907682
SA04403,sandhill_crane,5.546104,9.887628
SA00415,sandhill_crane,12.812366,10.414296
SN09887,snow_goose,16.163771,2.882396
SN03688,snow_goose,17.218513,2.862753
SA02255,sandhill_crane,2.366745,4.259014
SA03652,sandhill_crane,11.12109,1.573732
SN07334,snow_goose,5.328474,6.059404
SN08841,snow_goose,9.374404,2.148815
SN01783,snow_goose,12.135545,11.504267
SA07768,sandhill_crane,6.496016,10.107739
SN04576,snow_goose,13.532341,12.485655
SA01973,sandhill_crane,5.606089,5.635997
SN08630,snow_goose,5.919957,10.336281
SN01848,snow_goose,6.033229,8.771216
SN01419,snow_goose,8.355123,2.168341
SA07603,sandhill_crane,5.913818,10.724775
SA04204,sandhill_crane,2.069157,5.693276
SN07834,snow_goose,3.114649,4.881109
SN03576,snow_goose,2.569087,5.8054
SA03826,sandhill_crane,8.4211,3.630158
SN05536,snow_goose,11.426562,2.622673
SN01760,snow_goose,6.149962,5.001601
SA06642,sandhill_crane,8.416882,2.751504
SA03387,sandhill_crane,2.17796,5.820829
SN01705,snow_goose,12.197063,10.627829
SN06450,snow_goose,6.191782,5.540478
SN08936,snow_goose,5.804141,10.317619
SN08002,snow_goose,5.142371,9.901255
SA09405,sandhill_crane,11.76253,2.815134
SA08138,sandhill_crane,6.899594,5.291039
SN01812,snow_goose,12.882586,11.111841
SN08406,snow_goose,2.020637,5.666181
SA07699,sandhill_crane,6.000151,5.572545
SA08365,sandhill_crane,11.985693,10.889044
SN01470,snow_goose,16.170289,3.516754
SA09957,sandhill_crane,9.2739,1.897109
SA03552,sandhill_crane,5.667953,11.34587
SN01939,snow_goose,12.112382,11.016179
SA03462,sandhill_crane,11.813249,2.860884
SA09658,sandhill_crane,16.251157,4.42309
SA02462,sandhill_crane,5.556961,5.103263
SN05346,snow_goose,7.667332,5.378964
SN09572,snow_goose,6.387209,9.200381
SN05647,snow_goose,12.444142,2.515598
SN02669,snow_goose,9.266172,2.242583
SN08101,snow_goose,5.756604,4.949649
SA00722,sandhill_crane,5.33533,9.351305
SN02984,snow_goose,13.717202,12.610799
SN05884,snow_goose,8.565073,2.167381
SN05152,snow_goose,1.346366,5.809189
SN00578,snow_goose,16.198563,3.805079
SA02190,sandhill_crane,3.302687,4.769779
SN05461,snow_goose,3.143307,5.554121
SN07354,snow_goose,5.91975,5.817473
SA01242,sandhill_crane,13.294321,12.353552
SA09374,sandhill_crane,2.523901,5.116178
SA00374,sandhill_crane,5.502095,10.99746
SA03869,sandhill_crane,6.357003,5.48477
SA00289,sandhill_crane,12.277497,3.574491
SN02362,snow_goose,9.925154,3.23271
SA08443,sandhill_crane,6.110198,9.848502
SN07955,snow_goose,2.924495,5.777213
SN06434,snow_goose,1.781985,5.374955
SA07616,sandhill_crane,2.555989,4.521678
SA05665,sandhill_crane,14.019117,12.848485
SA00652,sandhill_crane,13.189063,12.275377
SN01769,snow_goose,12.183257,2.602147
SN00795,snow_goose,14.153338,13.713635
SA09431,sandhill_crane,8.847691,2.363744
SA09459,sandhill_crane,6.562002,4.943739
SA06099,sandhill_crane,16.414163,3.147957
SN02313,snow_goose,8.79766,3.33801
SA05609,sandhill_crane,12.751322,11.258298
SA05592,sandhill_crane,2.903151,4.866614
SN04508,snow_goose,12.683773,2.428258
SN09062,snow_goose,12.331551,11.076531
SA00896,sandhill_crane,5.238366,9.926088
SN03379,snow_goose,12.691175,2.856524
SA05473,sandhill_crane,12.069594,11.235116
SA03235,sandhill_crane,16.384915,4.178446
SN07184,snow_goose,5.018486,9.657812
SA03348,sandhill_crane,13.792684,12.99436
SN09909,snow_goose,12.780417,2.025208
SA02286,sandhill_crane,6.330225,9.506057
SA01046,sandhill_crane,13.270716,12.479092
SN01726,snow_goose,6.134946,4.952365
SN00678,snow_goose,5.328781,10.526321
SA07770,sandhill_crane,12.245339,2.111236
SN06381,snow_goose,12.77965,2.490624
SA03404,sandhill_crane,2.576951,4.581787
SA00490,sandhill_crane,16.286949,4.115882
SA08195,sandhill_crane,12.188247,2.887656
SN02900,snow_goose,2.627426,5.482491
SN09974,snow_goose,7.380573,5.193435
SA09937,sandhill_crane,9.856953,1.67643
SA01603,sandhill_crane,5.145018,9.887123
SN00011,snow_goose,2.300331,5.880996
SN05869,snow_goose,11.675726,1.772598
SN08368,snow_goose,5.177715,9.834795
SA09025,sandhill_crane,5.937459,10.104318
SA00339,sandhill_crane,11.604205,10.409582
SN00012,snow_goose,5.742595,10.485356
SA04123,sandhill_crane,8.414406,3.110032
SN02440,snow_goose,6.019465,5.225551
SN00315,snow_goose,5.802946,9.906123
SN09650,snow_goose,6.376429,5.727286
SN08273,snow_goose,14.00104,13.565609
SA03597,sandhill_crane,12.817221,10.545979
SN08866,snow_goose,8.92017,2.814683
SA01071,sandhill_crane,13.431143,13.497626
SA04746,sandhill_crane,16.500981,2.39716
SA09736,sandhill_crane,16.422041,3.101466
SN02594,snow_goose,6.232007,9.983702
SN00142,snow_goose,8.810953,1.872838
SN01158,snow_goose,15.811447,3.238848
SA08680,sandhill_crane,2.363862,5.342469
SA04571,sandhill_crane,6.596169,5.100935
SN04201,snow_goose,16.70183,3.28589
SN07258,snow_goose,9.161243,2.799407
SN02872,snow_goose,5.929033,9.751125
SA01135,sandhill_crane,14.899599,13.066347
SA08632,sandhill_crane,7.594103,2.772606
SA04909,sandhill_crane,5.325046,9.889276
SA02332,sandhill_crane,12.019647,2.770055
SA07176,sandhill_crane,15.756277,3.764301
SN08882,snow_goose,5.833744,10.946995
SN07126,snow_goose,12.574055,11.455863
SA05274,sandhill_crane,11.700711,1.97708
SA05938,sandhill_crane,16.527418,3.370576
SA04704,sandhill_crane,6.459826,6.18078
SN03560,snow_goose,9.550376,2.306749
SA08947,sandhill_crane,3.295749,6.242441
SA04673,sandhill_crane,8.245399,3.261572
SA06214,sandhill_crane,6.065291,6.028445
SN05981,snow_goose,5.237888,9.051445
SA09271,sandhill_crane,12.501727,2.806834
SA04823,sandhill_crane,5.547658,10.256908
SN06451,snow_goose,6.066699,5.029366
SN04915,snow_goose,8.828971,3.588174
SN04254,snow_goose,4.713984,10.336214
SA06676,sandhill_crane,14.729796,12.855796
SA04646,sandhill_crane,8.543901,2.513844
SN01847,snow_goose,16.585253,3.520981
SN03497,snow_goose,2.654139,4.902922
SN06593,snow_goose,5.566859,10.713766
SN04557,snow_goose,11.169655,2.394084
SA01935,sandhill_crane,5.759804,5.847623
SA08449,sandhill_crane,16.068959,3.068452
SA09789,sandhill_crane,6.840255,5.851607
SA08591,sandhill_crane,2.139301,4.52004
SA02865,sandhill_crane,12.889791,2.233209
SA07845,sandhill_crane,5.655768,5.372992
SN05840,snow_goose,12.336556,2.71516
SA04981,sandhill_crane,2.81355,4.874109
SA03029,sandhill_crane,2.435586,4.646736
SA07689,sandhill_crane,5.068945,9.958449
SA06503,sandhill_crane,2.841494,5.433192
SN05409,snow_goose,14.396656,12.485684
SN09601,snow_goose,6.521597,5.978225
SN09261,snow_goose,5.705638,9.896973
SN06094,snow_goose,12.168561,2.570974
SA03213,sandhill_crane,2.425742,4.997036
SA05588,sandhill_crane,12.119594,11.252304
SN05348,snow_goose,7.528031,5.360007
SN06064,snow_goose,5.96006,6.469212
SN00434,snow_goose,14.203527,12.078299
SN01136,snow_goose,13.280479,13.760778
SN01321,snow_goose,13.100862,12.931499
SN04655,snow_goose,14.209153,13.168939
SN03192,snow_goose,8.444646,2.486045
SA05973,sandhill_crane,5.60205,5.608249
SA09447,sandhill_crane,7.991274,2.678306
SN01212,snow_goose,16.485979,2.117603
SA08067,sandhill_crane,5.752724,10.390357
SN03559,snow_goose,2.009633,5.934384
SA09874,sandhill_crane,8.655097,3.349959
SN02386,snow_goose,6.243581,6.047714
SA01915,sandhill_crane,14.146049,11.822599
SA07476,sandhill_crane,12.683453,10.833593
SA06877,sandhill_crane,6.236332,10.162616
SA09489,sandhill_crane,2.36942,4.6407
SN05110,snow_goose,1.939275,5.30378
SA00169,sandhill_crane,12.995194,10.015484
SA01636,sandhill_crane,12.05455,1.763143
SN09911,snow_goose,12.311214,11.242299
SA06243,sandhill_crane,14.211311,12.580695
SN03394,snow_goose,16.157119,3.553676
SA00063,sandhill_crane,6.346368,6.814048
SN03256,snow_goose,12.033729,9.788525
SA02424,sandhill_crane,6.297245,6.659299
SA01313,sandhill_crane,6.981825,5.341339
SN03193,snow_goose,16.037627,3.72799
SA03807,sandhill_crane,16.335991,2.328777
SA05826,sandhill_crane,12.744858,13.737227
SN05624,snow_goose,15.230166,4.340132
SA01374,sandhill_crane,11.342559,2.600379
SN04294,snow_goose,13.215057,13.482039
SA03583,sandhill_crane,12.950731,13.517184
SA04952,sandhill_crane,5.200551,10.532554
SA06859,sandhill_crane,11.918632,10.737718
SN05827,snow_goose,12.858455,2.080382
SN02406,snow_goose,12.532183,10.691128
SN02256,snow_goose,11.846455,2.605222
SN06656,snow_goose,5.796202,10.345159
SN00090,snow_goose,9.184022,2.599941
SA09888,sandhill_crane,6.33407,5.885808
SN02032,snow_goose,12.475377,11.224588
SA02790,sandhill_crane,13.581362,12.388533
SN01619,snow_goose,12.519488,3.00255
SN00381,snow_goose,12.571339,3.556554
SA04459,sandhill_crane,6.298145,4.672231
SA00215,sandhill_crane,12.495976,11.034821
SA00742,sandhill_crane,12.542035,10.873207
SN05265,snow_goose,16.521384,3.342205
SN07683,snow_goose,9.189534,2.318724
SN00175,snow_goose,16.964847,3.905021
SN07678,snow_goose,13.774266,12.619459
SA02360,sandhill_crane,1.762972,5.515543
SA07996,sandhill_crane,9.644351,1.677323
SA08735,sandhill_crane,8.587306,2.09411
SA06882,sandhill_crane,12.938214,10.87941
SN08952,snow_goose,12.028336,10.760807
SN04765,snow_goose,14.043068,12.221685
SN06332,snow_goose,9.30324,2.2519
SN08318,snow_goose,12.955171,12.320045
SA06359,sandhill_crane,5.682838,5.330416
SA02085,sandhill_crane,2.879667,4.036919
SA09655,sandhill_crane,6.017405,9.88334
SA02224,sandhill_crane,1.899353,4.752518
SA03591,sandhill_crane,12.505944,10.778617
SN02117,snow_goose,8.533336,2.481604
SA06660,sandhill_crane,4.997671,10.141144
SA02887,sandhill_crane,8.407942,2.663732
SN03852,snow_goose,5.918316,11.351133
SA08842,sandhill_crane,13.232357,12.576906
SN03949,snow_goose,13.216009,12.590511
SA01195,sandhill_crane,13.595653,13.295676
SN07297,snow_goose,6.133071,5.553294
SN08920,snow_goose,9.074587,1.463839
SN03642,snow_goose,13.072851,13.006871
SA03120,sandhill_crane,12.118219,2.352079
SN02975,snow_goose,5.89907,10.157072
SA07642,sandhill_crane,13.456592,13.555578
SA06230,sandhill_crane,16.212383,3.302533
SN05080,snow_goose,11.652655,2.181589
SA01090,sandhill_crane,9.071339,1.742372
SN02773,snow_goose,17.008543,3.739408
SA06369,sandhill_crane,12.903291,11.296824
SN04299,snow_goose,16.598449,2.747357
SN02274,snow_goose,6.212974,5.400629
SN03157,snow_goose,2.386446,5.484577
SA05212,sandhill_crane,12.032476,10.295682
SA09238,sandhill_crane,8.751965,2.627493
SN01531,snow_goose,6.051263,5.333309
SA03182,sandhill_crane,2.1335,4.644614
SN03392,snow_goose,8.839802,2.462813
SN08508,snow_goose,6.742142,4.612222
SA02489,sandhill_crane,2.945096,5.22175
SA06922,sandhill_crane,6.600545,5.490503
SA02163,sandhill_crane,1.732921,5.541853
SN02343,snow_goose,7.767457,2.045631
SN03081,snow_goose,8.904266,2.225666
SN05019,snow_goose,12.407594,2.455059
SA09535,sandhill_crane,12.419683,11.056738
SN05553,snow_goose,4.796923,5.851459
SN06384,snow_goose,6.883041,5.966304
SN08628,snow_goose,5.284065,11.20201
SN01501,snow_goose,13.248706,10.308353
SA01139,sandhill_crane,9.107043,2.127345
SA07531,sandhill_crane,7.849559,2.390938
SA05765,sandhill_crane,12.487504,10.478964
SA08366,sandhill_crane,6.821181,5.369106
SN04267,snow_goose,13.740098,13.156258
SA02248,sandhill_crane,1.99985,5.110714
SA02751,sandhill_crane,11.693193,3.305514
SA05640,sandhill_crane,2.88696,4.911441
SA00240,sandhill_crane,7.995119,2.768446
SN03059,snow_goose,3.086593,5.686147
SN00457,snow_goose,16.595858,2.847978
SN05253,snow_goose,8.789727,2.246144
SA05980,sandhill_crane,12.350692,3.016184
SN09634,snow_goose,2.43727,4.839281
SA02826,sandhill_crane,11.696599,11.035665
SA05101,sandhill_crane,13.484255,12.366197
SA01812,sandhill_crane,12.434784,2.853066
SN09372,snow_goose,12.288082,12.708083
SN00071,snow_goose,15.294411,4.068428
SA03606,sandhill_crane,12.888619,2.204283
SN07293,snow_goose,11.926599,2.067785
SN00221,snow_goose,11.589119,2.815848
SA09603,sandhill_crane,12.581922,11.53423
SA04960,sandhill_crane,5.294139,9.960189
SA08343,sandhill_crane,6.997438,5.397141
SA00540,sandhill_crane,8.164135,2.772011
SN09961,snow_goose,16.381015,3.689764
SN05660,snow_goose,12.612413,2.034032
SN04227,snow_goose,12.093381,10.39039
SN06409,snow_goose,5.91149,6.616138
SN00674,snow_goose,6.384043,4.733747
SN02113,snow_goose,5.006116,9.167864
SN03405,snow_goose,12.073623,2.162286
SA01962,sandhill_crane,13.052762,13.830443
SA04738,sandhill_crane,1.608292,5.440103
SN07689,snow_goose,12.907994,12.519572
SA08666,sandhill_crane,6.66611,5.062899
SA04858,sandhill_crane,8.774126,2.882691
SN02694,snow_goose,12.845549,3.371988
SN00430,snow_goose,16.31482,3.660098
SN08208,snow_goose,5.467568,10.165194
SN00509,snow_goose,7.282758,5.488712
SN03889,snow_goose,5.202307,10.260359
SN06988,snow_goose,8.967783,2.681892
SA01257,sandhill_crane,12.583302,2.506398
SA05936,sandhill_crane,15.914427,3.998135
SN08676,snow_goose,16.310238,2.454223
SN05809,snow_goose,11.737525,2.550897
SA05102,sandhill_crane,16.254081,3.140552
SA01223,sandhill_crane,16.151675,3.046085
SA07159,sandhill_crane,4.983464,9.649843
SN05604,snow_goose,8.854485,3.189686
SA05032,sandhill_crane,14.180822,12.77792
SN09279,snow_goose,1.779914,5.923138
SN00477,snow_goose,12.380735,11.555407
SN08351,snow_goose,2.154858,5.098315
SA07382,sandhill_crane,13.256896,10.972231
SA08300,sandhill_crane,14.379074,12.292507
SA09814,sandhill_crane,12.200015,2.631252
SN01649,snow_goose,5.640667,5.649639
SN09296,snow_goose,14.469055,12.503015
SA08623,sandhill_crane,8.239071,1.684616
SA01863,sandhill_crane,12.158231,10.336825
SA08019,sandhill_crane,13.324928,12.43238
SN03639,snow_goose,14.091881,13.155091
SN02881,snow_goose,8.762103,2.517677
SA07473,sandhill_crane,4.728447,10.343225
SA06765,sandhill_crane,11.797671,3.254189
SN06562,snow_goose,5.838567,5.444014
SN06325,snow_goose,15.246621,3.937766
SN03707,snow_goose,5.622532,10.761797
SA01102,sandhill_crane,11.752347,2.436743
SA06041,sandhill_crane,11.901432,10.725001
SN09435,snow_goose,12.743035,2.07981
SA03191,sandhill_crane,9.076647,1.904836
SA02949,sandhill_crane,9.133003,1.925355
SN01886,snow_goose,8.827896,2.725913
SA06613,sandhill_crane,12.187284,2.72461
SA01074,sandhill_crane,3.109122,5.90043
SA02496,sandhill_crane,5.992462,5.088593
SN00560,snow_goose,13.242053,13.25847
SA09990,sandhill_crane,13.662511,12.520735
SN04077,snow_goose,12.11958,9.728526
SA07430,sandhill_crane,9.089712,2.738829
SA00556,sandhill_crane,5.551017,10.050117
SA06133,sandhill_crane,14.551311,13.266074
SA08803,sandhill_crane,3.395756,4.696778
SN06112,snow_goose,12.699689,2.584586
SN01412,snow_goose,5.229915,9.57359
SN07542,snow_goose,6.338842,5.815671
SN09408,snow_goose,12.331869,11.270752
SA00015,sandhill_crane,7.920866,1.872188
SN05306,snow_goose,4.897521,9.964467
SN08460,snow_goose,5.417305,9.450011
SN04593,snow_goose,7.02755,5.008169
SA03576,sandhill_crane,8.120722,3.007972
SN07593,snow_goose,5.676624,9.937909
SA02099,sandhill_crane,15.999258,4.965961
SA08672,sandhill_crane,8.678744,2.799775
SA04692,sandhill_crane,13.841507,12.660029
SA08939,sandhill_crane,5.747581,5.580318
SN04752,snow_goose,16.539077,3.540642
SA02200,sandhill_crane,8.199057,2.023888
SN05370,snow_goose,6.501191,5.025322
SN01599,snow_goose,2.152999,5.196013
SA08219,sandhill_crane,17.060854,2.421736
SA00567,sandhill_crane,12.196564,2.079217
SN06217,snow_goose,13.683272,12.40602
SA08000,sandhill_crane,9.792173,2.319288
SN01840,snow_goose,6.669377,5.63482
SA03197,sandhill_crane,3.030768,5.492527
SA00718,sandhill_crane,2.373677,4.733196
SA08593,sandhill_crane,14.107313,12.625842
SA07452,sandhill_crane,6.822842,5.856063
SN03899,snow_goose,12.470669,2.692833
SN06781,snow_goose,14.062676,13.141687
SA08853,sandhill_crane,6.630873,6.134867
SA03589,sandhill_crane,12.462815,10.426179
SN07619,snow_goose,5.140758,9.851345
SA00762,sandhill_crane,6.467737,4.95249
SN03435,snow_goose,6.436489,5.622457
SA05507,sandhill_crane,12.689326,1.886044
SA04136,sandhill_crane,16.93576,2.770079
SN07862,snow_goose,8.590435,2.142748
SN05075,snow_goose,5.947936,10.127718
SA06943,sandhill_crane,16.411091,3.875281
SA03128,sandhill_crane,2.783216,4.710056
SA06867,sandhill_crane,9.221015,2.649717
SN04835,snow_goose,6.536689,5.768438
SN04366,snow_goose,15.272904,3.680451
SA09556,sandhill_crane,6.590934,5.609663
SA09987,sandhill_crane,1.53659,4.784163
SN00740,snow_goose,5.62819,6.491576
SA09906,sandhill_crane,8.257039,1.518758
SA07380,sandhill_crane,9.402423,1.841033
SA00945,sandhill_crane,6.167154,10.271375
SA07250,sandhill_crane,13.715858,3.276735
SA06585,sandhill_crane,1.999008,5.534562
SN08761,snow_goose,14.555944,13.036117
SN01622,snow_goose,13.732851,12.575467
SN00250,snow_goose,12.021459,2.328854
SA02176,sandhill_crane,8.580005,1.831002
SN03973,snow_goose,15.039536,13.422105
SN02052,snow_goose,6.079373,5.057729
SA00645,sandhill_crane,7.808179,3.212299
SA08470,sandhill_crane,11.714617,10.615731
SN09037,snow_goose,2.725947,5.213566
SN01342,snow_goose,14.264945,13.178242
SN07616,snow_goose,16.49674,2.934651
SN08524,snow_goose,4.809794,10.530077
SN04098,snow_goose,8.851913,1.70869
SA06626,sandhill_crane,6.215039,5.225815
SA05912,sandhill_crane,12.987144,10.382528
SN06999,snow_goose,8.646498,1.570964
SA02342,sandhill_crane,5.079639,9.699555
SA01264,sandhill_crane,16.799649,4.015974
SN05531,snow_goose,5.691261,5.123587
SN02703,snow_goose,6.338597,5.806353
SA01564,sandhill_crane,2.410692,4.970754
SA02075,sandhill_crane,5.05945,10.113268
SA05797,sandhill_crane,12.053077,1.586574
SA00643,sandhill_crane,12.660059,12.514948
SA08583,sandhill_crane,13.849805,13.68676
SA02008,sandhill_crane,6.628148,5.803989
SN03266,snow_goose,7.575031,3.280562
SA04137,sandhill_crane,9.159777,2.806071
SN01957,snow_goose,6.219621,6.044729
SN07753,snow_goose,2.499503,5.414301
SN00599,snow_goose,2.500432,4.869417
SN04474,snow_goose,8.312947,2.824049
SN02182,snow_goose,2.581277,5.375233
SN06899,snow_goose,2.324212,5.073429
SA03521,sandhill_crane,12.79015,2.645166
SN04050,snow_goose,14.130322,12.797062
SA09526,sandhill_crane,16.174827,3.599275
SN02735,snow_goose,13.984375,12.726422
SN07657,snow_goose,11.571107,10.497973
SN09401,snow_goose,12.219491,2.323903
SA06125,sandhill_crane,5.953687,10.169887
SA02129,sandhill_crane,1.330367,4.613196
SA07709,sandhill_crane,5.667543,9.966905
SN06826,snow_goose,12.296416,2.289633
SA03438,sandhill_crane,6.174508,5.146541
SN04223,snow_goose,6.91047,6.311827
SA02809,sandhill_crane,9.458273,2.205466
SN04580,snow_goose,13.643389,12.909128
SN01602,snow_goose,16.203412,1.902208
SN00467,snow_goose,2.804331,5.135946
SN06784,snow_goose,12.140018,2.450191
SN08098,snow_goose,5.7754,10.298473
SN08594,snow_goose,6.382303,10.075765
SN03388,snow_goose,14.287682,12.298642
SN00269,snow_goose,13.287925,11.363063
SA06320,sandhill_crane,16.078507,3.749637
SN00576,snow_goose,4.779172,9.870533
SN09889,snow_goose,15.78054,2.172416
SN06396,snow_goose,2.880168,5.225615
SN06379,snow_goose,5.718595,10.127762
SA05833,sandhill_crane,5.679562,5.326201
SN07242,snow_goose,4.891851,9.729766
SA04907,sandhill_crane,6.096369,5.300007
SA00460,sandhill_crane,9.125773,3.395924
SA04593,sandhill_crane,8.632993,2.812677
SN07463,snow_goose,11.851547,2.045844
SN07802,snow_goose,15.684146,3.073468
SA09214,sandhill_crane,6.901478,4.944353
SA06770,sandhill_crane,14.300907,12.708067
SN05924,snow_goose,8.832025,2.375829
SA08531,sandhill_crane,11.800472,2.194066
SN02426,snow_goose,5.236765,10.736369
SN04550,snow_goose,2.714522,4.956269
SA06544,sandhill_crane,6.606623,5.201945
SN08999,snow_goose,6.654536,10.394632
SA04569,sandhill_crane,13.80049,12.77738
SN01284,snow_goose,5.929815,5.928066
SA08990,sandhill_crane,6.413896,5.125882
SA02391,sandhill_crane,2.509184,5.521247
SA07929,sandhill_crane,12.598771,2.233765
SA05109,sandhill_crane,7.029563,5.329334
SN07512,snow_goose,16.428959,4.719613
SA00725,sandhill_crane,6.145863,5.658115
SA03276,sandhill_crane,2.589578,5.528114
SA01594,sandhill_crane,13.443699,12.28177
SN04461,snow_goose,13.904218,12.683509
SA02338,sandhill_crane,11.718993,9.472645
SA09465,sandhill_crane,11.880533,3.127883
SN01961,snow_goose,16.890368,3.478811
SN08844,snow_goose,6.404765,5.25221
SA02716,sandhill_crane,6.456834,9.508724
SN00720,snow_goose,5.93913,6.292376
SN00814,snow_goose,16.626494,2.557432
SN09004,snow_goose,2.760979,5.381121
SA08929,sandhill_crane,8.075795,1.616987
SN09661,snow_goose,6.605223,6.402868
SA05049,sandhill_crane,13.99093,13.153429
SN03152,snow_goose,5.748932,9.517569
SA06027,sandhill_crane,5.966795,10.262795
SA06785,sandhill_crane,6.049773,9.875512
SN05045,snow_goose,5.892377,10.518085
SA01752,sandhill_crane,5.329603,9.120793
SN09307,snow_goose,11.752908,2.698968
SA09775,sandhill_crane,9.992589,1.054597
SA05273,sandhill_crane,5.219646,9.8139
SN07679,snow_goose,2.096583,4.724612
SA01984,sandhill_crane,6.019766,6.376825
SA07807,sandhill_crane,15.534451,3.37062
SA07568,sandhill_crane,12.300018,2.390674
SA02861,sandhill_crane,12.306928,2.087175
SA02943,sandhill_crane,6.954442,4.715894
SN03682,snow_goose,11.83378,2.53815
SA06710,sandhill_crane,2.642235,6.012676
SN05317,snow_goose,5.41968,10.005322
SA00208,sandhill_crane,13.943079,12.058252
SN01709,snow_goose,4.894303,10.572145
SN09933,snow_goose,5.955405,10.191452
SN03748,snow_goose,16.663606,2.106011
SA00179,sandhill_crane,5.071993,10.645374
SN04243,snow_goose,8.27333,2.122717
SN06916,snow_goose,14.306141,12.808353
SA01905,sandhill_crane,2.872521,5.115243
SA04111,sandhill_crane,16.441235,4.371303
SN05976,snow_goose,2.48699,5.411894
SN07908,snow_goose,12.241811,2.16629
SN03791,snow_goose,16.304658,4.283799
SN02823,snow_goose,12.639359,3.006457
SA09298,sandhill_crane,12.650858,9.913342
SN09166,snow_goose,13.363106,13.305484
SA08883,sandhill_crane,13.791485,12.93937
SN03127,snow_goose,5.764415,10.429054
SN07050,snow_goose,8.486714,2.782546
SA08447,sandhill_crane,12.746017,10.886676
SN02234,snow_goose,12.118602,10.443663
SN05104,snow_goose,11.711068,1.539056
SN02355,snow_goose,12.301107,10.717455
SN03384,snow_goose,6.286929,6.248376
SA09339,sandhill_crane,5.701018,6.418199
SA03261,sandhill_crane,17.008434,3.742511
SN04068,snow_goose,5.286149,10.152051
SN06564,snow_goose,6.448254,5.536503
SN09313,snow_goose,12.97967,12.941037
SA08543,sandhill_crane,16.574879,3.753212
SN00773,snow_goose,5.636123,10.147616
SA04490,sandhill_crane,2.304512,4.948473
SN02110,snow_goose,12.432084,10.553816
SA05567,sandhill_crane,11.974877,2.654709
SA05632,sandhill_crane,13.137249,3.060778
SA07513,sandhill_crane,6.383594,6.197116
SN07756,snow_goose,8.355521,2.468361
SA05132,sandhill_crane,8.934651,2.472394
SN09907,snow_goose,12.483552,3.373712
SA08316,sandhill_crane,5.278383,9.750163
SN00456,snow_goose,12.312133,2.345556
SA03943,sandhill_crane,2.967367,5.622735
SA00078,sandhill_crane,5.807837,9.354125
SN08159,snow_goose,7.211778,6.076854
SA02842,sandhill_crane,6.330344,10.064882
SA06636,sandhill_crane,13.439571,11.148411
SA03694,sandhill_crane,8.805038,2.80095
SA06913,sandhill_crane,16.26458,3.804579
SN03888,snow_goose,12.37047,10.248828
SN08858,snow_goose,16.21511,3.43292
SN09299,snow_goose,5.64617,9.704025
SN02018,snow_goose,16.086835,3.385219
SN03418,snow_goose,2.084747,4.52362
SN01558,snow_goose,11.73137,3.152554
SA02792,sandhill_crane,12.144886,2.624303
SA09615,sandhill_crane,16.464843,3.371871
SN00088,snow_goose,8.37072,2.463835
SA03397,sandhill_crane,11.960796,3.167357
SN04449,snow_goose,13.505823,12.360008
SA00517,sandhill_crane,13.952273,12.670608
SN07957,snow_goose,9.523196,2.448313
SA08514,sandhill_crane,5.941127,6.357215
SN04754,snow_goose,16.24023,3.133115
SA02559,sandhill_crane,13.171565,2.433758
SN01658,snow_goose,2.038079,5.41313
SN03155,snow_goose,12.417531,2.335784
SA09462,sandhill_crane,12.470614,10.410484
SN05423,snow_goose,3.138451,5.072306
SN08185,snow_goose,12.682238,2.832229
SA06395,sandhill_crane,14.024422,12.881798
SN05289,snow_goose,12.176516,10.816324
SA08277,sandhill_crane,11.34733,2.452512
SN01319,snow_goose,15.19042,3.235211
SA02664,sandhill_crane,15.819022,3.336041
SA03756,sandhill_crane,2.743263,5.129342
SN03828,snow_goose,3.609824,5.223664
SN01083,snow_goose,14.796508,12.47627
SN05707,snow_goose,14.507336,13.345969
SA04820,sandhill_crane,11.577112,10.86772
SN02725,snow_goose,5.522337,9.588253
SA09723,sandhill_crane,4.856955,10.06356
SN08765,snow_goose,4.29775,9.608796
SA01084,sandhill_crane,6.006405,9.439467
SA00708,sandhill_crane,15.674775,4.181916
SN04162,snow_goose,1.892661,5.315905
SN04537,snow_goose,2.749139,5.385838
SA01811,sandhill_crane,2.411468,4.36108
SN07652,snow_goose,9.681528,2.59586
SA03636,sandhill_crane,6.397061,6.184668
SA02832,sandhill_crane,12.944884,9.919568
SN04013,snow_goose,5.219279,10.544073
SN01539,snow_goose,14.553952,13.080299
SN04078,snow_goose,12.866919,12.784954
SN04841,snow_goose,12.369451,2.795067
SN05945,snow_goose,15.921615,3.211251
SN01366,snow_goose,12.503462,9.88406
SA01993,sandhill_crane,13.27707,12.306458
SN08643,snow_goose,8.187559,2.588918
SN03444,snow_goose,6.264469,6.132521
SN00993,snow_goose,6.673216,5.708621
SA01381,sandhill_crane,13.774821,14.223007
SN09768,snow_goose,2.385547,4.900694
SN02170,snow_goose,6.667258,5.588696
SA00321,sandhill_crane,2.148929,6.009772
SN06085,snow_goose,12.317347,2.099646
SN01761,snow_goose,7.930787,1.771624
SA04160,sandhill_crane,12.647932,12.649676
SN07501,snow_goose,8.0118,2.450618
SN00151,snow_goose,8.772143,1.497098
SA02218,sandhill_crane,15.897239,3.100553
SN03586,snow_goose,6.517959,5.600121
SA05167,sandhill_crane,12.100971,11.423693
SN02919,snow_goose,12.565828,2.652736
SN01450,snow_goose,13.941585,13.010191
SA06589,sandhill_crane,5.676064,5.469159
SA08954,sandhill_crane,12.490503,11.058848
SA07493,sandhill_crane,8.441655,2.193905
SA04828,sandhill_crane,12.205396,1.765688
SN06075,snow_goose,16.19223,3.110692
SA06814,sandhill_crane,1.870119,4.43164
SA01975,sandhill_crane,14.094271,12.389092
SA00060,sandhill_crane,5.825108,6.173234
SA03795,sandhill_crane,12.522764,12.371099
SN05903,snow_goose,3.637001,5.463115
SN01348,snow_goose,12.04649,1.259748
SN04853,snow_goose,16.839201,4.070672
SA04474,sandhill_crane,6.201336,5.87344
SA01600,sandhill_crane,2.522116,5.900242
SN07214,snow_goose,2.777371,4.262742
SA07097,sandhill_crane,12.784388,10.692033
SA09826,sandhill_crane,3.569506,4.49293
SN04923,snow_goose,6.174436,5.328008
SA04505,sandhill_crane,15.50472,3.231296
SN06866,snow_goose,2.175841,5.385196
SN00380,snow_goose,15.739852,3.80461
SN04208,snow_goose,8.245341,2.644734
SN03905,snow_goose,13.737541,11.916647
SN00774,snow_goose,6.854223,5.636198
SA03516,sandhill_crane,8.863619,3.525394
SA02973,sandhill_crane,12.842984,2.189511
SN04919,snow_goose,16.590687,2.542448
SN01667,snow_goose,12.709315,11.179327
SN08565,snow_goose,12.216941,11.185105
SN08063,snow_goose,8.368578,3.029659
SA03238,sandhill_crane,12.115031,9.959312
SA00636,sandhill_crane,2.272509,5.55068
SA09733,sandhill_crane,5.488283,10.365275
SA09506,sandhill_crane,14.230643,12.984462
SN06370,snow_goose,2.822502,5.467531
SA01466,sandhill_crane,13.957114,12.851078
SN06704,snow_goose,5.604135,9.946447
SN04937,snow_goose,3.320303,4.664295
SA00845,sandhill_crane,5.512826,5.039553
SN03724,snow_goose,6.117284,5.436492
SA06817,sandhill_crane,8.8859,3.200788
SA04327,sandhill_crane,16.367453,3.859283
SN00234,snow_goose,7.997706,2.085599
SN02437,snow_goose,13.044696,10.950866
SN01570,snow_goose,6.87434,5.244396
SA07822,sandhill_crane,13.219698,12.297349
SN04250,snow_goose,13.221526,10.781257
SA01353,sandhill_crane,14.293959,12.737423
SA06469,sandhill_crane,13.916483,12.811712
SN06998,snow_goose,16.310574,3.529947
SN02488,snow_goose,4.939606,10.090641
SN08981,snow_goose,11.472124,11.009638
SN00048,snow_goose,5.830927,10.244445
SN07853,snow_goose,12.537985,2.746594
SA02028,sandhill_crane,12.709702,2.782397
SN00279,snow_goose,5.678677,5.838023
SA04655,sandhill_crane,12.645059,11.530095
SN02243,snow_goose,14.026217,12.848403
SA00322,sandhill_crane,13.030474,12.870681
SA01006,sandhill_crane,2.504821,6.276802
SN07014,snow_goose,5.931872,9.750161
SN05595,snow_goose,7.126676,5.484517
SN03934,snow_goose,2.092452,5.284482
SA03671,sandhill_crane,11.821151,11.230015
SA04535,sandhill_crane,12.116484,2.381232
SA09393,sandhill_crane,2.436236,5.808616
SA03441,sandhill_crane,16.91937,4.366743
SA06718,sandhill_crane,6.736321,5.388726
SN06783,snow_goose,16.235063,3.427327
SA02817,sandhill_crane,13.529018,12.501772
SA04458,sandhill_crane,11.512022,2.68832
SN00913,snow_goose,16.758665,3.026769
SA05831,sandhill_crane,15.908405,4.191198
SA04003,sandhill_crane,12.002552,2.335856
SA03878,sandhill_crane,12.430417,10.535597
SN06223,snow_goose,12.457034,11.192859
SA09395,sandhill_crane,6.245557,5.295339
SN02028,snow_goose,13.310288,12.839636
SA08753,sandhill_crane,13.103416,2.171161
SN07427,snow_goose,3.390208,4.206978
SA05666,sandhill_crane,1.527555,5.475279
SN03602,snow_goose,5.890426,5.346117
SA08507,sandhill_crane,2.507986,4.715115
SN09619,snow_goose,16.34208,2.361553
SN08680,snow_goose,5.949842,5.628247
SN04790,snow_goose,8.603931,2.106563
SA05526,sandhill_crane,13.164388,1.969601
SA02288,sandhill_crane,9.129392,2.377479
SA01200,sandhill_crane,14.380431,12.258118
SN06469,snow_goose,12.918893,13.005861
SA05314,sandhill_crane,4.837466,9.815796
SA08159,sandhill_crane,2.466035,4.65802
SA02396,sandhill_crane,9.262937,1.939357
SA07717,sandhill_crane,6.495465,5.482245
SN09269,snow_goose,9.044546,2.162109
SN06022,snow_goose,12.446256,1.773076
SA08342,sandhill_crane,2.769809,5.565791
SN08310,snow_goose,4.487064,10.338648
SA00780,sandhill_crane,12.197134,1.849865
SN03950,snow_goose,12.378218,1.949063
SN06053,snow_goose,16.403897,2.861273
SN03277,snow_goose,2.848192,5.21078
SN07576,snow_goose,1.178233,5.108931
SA00976,sandhill_crane,11.783752,11.346968
SA00417,sandhill_crane,12.279093,2.142015
SN00094,snow_goose,12.873675,12.559188
SN01171,snow_goose,8.288455,2.333929
SN07833,snow_goose,12.619311,10.698797
SN05684,snow_goose,13.852351,13.174098
SN08378,snow_goose,9.827948,1.701361
SA01854,sandhill_crane,8.913481,3.118699
SN02543,snow_goose,15.515142,3.379206
SA08682,sandhill_crane,3.272826,5.329251
SN06528,snow_goose,8.30454,2.206446
SN00289,snow_goose,8.413126,2.074136
SN01324,snow_goose,12.91958,1.87944
SN06786,snow_goose,5.089236,10.382921
SN09132,snow_goose,13.286881,13.290457
SA00949,sandhill_crane,6.370374,10.756815
SN07577,snow_goose,2.674428,4.883772
SA02476,sandhill_crane,15.692952,3.183258
SA06037,sandhill_crane,12.256011,11.448489
SA08046,sandhill_crane,13.77907,12.963472
SN00877,snow_goose,6.202495,6.069845
SN06677,snow_goose,5.479705,10.376582
SA09377,sandhill_crane,17.319355,3.067322
SN08518,snow_goose,9.598464,2.08689
SN05942,snow_goose,8.368211,2.152165
SN03226,snow_goose,13.374289,12.767146
SN09767,snow_goose,11.673986,1.91232
SN07645,snow_goose,2.825979,5.21921
SN07573,snow_goose,2.824147,4.776598
SA09559,sandhill_crane,12.222032,2.439661
SA06738,sandhill_crane,7.008204,7.057959
SA03880,sandhill_crane,12.305268,9.748103
SN02673,snow_goose,13.234542,2.243171
SA00127,sandhill_crane,1.836959,5.3275
SN02706,snow_goose,6.126901,9.899036
SN09988,snow_goose,6.149715,6.267193
SN08145,snow_goose,8.275246,2.208947
SA03457,sandhill_crane,4.67507,9.973453
SN07168,snow_goose,4.907613,9.421758
SN09686,snow_goose,5.070039,10.744748
SA09112,sandhill_crane,9.313179,2.41505
SA01361,sandhill_crane,5.436015,10.737591
SN01533,snow_goose,4.966192,10.838334
SN05459,snow_goose,14.295634,12.808573
SN02805,snow_goose,5.82694,5.958663
SN03970,snow_goose,5.796133,5.492632
SA00016,sandhill_crane,12.600639,11.147643
SN02031,snow_goose,12.048938,10.464037
SA02815,sandhill_crane,8.021314,3.124013
SN06051,snow_goose,2.50057,4.425894
SN07882,snow_goose,12.36072,2.448662
SA06381,sandhill_crane,1.52283,5.929273
SN09243,snow_goose,4.191332,10.354306
SN00621,snow_goose,12.439696,9.820172
SA06974,sandhill_crane,12.117928,10.119268
SA03346,sandhill_crane,11.952255,2.854363
SN08685,snow_goose,16.657765,3.623283
SA07637,sandhill_crane,9.877348,2.64598
SA07091,sandhill_crane,7.956844,2.5062
SN05441,snow_goose,13.841502,12.378016
SA04751,sandhill_crane,16.283624,2.515735
SA05005,sandhill_crane,12.094424,10.185175
SA00809,sandhill_crane,9.426037,2.118268
SN00395,snow_goose,5.652593,10.940803
SA02158,sandhill_crane,12.198318,2.346134
SA00301,sandhill_crane,15.970632,3.722157
SN06570,snow_goose,14.033659,12.779931
SA05140,sandhill_crane,14.892232,13.057559
SA02710,sandhill_crane,9.284743,2.424947
SA07383,sandhill_crane,2.655291,4.938155
SN09503,snow_goose,1.754128,4.759861
SA07377,sandhill_crane,16.913587,3.487256
SA01711,sandhill_crane,6.561165,6.49082
SA02658,sandhill_crane,6.422196,5.287044
SA06791,sandhill_crane,14.013561,12.472903
SN01977,snow_goose,8.966445,2.109854
SN00565,snow_goose,11.908612,2.175495
SN04599,snow_goose,2.452466,5.328806
SA05919,sandhill_crane,8.813134,2.558341
SN04022,snow_goose,3.418889,5.939014
SA09707,sandhill_crane,11.409437,2.34004
SN01755,snow_goose,5.634074,10.114679
SN00873,snow_goose,1.974682,5.415731
SA00473,sandhill_crane,13.156082,2.417022
SN07203,snow_goose,12.682059,11.132145
SA09203,sandhill_crane,5.349614,10.119899
SA05722,sandhill_crane,13.437828,12.917276
SA06289,sandhill_crane,12.726115,2.205248
SA06375,sandhill_crane,13.536008,13.099528
SN01103,snow_goose,16.426952,4.403245
SA04068,sandhill_crane,9.206584,2.811672
SA09596,sandhill_crane,12.54991,10.713441
SN04157,snow_goose,9.103932,2.153094
SA09334,sandhill_crane,9.532435,2.663729
SA08736,sandhill_crane,2.40569,5.297421
SN00501,snow_goose,6.371766,5.958573
SN07386,snow_goose,5.105858,10.257578
SN08755,snow_goose,11.623879,3.610425
SA03758,sandhill_crane,1.497036,4.832035
SN08992,snow_goose,5.814282,10.470379
SN06569,snow_goose,17.194168,2.487065
SN03485,snow_goose,8.517074,2.01822
SN07318,snow_goose,16.432585,3.512833
SN07319,snow_goose,6.193734,6.107563
SN04396,snow_goose,11.581263,2.3199
SA00295,sandhill_crane,7.124173,4.931522
SA03084,sandhill_crane,1.445466,4.781198
SA01129,sandhill_crane,12.433613,3.502568
SA06945,sandhill_crane,13.259205,9.949899
SN05041,snow_goose,6.070367,5.646782
SN07586,snow_goose,14.051291,13.405421
SA07229,sandhill_crane,8.506343,3.080044
SN09819,snow_goose,12.998437,2.433499
SN09639,snow_goose,13.714524,10.523724
SA05171,sandhill_crane,4.925381,10.934063
SA06853,sandhill_crane,12.454087,11.631098
SA07596,sandhill_crane,12.452867,10.413506
SA02526,sandhill_crane,7.716641,2.546365
SN00671,snow_goose,15.274313,3.521293
SA06885,sandhill_crane,2.098269,5.569084
SA02999,sandhill_crane,5.510042,9.843564
SA03291,sandhill_crane,4.975424,9.68916
SN06971,snow_goose,12.848719,11.213577
SN02910,snow_goose,12.29446,2.452836
SN01485,snow_goose,5.247191,10.588594
SN06739,snow_goose,16.194908,3.25347
SN01110,snow_goose,2.778388,5.224124
SA06569,sandhill_crane,5.37359,6.239771
SA01395,sandhill_crane,6.755292,5.31491
SN05946,snow_goose,2.371701,5.78992
SA03542,sandhill_crane,14.417928,12.947791
SA06419,sandhill_crane,11.790382,10.891191
SA07496,sandhill_crane,5.796233,6.446047
SA07434,sandhill_crane,1.698744,4.581896
SN08698,snow_goose,2.467588,5.127858
SN02361,snow_goose,12.508596,2.062895
SA07552,sandhill_crane,5.710692,10.412609
SN08459,snow_goose,9.128111,2.001694
SN04534,snow_goose,5.543353,5.836555
SA00778,sandhill_crane,13.125986,11.98665
SA06687,sandhill_crane,2.589118,4.589735
SN04873,snow_goose,12.619898,2.407007
SN03532,snow_goose,6.863876,5.321257
SA03912,sandhill_crane,8.73281,2.915919
SN06188,snow_goose,8.319957,3.721809
SN08404,snow_goose,6.292184,5.369263
SN04271,snow_goose,13.045615,12.886004
SA05294,sandhill_crane,12.720346,10.74732
SA07872,sandhill_crane,8.240359,2.1547
SA05527,sandhill_crane,12.610933,2.530687
SA03429,sandhill_crane,14.321544,12.770567
SA00815,sandhill_crane,2.61868,4.653372
SA00124,sandhill_crane,16.575998,3.2289
SN09506,snow_goose,8.622237,2.519399
SN00563,snow_goose,11.724157,2.951004
SN05963,snow_goose,16.218483,2.837598
SN04904,snow_goose,5.092276,10.725947
SN02021,snow_goose,12.455622,2.362509
SA05619,sandhill_crane,11.692254,2.218083
SA09144,sandhill_crane,16.470804,3.038016
SN00327,snow_goose,5.871228,10.234867
SN07129,snow_goose,13.411859,13.590005
SA04707,sandhill_crane,5.98558,5.881651
SN02893,snow_goose,8.673146,2.629928
SN08376,snow_goose,6.078069,5.560261
SA05579,sandhill_crane,11.643616,2.283469
SN08855,snow_goose,6.776853,5.530867
SA05906,sandhill_crane,12.24675,10.018079
SN01732,snow_goose,5.224818,10.931876
SA03565,sandhill_crane,2.232783,5.494671
SA08391,sandhill_crane,5.336382,10.182422
SA04648,sandhill_crane,2.397025,4.897852
SA00467,sandhill_crane,12.272177,2.176224
SN01254,snow_goose,9.020948,2.407623
SA02731,sandhill_crane,2.673662,6.238341
SA03567,sandhill_crane,5.166115,10.126546
SA07892,sandhill_crane,7.513534,5.882409
SA04372,sandhill_crane,12.559207,10.760139
SN09302,snow_goose,16.210231,3.965349
SN04819,snow_goose,6.961594,5.921126
SN09903,snow_goose,15.889102,3.867447
SN05272,snow_goose,13.150421,12.909961
SA04733,sandhill_crane,15.935591,3.636718
SN00141,snow_goose,8.761433,1.519808
SN00575,snow_goose,2.304333,5.465352
SN01561,snow_goose,8.08489,2.265942
SA01723,sandhill_crane,13.714661,13.497854
SA02583,sandhill_crane,9.793779,2.43742
SA03537,sandhill_crane,5.690616,5.755136
SN00748,snow_goose,13.252991,10.543508
SN03924,snow_goose,6.317303,5.172705
SA03799,sandhill_crane,9.237366,2.910121
SA02062,sandhill_crane,6.42864,5.074417
SA03792,sandhill_crane,13.317992,2.878429
SA02909,sandhill_crane,8.399568,1.781339
SA06495,sandhill_crane,2.426265,5.510744
SA08912,sandhill_crane,9.137877,2.295283
SN08005,snow_goose,2.68795,4.769217
SN05874,snow_goose,5.675153,10.794471
SN09201,snow_goose,12.336351,10.296574
SA09624,sandhill_crane,16.948281,3.828746
SN02044,snow_goose,1.966285,5.76389
SN02795,snow_goose,5.675301,9.522261
SN05708,snow_goose,14.776465,13.275704
SA06623,sandhill_crane,2.087405,4.853496
SA01370,sandhill_crane,12.647372,11.197213
SN09061,snow_goose,5.160383,10.663628
SN03283,snow_goose,13.307594,13.46637
SA08315,sandhill_crane,13.843402,12.285588
SA03725,sandhill_crane,12.159904,10.883915
SA03721,sandhill_crane,16.577798,3.457093
SN09648,snow_goose,5.432032,10.07609
SA09024,sandhill_crane,5.052547,10.027728
SN04504,snow_goose,12.415401,2.448843
SN02078,snow_goose,12.71591,2.356669
SA02041,sandhill_crane,12.161127,2.510133
SN02598,snow_goose,12.306319,3.088149
SA05399,sandhill_crane,12.309962,10.764196
SA04723,sandhill_crane,14.35373,12.811522
SA03660,sandhill_crane,12.011506,10.917262
SA05724,sandhill_crane,9.18704,3.046843
SN08860,snow_goose,12.024635,1.719733
SA04292,sandhill_crane,16.489113,3.821073
SA01198,sandhill_crane,11.956143,1.816366
SN01628,snow_goose,11.854275,2.608475
SN01371,snow_goose,5.428688,10.078449
SA04318,sandhill_crane,15.90822,4.021791
SA04071,sandhill_crane,16.00175,3.07808
SA04760,sandhill_crane,12.103729,10.640514
SA01738,sandhill_crane,5.100024,10.188062
SA03324,sandhill_crane,16.221553,3.37263
SN06277,snow_goose,5.795534,5.248041
SN05554,snow_goose,12.436442,10.528683
SN07205,snow_goose,13.356358,13.071988
SN07840,snow_goose,6.173617,11.044633
SA01330,sandhill_crane,13.186551,12.705065
SA03500,sandhill_crane,9.061774,2.631113
SN08407,snow_goose,5.281324,10.548345
SN06985,snow_goose,5.78358,10.046296
SA01768,sandhill_crane,14.493661,12.510094
SA05215,sandhill_crane,16.797054,3.560659
SA04951,sandhill_crane,5.352506,10.927208
SA05808,sandhill_crane,5.834698,9.30641
SN08634,snow_goose,1.556958,5.110425
SN00545,snow_goose,12.738589,10.646746
SA07404,sandhill_crane,12.75872,3.167887
SN06536,snow_goose,3.632085,5.213209
SA06835,sandhill_crane,4.983373,10.210832
SN05131,snow_goose,6.619755,5.461919
SA04504,sandhill_crane,2.404021,5.489596
SN08497,snow_goose,16.332858,3.366087
SN06861,snow_goose,12.626527,1.808712
SA08293,sandhill_crane,6.385911,6.305065
SA06206,sandhill_crane,2.544463,5.004748
SN08425,snow_goose,16.850045,4.078793
SA05751,sandhill_crane,11.983141,10.866937
SN01519,snow_goose,8.400951,2.899543
SN08923,snow_goose,6.28095,10.572789
SN08117,snow_goose,8.60547,2.953041
SN02920,snow_goose,3.11768,6.039169
SN07797,snow_goose,5.795352,9.747946
SA01698,sandhill_crane,2.894275,4.344432
SA01039,sandhill_crane,14.212994,13.031291
SA08829,sandhill_crane,12.453715,2.882219
SN03400,snow_goose,4.173657,10.332452
SN08606,snow_goose,1.559939,5.513537
SA00623,sandhill_crane,8.960124,2.485759
SA04749,sandhill_crane,8.546422,1.428685
SA09776,sandhill_crane,6.960112,5.506798
SN06964,snow_goose,10.072534,2.903205
SN07099,snow_goose,6.165711,5.807731
SN04117,snow_goose,1.735606,5.852158
SA09547,sandhill_crane,8.74871,3.202265
SN00689,snow_goose,12.82058,11.679434
SN06888,snow_goose,5.792643,5.703599
SN05990,snow_goose,8.349647,2.690342
SN08082,snow_goose,13.918681,13.010513
SA05930,sandhill_crane,11.379611,2.181945
SA07047,sandhill_crane,13.424284,11.488055
SN02971,snow_goose,5.205715,9.668397
SA08346,sandhill_crane,5.942101,5.852725
SA02044,sandhill_crane,15.886257,3.992679
SA07923,sandhill_crane,5.933424,10.140655
SA05346,sandhill_crane,15.987694,3.275064
SN06612,snow_goose,16.820694,3.611687
SA00642,sandhill_crane,14.061957,12.588526
SA02307,sandhill_crane,16.294651,4.427303
SA05440,sandhill_crane,5.926279,9.545613
SN09776,snow_goose,11.368597,2.6983
SA09759,sandhill_crane,7.857801,2.282562
SA07515,sandhill_crane,14.058676,14.044222
SN06095,snow_goose,8.949041,2.803072
SA01038,sandhill_crane,2.04008,6.137557
SN07975,snow_goose,12.025219,11.142508
SA06935,sandhill_crane,6.244484,4.51622
SN01105,snow_goose,9.21484,3.284723
SA02565,sandhill_crane,16.205983,3.293445
SN08758,snow_goose,11.152893,10.251818
SN02899,snow_goose,8.951999,3.152296
SA00120,sandhill_crane,6.84611,5.828029
SN05520,snow_goose,12.078719,1.780489
SA01482,sandhill_crane,12.141184,1.646373
SN00112,snow_goose,9.405083,2.637144
SN03137,snow_goose,5.751907,5.769624
SA08888,sandhill_crane,12.65475,10.958048
SA07080,sandhill_crane,12.363151,10.769083
SA07095,sandhill_crane,2.723037,5.060757
SN08114,snow_goose,12.383179,9.788449
SA04657,sandhill_crane,12.882943,2.758812
SA05120,sandhill_crane,13.670224,12.587453
SA02509,sandhill_crane,13.894153,12.923129
SN08107,snow_goose,6.115916,4.877024
SA03833,sandhill_crane,1.66963,4.26138
SN07172,snow_goose,17.177067,4.086191
SA05889,sandhill_crane,12.938335,1.617807
SA09520,sandhill_crane,12.131834,1.998576
SA07720,sandhill_crane,2.674349,5.372617
SN04526,snow_goose,5.240969,10.614301
SN01798,snow_goose,16.954018,3.538541
SN05673,snow_goose,13.523235,11.602944
SA06645,sandhill_crane,13.941455,13.547742
SN06431,snow_goose,16.277118,3.359635
SA06897,sandhill_crane,5.999522,4.153348
SA06630,sandhill_crane,12.160038,11.105745
SN05408,snow_goose,6.622525,4.640698
SA07356,sandhill_crane,5.86403,10.115992
SN00899,snow_goose,12.411985,2.346403
SN04361,snow_goose,12.191612,2.527733
SA05753,sandhill_crane,12.13423,1.87032
SA06790,sandhill_crane,12.851408,10.402635
SA01297,sandhill_crane,13.553605,12.728191
SA06930,sandhill_crane,12.408833,2.420357
SN09050,snow_goose,2.465044,5.075561
SN09720,snow_goose,12.823327,10.07241
SA08945,sandhill_crane,6.229386,7.351747
SN04233,snow_goose,2.161802,5.736157
SA09295,sandhill_crane,9.111902,2.930316
SN08766,snow_goose,17.09941,3.131226
SA02776,sandhill_crane,9.20254,2.340661
SA08650,sandhill_crane,2.546875,5.802501
SN05579,snow_goose,14.051302,12.43086
SN09213,snow_goose,1.388529,4.264832
SN09600,snow_goose,5.766665,5.349072
SA05502,sandhill_crane,12.19732,9.887447
SA00621,sandhill_crane,9.104934,3.035113
SA00228,sandhill_crane,6.82295,5.077937
SA01827,sandhill_crane,5.867843,10.141799
SN01768,snow_goose,12.000247,2.054754
SN05092,snow_goose,1.885412,5.3657
SA00174,sandhill_crane,11.829122,9.848599
SA09481,sandhill_crane,1.44673,5.958037
SA02400,sandhill_crane,8.334071,3.000447
SN08232,snow_goose,6.199953,5.479038
SA05420,sandhill_crane,12.802744,1.368127
SN02323,snow_goose,6.719142,5.990588
SN05511,snow_goose,7.348693,4.451888
SA03736,sandhill_crane,6.303015,6.215593
SA07607,sandhill_crane,1.681253,5.847536
SA07472,sandhill_crane,12.70203,10.803634
SN01053,snow_goose,12.260156,2.978639
SA08065,sandhill_crane,16.281529,3.244081
SA05731,sandhill_crane,12.799829,10.700126
SN02938,snow_goose,6.284749,5.805521
SA01655,sandhill_crane,2.054053,5.620244
SA00608,sandhill_crane,12.30012,10.878016
SA06411,sandhill_crane,2.06781,6.15086
SN04676,snow_goose,7.720783,2.274444
SA08015,sandhill_crane,15.990573,3.37448
SA01994,sandhill_crane,2.823844,5.12544
SA03426,sandhill_crane,13.98128,12.82148
SN07696,snow_goose,16.494031,3.641134
SN03319,snow_goose,8.613097,2.5778
SN02298,snow_goose,13.325981,13.02837
SN04515,snow_goose,14.47365,13.272347
SA00440,sandhill_crane,16.338991,3.593744
SA03175,sandhill_crane,8.306574,3.237597
SN01467,snow_goose,11.420474,11.536985
SN08546,snow_goose,11.760317,2.455385
SA02127,sandhill_crane,15.874212,3.825788
SA04552,sandhill_crane,1.977901,5.361879
SN09178,snow_goose,12.174251,2.410253
SA03376,sandhill_crane,13.422103,12.95223
SN09708,snow_goose,5.738339,10.136431
SN02483,snow_goose,13.705967,12.973299
SA02257,sandhill_crane,4.799421,9.892456
SN00346,snow_goose,12.58189,10.810499
SN00780,snow_goose,12.148824,1.367466
SA04231,sandhill_crane,8.229355,1.938354
SA08283,sandhill_crane,13.894534,13.164514
SA07313,sandhill_crane,5.684786,10.823116
SA03659,sandhill_crane,5.483376,9.603075
SN03958,snow_goose,2.865713,4.833613
SN09670,snow_goose,7.835893,3.031112
SA09053,sandhill_crane,5.65244,3.929662
SA04475,sandhill_crane,3.394906,6.035329
SN09400,snow_goose,5.583597,5.590046
SA07863,sandhill_crane,12.244137,11.093309
SN08896,snow_goose,5.574477,5.073146
SN07326,snow_goose,12.792982,10.340473
SA04978,sandhill_crane,6.356699,5.115611
SA05869,sandhill_crane,8.511034,2.417057
SA06210,sandhill_crane,15.005955,3.452826
SA01400,sandhill_crane,2.736669,3.940092
SN00718,snow_goose,5.04731,5.564631
SA05771,sandhill_crane,2.044926,4.975342
SA06136,sandhill_crane,7.655486,2.496784
SN00333,snow_goose,16.14101,3.639825
SN08658,snow_goose,16.196276,3.326641
SN04057,snow_goose,5.605042,5.420817
SN01974,snow_goose,8.203458,2.802682
SN01882,snow_goose,12.254336,10.633899
SN06355,snow_goose,8.760009,2.291807
SA03933,sandhill_crane,16.651454,1.553451
SA06611,sandhill_crane,11.703628,1.960156
SN03570,snow_goose,17.433845,3.057151
SN04026,snow_goose,9.102386,2.535532
SN03454,snow_goose,5.900574,5.753459
SN03523,snow_goose,12.223872,10.603152
SN00888,snow_goose,11.58401,2.401757
SA05989,sandhill_crane,2.310631,5.180538
SA02251,sandhill_crane,14.082684,12.60072
SN02088,snow_goose,5.403651,10.725144
SA06508,sandhill_crane,6.428454,5.650364
SN09065,snow_goose,5.6519,5.665723
SA04583,sandhill_crane,12.468667,2.828791
SA07821,sandhill_crane,1.747256,5.190435
SN06867,snow_goose,12.270741,1.894531
SN07751,snow_goose,12.728581,10.743504
SA07712,sandhill_crane,12.00603,2.709097
SA06295,sandhill_crane,6.327209,5.236302
SA06807,sandhill_crane,11.943189,10.2105
SN08813,snow_goose,12.692586,2.082264
SA04709,sandhill_crane,1.959669,4.759283
SN06273,snow_goose,2.658367,5.154911
SN01563,snow_goose,1.784702,4.81373
SA04192,sandhill_crane,13.602087,12.71675
SN08507,snow_goose,8.042704,2.778444
SN05512,snow_goose,2.348332,4.880752
SN02901,snow_goose,1.693323,5.973565
SN00592,snow_goose,14.41538,12.847769
SN00411,snow_goose,11.364909,2.683129
SA04971,sandhill_crane,2.252687,5.808629
SN05158,snow_goose,3.294867,4.9842
SA05443,sandhill_crane,2.48779,5.162202
SN02441,snow_goose,11.696015,2.561356
SN03769,snow_goose,8.474294,3.220177
SA03644,sandhill_crane,12.800456,2.294321
SA07897,sandhill_crane,12.59165,1.676947
SN02259,snow_goose,4.990868,10.256451
SA01328,sandhill_crane,6.020808,9.470187
SN01681,snow_goose,11.503081,10.685334
SN09880,snow_goose,15.967369,2.874964
SA09725,sandhill_crane,11.174043,10.827194
SA07518,sandhill_crane,2.908646,5.632903
SN06932,snow_goose,2.393849,6.0181
SN05394,snow_goose,5.694854,6.079922
SA03658,sandhill_crane,8.774056,3.335836
SN03644,snow_goose,6.794959,6.476637
SN07538,snow_goose,13.16154,11.400707
SA01117,sandhill_crane,14.213137,12.551284
SN00063,snow_goose,12.731025,13.828426
SN07127,snow_goose,15.365214,2.993827
SN05904,snow_goose,12.462506,11.012329
SN01774,snow_goose,12.185911,10.945741
SA04245,sandhill_crane,6.426688,5.731463
SA04591,sandhill_crane,6.095501,5.508732
SN09713,snow_goose,12.448768,10.597839
SA09740,sandhill_crane,8.380856,2.384811
SA08879,sandhill_crane,8.160802,1.950812
SN09432,snow_goose,2.522848,5.555354
SA04586,sandhill_crane,14.425731,12.377884
SA03998,sandhill_crane,7.25851,5.456388
SN03505,snow_goose,2.275906,4.961824
SA03225,sandhill_crane,5.83712,10.978277
SA04444,sandhill_crane,2.337663,5.716317
SN04549,snow_goose,13.649407,13.374624
SA01403,sandhill_crane,6.330785,6.346293
SA02892,sandhill_crane,14.101956,12.882753
SA00810,sandhill_crane,6.2197,10.588688
SN07890,snow_goose,13.669631,12.713293
SA08542,sandhill_crane,16.493811,3.667649
SN02647,snow_goose,8.13356,2.474247
SN09057,snow_goose,5.789887,5.80275
SN06538,snow_goose,2.588628,5.237998
SN09333,snow_goose,5.27297,9.63289
SN02918,snow_goose,8.572401,2.292747
SA06669,sandhill_crane,12.195777,10.926693
SN02630,snow_goose,4.35978,10.146875
SA04498,sandhill_crane,13.275012,12.005881
SN07575,snow_goose,9.022306,2.704969
SA07032,sandhill_crane,8.419114,2.091011
SN06070,snow_goose,12.05018,2.483157
SN00672,snow_goose,5.139134,11.119842
SA01922,sandhill_crane,1.375536,5.527702
SA08146,sandhill_crane,9.240695,2.796868
SN05147,snow_goose,11.481218,1.818173
SA02305,sandhill_crane,13.718383,13.078014
SA02001,sandhill_crane,2.294844,5.611623
SN01803,snow_goose,14.395893,12.358344
SA09443,sandhill_crane,9.180283,1.407551
SA07332,sandhill_crane,8.155862,2.340372
SA06281,sandhill_crane,15.508954,2.685849
SA08500,sandhill_crane,6.710509,5.937733
SN08216,snow_goose,1.656385,4.014024
SN06702,snow_goose,16.184695,3.503551
SN07038,snow_goose,12.545449,10.712025
SN04063,snow_goose,12.693732,11.069623
SN03732,snow_goose,14.061178,12.683326
SA08048,sandhill_crane,5.454453,10.813603
SN06505,snow_goose,12.780262,10.377353
SA02331,sandhill_crane,13.504428,13.234406
SA09341,sandhill_crane,5.219909,9.953629
SN06156,snow_goose,9.071331,1.963766
SN01139,snow_goose,12.330649,11.208034
SA08061,sandhill_crane,9.951307,2.216582
SA05966,sandhill_crane,13.384125,12.874024
SN05775,snow_goose,2.39584,5.515138
SA07890,sandhill_crane,12.148349,2.584869
SA01921,sandhill_crane,4.906364,10.321503
SA01795,sandhill_crane,13.699067,12.819662
SN03126,snow_goose,16.931407,3.713372
SA02670,sandhill_crane,12.461746,11.295866
SN01683,snow_goose,8.795171,2.202242
SA09365,sandhill_crane,2.064152,5.521682
SN00296,snow_goose,8.808979,2.119868
SN09350,snow_goose,12.478134,10.291072
SN09087,snow_goose,5.246636,10.146069
SA06816,sandhill_crane,5.930843,5.374422
SN06896,snow_goose,6.24232,5.865279
SN06182,snow_goose,8.159974,2.745769
SA06121,sandhill_crane,5.724058,10.100625
SN06236,snow_goose,12.533801,11.105721
SA07803,sandhill_crane,11.564993,3.498513
SN09378,snow_goose,2.354283,5.162054
SA09270,sandhill_crane,1.90284,4.971015
SN04354,snow_goose,16.485248,3.502704
SA00773,sandhill_crane,5.040458,10.645845
SN05813,snow_goose,5.740576,9.95195
SA04023,sandhill_crane,12.824667,10.890895
SA07678,sandhill_crane,6.93293,5.733382
SA08935,sandhill_crane,16.431969,3.065278
SA02007,sandhill_crane,12.700942,10.466914
SN08156,snow_goose,5.201304,10.184985
SA00260,sandhill_crane,2.166687,5.420251
SA04932,sandhill_crane,12.123602,2.387201
SN05026,snow_goose,8.616693,3.53144
SN08021,snow_goose,13.810297,12.442439
SA03189,sandhill_crane,11.828219,2.242053
SN02054,snow_goose,12.009422,10.742907
SA06577,sandhill_crane,16.603835,2.888883
SA08899,sandhill_crane,8.447514,2.655327
SA04139,sandhill_crane,9.336118,2.894824
SN09157,snow_goose,15.89626,3.109921
SA00639,sandhill_crane,12.408351,2.257822
SN07404,snow_goose,5.997923,5.980079
SA03108,sandhill_crane,16.791531,3.784781
SN08810,snow_goose,6.281738,9.618881
SA05745,sandhill_crane,8.407541,3.067802
SN00865,snow_goose,12.27405,10.572679
SN02641,snow_goose,7.803406,1.737759
SA01818,sandhill_crane,11.623687,2.751996
SA08900,sandhill_crane,5.993311,10.570354
SA04846,sandhill_crane,11.554477,1.915806
SN02865,snow_goose,7.67088,5.906413
SN07012,snow_goose,5.039536,10.060057
SA08800,sandhill_crane,13.994393,13.157653
SA00550,sandhill_crane,12.384826,11.311174
SN04642,snow_goose,16.537058,2.357559
SA00067,sandhill_crane,2.8481,4.986554
SN07412,snow_goose,5.322672,10.083425
SN00170,snow_goose,6.452422,5.276882
SA07718,sandhill_crane,8.59569,2.773644
SN08296,snow_goose,16.692025,3.395042
SA04164,sandhill_crane,12.107752,2.179176
SA02665,sandhill_crane,2.646129,5.398236
SN02086,snow_goose,2.660011,4.522301
SA07066,sandhill_crane,1.839432,4.98879
SN07898,snow_goose,8.866722,1.51521
SN03045,snow_goose,2.139693,4.366968
SA06438,sandhill_crane,8.208163,2.926371
SN00643,snow_goose,13.734324,12.475715
SA04890,sandhill_crane,12.48818,2.628695
SN06452,snow_goose,5.344865,9.665541
SA07051,sandhill_crane,5.302893,5.48613
SN07954,snow_goose,8.990545,1.41947
SN09107,snow_goose,17.022023,3.396689
SA04384,sandhill_crane,14.56425,14.161687
SA02004,sandhill_crane,4.782408,8.864956
SN09103,snow_goose,6.618069,5.093262
SN08177,snow_goose,16.044905,3.2155
SN02143,snow_goose,5.385495,10.11977
SA07766,sandhill_crane,5.352287,6.422213
SA03303,sandhill_crane,8.304007,1.743487
SN03427,snow_goose,2.810192,4.91671
SN09740,snow_goose,15.90831,2.948451
SA08269,sandhill_crane,8.768,2.65081
SA07973,sandhill_crane,11.995504,10.22866
SA09113,sandhill_crane,6.568264,6.1179
SA01316,sandhill_crane,8.945573,2.069043
SN08706,snow_goose,12.709212,10.48132
SN09980,snow_goose,8.556498,3.478312
SA01563,sandhill_crane,11.552994,10.314411
SA08618,sandhill_crane,11.853225,10.056698
SN06340,snow_goose,8.88748,1.636036
SA01681,sandhill_crane,16.578766,2.748167
SN00067,snow_goose,11.681572,2.101889
SA00116,sandhill_crane,14.531047,13.51472
SN01387,snow_goose,12.517669,10.671443
SA09344,sandhill_crane,16.163539,3.496791
SN00487,snow_goose,6.203614,5.940805
SA03391,sandhill_crane,16.017398,2.981547
SA07077,sandhill_crane,13.657461,13.024745
SA04638,sandhill_crane,5.578814,9.930083
SA02536,sandhill_crane,6.486946,10.330909
SN09515,snow_goose,5.607096,10.342395
SN09252,snow_goose,16.200549,3.918128
SA06675,sandhill_crane,12.954136,2.246223
SN03047,snow_goose,16.920309,3.275215
SA07875,sandhill_crane,5.728847,10.862816
SA03809,sandhill_crane,4.562703,10.337377
SN04335,snow_goose,4.559998,10.031694
SN02763,snow_goose,12.192534,10.146795
SN09284,snow_goose,12.814231,10.072517
SN01128,snow_goose,12.526795,10.89414
SA09149,sandhill_crane,5.66514,9.892176
SN09306,snow_goose,12.473516,2.253016
SA09983,sandhill_crane,15.859464,4.277481
SN09717,snow_goose,5.476206,10.774346
SA02461,sandhill_crane,6.252562,9.617008
SN09222,snow_goose,8.241673,2.486532
SN01403,snow_goose,5.591198,9.67372
SA03863,sandhill_crane,13.400019,12.703624
SA06025,sandhill_crane,2.749703,5.244442
SN05846,snow_goose,16.513689,3.238504
SA07312,sandhill_crane,5.781599,10.262909
SA09859,sandhill_crane,6.529073,5.826952
SA07549,sandhill_crane,6.828984,6.188384
SA01950,sandhill_crane,1.728839,4.430468
SN04527,snow_goose,2.784037,4.600719
SN09747,snow_goose,6.914395,4.712157
SA01474,sandhill_crane,5.503615,5.679161
SA04128,sandhill_crane,12.152483,10.691696
SA09514,sandhill_crane,3.303372,5.344202
SA03386,sandhill_crane,14.573786,12.556346
SA00238,sandhill_crane,2.360979,5.763213
SA06562,sandhill_crane,2.140678,4.962991
SA04440,sandhill_crane,11.455726,1.680542
SA01065,sandhill_crane,6.153828,5.199822
SN00659,snow_goose,12.83783,10.852466
SA09953,sandhill_crane,6.306444,10.523256
SA06811,sandhill_crane,11.698155,2.438343
SN07429,snow_goose,5.733292,9.947676
SA04788,sandhill_crane,2.461897,5.10758
SA03693,sandhill_crane,13.233603,2.487302
SN03490,snow_goose,12.936195,12.632117
SA03347,sandhill_crane,4.83074,9.502373
SA05383,sandhill_crane,5.87139,6.47122
SN01249,snow_goose,6.211995,6.308573
SN01250,snow_goose,6.17559,6.69207
SA08468,sandhill_crane,2.105581,5.546589
SA07911,sandhill_crane,11.771823,11.425444
SA08998,sandhill_crane,13.491723,13.783953
SA06017,sandhill_crane,12.647168,11.698975
SA03314,sandhill_crane,2.473129,4.871161
SN02476,snow_goose,15.064871,12.330665
SN02302,snow_goose,8.673613,2.049828
SA04392,sandhill_crane,8.657185,2.769122
SA01981,sandhill_crane,8.332217,2.850677
SN03282,snow_goose,2.115968,5.156051
SA04138,sandhill_crane,5.408856,10.305673
SN06472,snow_goose,5.591849,10.083181
SN01424,snow_goose,6.523797,6.058965
SA00557,sandhill_crane,15.908085,3.224972
SN08198,snow_goose,5.881109,5.863141
SA05198,sandhill_crane,9.559201,2.066401
SN05219,snow_goose,16.356195,3.478353
SN08463,snow_goose,12.582137,2.302957
SN09832,snow_goose,5.214648,10.840932
SN00453,snow_goose,5.56815,9.822767
SN08889,snow_goose,8.235426,1.899223
SN08244,snow_goose,5.616145,9.798077
SA05782,sandhill_crane,2.034055,4.557956
SA08727,sandhill_crane,13.607934,13.319007
SA08816,sandhill_crane,11.126511,2.216148
SN05694,snow_goose,11.882716,11.60219
SA06313,sandhill_crane,17.14977,3.920034
SN01185,snow_goose,16.084756,4.663955
SA04581,sandhill_crane,13.69535,12.867661
SN01731,snow_goose,12.651379,11.431783
SA06194,sandhill_crane,9.292894,2.528369
SN00368,snow_goose,9.160334,2.25671
SA01572,sandhill_crane,12.612979,2.718733
SN06846,snow_goose,15.232571,3.77215
SA05727,sandhill_crane,14.412732,12.168334
SN02686,snow_goose,6.359332,5.156305
SA08288,sandhill_crane,5.20906,9.823946
SN01036,snow_goose,5.440162,9.937684
SN05714,snow_goose,12.191487,10.194517
SA09292,sandhill_crane,11.904848,2.411206
SA03374,sandhill_crane,4.442245,9.072357
SA08340,sandhill_crane,5.699987,9.864903
SN02553,snow_goose,13.712323,12.614745
SA07487,sandhill_crane,11.760397,1.250077
SA00967,sandhill_crane,5.615961,10.63898
SN01754,snow_goose,16.181526,3.006147
SN01828,snow_goose,12.950743,2.251146
SA04080,sandhill_crane,12.574599,2.08477
SN00218,snow_goose,6.723399,5.461013
SN03496,snow_goose,4.082511,9.764822
SN01522,snow_goose,10.191763,2.536265
SA00332,sandhill_crane,16.5308,4.242636
SN00373,snow_goose,5.330978,10.495683
SN00693,snow_goose,16.535298,3.509531
SN04659,snow_goose,9.067678,2.34533
SN05281,snow_goose,8.920999,2.511882
SA05074,sandhill_crane,12.911148,11.708316
SA02268,sandhill_crane,2.692168,5.034023
SA06452,sandhill_crane,14.500165,11.708538
SN05316,snow_goose,2.039647,5.375819
SA04464,sandhill_crane,8.615639,2.164223
SN08818,snow_goose,5.776262,5.503921
SA06430,sandhill_crane,8.823824,2.531409
SN07714,snow_goose,14.003474,12.885498
SA04016,sandhill_crane,12.275847,2.228106
SN01408,snow_goose,8.463535,2.904329
SA01648,sandhill_crane,13.11437,1.778223
SA08248,sandhill_crane,9.46883,2.829367
SN08494,snow_goose,5.921799,10.29136
SN06567,snow_goose,12.953544,2.467254
SN01085,snow_goose,7.834582,2.976886
SA09793,sandhill_crane,12.357703,10.483375
SN06364,snow_goose,9.184603,1.98806
SN04900,snow_goose,2.057581,6.552471
SN07425,snow_goose,16.404499,3.401008
SA08188,sandhill_crane,15.710263,3.4612
SN08949,snow_goose,12.637585,2.859813
SA03752,sandhill_crane,16.528529,2.81754
SN09690,snow_goose,16.058348,3.39125
SA09867,sandhill_crane,12.808719,2.627157
SN07999,snow_goose,16.650201,2.647065
SN07653,snow_goose,1.57906,5.860447
SA01628,sandhill_crane,5.063304,9.432152
SN04436,snow_goose,11.603372,2.93741
SA07693,sandhill_crane,12.311704,10.904764
SN01081,snow_goose,13.630312,13.370052
SN06740,snow_goose,11.732223,10.781529
SN05202,snow_goose,6.30383,4.680367
SN05337,snow_goose,12.463437,10.544678
SA06580,sandhill_crane,12.438866,1.271607
SN09280,snow_goose,12.043375,10.702594
SA07194,sandhill_crane,13.838048,12.727528
SN00009,snow_goose,11.775195,1.669452
SN00937,snow_goose,6.581303,5.596298
SN07132,snow_goose,13.755546,13.364311
SN02162,snow_goose,17.138944,3.086375
SN03589,snow_goose,7.069031,5.817054
SA07287,sandhill_crane,12.514308,10.517736
SA07109,sandhill_crane,5.246587,9.561802
SN05528,snow_goose,2.544357,4.786399
SA05365,sandhill_crane,6.695887,5.857653
SN06710,snow_goose,13.560566,12.681535
SA03738,sandhill_crane,1.74243,4.748137
SN08219,snow_goose,15.770803,2.911689
SA04438,sandhill_crane,5.909649,6.399529
SN07979,snow_goose,8.803286,3.836784
SN00284,snow_goose,2.153545,4.927814
SN02360,snow_goose,12.061852,2.666597
SN00162,snow_goose,2.421625,5.388089
SA05218,sandhill_crane,11.653334,2.846784
SA05458,sandhill_crane,12.139029,2.768798
SA05838,sandhill_crane,15.357446,3.034226
SN08442,snow_goose,9.238434,1.961492
SA08045,sandhill_crane,12.938976,2.533337
SA08497,sandhill_crane,3.000871,5.07794
SN08446,snow_goose,2.544681,4.849494
SN02003,snow_goose,11.954705,11.344079
SA09389,sandhill_crane,4.825415,10.668644
SA01900,sandhill_crane,12.616855,10.353293
SN08644,snow_goose,12.965596,2.360359
SN04273,snow_goose,5.311577,9.427518
SN09859,snow_goose,8.956295,3.199447
SN05957,snow_goose,13.947632,12.62665
SN06148,snow_goose,1.102097,5.875764
SN05376,snow_goose,6.13006,5.670752
SA04477,sandhill_crane,2.793021,5.895246
SA07801,sandhill_crane,12.793899,2.728332
SN07048,snow_goose,14.0456,13.172775
SN07697,snow_goose,12.733606,11.04662
SN09246,snow_goose,6.135095,9.955793
SA06970,sandhill_crane,5.461508,10.591916
SN06981,snow_goose,1.419572,4.963721
SA07239,sandhill_crane,4.831985,10.166378
SN07255,snow_goose,13.960512,13.389433
SN04281,snow_goose,6.878147,5.624745
SN03823,snow_goose,11.895682,9.994579
SN07419,snow_goose,2.125664,4.859619
SN07210,snow_goose,5.854248,9.785322
SA08837,sandhill_crane,6.592455,5.25689
SN06926,snow_goose,13.41037,12.702512
SA07733,sandhill_crane,3.255201,5.392769
SA01461,sandhill_crane,5.066837,10.168575
SN09174,snow_goose,12.149829,10.1649
SA00191,sandhill_crane,2.14337,5.026012
SA08647,sandhill_crane,15.807195,4.270786
SA01744,sandhill_crane,12.484265,2.917314
SA03335,sandhill_crane,4.443231,10.716318
SN08516,snow_goose,15.368551,2.849084
SA08481,sandhill_crane,6.247157,5.608228
SA05993,sandhill_crane,2.68772,4.954718
SN07806,snow_goose,5.115576,9.988911
SA09497,sandhill_crane,12.103921,2.303225
SN00447,snow_goose,8.180828,2.664633
SN05875,snow_goose,2.476523,6.246412
SN02554,snow_goose,12.296244,3.409088
SA03545,sandhill_crane,2.270047,5.043204
SN09044,snow_goose,11.915379,2.666191
SN00880,snow_goose,11.931395,3.166425
SN07306,snow_goose,6.056845,10.24509
SA03642,sandhill_crane,16.587672,2.591032
SN07190,snow_goose,12.950087,10.954678
SN01747,snow_goose,2.691357,5.139105
SA00383,sandhill_crane,13.821385,13.68627
SA06193,sandhill_crane,5.247694,9.37279
SA04856,sandhill_crane,13.927552,13.619886
SA00115,sandhill_crane,6.563366,10.840084
SA03608,sandhill_crane,6.353464,6.099938
SN01008,snow_goose,9.277488,2.816336
SA03924,sandhill_crane,2.128159,5.267598
SA04082,sandhill_crane,5.422872,6.896727
SN09349,snow_goose,12.017507,10.857533
SA03848,sandhill_crane,9.026191,2.282284
SN09699,snow_goose,13.034038,10.299056
SA07351,sandhill_crane,14.325492,13.006557
SN03511,snow_goose,12.052471,2.924833
SA05924,sandhill_crane,14.308006,12.959525
SN02652,snow_goose,9.054148,2.489001
SN09334,snow_goose,12.418179,10.582993
SN01948,snow_goose,13.534716,12.773797
SN06648,snow_goose,16.806503,2.750962
SN04443,snow_goose,5.341234,9.908012
SN08662,snow_goose,6.213292,4.924563
SN08229,snow_goose,1.4068,4.595896
SA01780,sandhill_crane,12.035798,2.90807
SN01946,snow_goose,11.531666,1.208517
SA03423,sandhill_crane,11.768767,11.068452
SA06649,sandhill_crane,8.875524,2.119539
SA05921,sandhill_crane,5.832518,10.219192
SA09288,sandhill_crane,6.367556,6.804073
SN01420,snow_goose,12.626691,9.559612
SA01266,sandhill_crane,13.31489,13.386885
SA02734,sandhill_crane,7.066874,5.526117
SA00938,sandhill_crane,12.663286,3.178679
SA05805,sandhill_crane,8.235257,1.351786
SN04529,snow_goose,2.674157,5.624653
SN05012,snow_goose,12.808467,1.651968
SA07947,sandhill_crane,6.243493,4.923579
SN05225,snow_goose,5.264852,9.677476
SA01933,sandhill_crane,5.929412,5.482702
SN08191,snow_goose,11.902289,10.369094
SA05086,sandhill_crane,12.854089,11.679338
SN04817,snow_goose,12.749499,2.140919
SN07015,snow_goose,8.61334,1.795727
SA08165,sandhill_crane,13.304275,12.626878
SA04682,sandhill_crane,12.815598,2.666697
SA06568,sandhill_crane,2.87429,5.823143
SN01843,snow_goose,12.305956,2.541524
SA07029,sandhill_crane,8.904609,2.915632
SA09406,sandhill_crane,16.312756,3.978135
SA06691,sandhill_crane,16.214968,4.009633
SA05107,sandhill_crane,1.63504,5.394058
SN01578,snow_goose,3.133632,4.597831
SA01040,sandhill_crane,8.194556,2.201125
SN06524,snow_goose,12.560957,1.986374
SA03252,sandhill_crane,13.640808,13.481442
SN06448,snow_goose,7.018811,5.061916
SN01204,snow_goose,16.244288,2.749928
SA00357,sandhill_crane,6.409183,5.055988
SA08215,sandhill_crane,13.837883,12.783056
SN05303,snow_goose,8.417616,2.493445
SN00246,snow_goose,16.24653,3.65448
SN02537,snow_goose,1.253767,6.136362
SA08607,sandhill_crane,2.390833,5.292584
SN07632,snow_goose,11.902958,2.375346
SN08137,snow_goose,11.389335,3.219538
SA09579,sandhill_crane,5.216659,4.811038
SA01153,sandhill_crane,2.077348,4.731495
SN04270,snow_goose,11.291319,11.215838
SN02175,snow_goose,6.681634,10.061437
SA05990,sandhill_crane,15.800748,3.480115
SA01800,sandhill_crane,9.22427,1.852102
SN07912,snow_goose,15.966007,3.589309
SA07048,sandhill_crane,6.94633,6.231187
SN01972,snow_goose,6.659374,10.597861
SN05182,snow_goose,11.742249,1.89971
SA00746,sandhill_crane,13.267958,10.225284
SA03017,sandhill_crane,1.608973,4.657331
SA05678,sandhill_crane,1.909225,6.845216
SA00252,sandhill_crane,6.163563,10.071115
SA04140,sandhill_crane,6.624975,5.618016
SA00716,sandhill_crane,12.822664,2.386454
SN00581,snow_goose,8.597221,3.111163
SN01672,snow_goose,5.758296,10.200596
SA03315,sandhill_crane,12.309688,10.91578
SA01565,sandhill_crane,2.581468,5.10723
SA01183,sandhill_crane,12.77273,11.272148
SA02765,sandhill_crane,6.610082,9.321693
SN09612,snow_goose,11.555663,2.152015
SN03362,snow_goose,9.051344,2.087083
SA07835,sandhill_crane,16.003132,3.28638
SN00491,snow_goose,12.865416,2.723717
SN09411,snow_goose,12.393736,10.335962
SN09017,snow_goose,16.668696,3.983012
SN07044,snow_goose,8.145238,2.264991
SA05706,sandhill_crane,7.004992,5.133299
SN02612,snow_goose,6.530736,5.432419
SA04347,sandhill_crane,16.000564,3.642833
SN06172,snow_goose,5.910736,5.400833
SN06972,snow_goose,1.842263,4.436242
SN05549,snow_goose,15.704722,3.659767
SA01771,sandhill_crane,8.900975,2.311746
SA07488,sandhill_crane,4.74081,10.717219
SA08830,sandhill_crane,6.237283,5.719086
SA05251,sandhill_crane,12.982393,2.192623
SA04614,sandhill_crane,11.937491,2.09574
SA01735,sandhill_crane,6.582902,5.176848
SN07350,snow_goose,12.271809,10.239289
SN05613,snow_goose,13.400342,13.342299
SA00525,sandhill_crane,16.772253,2.753804
SN09591,snow_goose,2.49871,5.896173
SN04678,snow_goose,11.465733,2.622701
SA03744,sandhill_crane,2.302521,5.182708
SN05184,snow_goose,5.886329,5.507764
SN06991,snow_goose,2.558372,5.274726
SN02814,snow_goose,8.938966,3.273203
SA05325,sandhill_crane,3.801185,4.304701
SA09325,sandhill_crane,8.611567,2.577447
SA01127,sandhill_crane,12.054989,10.777502
SA09758,sandhill_crane,8.772186,2.571191
SN09672,snow_goose,9.046158,2.686501
SA08086,sandhill_crane,13.041901,10.106627
SA07673,sandhill_crane,5.499194,10.685334
SN06920,snow_goose,12.564644,10.598084
SN00446,snow_goose,6.215028,6.399445
SA01150,sandhill_crane,16.419594,3.427688
SA02168,sandhill_crane,13.208734,12.008946
SN05164,snow_goose,8.499437,2.736077
SN00951,snow_goose,6.002238,9.777585
SN07588,snow_goose,5.906059,9.630778
SN03831,snow_goose,12.37112,2.094762
SA07520,sandhill_crane,6.451461,5.06855
SA04613,sandhill_crane,15.855858,3.234816
SA01832,sandhill_crane,12.431736,10.337131
SA08797,sandhill_crane,5.389277,9.318064
SN02237,snow_goose,12.479725,2.40932
SA01958,sandhill_crane,11.779501,10.879603
SA05524,sandhill_crane,11.743558,10.747857
SA00545,sandhill_crane,12.264965,10.669394
SN02484,snow_goose,9.43187,1.776992
SA01472,sandhill_crane,15.859952,2.746097
SN02150,snow_goose,13.732406,13.588052
SN05478,snow_goose,12.110307,10.085046
SN01604,snow_goose,12.787622,10.289031
SA00909,sandhill_crane,3.049325,5.005896
SA01386,sandhill_crane,2.367486,4.515856
SA07223,sandhill_crane,11.139886,10.144471
SN06138,snow_goose,12.725255,11.394212
SA00489,sandhill_crane,6.504984,4.896457
SA01882,sandhill_crane,9.09936,2.487157
SN02944,snow_goose,3.109885,5.5787
SN06041,snow_goose,8.895095,2.674523
SN04675,snow_goose,16.383771,3.827212
SA05355,sandhill_crane,17.487623,2.481251
SA03954,sandhill_crane,17.247814,3.483562
SA06992,sandhill_crane,12.603868,2.328822
SN06688,snow_goose,8.541427,2.743492
SA06098,sandhill_crane,11.976988,1.794508
SN02738,snow_goose,2.432473,5.432748
SA01951,sandhill_crane,7.635087,2.875606
SA05855,sandhill_crane,16.776067,3.236668
SA02490,sandhill_crane,13.827471,13.314155
SN09234,snow_goose,8.873852,2.241823
SA09124,sandhill_crane,5.496187,9.500193
SN08929,snow_goose,12.414668,10.743899
SA00672,sandhill_crane,1.857231,5.124272
SN03545,snow_goose,14.190124,13.507239
SN06068,snow_goose,13.596189,12.583289
SN00779,snow_goose,13.445718,12.416325
SA02822,sandhill_crane,12.056696,2.7606
SN00237,snow_goose,12.950961,10.610205
SN08948,snow_goose,16.035863,3.242334
SA04356,sandhill_crane,13.960282,13.152595
SA01629,sandhill_crane,13.194083,1.596859
SA09945,sandhill_crane,11.672243,10.695882
SA09846,sandhill_crane,5.46706,10.49563
SN01750,snow_goose,2.031131,4.796524
SN03788,snow_goose,12.04756,2.535998
SA05860,sandhill_crane,12.946115,12.993484
SN01488,snow_goose,13.110949,10.722288
SN05085,snow_goose,15.947635,2.858418
SN04595,snow_goose,6.688941,5.568915
SA08309,sandhill_crane,12.953605,10.391704
SN01189,snow_goose,5.22043,8.948373
SA03370,sandhill_crane,17.013965,3.476846
SN05320,snow_goose,9.559342,2.67008
SN08451,snow_goose,12.004199,2.530972
SN09110,snow_goose,12.298514,1.64152
SN02728,snow_goose,12.692228,1.763511
SN03561,snow_goose,12.407399,10.754442
SN07438,snow_goose,16.727258,2.903548
SN04275,snow_goose,16.204993,3.431555
SA07353,sandhill_crane,6.459547,4.699123
SA04287,sandhill_crane,6.484219,6.150659
SN07552,snow_goose,9.098413,3.102795
SA09226,sandhill_crane,1.764352,5.230802
SN07248,snow_goose,13.583418,13.179978
SA06454,sandhill_crane,6.326949,5.768369
SN04412,snow_goose,3.097704,5.226166
SA01640,sandhill_crane,6.311616,9.872876
SA05347,sandhill_crane,8.660961,3.398515
SA09532,sandhill_crane,6.92422,6.191122
SA09491,sandhill_crane,12.241563,2.817348
SA07787,sandhill_crane,5.783348,4.840257
SA08741,sandhill_crane,1.547287,4.991275
SN03346,snow_goose,2.171382,5.215489
SA07497,sandhill_crane,13.204794,13.243259
SA05268,sandhill_crane,12.188241,10.147709
SA04831,sandhill_crane,12.820221,2.28136
SA09282,sandhill_crane,13.476932,10.975055
SN03923,snow_goose,13.815224,13.031833
SN03944,snow_goose,14.083108,12.52118
SA03418,sandhill_crane,12.40094,2.436496
SN06008,snow_goose,14.380207,13.007337
SA04694,sandhill_crane,12.063619,2.898304
SN08000,snow_goose,5.837098,10.912504
SA01095,sandhill_crane,13.591952,13.615413
SN04028,snow_goose,16.531255,3.723167
SN08794,snow_goose,16.143955,3.06754
SA00802,sandhill_crane,12.14478,3.6684
SA03258,sandhill_crane,16.01775,4.482494
SN08753,snow_goose,12.213182,2.873969
SN04897,snow_goose,13.239831,13.419044
SN04951,snow_goose,5.588993,11.253169
SN05623,snow_goose,9.179141,2.388525
SA06238,sandhill_crane,12.852231,12.868293
SN09658,snow_goose,12.746924,12.665685
SN05173,snow_goose,15.327132,3.888469
SN03189,snow_goose,8.794208,3.091488
SN00101,snow_goose,13.86588,12.751236
SN08783,snow_goose,13.36407,12.17935
SN04934,snow_goose,12.247992,2.886529
SA04166,sandhill_crane,12.068182,2.68666
SN04647,snow_goose,6.044656,5.579387
SN08325,snow_goose,12.149337,11.058234
SA07844,sandhill_crane,5.428565,9.016876
SN03981,snow_goose,13.064211,9.619929
SN05360,snow_goose,12.092387,10.125067
SN08415,snow_goose,2.910855,5.126796
SN08448,snow_goose,12.330698,10.234081
SN03328,snow_goose,6.834533,5.200734
SN00007,snow_goose,2.791077,5.379305
SA00593,sandhill_crane,6.622058,5.171456
SA06485,sandhill_crane,2.485373,5.271136
SN02835,snow_goose,1.290795,5.168162
SN01013,snow_goose,6.794467,5.806751
SN01611,snow_goose,1.722502,5.110019
SA01514,sandhill_crane,13.185052,12.685443
SN01231,snow_goose,5.930652,5.980998
SA02482,sandhill_crane,15.323242,3.386638
SA03234,sandhill_crane,8.510431,3.30564
SA06442,sandhill_crane,14.139746,11.956165
SN02829,snow_goose,16.589281,3.653345
SN05639,snow_goose,12.329104,10.567472
SN09156,snow_goose,13.274951,10.552783
SN07555,snow_goose,5.530852,10.244801
SA08209,sandhill_crane,7.764551,1.637103
SA01345,sandhill_crane,13.339463,12.902337
SN09730,snow_goose,12.248012,9.972071
SN08870,snow_goose,15.967122,3.09476
SN01925,snow_goose,8.293281,2.619134
SA05392,sandhill_crane,5.093004,9.835736
SN00640,snow_goose,3.554043,5.804645
SA00963,sandhill_crane,1.707155,4.248918
SN00077,snow_goose,7.095925,5.612124
SN04344,snow_goose,16.475115,4.009187
SA00905,sandhill_crane,12.717823,2.436713
SN04338,snow_goose,2.604592,5.464525
SN07261,snow_goose,2.248564,4.359307
SA08314,sandhill_crane,11.270491,2.324595
SN01745,snow_goose,13.911787,12.971336
SN09195,snow_goose,8.929733,2.999434
SN00734,snow_goose,2.939797,5.221432
SN05207,snow_goose,8.246721,2.762674
SN01877,snow_goose,12.02727,10.47475
SA02073,sandhill_crane,12.880474,13.37498
SA03454,sandhill_crane,8.811702,2.176979
SN00125,snow_goose,15.388637,3.328698
SN07624,snow_goose,2.609524,5.198619
SA01053,sandhill_crane,17.201974,3.39
SA04237,sandhill_crane,14.665172,12.417468
SA07989,sandhill_crane,3.374418,5.955052
SN04158,snow_goose,11.84689,2.575749
SA08572,sandhill_crane,5.605124,6.101387
SA03875,sandhill_crane,13.001322,9.735108
SA04822,sandhill_crane,1.72803,4.870206
SN08173,snow_goose,5.041064,10.075566
SA07339,sandhill_crane,6.266167,6.644323
SA07178,sandhill_crane,8.219687,3.062708
SN07428,snow_goose,5.580589,10.03337
SA01082,sandhill_crane,12.662293,10.089109
SA03214,sandhill_crane,6.486732,5.367708
SA02932,sandhill_crane,6.641793,5.617958
SA09632,sandhill_crane,12.016308,1.819461
SA05888,sandhill_crane,12.890389,1.754543
SA01788,sandhill_crane,13.942972,13.463056
SA07230,sandhill_crane,13.112172,11.913249
SN09267,snow_goose,11.808474,10.358292
SN07731,snow_goose,1.98407,5.086327
SA00233,sandhill_crane,2.923448,4.966168
SN08707,snow_goose,5.507661,10.094158
SN09447,snow_goose,5.748009,9.748865
SA09032,sandhill_crane,15.966712,5.228189
SA07765,sandhill_crane,2.547374,4.769913
SA01839,sandhill_crane,11.241777,2.344114
SA00173,sandhill_crane,2.601225,5.734095
SN08511,snow_goose,6.638285,5.188738
SA07279,sandhill_crane,5.687255,10.223818
SA06293,sandhill_crane,12.128473,2.228424
SN03120,snow_goose,1.840302,5.459427
SA06179,sandhill_crane,16.129275,2.787406
SA05439,sandhill_crane,13.793325,12.672564
SA03277,sandhill_crane,16.583877,3.720085
SA05798,sandhill_crane,2.424978,5.543706
SA03421,sandhill_crane,2.550109,5.440002
SN00824,snow_goose,5.712762,4.804748
SN08956,snow_goose,12.361223,10.648466
SA02833,sandhill_crane,4.632136,10.558555
SN06967,snow_goose,16.884187,2.5838
SN05401,snow_goose,13.319603,10.018813
SN02413,snow_goose,16.867249,2.841728
SN01239,snow_goose,6.659243,6.474338
SN02699,snow_goose,17.050346,3.036649
SN04876,snow_goose,13.251012,13.188201
SA04958,sandhill_crane,12.686925,11.534639
SN07748,snow_goose,13.385896,11.756269
SA05013,sandhill_crane,11.933027,2.623671
SN09426,snow_goose,2.22299,5.160798
SN05632,snow_goose,5.860294,9.830571
SA03982,sandhill_crane,6.119806,10.302679
SA02170,sandhill_crane,5.558181,10.614114
SA00870,sandhill_crane,16.270688,2.005193
SA06496,sandhill_crane,7.318401,10.036575
SN07163,snow_goose,1.593447,5.322463
SA00209,sandhill_crane,8.82975,2.303709
SA08112,sandhill_crane,8.505788,2.988132
SA04471,sandhill_crane,6.349614,5.661013
SA06249,sandhill_crane,13.052818,10.167889
SA03778,sandhill_crane,12.752927,2.274946
SN00305,snow_goose,13.74269,13.759356
SA08865,sandhill_crane,2.207492,6.087675
SA03638,sandhill_crane,12.259679,3.581792
SN06195,snow_goose,2.613093,4.986238
SA00409,sandhill_crane,5.849072,5.304891
SN03937,snow_goose,4.947808,10.986971
SN08443,snow_goose,4.318123,10.590627
SA06458,sandhill_crane,6.022888,9.926737
SN04548,snow_goose,11.44607,2.015056
SN04680,snow_goose,12.210389,2.493021
SA05288,sandhill_crane,12.906801,2.736221
SN06945,snow_goose,13.89007,12.947856
SA05598,sandhill_crane,8.586956,2.576805
SN07901,snow_goose,15.898368,2.659567
SA06954,sandhill_crane,5.675079,6.210605
SA06833,sandhill_crane,15.46963,3.026048
SA00330,sandhill_crane,2.824621,3.98657
SA02097,sandhill_crane,2.0777,4.630691
SA08856,sandhill_crane,5.589861,9.848326
SA04852,sandhill_crane,16.423021,4.148259
SN03695,snow_goose,6.677109,5.115792
SN07117,snow_goose,11.41007,11.47572
SN02926,snow_goose,5.89801,10.293493
SN01465,snow_goose,12.486745,3.174206
SN01481,snow_goose,16.75755,3.456171
SA00630,sandhill_crane,8.591326,1.966077
SA08887,sandhill_crane,9.356597,1.728651
SA03194,sandhill_crane,12.194826,2.118805
SA00364,sandhill_crane,8.974125,2.161993
SN08423,snow_goose,15.877715,2.960417
SN04894,snow_goose,8.659482,1.876378
SN08764,snow_goose,5.82619,5.02228
SN04545,snow_goose,2.226282,6.276358
SA06165,sandhill_crane,5.260449,10.226242
SA07387,sandhill_crane,11.953876,10.753358
SA05789,sandhill_crane,6.298015,9.911168
SN08411,snow_goose,3.339731,4.81079
SA02585,sandhill_crane,15.212572,3.783538
SN05577,snow_goose,11.865784,3.18927
SA03212,sandhill_crane,6.922629,5.726099
SN09715,snow_goose,5.345332,9.448414
SN03464,snow_goose,16.591803,3.759159
SN09952,snow_goose,14.513388,12.331961
SA09303,sandhill_crane,5.036257,10.306886
SA05477,sandhill_crane,13.912055,13.039084
SA07126,sandhill_crane,11.989699,2.336068
SA08732,sandhill_crane,8.660559,1.921719
SA03051,sandhill_crane,12.772469,10.399708
SN03588,snow_goose,14.605756,13.298401
SA02312,sandhill_crane,10.664536,1.65926
SA06815,sandhill_crane,12.127057,1.649115
SA01591,sandhill_crane,14.155265,12.857309
SN02715,snow_goose,11.881344,2.149994
SA07036,sandhill_crane,9.114085,2.429113
SA01440,sandhill_crane,5.719077,10.421823
SA09356,sandhill_crane,5.830621,5.594214
SA07099,sandhill_crane,8.092337,2.401998
SA06810,sandhill_crane,12.849294,9.660073
SA01618,sandhill_crane,5.927744,10.762278
SN06674,snow_goose,12.058493,10.87055
SA03840,sandhill_crane,16.241733,2.594456
SA01743,sandhill_crane,16.249393,3.832433
SN06632,snow_goose,11.609741,2.814115
SA02730,sandhill_crane,13.373166,11.111164
SA07820,sandhill_crane,7.678677,5.714006
SN06762,snow_goose,2.568326,5.438174
SN04089,snow_goose,12.807575,9.701958
SN06470,snow_goose,5.285257,9.837384
SA04594,sandhill_crane,15.861205,2.642737
SN01945,snow_goose,5.7554,10.674902
SN01029,snow_goose,2.641035,5.36632
SA09884,sandhill_crane,16.718055,4.316069
SN08470,snow_goose,2.667063,4.618063
SA00704,sandhill_crane,16.970563,2.766093
SA08959,sandhill_crane,16.244507,2.448385
SN08778,snow_goose,14.045168,12.721693
SA07343,sandhill_crane,7.990193,3.318753
SA00774,sandhill_crane,5.525294,9.337793
SN06468,snow_goose,5.636611,5.586345
SN00746,snow_goose,15.96488,3.432144
SA06651,sandhill_crane,12.675592,1.897457
SN06780,snow_goose,16.298272,4.239156
SA07743,sandhill_crane,5.500117,5.341215
SA09607,sandhill_crane,2.63462,5.626928
SN03390,snow_goose,12.269818,10.648627
SA06800,sandhill_crane,15.910428,3.214207
SN03209,snow_goose,12.862738,10.758746
SA05960,sandhill_crane,12.16546,1.823345
SA07817,sandhill_crane,2.546633,4.888066
SA04818,sandhill_crane,4.61824,10.174065
SN02531,snow_goose,14.286506,13.213868
SA00397,sandhill_crane,4.990484,10.916273
SN09386,snow_goose,12.817128,2.745621
SN00081,snow_goose,13.204241,13.064231
SA02064,sandhill_crane,6.499708,5.969083
SN05078,snow_goose,14.366943,13.11415
SA07804,sandhill_crane,9.215799,2.390041
SA03121,sandhill_crane,13.620704,13.392916
SN01678,snow_goose,12.601397,10.346358
SN07541,snow_goose,12.375514,10.678489
SN03650,snow_goose,6.06747,5.855513
SN03957,snow_goose,2.114904,6.211064
SA05496,sandhill_crane,5.315032,5.380038
SN02255,snow_goose,12.418225,10.894875
SN05082,snow_goose,8.960083,1.492403
SA07072,sandhill_crane,12.597285,10.527658
SA07794,sandhill_crane,13.941188,12.444698
SN03143,snow_goose,13.142621,11.225825
SN07630,snow_goose,6.077098,6.591834
SN08277,snow_goose,5.59909,9.583297
SN07233,snow_goose,13.155788,9.891737
SA01192,sandhill_crane,12.062676,10.636297
SN06859,snow_goose,12.50818,10.710343
SN00800,snow_goose,12.331172,2.061791
SN07981,snow_goose,11.706361,3.067342
SA02433,sandhill_crane,12.040025,10.583212
SN06774,snow_goose,12.158172,3.340268
SA01197,sandhill_crane,15.58501,3.708109
SN06198,snow_goose,16.42779,4.084435
SA03132,sandhill_crane,1.91861,6.213791
SA08745,sandhill_crane,12.139963,10.378726
SA05048,sandhill_crane,11.773615,11.142269
SA09087,sandhill_crane,12.0185,2.169228
SN05752,snow_goose,16.758599,3.195573
SA09100,sandhill_crane,12.50078,2.260937
SN05002,snow_goose,13.078036,13.298716
SA09756,sandhill_crane,5.685976,9.840541
SN09211,snow_goose,6.124544,5.910664
SA01193,sandhill_crane,8.755612,1.969025
SA07030,sandhill_crane,6.602245,5.222576
SA02006,sandhill_crane,5.989411,10.19911
SN01701,snow_goose,1.816911,5.6719
SN07027,snow_goose,2.26288,4.81099
SN06202,snow_goose,5.251347,10.340856
SN05611,snow_goose,8.828335,2.284117
SA08282,sandhill_crane,12.549448,11.026496
SN07513,snow_goose,15.542749,3.501147
SN00622,snow_goose,16.331092,2.637967
SA07959,sandhill_crane,16.813487,4.313213
SA07449,sandhill_crane,5.656763,9.785383
SA06115,sandhill_crane,5.486093,10.638411
SA02167,sandhill_crane,12.649883,11.090924
SA03313,sandhill_crane,12.176744,11.65463
SN04093,snow_goose,8.517723,2.969417
SA00563,sandhill_crane,5.600258,10.4488
SA07735,sandhill_crane,15.938382,4.209748
SA02963,sandhill_crane,2.848311,5.318157
SN06042,snow_goose,13.469076,13.134297
SA01437,sandhill_crane,14.064666,12.462904
SN06099,snow_goose,12.880097,11.413339
SN06902,snow_goose,5.914142,5.715113
SN02285,snow_goose,12.373133,10.49177
SN03067,snow_goose,15.880704,3.372282
SN04710,snow_goose,6.101186,5.966142
SA01666,sandhill_crane,2.255415,5.144928
SA01674,sandhill_crane,12.407564,10.638739
SN08354,snow_goose,6.210804,10.161076
SN02493,snow_goose,12.725776,10.338709
SN01441,snow_goose,12.00907,1.86222
SA04416,sandhill_crane,2.52366,5.07514
SN08789,snow_goose,16.614545,3.018767
SN03021,snow_goose,8.148583,2.653431
SN06316,snow_goose,8.842342,2.662504
SN02701,snow_goose,1.926839,4.459594
SA08536,sandhill_crane,6.352219,5.659507
SN02338,snow_goose,7.869222,2.554915
SN09878,snow_goose,13.419256,13.047757
SN04371,snow_goose,11.253201,11.42144
SN02945,snow_goose,16.168516,3.040659
SA03083,sandhill_crane,11.813673,11.104753
SA05672,sandhill_crane,1.552487,5.679425
SA03592,sandhill_crane,15.718448,3.891268
SN01691,snow_goose,16.134005,3.686133
SA06978,sandhill_crane,11.723289,11.220145
SN03776,snow_goose,1.362793,5.336096
SA07294,sandhill_crane,13.934644,14.085013
SA02491,sandhill_crane,12.196526,2.534812
SA00649,sandhill_crane,9.086706,2.998325
SN08153,snow_goose,5.187636,10.292829
SA05720,sandhill_crane,7.065458,5.844963
SN09379,snow_goose,17.128779,3.821191
SA00528,sandhill_crane,5.939573,10.431792
SN07864,snow_goose,12.073218,9.856314
SN05266,snow_goose,9.176137,3.566264
SA03726,sandhill_crane,11.810576,12.209368
SN06410,snow_goose,6.653686,6.037015
SA08284,sandhill_crane,13.791092,12.254211
SA07589,sandhill_crane,6.79228,5.043349
SA04974,sandhill_crane,6.303515,4.978997
SA05607,sandhill_crane,12.627389,2.572079
SA02199,sandhill_crane,6.598718,6.017254
SA05941,sandhill_crane,5.534221,11.237474
SN09789,snow_goose,1.959707,5.267386
SN01671,snow_goose,5.818628,9.089647
SN06555,snow_goose,12.356922,10.713173
SA00542,sandhill_crane,5.23794,5.03679
SA05096,sandhill_crane,1.709702,5.539473
SA03174,sandhill_crane,5.28063,9.72306
SN03495,snow_goose,6.060401,5.071439
SN05780,snow_goose,9.910436,2.09378
SN01186,snow_goose,8.494875,2.554865
SN08468,snow_goose,1.51723,5.218911
SA04165,sandhill_crane,12.607473,2.416575
SN05580,snow_goose,12.207266,2.307661
SA03339,sandhill_crane,8.907524,4.090925
SN02099,snow_goose,13.833606,13.653967
SN07822,snow_goose,14.628218,12.553508
SA01175,sandhill_crane,14.040701,12.77941
SN07783,snow_goose,12.635992,2.70681
SA09998,sandhill_crane,2.611102,5.344936
SN00014,snow_goose,6.163359,5.377388
SA02946,sandhill_crane,14.041057,12.684225
SN05557,snow_goose,12.484822,10.653385
SA05404,sandhill_crane,12.505465,11.092774
SN09770,snow_goose,15.943531,3.284939
SN06625,snow_goose,2.424272,5.253301
SN04760,snow_goose,13.231865,13.204544
SA09568,sandhill_crane,14.195988,13.023991
SA07297,sandhill_crane,16.188695,2.416531
SN00122,snow_goose,7.963817,3.003818
SA01385,sandhill_crane,8.695569,2.416568
SA07571,sandhill_crane,5.261675,9.234571
SN05909,snow_goose,16.907102,2.403862
SN05014,snow_goose,11.933987,1.878105
SN08667,snow_goose,9.327254,3.610877
SN00673,snow_goose,17.455562,2.899004
SA03158,sandhill_crane,15.910824,2.994754
SA08504,sandhill_crane,5.659853,6.271984
SN05534,snow_goose,5.933811,9.317033
SA04394,sandhill_crane,13.778589,13.307546
SN04312,snow_goose,12.102619,11.038478
SN01603,snow_goose,17.321761,3.852952
SA03249,sandhill_crane,14.211587,13.234769
SN07933,snow_goose,12.754544,12.172072
SA01054,sandhill_crane,16.280016,3.490932
SA00277,sandhill_crane,4.623593,10.410127
SN07759,snow_goose,2.862243,4.571909
SN01542,snow_goose,2.69517,5.544227
SN00417,snow_goose,5.213798,10.377877
SN04788,snow_goose,11.300244,11.69214
SA07347,sandhill_crane,11.92018,10.151912
SN04719,snow_goose,12.520047,9.898224
SN01285,snow_goose,16.798231,2.65113
SN05016,snow_goose,13.26718,3.334691
SN07259,snow_goose,16.061957,3.110382
SN03499,snow_goose,15.917484,3.267527
SN09082,snow_goose,16.22567,3.722118
SA02866,sandhill_crane,2.595247,4.67742
SA09805,sandhill_crane,13.124292,11.327845
SN06143,snow_goose,13.586547,13.123305
SA08924,sandhill_crane,17.074677,3.088299
SN01328,snow_goose,6.058479,5.744302
SN06561,snow_goose,2.419781,5.761964
SN02601,snow_goose,5.162315,10.088372
SN04200,snow_goose,2.634673,5.060274
SN05341,snow_goose,14.188498,13.144136
SN00252,snow_goose,12.98957,12.835296
SA00910,sandhill_crane,3.548294,4.97618
SA02024,sandhill_crane,2.471968,4.806653
SN01118,snow_goose,11.998453,3.098642
SA06200,sandhill_crane,16.252266,3.001455
SA02779,sandhill_crane,8.662881,2.103423
SA07556,sandhill_crane,12.731529,2.61179
SA08462,sandhill_crane,16.830578,4.33049
SA00274,sandhill_crane,11.228181,1.954151
SA01495,sandhill_crane,13.918241,13.181248
SN01935,snow_goose,5.108813,10.327034
SA09008,sandhill_crane,5.747775,9.922233
SA09013,sandhill_crane,8.787681,3.058419
SA08167,sandhill_crane,11.871066,11.302262
SN03072,snow_goose,4.853891,11.173761
SN00038,snow_goose,7.011342,5.486328
SN09778,snow_goose,3.106996,4.80091
SA09014,sandhill_crane,8.884253,3.916433
SA01171,sandhill_crane,16.123987,2.867506
SA02824,sandhill_crane,12.584995,10.9004
SN05118,snow_goose,13.33924,12.733608
SA02838,sandhill_crane,8.87536,1.920872
SN08869,snow_goose,5.646763,9.720072
SA04220,sandhill_crane,6.272384,5.50897
SN00548,snow_goose,5.461751,6.006433
SA06280,sandhill_crane,5.513838,9.535788
SA00644,sandhill_crane,12.190609,2.120523
SN08269,snow_goose,4.794153,10.479502
SN00362,snow_goose,16.598115,3.864928
SN04624,snow_goose,5.651251,10.009063
SA09467,sandhill_crane,6.632829,6.115951
SA09496,sandhill_crane,12.393769,10.806159
SA05211,sandhill_crane,12.686549,2.247263
SA03125,sandhill_crane,13.059294,12.802216
SA09218,sandhill_crane,9.278858,1.98436
SN02674,snow_goose,7.411317,5.590966
SA08772,sandhill_crane,12.791999,2.367989
SN04973,snow_goose,12.107996,2.304047
SN08342,snow_goose,3.221286,3.805749
SN09561,snow_goose,12.226768,11.611286
SN02936,snow_goose,12.494975,10.493958
SA02725,sandhill_crane,5.534904,10.272821
SN03754,snow_goose,9.21215,2.061433
SN03380,snow_goose,5.997133,9.254016
SA06917,sandhill_crane,12.391532,13.371737
SA01481,sandhill_crane,6.589256,6.653797
SN01644,snow_goose,6.451508,4.610051
SN03119,snow_goose,9.03167,1.837443
SN00798,snow_goose,11.908714,11.033417
SN08048,snow_goose,11.843902,1.495515
SN03603,snow_goose,6.67669,5.414992
SN02851,snow_goose,8.31955,1.145141
SA02937,sandhill_crane,12.346823,11.04011
SA02754,sandhill_crane,14.474625,12.36715
SN03805,snow_goose,15.673031,3.014693
SN09677,snow_goose,8.984294,2.483905
SA02012,sandhill_crane,11.992294,2.616195
SN06262,snow_goose,5.068352,9.597432
SA01627,sandhill_crane,2.927193,5.589395
SN01352,snow_goose,9.048557,3.299832
SA02474,sandhill_crane,16.679578,2.982717
SN00483,snow_goose,11.797582,11.380357
SN03848,snow_goose,12.775227,3.062187
SA06278,sandhill_crane,8.934498,2.85821
SN02619,snow_goose,16.155505,4.254591
SA03340,sandhill_crane,6.720634,5.573401
SA04780,sandhill_crane,3.28719,3.867309
SN05237,snow_goose,17.14731,3.715615
SA06997,sandhill_crane,16.418967,3.57129
SN09692,snow_goose,8.456924,2.156349
SN07642,snow_goose,6.187625,5.972582
SN05578,snow_goose,14.440203,12.839101
SA00387,sandhill_crane,9.217851,2.63909
SA01687,sandhill_crane,8.307675,1.827024
SN09181,snow_goose,5.668275,5.878147
SA03853,sandhill_crane,2.37341,5.142974
SA09839,sandhill_crane,9.55708,1.668728
SN08304,snow_goose,2.410608,4.385145
SN03238,snow_goose,7.280269,4.87135
SA08054,sandhill_crane,11.307287,9.9393
SN03406,snow_goose,7.612717,5.220662
SA02211,sandhill_crane,6.269887,5.68101
SA00939,sandhill_crane,9.005673,2.721518
SN05702,snow_goose,12.991556,10.227705
SN01738,snow_goose,5.81243,10.34463
SN04433,snow_goose,14.440335,12.995021
SN04839,snow_goose,12.327384,11.100769
SA02361,sandhill_crane,12.750616,2.172549
SN03194,snow_goose,8.728258,2.255428
SN06911,snow_goose,6.200862,4.551739
SA03068,sandhill_crane,14.549824,12.890638
SN05133,snow_goose,15.501082,3.28564
SA08518,sandhill_crane,13.232085,12.384942
SN00742,snow_goose,6.438868,5.615198
SN09555,snow_goose,12.102339,2.051488
SN01489,snow_goose,2.318424,4.151241
SA03218,sandhill_crane,2.747733,4.971029
SN04530,snow_goose,16.074809,3.859697
SN07843,snow_goose,11.505841,9.836312
SA00139,sandhill_crane,6.091875,6.09836
SA05435,sandhill_crane,12.668242,1.707339
SA07874,sandhill_crane,6.798218,5.352301
SN07629,snow_goose,6.866311,5.339311
SA05684,sandhill_crane,12.974595,13.004866
SN08465,snow_goose,6.428093,9.241741
SN00760,snow_goose,5.224535,9.213016
SN09485,snow_goose,16.279059,3.73723
SN03766,snow_goose,8.139804,2.197517
SA06317,sandhill_crane,12.357908,13.250421
SA04666,sandhill_crane,12.428642,10.312255
SA05728,sandhill_crane,2.359725,4.413628
SA05185,sandhill_crane,11.341624,10.640971
SA06834,sandhill_crane,2.057673,5.91058
SN03618,snow_goose,1.902567,5.929914
SA02422,sandhill_crane,12.834491,11.011799
SA05414,sandhill_crane,12.955935,10.762793
SN02074,snow_goose,8.98021,2.677702
SN02989,snow_goose,6.566644,5.425247
SA01739,sandhill_crane,2.287215,5.186198
SA04045,sandhill_crane,14.086437,12.185545
SN07668,snow_goose,16.024115,3.646
SN06507,snow_goose,7.822895,2.63386
SA04060,sandhill_crane,7.352084,5.35586
SA00835,sandhill_crane,5.215906,10.021996
SA02289,sandhill_crane,2.915666,5.392161
SA02514,sandhill_crane,12.621739,2.163688
SN02831,snow_goose,12.408749,2.681751
SA06445,sandhill_crane,6.204285,6.221997
SN00905,snow_goose,16.205723,2.76599
SA00523,sandhill_crane,14.757937,13.057364
SN00464,snow_goose,2.709604,5.867254
SN05003,snow_goose,13.423472,12.985307
SN00121,snow_goose,1.948512,4.212442
SA09075,sandhill_crane,12.84067,2.915428
SN03851,snow_goose,4.953445,10.195553
SA04152,sandhill_crane,12.257712,2.383615
SA09326,sandhill_crane,6.051372,5.488882
SN06246,snow_goose,3.036925,4.909606
SN04848,snow_goose,11.548522,2.364059
SA09900,sandhill_crane,6.030199,5.60517
SA08039,sandhill_crane,7.345135,5.484649
SA09889,sandhill_crane,16.149408,3.671501
SA05510,sandhill_crane,16.756808,3.929277
SN00240,snow_goose,8.486718,2.045388
SN05799,snow_goose,1.655054,5.762396
SN02278,snow_goose,6.091321,4.471117
SN03982,snow_goose,2.645535,5.263554
SA02966,sandhill_crane,13.417495,13.758285
SA01188,sandhill_crane,13.517138,3.182313
SA03610,sandhill_crane,15.805992,3.655187
SN02478,snow_goose,13.9796,12.649292
SA01016,sandhill_crane,12.556427,11.020835
SA04544,sandhill_crane,11.693954,2.959068
SA09145,sandhill_crane,12.419714,2.138518
SN08056,snow_goose,12.162366,1.824695
SA09877,sandhill_crane,12.637425,10.804761
SA05710,sandhill_crane,5.777594,4.849382
SA00534,sandhill_crane,12.020039,10.417258
SA09689,sandhill_crane,8.664221,2.568968
SA04559,sandhill_crane,12.365947,2.969415
SN03562,snow_goose,16.493199,3.376028
SN07224,snow_goose,2.780846,6.151541
SN07634,snow_goose,2.30451,5.587416
SA09164,sandhill_crane,2.30579,4.76093
SN02159,snow_goose,14.019766,12.745888
SA07043,sandhill_crane,2.88576,5.654777
SN02084,snow_goose,6.733653,5.049122
SN04682,snow_goose,12.985785,10.367064
SA00723,sandhill_crane,12.637011,2.827244
SN02001,snow_goose,5.43426,6.123725
SA06163,sandhill_crane,5.489438,10.635797
SA01759,sandhill_crane,7.954666,2.57021
SA00046,sandhill_crane,8.660514,2.784259
SA01660,sandhill_crane,12.025459,2.853899
SA02010,sandhill_crane,4.873775,9.83246
SN03122,snow_goose,12.463255,10.832787
SA05267,sandhill_crane,15.637443,4.283853
SN07118,snow_goose,5.436674,9.939306
SN00389,snow_goose,2.293677,4.678168
SA01170,sandhill_crane,12.389671,1.702762
SA02678,sandhill_crane,5.648497,11.084259
SA01393,sandhill_crane,6.630739,5.252348
SA03891,sandhill_crane,5.436494,10.344428
SN06161,snow_goose,2.740677,4.868613
SN05800,snow_goose,14.642137,13.563697
SA09219,sandhill_crane,6.041204,9.863199
SN08625,snow_goose,5.124666,10.203162
SA06748,sandhill_crane,8.390933,2.987408
SN05382,snow_goose,15.498106,2.714147
SN03810,snow_goose,15.867077,4.023524
SN09383,snow_goose,9.258364,3.041965
SN04419,snow_goose,6.219549,9.846901
SA01751,sandhill_crane,12.587232,10.78526
SA00925,sandhill_crane,12.404885,2.400455
SN09959,snow_goose,14.298476,12.231739
SA05688,sandhill_crane,2.798427,5.087574
SA05450,sandhill_crane,16.618923,3.101395
SA05719,sandhill_crane,7.547117,5.854079
SN03858,snow_goose,13.214499,2.146213
SN05883,snow_goose,2.108636,4.675882
SN03366,snow_goose,11.78421,2.280854
SA04129,sandhill_crane,16.679648,3.766104
SN09827,snow_goose,5.649414,5.078414
SN05291,snow_goose,6.513249,5.599372
SA04928,sandhill_crane,8.43441,2.982796
SA00968,sandhill_crane,6.796019,5.4882
SN01310,snow_goose,13.276441,12.773977
SN07727,snow_goose,8.505942,1.567137
SN00816,snow_goose,13.435207,13.525371
SA02687,sandhill_crane,16.175317,3.60047
SN08408,snow_goose,2.495652,6.075951
SN09076,snow_goose,16.517559,2.510002
SA05594,sandhill_crane,6.373664,5.617653
SA07135,sandhill_crane,4.818525,9.496499
SN08481,snow_goose,15.882465,3.441521
SA04940,sandhill_crane,8.443857,3.258207
SA04463,sandhill_crane,14.279455,13.073565
SA07060,sandhill_crane,5.507436,10.61722
SA02186,sandhill_crane,13.693951,13.177659
SN07371,snow_goose,1.366502,5.817392
SA03408,sandhill_crane,8.677273,2.668285
SN06003,snow_goose,13.699405,13.300578
SN09651,snow_goose,2.526668,5.482058
SA08810,sandhill_crane,6.314228,5.87083
SA03724,sandhill_crane,9.472858,2.831471
SN05473,snow_goose,8.488673,2.105314
SA06640,sandhill_crane,12.96852,12.585798
SN03583,snow_goose,8.724777,2.646433
SA06009,sandhill_crane,2.323901,5.878245
SN00420,snow_goose,6.09377,6.131833
SN05726,snow_goose,12.22586,2.803213
SA04519,sandhill_crane,3.104956,5.577438
SA07990,sandhill_crane,2.54183,6.090243
SA04541,sandhill_crane,8.955618,1.846031
SA03351,sandhill_crane,12.856208,1.680075
SA08644,sandhill_crane,5.58395,9.342397
SA05299,sandhill_crane,16.618762,4.07598
SN03135,snow_goose,16.830258,3.570165
SA06327,sandhill_crane,6.933232,5.112959
SN09326,snow_goose,15.674324,3.077582
SN01372,snow_goose,8.753168,2.697676
SA04480,sandhill_crane,6.085294,5.153477
SN07393,snow_goose,8.910427,2.087059
SN03546,snow_goose,12.915995,10.75106
SN04455,snow_goose,6.012018,5.51094
SN07395,snow_goose,5.812105,10.090577
SN02603,snow_goose,12.368039,10.273693
SN02675,snow_goose,2.262346,4.147875
SA09493,sandhill_crane,13.966522,12.311132
SA03570,sandhill_crane,8.972264,2.641926
SA08854,sandhill_crane,9.089909,2.363076
SA01301,sandhill_crane,16.637613,2.890642
SA02353,sandhill_crane,13.652516,13.157031
SN02357,snow_goose,16.298027,4.172623
SA09938,sandhill_crane,5.222815,9.628311
SN00988,snow_goose,12.254158,9.408417
SA04322,sandhill_crane,7.938312,5.18884
SA08777,sandhill_crane,2.563771,5.507703
SN04376,snow_goose,13.011018,9.18114
SN00344,snow_goose,13.200138,2.391565
SN06247,snow_goose,2.268716,5.084063
SA06219,sandhill_crane,5.88767,5.314755
SA07037,sandhill_crane,8.78216,1.689202
SN02618,snow_goose,8.630616,3.008655
SA08569,sandhill_crane,2.1381,6.204303
SA08590,sandhill_crane,12.403802,2.31416
SA04681,sandhill_crane,15.209534,2.505924
SA00679,sandhill_crane,5.500933,10.869247
SN00962,snow_goose,6.107468,9.877339
SN08663,snow_goose,12.366027,2.532651
SN02253,snow_goose,3.388097,5.056524
SA03461,sandhill_crane,12.318412,10.236273
SN06136,snow_goose,5.998229,6.108206
SA06483,sandhill_crane,8.890065,2.010883
SA03657,sandhill_crane,12.567343,10.180927
SA05329,sandhill_crane,5.65092,10.026398
SA01081,sandhill_crane,13.13432,11.872166
SA09148,sandhill_crane,8.55639,1.746748
SA07533,sandhill_crane,12.916123,9.901084
SA07579,sandhill_crane,6.483179,4.952795
SA05704,sandhill_crane,12.506791,2.637496
SA08294,sandhill_crane,13.212787,12.922218
SN00055,snow_goose,6.403211,5.896152
SA01641,sandhill_crane,16.209592,3.449586
SA04216,sandhill_crane,6.639732,5.818936
SA00135,sandhill_crane,14.027408,13.466353
SA09079,sandhill_crane,5.394195,10.205976
SN08133,snow_goose,13.777949,12.547413
SA06719,sandhill_crane,2.735072,4.363911
SN09640,snow_goose,16.31459,2.739641
SA02402,sandhill_crane,2.123696,5.189316
SN09409,snow_goose,4.85665,9.310138
SA09263,sandhill_crane,6.273803,5.628122
SN08817,snow_goose,13.437091,13.130779
SA00298,sandhill_crane,12.266584,2.848259
SA07715,sandhill_crane,5.72013,5.627361
SN02660,snow_goose,1.395428,5.583417
SN05610,snow_goose,14.116222,12.77964
SA03841,sandhill_crane,13.693,13.499351
SA03452,sandhill_crane,9.026511,2.128916
SA07621,sandhill_crane,16.300844,2.717392
SA04146,sandhill_crane,13.332258,11.183875
SN00249,snow_goose,16.167027,2.973355
SN03417,snow_goose,14.11826,12.658538
SN05405,snow_goose,12.602243,1.985752
SA09567,sandhill_crane,12.910617,13.444708
SA07543,sandhill_crane,14.949217,3.400875
SN08282,snow_goose,14.50938,12.296407
SA07952,sandhill_crane,13.003185,11.175342
SN07566,snow_goose,5.80825,5.191101
SN00437,snow_goose,11.756434,10.184133
SN00060,snow_goose,13.351301,2.179098
SN04661,snow_goose,2.491012,5.353899
SN03610,snow_goose,13.666776,13.461713
SN00098,snow_goose,16.041976,2.986067
SA02713,sandhill_crane,8.411801,2.73733
SN00630,snow_goose,2.25845,5.227637
SN08164,snow_goose,5.878966,5.832902
SN06752,snow_goose,12.513644,2.884822
SA06977,sandhill_crane,5.670304,9.089214
SN04064,snow_goose,6.283255,5.861044
SN04714,snow_goose,5.988896,10.862547
SA07280,sandhill_crane,17.021615,3.212536
SN08597,snow_goose,11.681691,2.438014
SN06597,snow_goose,12.858807,12.881965
SA01709,sandhill_crane,11.775356,2.481365
SN07830,snow_goose,9.015696,2.80037
SA00544,sandhill_crane,12.276862,2.593991
SA05478,sandhill_crane,6.964821,9.812495
SA00345,sandhill_crane,5.430711,9.997266
SA01653,sandhill_crane,16.060188,3.107439
SA07009,sandhill_crane,6.229379,6.50566
SA08922,sandhill_crane,6.269583,5.656767
SN06422,snow_goose,14.223457,12.068235
SA05280,sandhill_crane,12.449116,11.061424
SA07006,sandhill_crane,7.996795,3.143236
SA03148,sandhill_crane,2.29503,5.601139
SA04345,sandhill_crane,7.029999,4.878685
SN09360,snow_goose,3.070067,5.23482
SA05334,sandhill_crane,5.026924,10.373144
SA05649,sandhill_crane,13.265147,10.827266
SN00257,snow_goose,1.953473,5.925029
SN08464,snow_goose,12.654468,10.985719
SN08622,snow_goose,5.642097,5.119128
SA05038,sandhill_crane,13.516442,12.316638
SN06289,snow_goose,6.668242,5.828784
SA02570,sandhill_crane,15.912247,3.795463
SN08284,snow_goose,13.104926,14.053572
SA05829,sandhill_crane,11.7945,1.552125
SA03631,sandhill_crane,12.224104,2.199103
SN05083,snow_goose,14.566027,13.628327
SN06652,snow_goose,6.884376,4.763782
SA09696,sandhill_crane,13.978906,12.430437
SA09237,sandhill_crane,8.186612,1.147514
SN03692,snow_goose,6.02764,6.17744
SA03715,sandhill_crane,15.022427,2.887255
SN06406,snow_goose,13.724898,13.28335
SN03835,snow_goose,12.545477,10.532552
SA02258,sandhill_crane,5.262328,10.041026
SA00071,sandhill_crane,5.632527,10.999865
SN01959,snow_goose,11.974547,2.193124
SN05567,snow_goose,8.510809,2.688032
SN05174,snow_goose,12.318543,10.310664
SN05377,snow_goose,5.720088,10.251645
SA00237,sandhill_crane,5.588584,10.169603
SN00910,snow_goose,6.79734,6.943662
SA08820,sandhill_crane,4.690271,10.270146
SA01226,sandhill_crane,8.099679,2.605556
SN02769,snow_goose,2.767081,5.354185
SN01455,snow_goose,12.345971,10.358803
SA05349,sandhill_crane,5.714356,10.02485
SN06613,snow_goose,5.816507,6.262511
SA00521,sandhill_crane,4.807754,10.654372
SA03971,sandhill_crane,12.826803,11.631633
SA05445,sandhill_crane,14.659673,12.511826
SA01249,sandhill_crane,14.686739,12.463081
SA06140,sandhill_crane,13.836518,13.371368
SA07348,sandhill_crane,13.433291,1.957082
SN05437,snow_goose,5.816993,10.013918
SN01743,snow_goose,2.686105,4.787739
SA00480,sandhill_crane,13.068406,12.585859
SN06545,snow_goose,12.445776,10.084776
SA03018,sandhill_crane,12.858947,2.802141
SN01907,snow_goose,14.142206,12.464897
SA07652,sandhill_crane,3.317872,6.139071
SN03082,snow_goose,5.561585,10.297666
SN00470,snow_goose,5.809862,10.432145
SA07357,sandhill_crane,7.591193,2.238744
SN08652,snow_goose,5.483538,5.565588
SA01541,sandhill_crane,8.273759,1.840657
SA04251,sandhill_crane,6.240055,5.170384
SN07938,snow_goose,5.505193,10.039453
SA01455,sandhill_crane,1.67138,5.198674
SN07278,snow_goose,13.382284,11.077772
SA06421,sandhill_crane,13.156441,10.719651
SN06014,snow_goose,12.237324,9.46828
SN00690,snow_goose,11.285911,2.256929
SN06226,snow_goose,9.423232,3.048448
SA07940,sandhill_crane,5.335511,10.048575
SA06318,sandhill_crane,11.597424,11.05345
SA04120,sandhill_crane,6.133842,5.735399
SN06124,snow_goose,16.917707,2.9244
SA05984,sandhill_crane,1.64168,4.965649
SN07401,snow_goose,15.895303,3.20459
SN06090,snow_goose,5.738957,5.116972
SA02761,sandhill_crane,13.223672,10.713346
SN00049,snow_goose,12.457507,10.978753
SN02407,snow_goose,13.044732,10.276717
SA05113,sandhill_crane,5.12025,9.192603
SA02873,sandhill_crane,12.547494,10.285689
SA09706,sandhill_crane,1.675342,5.327385
SN07464,snow_goose,9.197251,2.824116
SA02944,sandhill_crane,5.760401,4.555338
SN06231,snow_goose,15.379378,3.873948
SA03871,sandhill_crane,12.666205,2.042966
SN05947,snow_goose,13.878538,12.951434
SN00953,snow_goose,17.171695,3.558035
SN06402,snow_goose,13.168032,13.162222
SA08840,sandhill_crane,13.85617,13.395861
SN06797,snow_goose,2.061804,6.305819
SA02152,sandhill_crane,9.154034,3.305302
SA04161,sandhill_crane,15.806246,3.238311
SA05208,sandhill_crane,11.742168,2.132352
SA02580,sandhill_crane,5.66127,9.902519
SA05348,sandhill_crane,14.174173,12.53592
SN06742,snow_goose,13.204522,13.410872
SA07535,sandhill_crane,12.192678,2.427832
SN06514,snow_goose,3.030231,4.60331
SN04505,snow_goose,6.023365,5.452785
SA02093,sandhill_crane,13.857947,12.768736
SA09026,sandhill_crane,14.450367,12.695578
SA01651,sandhill_crane,1.972705,5.527303
SA05875,sandhill_crane,16.330703,2.938279
SN07082,snow_goose,14.178334,12.938789
SN06529,snow_goose,12.739978,2.377996
SA02701,sandhill_crane,5.000235,9.881771
SN02290,snow_goose,8.167529,3.079074
SN01868,snow_goose,15.590843,3.547462
SA00748,sandhill_crane,6.639329,5.821896
SN02904,snow_goose,13.721651,12.744695
SN04313,snow_goose,1.755197,4.963317
SN02895,snow_goose,9.343579,3.672297
SA00731,sandhill_crane,8.915509,2.875996
SA02035,sandhill_crane,5.263123,5.660642
SA01964,sandhill_crane,5.977641,5.843415
SA06383,sandhill_crane,12.461562,10.719702
SA08360,sandhill_crane,5.82749,5.666228
SN08675,snow_goose,16.776017,4.900615
SA05387,sandhill_crane,2.357162,5.07896
SA06555,sandhill_crane,2.545478,5.033228
SN06457,snow_goose,16.185661,3.89778
SA07756,sandhill_crane,12.611499,12.814679
SN07093,snow_goose,2.841822,5.49488
SA01237,sandhill_crane,16.095669,3.016991
SA04396,sandhill_crane,15.955714,3.227688
SA02383,sandhill_crane,5.637877,10.126299
SA01468,sandhill_crane,16.568262,4.389
SA08163,sandhill_crane,2.904442,5.475089
SA01649,sandhill_crane,15.675374,3.193812
SN07814,snow_goose,5.792488,9.355929
SA01380,sandhill_crane,6.98417,5.666496
SA02763,sandhill_crane,8.881465,2.473513
SA07273,sandhill_crane,12.301209,2.657386
SN06931,snow_goose,9.202649,2.598944
SN06111,snow_goose,2.804172,4.603137
SN01850,snow_goose,13.221351,13.991568
SA05238,sandhill_crane,16.438596,2.429415
SA00118,sandhill_crane,12.402542,10.621286
SN02504,snow_goose,6.655876,4.457494
SN08214,snow_goose,11.738129,11.130099
SN03181,snow_goose,1.829179,5.173208
SN03172,snow_goose,6.70191,5.390857
SA03248,sandhill_crane,16.925466,3.677561
SN04807,snow_goose,7.610334,6.481134
SA05986,sandhill_crane,8.488245,2.280384
SA06030,sandhill_crane,11.718961,2.568184
SA03410,sandhill_crane,5.84579,5.652423
SA09901,sandhill_crane,5.795704,5.162665
SA09659,sandhill_crane,16.408438,3.406302
SN02688,snow_goose,12.850582,3.04262
SN03174,snow_goose,16.335372,3.074101
SA00860,sandhill_crane,11.260089,2.599368
SA01432,sandhill_crane,12.302411,10.902235
SA02198,sandhill_crane,9.240522,2.308337
SA05641,sandhill_crane,12.476692,10.600453
SN04380,snow_goose,8.3074,2.985827
SA01631,sandhill_crane,9.112484,3.385583
SA02642,sandhill_crane,12.525946,10.299146
SN01226,snow_goose,13.329474,10.699347
SN05327,snow_goose,12.850711,10.503533
SN01073,snow_goose,17.005743,2.857814
SA03445,sandhill_crane,6.326193,11.220106
SN09855,snow_goose,12.284301,2.848599
SN00788,snow_goose,14.088545,12.106748
SA01633,sandhill_crane,13.13591,9.447186
SA08633,sandhill_crane,2.138162,5.589395
SA01351,sandhill_crane,5.861623,6.114303
SA04021,sandhill_crane,11.845356,2.391009
SN02741,snow_goose,6.573901,4.586092
SN02447,snow_goose,13.5334,12.534823
SA07053,sandhill_crane,11.87123,10.469007
SA02320,sandhill_crane,12.534542,11.421865
SA01216,sandhill_crane,2.464887,4.35436
SN02709,snow_goose,5.617339,9.200044
SA04236,sandhill_crane,17.20547,3.297667
SA07212,sandhill_crane,5.920946,4.93833
SN00747,snow_goose,2.831637,5.100367
SA03345,sandhill_crane,11.978562,10.772889
SN06324,snow_goose,12.179894,2.975291
SN05319,snow_goose,12.269148,10.496045
SN00295,snow_goose,12.930624,1.959865
SA03897,sandhill_crane,2.245651,5.553439
SN01786,snow_goose,3.566026,5.266641
SN00956,snow_goose,14.374819,13.257544
SA07410,sandhill_crane,2.84803,4.765796
SN05954,snow_goose,11.900927,11.667886
SN08394,snow_goose,4.760377,9.714207
SN08787,snow_goose,2.151052,4.591054
SN03908,snow_goose,1.652035,4.405823
SA06898,sandhill_crane,5.072401,10.07856
SN02288,snow_goose,12.257607,3.30979
SN02751,snow_goose,1.842653,4.967508
SN03659,snow_goose,16.682533,3.507371
SN09801,snow_goose,12.787088,2.397008
SN06994,snow_goose,12.263036,2.609965
SA03196,sandhill_crane,2.335656,5.078348
SN08913,snow_goose,15.973533,2.684474
SA07759,sandhill_crane,8.205296,2.476768
SN09179,snow_goose,12.753364,10.196056
SN01600,snow_goose,16.350989,3.897804
SA07358,sandhill_crane,5.634819,10.095056
SA00784,sandhill_crane,6.484718,5.161844
SN01841,snow_goose,11.130746,2.6013
SA05202,sandhill_crane,11.596051,1.896578
SA01961,sandhill_crane,12.172884,3.682839
SA00439,sandhill_crane,5.378968,10.17446
SN09067,snow_goose,12.830982,1.810738
SN00979,snow_goose,2.932357,4.489446
SA00133,sandhill_crane,12.934753,2.21912
SA08964,sandhill_crane,5.607024,5.392015
SN04169,snow_goose,2.575885,5.367452
SA04361,sandhill_crane,8.515174,2.093454
SA06290,sandhill_crane,14.161968,12.760223
SN09255,snow_goose,12.19091,11.777847
SA03941,sandhill_crane,8.346421,2.706815
SA04995,sandhill_crane,5.618045,11.300901
SA06652,sandhill_crane,9.228571,2.348662
SA01650,sandhill_crane,6.861165,6.276989
SA02478,sandhill_crane,6.165164,5.553461
SN00813,snow_goose,2.562495,5.417929
SN05155,snow_goose,13.329965,12.847977
SN01706,snow_goose,12.751194,10.966402
SN01410,snow_goose,15.633324,3.054667
SA09461,sandhill_crane,13.228069,12.422172
SA01791,sandhill_crane,16.117234,3.516614
SN09951,snow_goose,7.417699,6.036786
SN07409,snow_goose,9.190045,2.515398
SN08496,snow_goose,1.795295,5.427813
SN09332,snow_goose,14.284705,13.033193
SN03409,snow_goose,11.657129,1.942903
SN03227,snow_goose,13.647172,13.216326
SN08270,snow_goose,12.116192,2.2368
SN04369,snow_goose,16.965416,3.690659
SA08498,sandhill_crane,8.92825,2.958884
SN01092,snow_goose,3.477914,5.096449
SA00650,sandhill_crane,12.680464,9.847241
SN00925,snow_goose,7.798362,2.700052
SA07485,sandhill_crane,15.224317,2.794688
SA09140,sandhill_crane,7.957739,2.070332
SN05734,snow_goose,13.834837,13.087365
SA01144,sandhill_crane,14.316569,13.730437
SN00776,snow_goose,15.644523,3.327462
SA08274,sandhill_crane,6.582166,5.477688
SN02363,snow_goose,13.713577,13.136967
SA00931,sandhill_crane,13.802693,13.024227
SA08645,sandhill_crane,6.546476,6.117471
SN05381,snow_goose,16.2244,3.893987
SN00661,snow_goose,2.070591,5.411517
SN05951,snow_goose,13.075772,2.387994
SN06271,snow_goose,8.845127,2.150414
SN09728,snow_goose,2.273424,4.567155
SN04888,snow_goose,12.171594,3.210899
SA03226,sandhill_crane,12.023732,11.282391
SN01873,snow_goose,15.861282,3.571012
SA03883,sandhill_crane,6.461346,6.75047
SN02546,snow_goose,15.191308,3.213419
SN05987,snow_goose,16.369205,3.245375
SN03735,snow_goose,5.859714,6.058146
SA06297,sandhill_crane,6.732242,5.171174
SA09400,sandhill_crane,14.30588,12.499413
SA07823,sandhill_crane,2.448802,4.231844
SN06115,snow_goose,14.658616,11.519086
SN06027,snow_goose,6.463622,5.35105
SN00764,snow_goose,2.603765,5.322107
SA06570,sandhill_crane,7.777233,1.907495
SN08666,snow_goose,2.352797,5.197662
SA08318,sandhill_crane,13.878267,12.824662
SA05269,sandhill_crane,15.733761,3.038812
SN09172,snow_goose,12.581863,11.798563
SA03113,sandhill_crane,7.856143,2.66318
SN02382,snow_goose,12.755135,2.167421
SA04885,sandhill_crane,6.773496,5.542103
SA03876,sandhill_crane,12.245322,10.32133
SN08934,snow_goose,12.573611,2.310845
SA02031,sandhill_crane,12.328044,1.770875
SN01899,snow_goose,12.336769,10.129963
SN09327,snow_goose,8.526939,2.01348
SA05207,sandhill_crane,5.485973,10.885869
SA03036,sandhill_crane,13.598386,13.183754
SN03595,snow_goose,1.782466,5.553675
SA07295,sandhill_crane,5.997213,5.855093
SN02606,snow_goose,8.751997,2.116147
SN07471,snow_goose,16.837305,2.845505
SN06146,snow_goose,13.182656,12.500132
SN09247,snow_goose,12.302183,2.170758
SN08097,snow_goose,12.436464,1.68323
SA01375,sandhill_crane,7.937097,3.358804
SN01027,snow_goose,5.874201,9.611039
SN09462,snow_goose,1.992462,4.777286
SN03025,snow_goose,2.767892,5.134874
SA01845,sandhill_crane,13.583943,13.927608
SN09123,snow_goose,2.406155,5.429431
SA07439,sandhill_crane,12.835123,10.091338
SN06093,snow_goose,13.924855,13.122888
SA08201,sandhill_crane,1.862024,4.610328
SA00300,sandhill_crane,5.232244,10.46834
SN06853,snow_goose,5.753947,5.00636
SA03520,sandhill_crane,13.972073,12.998193
SA00624,sandhill_crane,5.323074,9.614455
SN08966,snow_goose,17.166549,3.465086
SA02997,sandhill_crane,12.384212,1.890604
SN05630,snow_goose,13.870269,13.1328
SN01980,snow_goose,12.924386,11.239884
SA00869,sandhill_crane,16.392587,3.519082
SN07302,snow_goose,13.263788,13.270412
SA09165,sandhill_crane,2.341706,5.587354
SN00566,snow_goose,16.15659,2.73989
SN01595,snow_goose,8.208443,2.052791
SN08690,snow_goose,16.778379,3.495815
SA07815,sandhill_crane,5.356698,10.525119
SA04244,sandhill_crane,9.172589,2.053814
SA03306,sandhill_crane,5.619174,4.668152
SA09626,sandhill_crane,6.235792,5.584946
SA03527,sandhill_crane,13.690546,12.608391
SA08334,sandhill_crane,14.289267,12.513439
SN06184,snow_goose,6.108761,5.514167
SA08375,sandhill_crane,11.603626,2.219555
SN04272,snow_goose,5.67885,10.041041
SN00835,snow_goose,13.543477,10.83664
SN00627,snow_goose,5.827772,9.657967
SA03293,sandhill_crane,12.85487,10.594865
SA04842,sandhill_crane,6.067193,6.148677
SN08489,snow_goose,9.23608,2.386487
SA08040,sandhill_crane,6.078011,9.31023
SN09236,snow_goose,8.497556,2.073596
SN05454,snow_goose,12.748833,2.819722
SN09494,snow_goose,8.18281,3.293364
SA00625,sandhill_crane,15.916949,3.19282
SA02208,sandhill_crane,16.45326,3.389718
SN06397,snow_goose,16.611529,3.181415
SA09436,sandhill_crane,13.536305,12.277775
SN01995,snow_goose,8.646746,3.243433
SA02139,sandhill_crane,7.105752,4.849124
SN09504,snow_goose,9.016601,3.003444
SN02446,snow_goose,5.600624,5.043187
SA01157,sandhill_crane,12.187777,10.412737
SN08986,snow_goose,11.963141,2.841254
SA03088,sandhill_crane,12.115822,2.514496
SA03613,sandhill_crane,5.005761,11.082948
SN08209,snow_goose,6.144697,5.224795
SN02161,snow_goose,12.97954,11.254887
SN09867,snow_goose,12.85286,10.53908
SA06288,sandhill_crane,8.879749,1.971085
SA06053,sandhill_crane,12.918172,2.517981
SN07253,snow_goose,6.297315,5.416872
SA01829,sandhill_crane,12.518055,1.950911
SN01685,snow_goose,13.821454,12.958269
SN09553,snow_goose,5.555363,10.288729
SN00552,snow_goose,12.434759,10.315681
SN03710,snow_goose,11.988865,2.766263
SN00917,snow_goose,2.286218,4.955802
SN00302,snow_goose,8.510531,2.935882
SA00518,sandhill_crane,4.843625,10.409927
SN00716,snow_goose,15.386077,2.995108
SA05063,sandhill_crane,12.885222,10.224122
SN00005,snow_goose,5.889371,9.529074
SA00702,sandhill_crane,12.8844,9.986649
SN04606,snow_goose,14.302859,12.561852
SN00283,snow_goose,13.88126,13.004902
SA07974,sandhill_crane,6.340023,9.61824
SA00865,sandhill_crane,8.22238,2.581907
SA09704,sandhill_crane,16.475136,3.552272
SN09482,snow_goose,7.754289,2.360657
SA01699,sandhill_crane,6.256049,9.50749
SN03676,snow_goose,11.885248,10.941445
SN00685,snow_goose,11.259798,10.344103
SN07519,snow_goose,17.828974,3.766165
SA03205,sandhill_crane,13.799003,12.783722
SA06344,sandhill_crane,12.58326,11.383313
SA02916,sandhill_crane,8.129113,2.485101
SN00701,snow_goose,5.443581,10.585534
SA02939,sandhill_crane,12.456609,10.718669
SN05241,snow_goose,2.697463,5.267077
SA03187,sandhill_crane,2.600053,5.162539
SA06668,sandhill_crane,5.345475,9.03295
SN06286,snow_goose,12.246786,1.841432
SA07793,sandhill_crane,13.313098,12.995719
SA01706,sandhill_crane,15.597163,2.635434
SN04245,snow_goose,5.442045,9.473358
SA03142,sandhill_crane,16.241315,4.463645
SA03272,sandhill_crane,12.562252,10.774499
SN02102,snow_goose,9.072691,1.832052
SA01844,sandhill_crane,11.874827,2.451463
SN00046,snow_goose,17.058438,3.426448
SN02450,snow_goose,12.691465,2.876593
SN07784,snow_goose,5.097903,10.454869
SN01889,snow_goose,5.576949,10.496407
SA03011,sandhill_crane,16.685398,4.560707
SA05807,sandhill_crane,11.825567,2.492885
SA07478,sandhill_crane,8.320596,2.795581
SN08976,snow_goose,2.675126,5.559003
SN08456,snow_goose,12.56485,10.601985
SA02262,sandhill_crane,1.750903,5.838949
SA00837,sandhill_crane,11.843334,2.316473
SA05306,sandhill_crane,11.869132,1.942289
SN09910,snow_goose,12.351005,2.893064
SN09490,snow_goose,6.536967,5.716835
SA09963,sandhill_crane,9.01898,2.304808
SN07282,snow_goose,16.107725,3.279945
SN03867,snow_goose,4.662734,10.333846
SN04225,snow_goose,12.192143,1.945066
SN03761,snow_goose,5.732522,10.376095
SN08711,snow_goose,4.75104,10.72776
SA01108,sandhill_crane,11.658009,10.792706
SA07854,sandhill_crane,8.502003,2.044139
SN05865,snow_goose,5.132984,10.223386
SA04167,sandhill_crane,13.301397,12.683315
SA02235,sandhill_crane,6.114425,10.343767
SN08083,snow_goose,13.546722,13.107444
SA05796,sandhill_crane,11.628933,2.878171
SN05235,snow_goose,5.384904,9.896795
SA01329,sandhill_crane,11.885077,2.08648
SN00486,snow_goose,13.361244,12.703137
SN08192,snow_goose,5.608013,9.397165
SN05100,snow_goose,15.443211,3.422875
SN00731,snow_goose,14.236611,13.104041
SA02333,sandhill_crane,6.360283,5.046599
SA05604,sandhill_crane,12.298012,10.85533
SN06843,snow_goose,3.78116,5.356537
SN06225,snow_goose,12.967564,10.141326
SA07849,sandhill_crane,17.102484,3.580684
SA03074,sandhill_crane,16.968864,3.318312
SA03484,sandhill_crane,8.351595,1.673419
SN04125,snow_goose,8.946543,2.63563
SN00540,snow_goose,2.435456,6.182533
SA02595,sandhill_crane,12.795993,2.888145
SA01758,sandhill_crane,1.936212,4.9129
SA02780,sandhill_crane,5.491494,10.642342
SN08492,snow_goose,11.996769,10.925485
SA08792,sandhill_crane,12.271224,2.107612
SN04938,snow_goose,15.741563,3.822362
SA02894,sandhill_crane,12.909526,2.369356
SN09679,snow_goose,12.504688,10.939196
SN06284,snow_goose,16.489329,2.957493
SN06890,snow_goose,11.863274,2.718656
SN04623,snow_goose,13.097207,10.484579
SN05701,snow_goose,14.275127,13.088415
SN00225,snow_goose,15.715879,3.675229
SA00317,sandhill_crane,12.72922,11.019982
SN09629,snow_goose,6.377275,6.176065
SN01094,snow_goose,13.888101,12.258533
SN05729,snow_goose,7.636298,6.115768
SA03519,sandhill_crane,1.547863,5.111773
SN07546,snow_goose,1.833822,5.269509
SN02682,snow_goose,13.031801,2.245278
SN04207,snow_goose,11.772109,1.773736
SA00565,sandhill_crane,6.150588,10.217189
SN07312,snow_goose,16.636152,3.654026
SA03882,sandhill_crane,16.323723,2.894358
SA00182,sandhill_crane,13.766252,13.690185
SA06665,sandhill_crane,12.270815,1.981626
SA07438,sandhill_crane,8.554224,2.095216
SA04870,sandhill_crane,4.532467,9.53075
SA07623,sandhill_crane,11.456719,2.487438
SN07342,snow_goose,6.165843,5.989238
SN06730,snow_goose,3.085604,5.805798
SA08601,sandhill_crane,14.251529,13.09753
SN01951,snow_goose,14.602174,12.849285
SN02069,snow_goose,12.297596,1.70292
SN04587,snow_goose,9.016492,2.33495
SA00898,sandhill_crane,1.536613,5.235206
SN08196,snow_goose,13.620502,12.295827
SN05383,snow_goose,14.282735,12.780043
SN03624,snow_goose,4.823496,9.799884
SA00916,sandhill_crane,6.159749,10.308655
SA05637,sandhill_crane,6.475951,4.516544
SN02732,snow_goose,16.268634,3.32358
SN02930,snow_goose,14.380271,12.352909
SN01823,snow_goose,5.285617,10.453335
SA05056,sandhill_crane,14.092673,12.412213
SA08226,sandhill_crane,12.611999,9.845602
SA04729,sandhill_crane,11.878181,10.810979
SN00482,snow_goose,2.253923,5.453941
SA04281,sandhill_crane,5.561585,10.257363
SN05931,snow_goose,16.206013,3.534777
SN05209,snow_goose,16.538463,3.815522
SA03378,sandhill_crane,11.743263,2.171188
SN01003,snow_goose,3.218715,5.668933
SA09448,sandhill_crane,16.830013,2.748314
SA02596,sandhill_crane,12.479232,11.063621
SA07426,sandhill_crane,4.48491,9.480406
SA08126,sandhill_crane,8.716451,2.300478
SA09835,sandhill_crane,16.057463,3.541152
SA08068,sandhill_crane,16.096549,3.555232
SA06593,sandhill_crane,2.753907,5.909824
SA00617,sandhill_crane,13.06923,12.513705
SN05880,snow_goose,8.851786,1.756133
SA00777,sandhill_crane,1.679619,5.392601
SN04820,snow_goose,9.522751,2.477206
SA09006,sandhill_crane,12.3832,11.305349
SA01360,sandhill_crane,13.987223,12.946019
SA09809,sandhill_crane,15.742431,3.666721
SN01378,snow_goose,16.758816,2.572019
SA09135,sandhill_crane,14.084227,13.669161
SA00638,sandhill_crane,16.50155,2.626892
SA09885,sandhill_crane,13.633077,12.003988
SA03497,sandhill_crane,5.077016,9.495569
SN05602,snow_goose,6.868848,5.11609
SA08768,sandhill_crane,8.423682,2.50795
SN07611,snow_goose,16.625608,3.441102
SA04494,sandhill_crane,7.133924,5.301669
SN09121,snow_goose,3.074632,5.453687
SA07881,sandhill_crane,3.102586,4.323446
SN04982,snow_goose,13.317724,12.722256
SA07714,sandhill_crane,8.84943,3.215304
SA01004,sandhill_crane,9.068293,2.219846
SA00348,sandhill_crane,5.66544,9.826577
SA08483,sandhill_crane,12.666638,2.509413
SA00145,sandhill_crane,9.107229,1.782724
SN04739,snow_goose,6.255218,5.741369
SN08148,snow_goose,8.259303,2.329663
SA05622,sandhill_crane,13.134815,13.049613
SN09328,snow_goose,11.466859,2.305861
SA07841,sandhill_crane,13.189179,2.860805
SA06090,sandhill_crane,1.849488,4.847128
SA04141,sandhill_crane,12.824729,10.231318
SN01406,snow_goose,5.971328,5.711241
SN02053,snow_goose,12.487238,10.395267
SN02844,snow_goose,16.009178,2.93306
SA02309,sandhill_crane,5.538317,10.566191
SA03434,sandhill_crane,8.717189,3.356574
SN03382,snow_goose,12.856794,10.827663
SA00568,sandhill_crane,5.054341,10.227728
SA09368,sandhill_crane,15.236384,2.70911
SN09939,snow_goose,13.507134,12.633072
SN04438,snow_goose,13.950032,13.814926
SA09441,sandhill_crane,5.677678,10.245698
SN08768,snow_goose,12.958849,11.596228
SN08677,snow_goose,15.987809,2.755852
SA03776,sandhill_crane,13.131998,12.231719
SA07161,sandhill_crane,2.124417,5.768292
SA02480,sandhill_crane,13.784334,13.096657
SA02746,sandhill_crane,12.813536,10.64999
SA09444,sandhill_crane,2.427051,4.356385
SN00551,snow_goose,5.313616,10.021547
SN02833,snow_goose,5.844584,5.872009
SN06716,snow_goose,14.022397,12.751864
SA03244,sandhill_crane,11.637109,2.776582
SA01402,sandhill_crane,14.24653,13.010765
SA09952,sandhill_crane,1.995529,5.724186
SA03818,sandhill_crane,12.132009,2.801252
SA04609,sandhill_crane,2.840835,4.758309
SA04206,sandhill_crane,14.719062,12.752324
SN07746,snow_goose,14.240331,13.131818
SN01569,snow_goose,2.482355,5.667453
SA06961,sandhill_crane,11.82536,10.7535
SN05844,snow_goose,12.495746,10.270456
SA09484,sandhill_crane,6.210814,5.162786
SA08554,sandhill_crane,11.742125,10.782727
SN00891,snow_goose,12.280446,2.339179
SA08962,sandhill_crane,12.440684,2.570716
SN02671,snow_goose,6.419461,10.082473
SA01521,sandhill_crane,6.072933,10.820683
SN01375,snow_goose,9.090117,3.231969
SA07866,sandhill_crane,5.770066,10.616677
SN03953,snow_goose,13.12868,12.085271
SN07768,snow_goose,12.474437,2.611496
SN02693,snow_goose,7.6488,6.545591
SN03234,snow_goose,14.114384,12.818697
SN02692,snow_goose,16.474533,4.203321
SN08578,snow_goose,12.117189,10.212221
SA06406,sandhill_crane,12.947382,2.385802
SA06627,sandhill_crane,13.737108,13.771115
SA05189,sandhill_crane,15.677871,3.344993
SN05452,snow_goose,8.160716,2.351047
SA09258,sandhill_crane,13.040627,11.14742
SN01610,snow_goose,2.565343,5.167052
SN06104,snow_goose,13.734803,12.654466
SA05400,sandhill_crane,13.671948,12.373191
SA03379,sandhill_crane,5.455884,11.002319
SN05442,snow_goose,9.22439,2.644567
SN08572,snow_goose,2.186888,5.348559
SA05099,sandhill_crane,9.226437,2.161113
SN05086,snow_goose,8.335787,2.457549
SA05220,sandhill_crane,12.832377,11.504024
SN08815,snow_goose,9.113181,2.261615
SA09345,sandhill_crane,6.836702,5.928461
SA01732,sandhill_crane,1.738936,4.176659
SN01077,snow_goose,10.826102,1.592792
SA03107,sandhill_crane,16.295617,3.74471
SN06417,snow_goose,6.638742,5.536269
SA00900,sandhill_crane,8.922521,3.293869
SA02748,sandhill_crane,12.416452,11.191243
SN01509,snow_goose,15.176612,2.873986
SA03696,sandhill_crane,10.759311,10.64588
SN09694,snow_goose,2.453041,5.064227
SN06190,snow_goose,1.688599,5.255884
SN05322,snow_goose,6.676369,4.990252
SA02848,sandhill_crane,8.245263,3.112302
SN07700,snow_goose,16.452613,3.280738
SA05043,sandhill_crane,6.05677,5.803622
SN02342,snow_goose,6.757367,5.193349
SA04876,sandhill_crane,6.139878,5.597801
SA02381,sandhill_crane,2.636846,5.139812
SA03383,sandhill_crane,6.808544,5.749902
SA07761,sandhill_crane,14.43205,11.86318
SA04889,sandhill_crane,8.957458,2.191713
SA02795,sandhill_crane,2.193061,4.657615
SA06478,sandhill_crane,3.609264,5.033826
SA00728,sandhill_crane,16.348575,3.557638
SA02125,sandhill_crane,9.141404,3.25976
SN01020,snow_goose,14.395778,13.404166
SN06173,snow_goose,17.409476,3.495173
SA09715,sandhill_crane,6.742773,6.408809
SA04563,sandhill_crane,6.689447,5.328014
SA08239,sandhill_crane,5.951479,5.476795
SA08351,sandhill_crane,14.184236,12.888388
SA01008,sandhill_crane,6.108942,9.593458
SA04903,sandhill_crane,12.079916,9.90039
SA00014,sandhill_crane,5.479589,9.478043
SN00978,snow_goose,9.313445,3.056307
SN08060,snow_goose,2.467635,4.939301
SA07949,sandhill_crane,14.652962,13.205624
SA05380,sandhill_crane,2.145898,5.768465
SN01969,snow_goose,2.561146,4.792002
SA01026,sandhill_crane,6.34468,5.015212
SN07322,snow_goose,5.695093,9.817652
SA02781,sandhill_crane,15.903795,4.647891
SA09412,sandhill_crane,15.813321,2.594536
SA09425,sandhill_crane,13.533093,12.89048
SA00011,sandhill_crane,13.608166,13.186377
SA04941,sandhill_crane,12.860122,11.135346
SA04456,sandhill_crane,12.610571,2.461586
SN08840,snow_goose,17.073655,3.667601
SA01580,sandhill_crane,11.919688,10.858808
SA06075,sandhill_crane,1.978944,4.57541
SA07216,sandhill_crane,8.604457,2.839188
SA02487,sandhill_crane,6.820973,5.064725
SA04104,sandhill_crane,2.329468,5.594087
SA05409,sandhill_crane,12.687551,2.792729
SA07683,sandhill_crane,4.711776,9.374618
SA08762,sandhill_crane,2.335672,4.892419
SA09195,sandhill_crane,2.786072,4.768122
SA00205,sandhill_crane,16.469359,4.357986
SN04283,snow_goose,17.186429,2.813704
SA07156,sandhill_crane,16.110285,3.346583
SN07774,snow_goose,12.077878,2.359985
SN08247,snow_goose,12.343896,11.171649
SN03759,snow_goose,14.265942,12.136849
SN04350,snow_goose,5.826201,11.251542
SN05096,snow_goose,11.782144,10.738817
SA06409,sandhill_crane,5.806376,10.958576
SA09457,sandhill_crane,4.938676,10.063085
SN05897,snow_goose,13.687505,12.660862
SN06526,snow_goose,7.751978,2.473977
SA02350,sandhill_crane,12.588219,12.951521
SN06283,snow_goose,3.014853,4.878825
SN07047,snow_goose,3.996077,5.505286
SN07745,snow_goose,12.438944,3.093868
SA06176,sandhill_crane,8.570601,2.320126
SA03422,sandhill_crane,8.206967,2.022434
SN09936,snow_goose,12.86256,10.980043
SA05407,sandhill_crane,8.574402,2.361302
SN00915,snow_goose,5.688862,5.547094
SN01982,snow_goose,17.111906,3.542221
SN02905,snow_goose,14.47628,12.218414
SN01109,snow_goose,5.498426,9.785531
SN00448,snow_goose,3.345711,5.779981
SA07522,sandhill_crane,15.936855,2.965436
SN02410,snow_goose,12.555384,11.007111
SA03929,sandhill_crane,8.960169,2.069243
SA07851,sandhill_crane,16.33645,3.26005
SN06116,snow_goose,16.71009,2.992569
SN09170,snow_goose,13.517655,12.685264
SA01944,sandhill_crane,14.069861,13.402151
SN04832,snow_goose,2.908407,5.204593
SN07858,snow_goose,14.290069,13.234552
SA05266,sandhill_crane,8.167673,1.56614
SA05976,sandhill_crane,13.386815,12.304412
SA01219,sandhill_crane,9.394181,1.941006
SN04490,snow_goose,14.376872,13.365115
SN05948,snow_goose,5.236184,10.084854
SN00887,snow_goose,5.802753,5.585843
SN06855,snow_goose,5.666734,10.913336
SN06660,snow_goose,14.194796,13.814441
SN09540,snow_goose,8.16936,2.900663
SN04179,snow_goose,11.92829,11.782508
SN03558,snow_goose,6.825613,6.005719
SN00406,snow_goose,5.067588,10.065819
SA06257,sandhill_crane,8.9095,2.579087
SA05474,sandhill_crane,15.701665,3.435496
SN04310,snow_goose,13.405653,12.59894
SA01083,sandhill_crane,11.505938,0.867823
SA00125,sandhill_crane,2.690681,5.898151
SA09968,sandhill_crane,8.421105,2.185665
SA01646,sandhill_crane,10.801978,10.363246
SN04724,snow_goose,6.23298,10.165035
SN02756,snow_goose,5.68615,10.269066
SA08286,sandhill_crane,13.021734,12.938473
SA09564,sandhill_crane,5.590597,5.233862
SN07681,snow_goose,12.301934,9.770164
SN05008,snow_goose,4.234577,9.476385
SN09068,snow_goose,8.08919,1.877144
SN07084,snow_goose,16.018163,3.368715
SA01421,sandhill_crane,12.132404,11.367735
SA05712,sandhill_crane,8.85482,2.641793
SN04262,snow_goose,2.327161,5.235278
SA00665,sandhill_crane,15.795209,3.071488
SN02696,snow_goose,8.130795,1.414309
SA03650,sandhill_crane,6.356963,5.127368
SA02880,sandhill_crane,14.004795,13.656407
SN02932,snow_goose,11.78614,9.73109
SN04292,snow_goose,9.204261,2.679556
SA00257,sandhill_crane,12.567473,2.733441
SA01164,sandhill_crane,12.780812,12.00634
SN09176,snow_goose,15.977578,2.00934
SN04214,snow_goose,3.152053,5.348738
SA01576,sandhill_crane,5.571997,10.575906
SA07548,sandhill_crane,12.986403,13.014152
SA07248,sandhill_crane,2.892064,6.048767
SA08581,sandhill_crane,2.339603,5.624008
SN01389,snow_goose,13.539412,12.894479
SA03321,sandhill_crane,5.864358,5.213324
SN07498,snow_goose,5.499597,9.746897
SN07179,snow_goose,16.598524,3.797208
SA09649,sandhill_crane,6.514799,5.714968
SA01509,sandhill_crane,9.361042,2.690774
SN02736,snow_goose,12.468391,10.867441
SA02408,sandhill_crane,6.416548,5.664811
SN01811,snow_goose,16.033704,3.190737
SA04946,sandhill_crane,8.567823,2.659917
SA08548,sandhill_crane,6.370705,4.72367
SA00612,sandhill_crane,15.841899,3.579192
SN04541,snow_goose,5.842187,10.19264
SA06549,sandhill_crane,12.308469,1.250352
SA03007,sandhill_crane,15.969785,4.342319
SN08206,snow_goose,16.341148,3.225934
SA06023,sandhill_crane,5.867087,5.279171
SA01551,sandhill_crane,2.762989,5.03299
SN03429,snow_goose,9.533031,3.202443
SN00276,snow_goose,6.473023,6.327265
SN01155,snow_goose,13.000719,9.909879
SN08894,snow_goose,13.526484,13.366917
SN08553,snow_goose,11.024546,2.499862
SA02271,sandhill_crane,15.59542,3.173011
SN04373,snow_goose,8.552182,1.705366
SN00085,snow_goose,7.034063,5.045288
SN06832,snow_goose,2.395679,4.976129
SA08090,sandhill_crane,15.738918,3.557326
SN01575,snow_goose,11.964782,2.782382
SN08521,snow_goose,15.664286,3.864102
SA04055,sandhill_crane,8.404902,3.446007
SA03711,sandhill_crane,12.348443,1.693036
SA04964,sandhill_crane,13.342236,13.673282
SA07160,sandhill_crane,5.828499,5.006819
SN05501,snow_goose,11.774742,1.836081
SA05315,sandhill_crane,6.639629,9.807523
SN03799,snow_goose,11.933634,3.043684
SN03663,snow_goose,2.640511,5.636705
SA09210,sandhill_crane,12.128875,3.04517
SA05963,sandhill_crane,7.96356,1.99924
SA08917,sandhill_crane,12.728014,11.365012
SA01348,sandhill_crane,12.538688,1.987987
SA06051,sandhill_crane,9.08085,1.980978
SN00568,snow_goose,2.877175,5.786388
SA00246,sandhill_crane,12.605489,3.331756
SA06187,sandhill_crane,15.492548,3.669268
SN06590,snow_goose,1.95357,5.252151
SA01557,sandhill_crane,6.040935,9.83489
SA09813,sandhill_crane,11.655694,10.9496
SN01724,snow_goose,4.624298,9.770514
SA01412,sandhill_crane,3.69643,5.757878
SA03791,sandhill_crane,5.228874,9.919347
SN06076,snow_goose,6.527876,5.828491
SN02748,snow_goose,2.347181,5.428204
SA00371,sandhill_crane,1.696556,5.059171
SA07502,sandhill_crane,1.899951,4.564293
SA05533,sandhill_crane,2.956666,4.540443
SA01234,sandhill_crane,13.797246,13.055583
SA00800,sandhill_crane,12.186396,10.397717
SA09573,sandhill_crane,12.556928,10.98972
SA07004,sandhill_crane,7.060682,5.539736
SN02639,snow_goose,12.647891,2.175876
SN00654,snow_goose,16.600575,2.648456
SA00411,sandhill_crane,6.440346,6.005821
SA04319,sandhill_crane,14.059542,12.558872
SN04941,snow_goose,9.072967,2.73944
SN09406,snow_goose,13.024881,12.11383
SN03784,snow_goose,6.124504,5.191555
SA04672,sandhill_crane,5.077541,10.440452
SN03111,snow_goose,8.701368,2.806387
SN07831,snow_goose,7.706111,2.549995
SN03613,snow_goose,12.345206,11.296781
SA04256,sandhill_crane,2.226637,4.914881
SA04188,sandhill_crane,16.217453,4.118009
SN08062,snow_goose,11.859714,10.762039
SN07508,snow_goose,6.823907,6.339409
SA02562,sandhill_crane,2.900877,5.174652
SA07180,sandhill_crane,8.897971,2.523985
SA08676,sandhill_crane,5.6673,9.579518
SN06798,snow_goose,6.092296,5.829299
SN01513,snow_goose,13.219812,12.644161
SN07077,snow_goose,13.926676,12.799118
SA00437,sandhill_crane,13.428847,12.958755
SA07445,sandhill_crane,1.466271,5.239684
SA09118,sandhill_crane,13.142844,13.02906
SN02250,snow_goose,12.948326,10.591966
SN09113,snow_goose,8.177118,2.370221
SN05049,snow_goose,14.07469,12.495092
SA08993,sandhill_crane,11.790243,11.003013
SN04122,snow_goose,12.965217,10.970828
SN05463,snow_goose,16.17981,2.356518
SN00261,snow_goose,12.041634,11.242785
SA09388,sandhill_crane,9.469429,2.271482
SA04736,sandhill_crane,13.869483,12.629782
SN09562,snow_goose,5.413125,10.144528
SN03821,snow_goose,2.642781,4.228058
SN03943,snow_goose,6.975182,6.112954
SA06803,sandhill_crane,12.394098,2.831237
SN03564,snow_goose,11.757843,3.352927
SN09545,snow_goose,16.484248,4.151282
SA04919,sandhill_crane,2.300877,5.111139
SN06943,snow_goose,4.934262,9.768803
SA07781,sandhill_crane,2.400577,5.42977
SA02695,sandhill_crane,14.195111,13.721582
SN00064,snow_goose,9.535786,2.086146
SN06040,snow_goose,14.028002,13.232089
SN08389,snow_goose,5.642034,5.336838
SN00357,snow_goose,6.384057,5.088823
SN06886,snow_goose,8.547118,2.161652
SA01094,sandhill_crane,16.739343,3.348326
SA04241,sandhill_crane,6.735388,10.277414
SN02416,snow_goose,12.892682,2.127923
SN07289,snow_goose,11.880843,11.042703
SN02062,snow_goose,12.455175,10.072996
SN09513,snow_goose,14.053382,11.707806
SA06195,sandhill_crane,12.248574,11.70892
SN06574,snow_goose,2.662367,4.462594
SA06744,sandhill_crane,12.864684,10.345558
SN02949,snow_goose,13.706219,13.095233
SN06114,snow_goose,3.327318,4.781031
SN05480,snow_goose,2.457711,4.809879
SA05555,sandhill_crane,6.637461,10.078803
SA05258,sandhill_crane,6.06706,4.915375
SN04000,snow_goose,6.265166,6.068694
SN05028,snow_goose,14.901028,13.254937
SA01689,sandhill_crane,12.385339,2.840762
SN00027,snow_goose,11.089351,10.476937
SN00633,snow_goose,16.140703,3.319104
SN03787,snow_goose,16.249135,2.916395
SA03512,sandhill_crane,13.377646,10.679534
SN07069,snow_goose,11.75674,1.932919
SA05321,sandhill_crane,12.1015,10.864175
SN07146,snow_goose,6.778409,6.779318
SA08311,sandhill_crane,15.886939,3.031165
SN04808,snow_goose,12.328565,10.372859
SN09439,snow_goose,6.443027,6.506629
SA04560,sandhill_crane,1.983054,5.349497
SA09216,sandhill_crane,13.53274,12.927583
SN09325,snow_goose,12.798673,12.900603
SA01566,sandhill_crane,13.62193,12.832616
SA02277,sandhill_crane,2.527036,5.351821
SA00720,sandhill_crane,16.516344,2.823641
SA03801,sandhill_crane,2.665711,4.729744
SA06302,sandhill_crane,14.07921,13.083896
SA03139,sandhill_crane,5.788315,9.830022
SN05804,snow_goose,9.45272,2.71778
SN07961,snow_goose,6.110992,9.648024
SA06119,sandhill_crane,10.591375,1.438754
SN03837,snow_goose,13.554383,10.359742
SN00399,snow_goose,16.408042,3.646397
SN03093,snow_goose,7.278081,6.30609
SN09260,snow_goose,16.456058,4.120302
SA05624,sandhill_crane,7.673097,5.924983
SN02801,snow_goose,12.584519,2.608102
SN07223,snow_goose,5.195323,5.941002
SA02159,sandhill_crane,8.433819,2.134281
SA05759,sandhill_crane,13.320659,12.151994
SA04849,sandhill_crane,3.068268,5.166173
SN04740,snow_goose,8.800144,2.04184
SN05887,snow_goose,11.985467,2.691017
SN06679,snow_goose,6.025778,10.515061
SA04101,sandhill_crane,9.18707,2.76967
SN02238,snow_goose,13.473787,12.366434
SA05756,sandhill_crane,16.312198,3.843964
SA05046,sandhill_crane,9.239247,2.709213
SA08608,sandhill_crane,11.835121,2.560645
SA00627,sandhill_crane,6.841236,4.755697
SA02674,sandhill_crane,16.584143,3.155403
SN03465,snow_goose,16.093013,3.043079
SN01988,snow_goose,12.568416,2.841868
SN07849,snow_goose,7.445048,6.168199
SN07870,snow_goose,11.927236,1.64442
SN08388,snow_goose,6.032593,5.345629
SN01656,snow_goose,12.64271,2.778314
SA02639,sandhill_crane,13.12024,10.877749
SN02267,snow_goose,6.269581,5.34338
SN06045,snow_goose,11.904614,1.539226
SN00334,snow_goose,11.985562,3.81732
SA04344,sandhill_crane,11.613561,2.852826
SN01265,snow_goose,12.846545,10.578153
SN04104,snow_goose,13.02871,12.785672
SA00360,sandhill_crane,11.825164,2.285962
SN02577,snow_goose,5.778815,9.904515
SA02045,sandhill_crane,2.672207,4.560052
SA03231,sandhill_crane,5.439648,6.275312
SA00388,sandhill_crane,6.548497,6.066374
SN00210,snow_goose,6.621966,5.116463
SN08344,snow_goose,4.667095,10.073243
SA02287,sandhill_crane,12.580518,10.882857
SN02245,snow_goose,12.414058,3.099726
SN07527,snow_goose,6.884056,5.094849
SA06050,sandhill_crane,12.504619,2.419549
SA08117,sandhill_crane,15.781091,3.013031
SA00890,sandhill_crane,5.380299,9.889755
SA06830,sandhill_crane,13.735891,13.385053
SN05333,snow_goose,11.583192,2.461304
SN06398,snow_goose,6.910527,6.203263
SN07188,snow_goose,9.14259,2.318894
SA01568,sandhill_crane,13.979145,13.245814
SA08771,sandhill_crane,13.74929,13.367793
SN05484,snow_goose,12.349862,10.782436
SN06833,snow_goose,13.108091,9.649177
SN09544,snow_goose,8.737827,1.945741
SN08534,snow_goose,11.595454,10.394357
SA06871,sandhill_crane,11.878609,1.924881
SA06953,sandhill_crane,1.802237,5.614903
SN02195,snow_goose,8.87886,2.75194
SA01843,sandhill_crane,6.450243,9.872003
SA09402,sandhill_crane,5.46192,9.242265
SA03774,sandhill_crane,2.24537,5.185308
SN05934,snow_goose,13.054997,13.001264
SA00805,sandhill_crane,13.761252,12.931093
SA08831,sandhill_crane,12.644943,11.251245
SN05072,snow_goose,14.610404,13.311668
SN04608,snow_goose,4.463193,9.152202
SN03329,snow_goose,13.764777,12.97199
SA00503,sandhill_crane,13.156132,13.030322
SA08957,sandhill_crane,2.533814,4.916346
SN07150,snow_goose,3.226869,5.145564
SA06905,sandhill_crane,2.639862,6.23586
SN06080,snow_goose,1.828067,5.014424
SN05481,snow_goose,8.289311,1.881372
SN05731,snow_goose,11.851977,1.677785
SA01676,sandhill_crane,13.343885,2.159996
SA09549,sandhill_crane,17.134494,3.721111
SN08054,snow_goose,16.647092,2.924817
SN06265,snow_goose,12.317069,10.038469
SA01892,sandhill_crane,2.645268,4.990274
SA04603,sandhill_crane,5.683718,10.366441
SN08176,snow_goose,6.957837,6.371336
SA00315,sandhill_crane,6.154827,5.675157
SN05354,snow_goose,13.88915,12.870328
SA06112,sandhill_crane,2.165515,5.523258
SA01064,sandhill_crane,15.950909,2.944138
SN06978,snow_goose,6.120996,5.300934
SA08760,sandhill_crane,5.969662,5.858752
SN00952,snow_goose,2.409861,5.295366
SA07848,sandhill_crane,12.165641,2.791814
SA05456,sandhill_crane,8.701106,1.941301
SA08355,sandhill_crane,13.506981,12.897843
SA07199,sandhill_crane,1.828092,5.705837
SN07008,snow_goose,6.149304,10.497899
SN06491,snow_goose,7.785622,3.35142
SN09477,snow_goose,4.557794,10.70661
SN09975,snow_goose,12.214302,3.229153
SA03117,sandhill_crane,11.402821,3.441405
SN07387,snow_goose,2.518447,4.958962
SN09245,snow_goose,6.823257,5.831419
SN00275,snow_goose,12.492169,10.621902
SA09128,sandhill_crane,8.326162,2.860952
SA01870,sandhill_crane,13.004049,2.545471
SN04798,snow_goose,2.417947,6.084891
SA09673,sandhill_crane,11.925292,1.843647
SN09784,snow_goose,12.291037,10.1045
SN02922,snow_goose,5.297776,9.7893
SN00583,snow_goose,6.365254,9.831472
SN03383,snow_goose,15.722228,3.748544
SN04423,snow_goose,5.602523,5.804904
SN08295,snow_goose,6.28096,10.542379
SA09841,sandhill_crane,14.225843,13.39407
SN08454,snow_goose,16.211334,3.367688
SA06949,sandhill_crane,17.255,3.024976
SA06097,sandhill_crane,7.263346,5.93737
SN09169,snow_goose,17.465071,3.634174
SA02535,sandhill_crane,4.899208,9.915104
SN02287,snow_goose,15.793976,3.584545
SA01865,sandhill_crane,14.259312,12.530703
SA05363,sandhill_crane,12.429502,2.487249
SA04765,sandhill_crane,13.059415,3.041676
SN00948,snow_goose,15.661834,2.731968
SN08641,snow_goose,2.452969,5.183443
SN09678,snow_goose,8.746835,2.680196
SA02416,sandhill_crane,2.896063,6.068049
SA03145,sandhill_crane,2.637997,5.265715
SA07372,sandhill_crane,12.848913,2.788394
SA03323,sandhill_crane,2.600021,5.530114
SA05962,sandhill_crane,8.468445,1.796089
SN08212,snow_goose,12.453443,2.738337
SN05953,snow_goose,6.941968,4.920329
SN07723,snow_goose,2.098016,5.949032
SN03393,snow_goose,5.351796,10.047659
SA09299,sandhill_crane,2.357959,4.772306
SA07227,sandhill_crane,9.761326,2.65674
SN02292,snow_goose,2.487712,4.916335
SA03173,sandhill_crane,2.281979,5.397168
SA04230,sandhill_crane,2.425269,5.897041
SN05921,snow_goose,11.453253,10.09339
SN08791,snow_goose,8.64124,1.322561
SA04124,sandhill_crane,12.004948,1.479905
SA03040,sandhill_crane,16.752354,2.414139
SA05438,sandhill_crane,5.137369,10.038819
SN08880,snow_goose,13.631484,13.374622
SA03559,sandhill_crane,6.596098,6.276715
SA03180,sandhill_crane,9.229044,2.843987
SA03580,sandhill_crane,12.156665,2.449917
SA09751,sandhill_crane,5.342188,10.114844
SN05750,snow_goose,9.202453,2.678596
SN05918,snow_goose,13.065909,3.41324
SN01588,snow_goose,13.425135,12.290935
SN05310,snow_goose,16.046528,3.209345
SN04729,snow_goose,6.164319,10.709262
SN03550,snow_goose,11.755742,1.925248
SN04793,snow_goose,16.310976,2.648943
SN02151,snow_goose,5.600102,9.768896
SA06324,sandhill_crane,1.776148,5.199972
SN06905,snow_goose,8.994585,2.105283
SN05434,snow_goose,5.076159,10.305458
SN05471,snow_goose,9.468543,2.695847
SA02610,sandhill_crane,12.228228,11.097915
SA00614,sandhill_crane,6.148326,6.038752
SN05435,snow_goose,11.832828,11.610901
SN07283,snow_goose,12.689376,1.706789
SN05677,snow_goose,13.751464,12.882077
SN01093,snow_goose,13.017245,11.499066
SA02356,sandhill_crane,5.370415,10.060728
SN09793,snow_goose,12.804508,1.698715
SN07869,snow_goose,13.748199,12.964481
SA03086,sandhill_crane,17.405521,3.696839
SN07752,snow_goose,15.811575,2.53685
SN06169,snow_goose,4.761457,10.167174
SA06680,sandhill_crane,4.99942,10.358087
SN00469,snow_goose,16.199623,2.691655
SA06248,sandhill_crane,6.318755,9.109089
SN00096,snow_goose,6.216234,9.556954
SN09539,snow_goose,5.979491,6.082302
SN02876,snow_goose,13.475583,14.037444
SN07787,snow_goose,12.544706,2.860582
SN07544,snow_goose,14.762156,12.194339
SN08347,snow_goose,11.323405,11.078172
SA05639,sandhill_crane,8.714581,2.235865
SN09208,snow_goose,5.979606,5.598377
SA06880,sandhill_crane,8.909188,2.797443
SN05098,snow_goose,1.628938,5.152367
SA08179,sandhill_crane,5.381763,9.906755
SA02071,sandhill_crane,14.840445,12.782124
SA05455,sandhill_crane,8.291714,3.061139
SN09070,snow_goose,5.607609,10.567186
SA01086,sandhill_crane,12.999966,11.652338
SN05344,snow_goose,6.470926,6.327408
SA07633,sandhill_crane,9.783473,1.841062
SN05357,snow_goose,16.120895,3.535162
SN01475,snow_goose,12.288633,10.450344
SA09773,sandhill_crane,13.273636,3.265072
SN02312,snow_goose,12.711693,2.003989
SN07671,snow_goose,5.057871,10.291922
SA05044,sandhill_crane,13.804737,12.563359
SA08915,sandhill_crane,15.985044,3.610383
SN04341,snow_goose,13.067015,10.841513
SA08004,sandhill_crane,16.409048,4.119971
SN01084,snow_goose,6.462129,5.921467
SA03412,sandhill_crane,11.387915,2.940853
SA09962,sandhill_crane,9.348031,2.191463
SA03771,sandhill_crane,14.038961,13.473607
SA05449,sandhill_crane,13.906841,12.59653
SN03125,snow_goose,5.208562,10.223347
SN09396,snow_goose,13.534495,12.492806
SA08539,sandhill_crane,11.986553,10.498575
SA03364,sandhill_crane,11.900988,10.904911
SA09255,sandhill_crane,13.92983,13.096189
SA01680,sandhill_crane,8.769819,2.983335
SA06722,sandhill_crane,14.005963,11.099663
SA02337,sandhill_crane,4.748749,9.823203
SN08618,snow_goose,6.676464,4.877447
SA07600,sandhill_crane,13.839113,12.75487
SN00506,snow_goose,5.110126,9.401917
SA08980,sandhill_crane,6.216061,6.170287
SN02911,snow_goose,12.809131,3.033149
SA02072,sandhill_crane,12.230973,10.865431
SA06337,sandhill_crane,1.976719,5.471974
SA07581,sandhill_crane,12.50289,11.481589
SA07705,sandhill_crane,9.39494,2.784556
SN07564,snow_goose,4.889623,10.391361
SN06199,snow_goose,8.637299,2.522023
SN06718,snow_goose,5.973605,5.622242
SA06374,sandhill_crane,12.252421,11.408033
SN07442,snow_goose,16.258672,3.81871
SA01785,sandhill_crane,2.78679,4.942568
SA04324,sandhill_crane,12.830577,12.988758
SN09777,snow_goose,12.22252,10.696667
SA04182,sandhill_crane,2.627906,5.810324
SA06681,sandhill_crane,9.206104,2.281469
SN01638,snow_goose,8.646235,2.663762
SN08795,snow_goose,11.433799,2.798459
SA04276,sandhill_crane,5.330672,10.06076
SN04331,snow_goose,13.181472,10.835639
SN09141,snow_goose,16.371048,3.909083
SA07361,sandhill_crane,4.389602,10.942491
SA09779,sandhill_crane,17.419931,4.186128
SN05916,snow_goose,8.241666,2.263859
SN06267,snow_goose,15.576054,2.553843
SA01728,sandhill_crane,8.528472,2.97864
SN06708,snow_goose,16.286789,3.015819
SN03095,snow_goose,14.270946,13.148574
SN08603,snow_goose,11.498791,9.695666
SA07537,sandhill_crane,12.421082,11.25262
SN04472,snow_goose,11.673368,2.718995
SA03027,sandhill_crane,6.021897,9.623981
SN04720,snow_goose,7.217374,5.447964
SA06138,sandhill_crane,16.387963,3.591735
SA02926,sandhill_crane,8.753857,3.240385
SN06680,snow_goose,16.816329,3.947801
SA07906,sandhill_crane,5.576633,4.935345
SA00964,sandhill_crane,11.523249,9.646393
SN04582,snow_goose,8.42425,2.807235
SN06395,snow_goose,13.896508,13.082362
SN02319,snow_goose,16.033674,3.721528
SA06670,sandhill_crane,14.026814,12.860634
SA06902,sandhill_crane,13.114299,12.820482
SN07926,snow_goose,6.436735,9.934203
SA09605,sandhill_crane,12.071072,2.591392
SA07508,sandhill_crane,16.435104,2.317767
SN04730,snow_goose,5.513656,10.706058
SN05143,snow_goose,6.221539,6.409405
SN04303,snow_goose,12.130077,2.722783
SA08183,sandhill_crane,12.27058,10.946144
SA05028,sandhill_crane,12.271519,10.747437
SN08751,snow_goose,5.36575,10.640968
SA03114,sandhill_crane,13.157075,13.354137
SA09836,sandhill_crane,11.905681,2.385657
SA01331,sandhill_crane,12.497968,10.256706
SA04564,sandhill_crane,12.253068,11.378739
SN08438,snow_goose,13.743839,13.346329
SN03869,snow_goose,9.688499,2.514213
SA06047,sandhill_crane,12.121344,10.912425
SA03373,sandhill_crane,13.770441,13.176491
SA05057,sandhill_crane,1.977885,5.587637
SA09225,sandhill_crane,12.542286,10.6435
SN06061,snow_goose,2.302438,5.351097
SA08814,sandhill_crane,14.453915,13.070705
SA00859,sandhill_crane,7.359027,5.705579
SN05246,snow_goose,6.617288,5.800819
SA02774,sandhill_crane,11.79659,2.770583
SA03683,sandhill_crane,7.645673,2.751137
SA01716,sandhill_crane,13.868193,11.811886
SN00354,snow_goose,5.252016,9.668752
SN00554,snow_goose,5.624879,9.648627
SN09882,snow_goose,13.287044,10.672776
SN03902,snow_goose,16.765844,2.843522
SA01253,sandhill_crane,2.244352,5.014687
SN05418,snow_goose,12.774032,10.706504
SA00365,sandhill_crane,16.362909,2.544676
SN03254,snow_goose,9.099305,1.841737
SN01958,snow_goose,16.06717,3.464368
SA06388,sandhill_crane,16.323061,3.927178
SA07593,sandhill_crane,9.053834,1.885304
SA00263,sandhill_crane,16.93776,3.514677
SA01781,sandhill_crane,2.277749,5.358229
SA02103,sandhill_crane,2.860722,4.474463
SA02814,sandhill_crane,8.800248,2.483013
SA05535,sandhill_crane,12.765427,10.704581
SA02185,sandhill_crane,5.59396,5.781349
SA05174,sandhill_crane,3.020463,5.688364
SA05585,sandhill_crane,9.37451,2.143855
SA00184,sandhill_crane,11.858913,2.255191
SN03210,snow_goose,6.167882,9.54134
SN04600,snow_goose,12.545778,2.305572
SA03797,sandhill_crane,4.700719,10.709964
SA02743,sandhill_crane,9.230128,2.431336
SN05448,snow_goose,12.298318,10.968389
SN06922,snow_goose,13.564957,13.525871
SA07599,sandhill_crane,12.78765,11.164075
SA06055,sandhill_crane,14.074005,11.493462
SN08168,snow_goose,16.885764,3.711439
SA03581,sandhill_crane,6.908192,4.887516
SA09060,sandhill_crane,9.594782,2.085664
SN03876,snow_goose,8.798787,2.581539
SN03726,snow_goose,1.981656,5.037273
SA04156,sandhill_crane,2.043545,5.920096
SN02946,snow_goose,12.512938,3.333426
SN04411,snow_goose,5.98562,5.792971
SN07088,snow_goose,8.788984,1.97436
SA00392,sandhill_crane,1.994865,4.1624
SN06812,snow_goose,9.26772,2.751599
SN05584,snow_goose,9.075061,2.016035
SN03186,snow_goose,12.159359,10.691001
SN08941,snow_goose,2.245805,5.240184
SA03997,sandhill_crane,9.701375,2.013354
SN05226,snow_goose,15.949506,3.010418
SN06438,snow_goose,5.775075,6.126351
SN07142,snow_goose,12.182782,11.102787
SA07861,sandhill_crane,6.176006,5.401729
SN07943,snow_goose,13.702923,12.776279
SA04500,sandhill_crane,8.702509,2.027332
SA07235,sandhill_crane,11.740426,2.534373
SA03151,sandhill_crane,12.418993,2.11121
SN01006,snow_goose,12.636727,10.362102
SN08293,snow_goose,6.602047,5.599074
SN02828,snow_goose,3.460832,5.21925
SA06004,sandhill_crane,14.23049,13.407064
SN09551,snow_goose,9.256712,2.343068
SA02217,sandhill_crane,12.384418,9.129814
SA00655,sandhill_crane,9.340374,2.675774
SA04774,sandhill_crane,16.725784,3.134403
SA04957,sandhill_crane,16.373224,3.407741
SA05673,sandhill_crane,2.646905,5.615283
SN09118,snow_goose,13.858078,12.756119
SN00059,snow_goose,8.207754,6.165989
SN08237,snow_goose,9.276417,2.484024
SN03648,snow_goose,16.909149,3.00416
SN04577,snow_goose,16.947455,4.228548
SA07301,sandhill_crane,12.882223,13.17146
SA04271,sandhill_crane,16.694113,3.309099
SA05421,sandhill_crane,14.093116,12.533501
SN07937,snow_goose,3.409481,5.430183
SN08595,snow_goose,12.877154,10.718634
SN00066,snow_goose,12.634395,11.065734
SA05525,sandhill_crane,5.979207,5.781936
SN03734,snow_goose,11.97664,10.088738
SA06364,sandhill_crane,11.834645,1.728014
SA01465,sandhill_crane,9.114086,2.86779
SA07234,sandhill_crane,16.649231,2.076498
SA03785,sandhill_crane,2.463235,4.953113
SA08757,sandhill_crane,8.398428,2.769806
SA03717,sandhill_crane,11.777682,9.876521
SN00224,snow_goose,17.0566,2.985951
SN06005,snow_goose,16.213769,2.75669
SN07313,snow_goose,11.873661,1.624191
SN00714,snow_goose,12.876416,2.240751
SN03533,snow_goose,5.803305,6.16341
SA02250,sandhill_crane,5.260702,10.582617
SN07623,snow_goose,8.56793,2.699775
SN06508,snow_goose,13.154091,12.490459
SN07516,snow_goose,12.517737,1.841641
SN03326,snow_goose,12.122315,2.558035
SA00170,sandhill_crane,9.333337,1.405539
SA00591,sandhill_crane,5.841215,9.863723
SN08714,snow_goose,8.91883,1.9883
SN06790,snow_goose,6.14863,10.127933
SA03822,sandhill_crane,7.26191,5.00802
SN01216,snow_goose,9.203859,2.959673
SA05065,sandhill_crane,6.329862,6.325165
SA08673,sandhill_crane,12.288798,10.375717
SA06755,sandhill_crane,7.783479,3.288898
SN03739,snow_goose,12.058627,2.73803
SN04300,snow_goose,6.3505,5.740901
SN03034,snow_goose,11.643178,10.836212
SA06472,sandhill_crane,13.895848,13.472796
SN09104,snow_goose,3.024201,5.465469
SA06128,sandhill_crane,11.762896,10.565173
SN04974,snow_goose,6.156964,10.057482
SA06557,sandhill_crane,2.224042,4.715767
SN08990,snow_goose,8.063354,2.537752
SA01909,sandhill_crane,4.423851,10.289636
SA09403,sandhill_crane,2.590178,5.195733
SN02996,snow_goose,7.024927,5.402712
SN07819,snow_goose,12.963695,11.285046
SN07531,snow_goose,14.126328,12.819465
SN00657,snow_goose,15.931473,3.598323
SN05505,snow_goose,3.03531,5.13593
SA00183,sandhill_crane,15.989545,3.498462
SN05772,snow_goose,6.327321,4.41965
SN06210,snow_goose,7.185085,5.19791
SA02466,sandhill_crane,16.352847,3.065021
SA01776,sandhill_crane,12.587607,2.107054
SN04485,snow_goose,2.304291,5.845394
SA02600,sandhill_crane,1.826786,5.926068
SA07527,sandhill_crane,13.298505,1.30933
SN04824,snow_goose,13.798594,12.978527
SA07716,sandhill_crane,5.916672,5.771644
SN05387,snow_goose,10.381843,3.293087
SN08624,snow_goose,8.087244,2.996016
SN07930,snow_goose,9.13244,2.85748
SA05200,sandhill_crane,4.766534,10.073948
SA03009,sandhill_crane,14.008947,13.015449
SN06159,snow_goose,12.189213,2.833985
SN03311,snow_goose,13.954754,12.317688
SN02068,snow_goose,12.561744,2.74466
SA03122,sandhill_crane,12.004326,11.183489
SA07806,sandhill_crane,6.538796,5.575304
SN06424,snow_goose,2.270715,6.374069
SA05569,sandhill_crane,3.12328,5.360807
SN07185,snow_goose,5.510704,10.175421
SN06771,snow_goose,13.052055,12.336622
SA09055,sandhill_crane,13.156228,1.616722
SA06296,sandhill_crane,5.728594,10.028344
SN01349,snow_goose,1.966917,4.783179
SA09279,sandhill_crane,12.585756,11.075478
SA04718,sandhill_crane,11.651344,10.543356
SA04804,sandhill_crane,16.486833,3.739279
SN04966,snow_goose,8.428153,3.720177
SN05603,snow_goose,8.338695,2.308274
SA07455,sandhill_crane,5.87202,5.818917
SA00872,sandhill_crane,9.866309,2.096656
SA00795,sandhill_crane,12.462886,10.362558
SN09610,snow_goose,12.790996,2.76696
SA07511,sandhill_crane,7.229664,4.95782
SN09084,snow_goose,2.303345,5.229121
SN05561,snow_goose,13.47376,13.11758
SA01369,sandhill_crane,8.531177,2.12773
SA04056,sandhill_crane,11.880124,2.66243
SN08150,snow_goose,5.815949,5.369636
SN08322,snow_goose,12.321238,11.103929
SN00318,snow_goose,12.632763,2.259056
SN08349,snow_goose,8.601219,1.677982
SA03417,sandhill_crane,5.404982,9.788213
SN08308,snow_goose,11.896799,2.512212
SA02297,sandhill_crane,12.110746,11.225818
SN00698,snow_goose,2.803624,4.152307
SN09038,snow_goose,11.69681,11.676853
SN03233,snow_goose,14.540555,12.600461
SN03722,snow_goose,1.663481,4.574615
SA00912,sandhill_crane,5.963772,9.758934
SN07001,snow_goose,12.339121,1.827222
SA00084,sandhill_crane,11.365288,11.149896
SA08638,sandhill_crane,11.367658,10.711477
SN02824,snow_goose,15.798856,3.479663
SA07588,sandhill_crane,16.990514,2.922848
SN04465,snow_goose,2.848232,5.298472
SN03684,snow_goose,11.738228,2.302128
SN04511,snow_goose,9.170621,2.272211
SN09587,snow_goose,5.346548,9.745807
SA00292,sandhill_crane,11.827404,11.205409
SA01492,sandhill_crane,6.52588,5.672335
SA06519,sandhill_crane,12.652932,10.920279
SN06106,snow_goose,5.673056,10.556368
SN01393,snow_goose,8.796319,3.039457
SA00212,sandhill_crane,6.121634,4.958328
SN03451,snow_goose,11.953176,2.697558
SA04521,sandhill_crane,12.678436,12.129466
SN01870,snow_goose,13.263014,11.619255
SN06280,snow_goose,12.178151,1.709274
SA03555,sandhill_crane,7.338704,5.785227
SN01235,snow_goose,16.186247,3.578405
SN09324,snow_goose,9.059777,2.314206
SA05683,sandhill_crane,12.652047,10.932515
SA05573,sandhill_crane,2.631712,4.880169
SN01401,snow_goose,13.71458,12.83901
SN02097,snow_goose,3.162869,4.859907
SA09117,sandhill_crane,15.993786,2.681705
SN03039,snow_goose,6.55892,10.180486
SA09926,sandhill_crane,11.935549,1.198756
SA08119,sandhill_crane,2.418628,4.482836
SN00070,snow_goose,13.954011,12.905484
SA09254,sandhill_crane,8.285552,2.746782
SN03690,snow_goose,13.059841,3.49355
SN06120,snow_goose,2.66834,5.675315
SA04891,sandhill_crane,7.910017,2.909844
SN07147,snow_goose,7.180941,5.717484
SN09016,snow_goose,6.179459,9.720198
SA00935,sandhill_crane,16.316181,3.463283
SA05489,sandhill_crane,5.778033,9.922718
SN00073,snow_goose,5.821982,5.893076
SA03449,sandhill_crane,2.17851,5.657685
SN08713,snow_goose,5.826234,9.360747
SA09119,sandhill_crane,6.150337,6.246439
SN05208,snow_goose,12.314471,9.687714
SA00382,sandhill_crane,14.134002,12.273277
SN01048,snow_goose,12.701104,3.305315
SA00175,sandhill_crane,4.744839,9.576956
SA06662,sandhill_crane,12.302371,2.48946
SN05059,snow_goose,14.045879,13.023744
SA01719,sandhill_crane,11.793348,2.946085
SA03892,sandhill_crane,12.283148,10.826664
SA08804,sandhill_crane,5.219136,9.946464
SN02973,snow_goose,2.506091,5.406624
SA04132,sandhill_crane,13.121551,12.055
SA06758,sandhill_crane,11.960252,2.253146
SN02667,snow_goose,12.729542,2.747602
SN03166,snow_goose,16.207886,3.205087
SN09875,snow_goose,6.471104,5.58641
SA09056,sandhill_crane,12.527906,10.092523
SA05165,sandhill_crane,13.64421,12.707651
SN05011,snow_goose,8.984397,2.15416
SN06110,snow_goose,5.217515,9.988298
SN04202,snow_goose,5.524041,6.70549
SA04834,sandhill_crane,7.202931,5.613729
SN03687,snow_goose,8.438571,2.933722
SN02896,snow_goose,6.269726,4.819396
SA01247,sandhill_crane,6.863603,5.424798
SA01096,sandhill_crane,2.681503,5.448965
SA04411,sandhill_crane,2.085314,4.924992
SN00829,snow_goose,6.022454,9.365133
SN00617,snow_goose,8.489314,1.81291
SA02339,sandhill_crane,9.197221,2.496815
SN01044,snow_goose,2.376576,4.338669
SA06522,sandhill_crane,6.964715,5.347569
SN08560,snow_goose,6.707211,4.904865
SA08452,sandhill_crane,12.316372,2.613808
SA08558,sandhill_crane,12.600119,11.097277
SN05836,snow_goose,17.026747,3.236102
SA09587,sandhill_crane,5.940445,5.10689
SN07165,snow_goose,5.466635,10.071027
SN09895,snow_goose,8.717317,1.937249
SA00740,sandhill_crane,13.679097,12.58736
SA00867,sandhill_crane,6.287654,5.167364
SN00722,snow_goose,8.865239,1.941675
SN09210,snow_goose,11.872277,2.184004
SN01923,snow_goose,4.934447,10.259466
SN01278,snow_goose,6.25131,4.526838
SA08930,sandhill_crane,16.05175,3.681743
SN05966,snow_goose,13.018397,10.575678
SA01525,sandhill_crane,8.682321,2.479461
SN04445,snow_goose,2.619598,5.268632
SA04717,sandhill_crane,5.231149,10.1538
SN09879,snow_goose,12.492295,10.087454
SN06081,snow_goose,2.405261,5.243554
SA00206,sandhill_crane,14.055291,12.638562
SN01041,snow_goose,9.284679,2.389503
SN05004,snow_goose,2.012259,4.978081
SA04825,sandhill_crane,6.528047,5.208311
SA08728,sandhill_crane,6.429197,4.526423
SA02885,sandhill_crane,6.074481,9.707799
SN08812,snow_goose,12.985676,11.058019
SN04399,snow_goose,5.055518,10.115827
SA01215,sandhill_crane,2.7684,4.815676
SA05427,sandhill_crane,6.166065,10.050523
SA09235,sandhill_crane,11.414903,10.867892
SA09305,sandhill_crane,12.378673,2.169436
SN07241,snow_goose,15.601103,3.05812
SA02435,sandhill_crane,16.612351,2.547711
SA04719,sandhill_crane,17.897906,2.93718
SN09862,snow_goose,15.841197,3.230778
SA01180,sandhill_crane,6.1468,6.714988
SA07050,sandhill_crane,14.363956,12.216584
SA01285,sandhill_crane,8.45168,2.473372
SA08073,sandhill_crane,11.882409,2.239636
SA02143,sandhill_crane,12.973568,11.81275
SA06887,sandhill_crane,12.888982,11.000745
SA02502,sandhill_crane,12.481772,10.675278
SN06107,snow_goose,7.107069,5.588463
SA03957,sandhill_crane,17.05476,3.113524
SA00629,sandhill_crane,12.631644,2.967792
SA05127,sandhill_crane,6.310209,10.161113
SN00721,snow_goose,2.860585,5.09516
SA03958,sandhill_crane,13.985325,12.63754
SN09645,snow_goose,1.880633,5.591341
SN07295,snow_goose,6.765184,6.105765
SA00592,sandhill_crane,14.096408,12.833575
SN08109,snow_goose,15.838747,3.134374
SA09191,sandhill_crane,7.059365,5.936189
SN03700,snow_goose,8.733681,1.609032
SA04323,sandhill_crane,12.707642,2.412961
SA01639,sandhill_crane,14.39145,12.613021
SA04391,sandhill_crane,12.778257,1.869324
SA03839,sandhill_crane,11.688508,10.159945
SA05904,sandhill_crane,6.491723,10.774136
SN02093,snow_goose,12.100203,10.164285
SN09308,snow_goose,6.862474,6.843632
SN06701,snow_goose,16.857,4.504184
SN05710,snow_goose,11.979626,1.805423
SA01617,sandhill_crane,8.942508,1.824118
SN00557,snow_goose,13.578852,11.948081
SN03489,snow_goose,11.848191,11.068993
SA09103,sandhill_crane,11.844565,2.723343
SA02078,sandhill_crane,15.782312,4.584578
SN01414,snow_goose,7.53066,2.75954
SN05824,snow_goose,13.336386,12.591138
SA02522,sandhill_crane,16.579369,3.969808
SN06220,snow_goose,7.448756,5.946839
SA06696,sandhill_crane,11.902016,10.780021
SN09537,snow_goose,12.151722,10.383271
SA08244,sandhill_crane,6.058515,10.398638
SN01606,snow_goose,2.303757,5.263658
SA07634,sandhill_crane,11.818312,10.650641
SN02850,snow_goose,6.722472,5.20311
SA02692,sandhill_crane,9.657551,2.211319
SA01332,sandhill_crane,12.650685,11.21202
SN00337,snow_goose,11.676631,3.08535
SA03601,sandhill_crane,13.021155,2.300648
SN00043,snow_goose,4.939585,10.31461
SA08164,sandhill_crane,2.066474,4.781625
SN09873,snow_goose,16.125115,3.284514
SA09427,sandhill_crane,5.926303,5.104735
SN00138,snow_goose,6.500362,9.760341
SN02710,snow_goose,13.110397,12.743222
SN05671,snow_goose,12.249498,10.740219
SA08907,sandhill_crane,2.331429,5.640492
SN09026,snow_goose,4.3051,10.283877
SA09970,sandhill_crane,9.357225,2.37067
SA08480,sandhill_crane,12.685265,9.997944
SN04008,snow_goose,5.127179,10.58437
SN04567,snow_goose,5.646946,9.446445
SA03690,sandhill_crane,16.483409,3.480038
SN01733,snow_goose,9.77471,1.901209
SA07567,sandhill_crane,13.928393,13.564156
SA01452,sandhill_crane,11.796754,10.342745
SN04178,snow_goose,16.453523,3.195997
SN05778,snow_goose,14.351552,12.351026
SA01545,sandhill_crane,11.311459,2.883962
SN05859,snow_goose,13.411511,13.110465
SN03740,snow_goose,11.90453,9.590784
SN01314,snow_goose,1.707617,4.654707
SA08322,sandhill_crane,5.511221,9.723879
SA06079,sandhill_crane,12.910053,2.509052
SN07779,snow_goose,5.755418,10.746609
SA03047,sandhill_crane,17.081383,3.154814
SA09280,sandhill_crane,12.625407,10.569669
SN09273,snow_goose,5.419332,10.440551
SN09971,snow_goose,7.169364,5.904689
SA07433,sandhill_crane,5.613296,9.921057
SN09899,snow_goose,11.575678,2.907888
SA04257,sandhill_crane,12.69088,10.344143
SN05648,snow_goose,17.026544,2.514543
SA08701,sandhill_crane,4.966278,9.495472
SN05542,snow_goose,2.401654,5.375879
SA01742,sandhill_crane,17.264329,3.344294
SA05403,sandhill_crane,2.034213,4.955358
SA09380,sandhill_crane,12.141728,10.296509
SA08081,sandhill_crane,16.96713,3.574334
SN04844,snow_goose,12.329377,3.170058
SN04140,snow_goose,12.361786,2.263045
SN08946,snow_goose,8.756278,3.309886
SA09515,sandhill_crane,12.632532,9.661891
SN09460,snow_goose,13.013202,12.09006
SA04872,sandhill_crane,6.08422,5.895157
SN00017,snow_goose,12.247594,2.526791
SN05748,snow_goose,16.91661,3.9886
SN05913,snow_goose,12.591813,2.95762
SN04435,snow_goose,6.581814,6.119205
SA01438,sandhill_crane,9.180566,2.649704
SA01112,sandhill_crane,11.976113,10.898039
SA08247,sandhill_crane,7.880018,1.958761
SA04425,sandhill_crane,1.421354,5.537624
SN04053,snow_goose,2.808643,5.671643
SA09123,sandhill_crane,13.512268,11.907225
SN01718,snow_goose,14.268976,12.746837
SA01543,sandhill_crane,1.355814,5.249413
SA05156,sandhill_crane,16.12556,3.526794
SN00255,snow_goose,2.671121,5.811151
SA03596,sandhill_crane,13.215379,11.439526
SA05395,sandhill_crane,12.958677,13.309032
SN09921,snow_goose,2.262448,4.46353
SA00218,sandhill_crane,4.808264,10.323421
SN03308,snow_goose,5.991863,6.208915
SN02423,snow_goose,7.062683,4.950282
SN05965,snow_goose,2.666589,5.796208
SN09461,snow_goose,1.296859,5.579306
SA00957,sandhill_crane,9.437033,3.020364
SA00907,sandhill_crane,8.9943,3.13642
SN02940,snow_goose,12.218246,10.234498
SN07338,snow_goose,13.157076,12.363444
SA05285,sandhill_crane,1.776397,5.094819
SA02564,sandhill_crane,16.022626,3.690108
SN01209,snow_goose,9.043534,3.441112
SA06475,sandhill_crane,12.44444,10.157891
SA06431,sandhill_crane,6.357461,10.948935
SN03475,snow_goose,1.913115,4.820297
SA07467,sandhill_crane,8.994884,2.264552
SA07926,sandhill_crane,5.356064,10.607799
SA05715,sandhill_crane,5.637946,6.320853
SN04512,snow_goose,16.642676,3.908819
SA04776,sandhill_crane,6.378551,5.333655
SA04621,sandhill_crane,2.696406,5.175308
SN01056,snow_goose,8.745762,1.712742
SN01818,snow_goose,9.01002,2.841298
SA01590,sandhill_crane,5.607195,9.911667
SN04342,snow_goose,2.493395,5.416022
SA01616,sandhill_crane,2.2282,5.539873
SN07053,snow_goose,14.709819,12.306796
SN08093,snow_goose,14.460404,13.203703
SN08346,snow_goose,3.142175,5.555602
SA03247,sandhill_crane,13.556544,12.630568
SA02059,sandhill_crane,12.237595,2.602955
SN02794,snow_goose,2.339291,4.875055
SN09724,snow_goose,6.076139,5.134503
SA06154,sandhill_crane,5.607598,9.961854
SN07533,snow_goose,11.714522,10.420809
SN05517,snow_goose,13.501773,10.930191
SN00199,snow_goose,15.944989,4.146194
SA02345,sandhill_crane,11.709222,3.125737
SA02019,sandhill_crane,11.890027,1.789037
SN07614,snow_goose,6.288516,5.374712
SN07300,snow_goose,12.339288,2.289058
SA06368,sandhill_crane,14.026745,13.281402
SA03763,sandhill_crane,15.33792,3.535637
SA05149,sandhill_crane,8.396136,3.203578
SA07898,sandhill_crane,1.70886,5.149848
SN01459,snow_goose,6.227817,10.488124
SA03280,sandhill_crane,10.576819,10.565076
SN01010,snow_goose,13.415131,12.957804
SN00790,snow_goose,13.640799,13.167641
SA06672,sandhill_crane,16.178195,3.34958
SN02471,snow_goose,16.320113,3.484918
SA01691,sandhill_crane,9.081072,3.043824
SA02929,sandhill_crane,6.272302,6.056532
SA06870,sandhill_crane,4.995951,9.527689
SA00681,sandhill_crane,11.746279,2.413516
SN08154,snow_goose,2.49312,5.392885
SN04471,snow_goose,12.475153,10.192242
SN05043,snow_goose,14.027958,12.827905
SA03431,sandhill_crane,4.636267,9.631006
SN09945,snow_goose,14.76126,13.091969
SN03762,snow_goose,12.454243,10.938015
SN06860,snow_goose,5.713343,9.406471
SN04979,snow_goose,2.492576,4.532921
SN09624,snow_goose,12.28722,11.144863
SA02720,sandhill_crane,11.779782,1.606514
SA04015,sandhill_crane,8.613145,2.499263
SA07123,sandhill_crane,2.151002,5.107311
SA00671,sandhill_crane,13.877398,12.280614
SA04976,sandhill_crane,15.825955,3.571635
SA02532,sandhill_crane,2.531494,5.684702
SA03435,sandhill_crane,6.440328,6.278769
SA09383,sandhill_crane,2.707569,5.356586
SA09618,sandhill_crane,8.685289,2.690293
SN07287,snow_goose,2.887695,5.995098
SA09802,sandhill_crane,1.873886,4.542401
SA06462,sandhill_crane,16.090594,4.201008
SN03151,snow_goose,2.456364,5.393667
SN07416,snow_goose,2.536323,5.387207
SN01391,snow_goose,16.107468,3.549361
SN09095,snow_goose,12.837803,12.974326
SA07667,sandhill_crane,8.333602,2.395967
SN02934,snow_goose,13.832437,12.549944
SA03060,sandhill_crane,6.281376,9.662362
SN08759,snow_goose,1.748006,4.95852
SN03087,snow_goose,5.780401,10.755681
SN06631,snow_goose,2.258409,4.245446
SA00122,sandhill_crane,5.151552,9.915276
SN01795,snow_goose,12.268917,2.332599
SN01294,snow_goose,6.226506,4.989862
SA02123,sandhill_crane,15.838476,3.142338
SA08983,sandhill_crane,2.392699,5.235184
SN00893,snow_goose,14.331911,13.973063
SN01893,snow_goose,12.62445,10.453085
SA08022,sandhill_crane,12.013688,9.751099
SA05718,sandhill_crane,14.43702,13.446804
SN09529,snow_goose,12.633716,11.886981
SN05828,snow_goose,5.863764,9.245155
SN05977,snow_goose,8.812555,3.020623
SA02820,sandhill_crane,12.064505,10.907814
SN08370,snow_goose,14.093048,12.647607
SA07425,sandhill_crane,6.773728,5.685303
SN09788,snow_goose,5.071754,10.416615
SN09300,snow_goose,12.772563,11.276564
SN04256,snow_goose,11.671112,12.44433
SA07971,sandhill_crane,15.766799,12.391324
SA06361,sandhill_crane,6.035095,6.387882
SN01303,snow_goose,4.759699,9.53467
SN05889,snow_goose,6.042788,5.960572
SA02457,sandhill_crane,1.886551,5.284519
SN07821,snow_goose,15.530416,3.119985
SN04073,snow_goose,6.290089,9.120572
SA05916,sandhill_crane,6.00961,10.440011
SA04320,sandhill_crane,6.541971,9.575168
SA03062,sandhill_crane,5.883019,9.859922
SN01742,snow_goose,13.464652,12.877963
SN05895,snow_goose,12.698915,9.857041
SN03976,snow_goose,6.032457,5.194474
SN02627,snow_goose,1.895147,4.9635
SN09804,snow_goose,5.669649,10.311466
SA04615,sandhill_crane,8.684237,2.409396
SA04819,sandhill_crane,12.27004,2.50244
SA08486,sandhill_crane,11.493834,3.002048
SN06607,snow_goose,12.731707,3.122535
SN02225,snow_goose,9.081724,1.966195
SN01976,snow_goose,8.612197,2.427985
SN01277,snow_goose,16.188265,4.430133
SA02721,sandhill_crane,15.836719,3.34272
SA09560,sandhill_crane,8.601344,3.343835
SN09813,snow_goose,5.402175,9.807185
SA03138,sandhill_crane,16.202273,4.191024
SA04595,sandhill_crane,15.757979,3.890401
SA03953,sandhill_crane,12.847188,2.224616
SN07345,snow_goose,2.92312,4.534802
SN09317,snow_goose,15.88179,2.80301
SN08545,snow_goose,5.180009,10.387383
SA00003,sandhill_crane,8.536425,2.327602
SA07489,sandhill_crane,12.845154,2.227435
SA04313,sandhill_crane,5.685359,5.685336
SA00753,sandhill_crane,8.405952,3.220555
SN07103,snow_goose,11.963428,10.50751
SN01796,snow_goose,5.649515,5.451154
SA07501,sandhill_crane,13.268801,12.481735
SA06087,sandhill_crane,4.886998,9.174616
SA09851,sandhill_crane,8.959755,3.030115
SN06455,snow_goose,9.000793,1.781134
SN03184,snow_goose,2.536394,5.485569
SN01462,snow_goose,9.135633,1.62076
SA00772,sandhill_crane,9.049311,3.177677
SN00644,snow_goose,12.28461,1.015708
SA00715,sandhill_crane,16.381273,4.874644
SA06273,sandhill_crane,15.814291,3.614302
SA02134,sandhill_crane,2.243322,4.422472
SA07255,sandhill_crane,9.613902,2.120849
SN01585,snow_goose,13.120803,12.45724
SA06603,sandhill_crane,16.402863,4.039774
SA06511,sandhill_crane,14.226903,13.700221
SN05711,snow_goose,2.615862,5.332524
SA05730,sandhill_crane,11.882522,2.492422
SA00155,sandhill_crane,1.934888,4.959878
SA01596,sandhill_crane,6.345484,5.356261
SA02829,sandhill_crane,5.991112,10.903604
SA06225,sandhill_crane,12.770139,2.246028
SA06275,sandhill_crane,6.381715,5.370366
SA01238,sandhill_crane,11.970874,2.226719
SN00095,snow_goose,13.651368,12.889603
SA06708,sandhill_crane,4.209111,10.326012
SN03491,snow_goose,7.053081,5.349662
SN08576,snow_goose,12.803997,11.020849
SN04715,snow_goose,15.147849,3.54283
SA09455,sandhill_crane,1.906255,4.60095
SA06443,sandhill_crane,12.813575,3.476396
SA07211,sandhill_crane,6.043184,9.77596
SA05824,sandhill_crane,1.91283,5.139844
SN04586,snow_goose,12.806793,10.904363
SN09926,snow_goose,7.437398,5.516058
SA06683,sandhill_crane,6.808692,5.487127
SA00248,sandhill_crane,8.783584,3.693032
SN00030,snow_goose,8.246461,2.695864
SA08136,sandhill_crane,16.100894,3.168899
SN02297,snow_goose,6.775003,5.792166
SN02655,snow_goose,2.656283,5.606884
SN05005,snow_goose,6.710234,5.409748
SN05803,snow_goose,6.351945,6.061835
SA00733,sandhill_crane,8.67058,2.697537
SN09146,snow_goose,13.89877,12.223104
SN07514,snow_goose,12.210887,10.436728
SN06724,snow_goose,12.718464,10.884849
SA04430,sandhill_crane,8.993836,2.106131
SA06161,sandhill_crane,6.782428,5.460841
SN05521,snow_goose,16.400367,3.611948
SA05891,sandhill_crane,11.984047,10.841784
SN02662,snow_goose,8.972268,2.609093
SA05205,sandhill_crane,8.930521,2.366393
SA05775,sandhill_crane,7.346559,4.995597
SA05279,sandhill_crane,7.363095,5.721101
SA01276,sandhill_crane,15.25689,3.344931
SN07095,snow_goose,12.942795,10.754996
SN00708,snow_goose,4.593739,9.688493
SN03500,snow_goose,12.328834,2.422775
SN05371,snow_goose,2.72186,5.831361
SA00159,sandhill_crane,16.839174,4.243719
SA06122,sandhill_crane,16.417426,3.309082
SN06823,snow_goose,4.307076,10.223184
SA03444,sandhill_crane,12.270184,10.992717
SN09997,snow_goose,2.763277,4.901695
SN08563,snow_goose,2.414389,5.53667
SA07328,sandhill_crane,6.13899,5.471596
SA09925,sandhill_crane,5.335422,5.034059
SA07819,sandhill_crane,8.704563,2.694865
SN05760,snow_goose,8.450535,2.028813
SA09371,sandhill_crane,6.377472,5.506795
SA08652,sandhill_crane,12.155503,2.519624
SN00637,snow_goose,13.920968,11.449838
SN03448,snow_goose,15.710494,3.199124
SN08409,snow_goose,5.922311,10.053522
SA00346,sandhill_crane,6.872017,5.671846
SN06314,snow_goose,3.149088,5.16669
SN09074,snow_goose,2.32545,4.908918
SA09986,sandhill_crane,5.935278,9.36748
SA05848,sandhill_crane,2.739635,4.855481
SN08670,snow_goose,5.982549,9.937017
SA04203,sandhill_crane,12.960753,12.544755
SA02065,sandhill_crane,5.746647,9.74085
SN05273,snow_goose,9.378797,2.726829
SN00134,snow_goose,13.005862,1.78053
SA07909,sandhill_crane,7.301382,5.755976
SA08600,sandhill_crane,12.625678,3.319014
SA01489,sandhill_crane,12.510235,3.434968
SA01602,sandhill_crane,16.944973,4.42334
SA00877,sandhill_crane,8.092758,1.969688
SN02421,snow_goose,9.28797,2.174306
SN08967,snow_goose,8.753558,2.828989
SA03831,sandhill_crane,4.7891,10.593597
SN02691,snow_goose,5.780688,5.641103
SN09353,snow_goose,14.086787,12.951997
SN06959,snow_goose,9.475078,1.916458
SN02116,snow_goose,5.469721,5.442142
SA01446,sandhill_crane,5.380502,9.261599
SN04382,snow_goose,5.236539,9.681261
SN07811,snow_goose,12.760513,11.473917
SN06427,snow_goose,13.768038,12.759018
SN07506,snow_goose,16.344406,3.737183
SA00483,sandhill_crane,5.32287,10.248928
SA07753,sandhill_crane,16.306299,3.604475
SA02243,sandhill_crane,13.507678,12.603748
SN00802,snow_goose,13.907484,12.19348
SA05484,sandhill_crane,5.617119,10.642849
SA04925,sandhill_crane,6.052019,9.84925
SN04691,snow_goose,3.426518,5.284654
SN03493,snow_goose,12.301159,2.194386
SA02841,sandhill_crane,12.556859,10.66152
SN08419,snow_goose,13.904359,12.997833
SN09066,snow_goose,16.206507,2.923453
SA02957,sandhill_crane,5.472333,8.954528
SA05922,sandhill_crane,13.03329,1.629646
SA01429,sandhill_crane,2.220553,4.220939
SN08693,snow_goose,2.645674,5.18809
SN02668,snow_goose,11.800635,2.826781
SN02346,snow_goose,12.452529,9.979347
SA00924,sandhill_crane,11.722161,2.318016
SA07067,sandhill_crane,14.424251,13.166534
SA02675,sandhill_crane,5.172784,9.640825
SN09466,snow_goose,12.467638,9.417941
SN00699,snow_goose,6.930998,5.271184
SN07235,snow_goose,13.557078,12.745277
SN08963,snow_goose,15.74224,3.148396
SN08042,snow_goose,1.756817,5.323814
SA09066,sandhill_crane,16.038955,4.653384
SA06372,sandhill_crane,2.836342,5.215402
SN01019,snow_goose,11.156877,2.385991
SA00459,sandhill_crane,12.837496,9.749265
SN03849,snow_goose,5.95459,9.959908
SN01657,snow_goose,6.373659,5.231584
SA06728,sandhill_crane,16.490887,3.271532
SA09639,sandhill_crane,12.591973,10.515894
SA05670,sandhill_crane,13.142695,2.658255
SA00201,sandhill_crane,12.038185,10.327737
SN05698,snow_goose,16.629667,3.283703
SA06414,sandhill_crane,14.024269,13.831108
SN07060,snow_goose,2.844948,4.960006
SA01810,sandhill_crane,7.189775,5.755029
SA09338,sandhill_crane,6.91656,6.235897
SA06960,sandhill_crane,12.171427,10.343236
SN03387,snow_goose,12.889928,11.22477
SA02506,sandhill_crane,1.91384,5.080729
SA09671,sandhill_crane,1.647447,6.725036
SN06294,snow_goose,11.546677,2.05715
SA04543,sandhill_crane,8.79531,2.65582
SN01866,snow_goose,16.729424,3.804672
SN00513,snow_goose,8.113525,2.951078
SA01585,sandhill_crane,12.499696,11.054682
SA01842,sandhill_crane,13.32369,13.09119
SN01031,snow_goose,6.624347,4.591386
SN06200,snow_goose,12.019489,11.724924
SA03106,sandhill_crane,13.912789,13.212386
SA01637,sandhill_crane,6.182668,4.936014
SN09046,snow_goose,2.012846,5.276484
SN07294,snow_goose,5.532712,5.306311
SN00273,snow_goose,6.984046,4.786602
SA05327,sandhill_crane,5.242707,9.5684
SA06732,sandhill_crane,12.423523,2.476275
SN09831,snow_goose,2.151002,6.105843
SA00977,sandhill_crane,14.852074,12.731266
SA02840,sandhill_crane,9.63417,2.668693
SA06574,sandhill_crane,1.598467,5.612325
SA00901,sandhill_crane,12.703913,11.544293
SA09903,sandhill_crane,16.169207,2.480269
SN09071,snow_goose,7.065101,5.388403
SN03349,snow_goose,6.289832,9.492406
SN06196,snow_goose,2.460822,4.864382
SN02015,snow_goose,5.773933,10.136953
SA08826,sandhill_crane,7.23501,4.938278
SN05786,snow_goose,7.85914,2.480232
SA03858,sandhill_crane,8.724319,2.880174
SA09009,sandhill_crane,6.113371,9.41601
SN00329,snow_goose,6.027194,4.959927
SN00039,snow_goose,14.176419,13.237183
SA05483,sandhill_crane,9.330546,2.128932
SN05222,snow_goose,12.169777,3.032807
SA02389,sandhill_crane,5.431299,9.110078
SA02912,sandhill_crane,16.170327,2.367352
SN09159,snow_goose,6.662255,10.610815
SA08433,sandhill_crane,6.20613,10.583478
SN06714,snow_goose,11.807829,2.554473
SA00112,sandhill_crane,6.987283,1.531982
SA02439,sandhill_crane,12.070044,1.846312
SA06056,sandhill_crane,5.074561,9.013976
SA08166,sandhill_crane,11.959482,3.211177
SA02043,sandhill_crane,4.627109,10.938853
SN01246,snow_goose,12.038002,2.560711
SN09448,snow_goose,14.049396,12.285682
SN09197,snow_goose,14.158373,12.307308
SN08842,snow_goose,12.872994,2.005935
SA07104,sandhill_crane,11.779786,9.958369
SN00308,snow_goose,7.226321,6.579379
SN08551,snow_goose,14.5498,12.582202
SN00502,snow_goose,12.550025,11.389997
SA01790,sandhill_crane,7.832113,3.188765
SN02820,snow_goose,2.283448,5.364451
SN00002,snow_goose,12.24714,2.10571
SN01384,snow_goose,7.31091,2.56003
SN02445,snow_goose,16.33608,3.440378
SA07858,sandhill_crane,5.141983,10.483587
SN02810,snow_goose,12.553862,12.7212
SN08635,snow_goose,9.5159,1.574646
SA04310,sandhill_crane,14.445417,13.274805
SN03272,snow_goose,15.865659,3.452785
SA08663,sandhill_crane,12.81756,12.676296
SN05114,snow_goose,8.982286,1.563916
SA07896,sandhill_crane,12.735178,10.139841
SN08797,snow_goose,13.849796,13.329325
SA03268,sandhill_crane,8.605811,2.307298
SA06653,sandhill_crane,2.870401,5.512752
SN06494,snow_goose,16.693943,3.294687
SA09732,sandhill_crane,12.979539,12.405932
SA05931,sandhill_crane,13.80523,12.159325
SN07581,snow_goose,9.651267,2.410296
SA07179,sandhill_crane,17.888651,3.68438
SN09263,snow_goose,2.189896,5.162889
SN01228,snow_goose,16.844013,3.001596
SN05129,snow_goose,8.80376,2.800985
SA04803,sandhill_crane,6.135523,4.978087
SN08436,snow_goose,2.911106,5.23028
SN06836,snow_goose,2.440616,4.672864
SA07012,sandhill_crane,5.368414,10.23445
SN07303,snow_goose,16.452075,4.462031
SN01557,snow_goose,14.412227,12.147101
SN01876,snow_goose,6.731011,5.729099
SN00236,snow_goose,9.027594,3.079659
SA04088,sandhill_crane,5.225502,9.436584
SA00987,sandhill_crane,16.542852,3.722777
SA04333,sandhill_crane,4.237813,10.17826
SA08999,sandhill_crane,6.108311,5.013533
SA00100,sandhill_crane,16.648309,2.932135
SN05995,snow_goose,6.620808,6.572651
SN00586,snow_goose,8.744947,2.12983
SN02168,snow_goose,15.469084,2.65614
SA03670,sandhill_crane,16.659509,3.922624
SA08198,sandhill_crane,6.243668,4.866204
SN08119,snow_goose,17.504634,3.397577
SN04539,snow_goose,8.449721,2.517611
SN08580,snow_goose,5.35072,9.451293
SA05814,sandhill_crane,14.050034,12.594176
SN06432,snow_goose,12.83182,2.469098
SA06011,sandhill_crane,11.813908,10.277263
SN03880,snow_goose,13.430082,13.009296
SN04184,snow_goose,16.209483,3.563868
SN05498,snow_goose,16.709195,2.459689
SA08602,sandhill_crane,12.00993,10.884677
SA07722,sandhill_crane,12.109903,11.066777
SN02642,snow_goose,13.765252,13.505797
SN05419,snow_goose,2.540291,5.084634
SN03273,snow_goose,6.964065,5.42323
SN09138,snow_goose,2.509499,4.377164
SA00432,sandhill_crane,14.273422,13.225942
SA06241,sandhill_crane,12.490521,11.23835
SN04921,snow_goose,12.240089,9.853544
SA05863,sandhill_crane,16.189979,3.74635
SN02517,snow_goose,6.275962,5.868914
SN08288,snow_goose,5.818568,4.958035
SN04878,snow_goose,16.754333,3.362875
SA06825,sandhill_crane,15.855616,3.174533
SA00692,sandhill_crane,12.198387,1.712602
SA00023,sandhill_crane,14.339288,13.396194
SA08122,sandhill_crane,12.152722,2.058242
SA02256,sandhill_crane,5.499081,9.256513
SN00080,snow_goose,6.749047,5.241015
SA09327,sandhill_crane,2.004043,5.734769
SN02933,snow_goose,6.640884,4.606273
SN08245,snow_goose,16.230874,3.082448
SN00526,snow_goose,5.85183,9.547567
SA08624,sandhill_crane,5.733768,5.189267
SA00493,sandhill_crane,8.725381,2.330413
SA09654,sandhill_crane,6.452832,5.191073
SN00349,snow_goose,8.09749,2.672276
SA08402,sandhill_crane,16.282952,3.080435
SN08613,snow_goose,14.235636,12.753574
SA00202,sandhill_crane,17.154548,2.671194
SN03855,snow_goose,1.965638,5.531388
SA00633,sandhill_crane,14.411957,12.576077
SA08381,sandhill_crane,16.195704,3.446272
SA04371,sandhill_crane,12.219882,2.396476
SN02020,snow_goose,9.14597,3.215029
SA04400,sandhill_crane,9.610007,3.21472
SN03084,snow_goose,14.555669,12.963542
SA03821,sandhill_crane,6.933439,6.200293
SN02873,snow_goose,6.559085,5.471894
SN03743,snow_goose,13.010346,13.03731
SN09319,snow_goose,5.498698,10.132482
SA01779,sandhill_crane,16.078811,3.767685
SA06809,sandhill_crane,12.52468,2.959347
SN06214,snow_goose,15.803781,2.962439
SN03704,snow_goose,2.203929,4.846817
SA07791,sandhill_crane,14.066481,12.668896
SN03886,snow_goose,6.659387,5.74227
SA05711,sandhill_crane,16.613595,3.548165
SA09093,sandhill_crane,16.763154,3.701866
SA05661,sandhill_crane,12.115131,10.420107
SN09385,snow_goose,9.187848,2.728648
SA03155,sandhill_crane,13.955619,10.946963
SN04206,snow_goose,11.146288,2.471081
SA05648,sandhill_crane,2.198516,5.261081
SN06772,snow_goose,1.68112,5.762445
SA08385,sandhill_crane,12.684121,2.719707
SN02332,snow_goose,6.212014,5.053331
SA08852,sandhill_crane,5.532283,11.395263
SA08512,sandhill_crane,7.00944,6.04625
SA06182,sandhill_crane,17.500127,4.037126
SN05122,snow_goose,15.896257,3.960949
SA00673,sandhill_crane,12.120995,3.117018
SA06291,sandhill_crane,6.953055,5.438656
SA05486,sandhill_crane,15.337478,2.747397
SA04012,sandhill_crane,16.75235,3.721792
SA02464,sandhill_crane,12.408809,10.05732
SA03356,sandhill_crane,12.349908,10.534347
SN04456,snow_goose,11.930396,3.262708
SN06891,snow_goose,8.360882,1.833097
SN03020,snow_goose,16.106959,2.847748
SA08614,sandhill_crane,15.469004,3.426664
SN04190,snow_goose,12.272252,10.332722
SN05594,snow_goose,11.490014,1.784029
SN09982,snow_goose,6.020629,9.115783
SN08271,snow_goose,3.138686,4.917611
SN02974,snow_goose,5.83557,6.231089
SN09570,snow_goose,16.088042,2.933241
SN01942,snow_goose,8.87891,2.75956
SA00961,sandhill_crane,4.965943,9.974068
SN04437,snow_goose,13.804608,12.678904
SA09084,sandhill_crane,1.577664,5.210811
SN06815,snow_goose,1.934762,4.941065
SN06785,snow_goose,13.071486,13.003337
SA09578,sandhill_crane,12.567827,11.250569
SN04870,snow_goose,7.869696,2.46892
SA07503,sandhill_crane,13.415401,12.455026
SN00465,snow_goose,6.054803,10.337752
SN09631,snow_goose,11.599154,10.95784
SA05210,sandhill_crane,5.368762,10.090059
SA05898,sandhill_crane,5.44963,9.489462
SA00425,sandhill_crane,13.015238,12.958391
SA01458,sandhill_crane,11.446403,2.088052
SN04815,snow_goose,17.009814,3.600394
SA07210,sandhill_crane,16.575366,3.323494
SN02958,snow_goose,13.77433,12.052909
SN06154,snow_goose,16.567563,2.54012
SA02033,sandhill_crane,7.948793,2.194827
SN05600,snow_goose,1.7963,4.762182
SA08870,sandhill_crane,6.370731,4.683223
SN07217,snow_goose,6.999111,6.439355
SN05492,snow_goose,13.328614,2.651095
SA01960,sandhill_crane,5.265941,5.747675
SA06218,sandhill_crane,6.453985,5.576635
SA06159,sandhill_crane,6.71308,4.590533
SN07965,snow_goose,8.661717,2.637969
SA05631,sandhill_crane,12.410109,2.407468
SN04378,snow_goose,1.698345,4.899425
SA06701,sandhill_crane,8.068693,5.07554
SA08808,sandhill_crane,16.269624,2.749626
SN09415,snow_goose,5.55968,9.746811
SN04666,snow_goose,1.73919,4.124963
SN09548,snow_goose,13.119676,10.852044
SN06901,snow_goose,11.168401,2.282329
SA00892,sandhill_crane,7.647255,5.226091
SA03635,sandhill_crane,13.085865,12.734745
SA08646,sandhill_crane,6.218157,9.827726
SN03873,snow_goose,16.356495,2.742553
SA02575,sandhill_crane,12.139274,10.012592
SA06706,sandhill_crane,8.712737,2.169234
SA08683,sandhill_crane,5.783474,5.685024
SN02929,snow_goose,4.886959,9.643862
SA05247,sandhill_crane,16.566823,3.096957
SA02686,sandhill_crane,6.597626,5.775231
SN09817,snow_goose,12.269139,2.75912
SA04920,sandhill_crane,7.667617,6.646826
SN03605,snow_goose,12.323295,1.523374
SA06560,sandhill_crane,12.699602,11.026168
SA07428,sandhill_crane,14.092488,12.544388
SA00950,sandhill_crane,8.77967,2.209751
SA05228,sandhill_crane,6.337957,10.328295
SN01326,snow_goose,12.059833,1.899268
SA06661,sandhill_crane,7.941269,6.145338
SA00105,sandhill_crane,4.393573,8.682705
SN04014,snow_goose,5.536129,8.821
SA05197,sandhill_crane,5.309379,10.355813
SA01355,sandhill_crane,2.569657,5.49977
SN06572,snow_goose,1.50612,4.873468
SN02156,snow_goose,16.2026,4.365432
SN09590,snow_goose,12.20446,11.923217
SN04150,snow_goose,13.06228,10.442558
SN03298,snow_goose,12.341978,2.240539
SN04108,snow_goose,12.701289,2.537603
SN05985,snow_goose,12.538199,10.602118
SA05974,sandhill_crane,13.394462,10.725581
SA06918,sandhill_crane,12.913579,9.967393
SN05970,snow_goose,5.216687,10.2997
SN09992,snow_goose,7.949343,2.714293
SA01422,sandhill_crane,11.992195,2.657604
SN03856,snow_goose,12.317394,2.246561
SN06359,snow_goose,6.934915,5.781024
SN04927,snow_goose,12.42164,10.274338
SA06432,sandhill_crane,2.772632,6.276122
SN04172,snow_goose,13.151165,11.835536
SN05692,snow_goose,13.741024,12.789104
SN09655,snow_goose,15.755564,2.884277
SN02777,snow_goose,16.502841,3.511769
SA03894,sandhill_crane,17.165645,2.715477
SA00468,sandhill_crane,16.45724,3.854701
SA05163,sandhill_crane,2.164637,5.272586
SN01207,snow_goose,1.471564,5.994786
SN06453,snow_goose,13.857908,11.546215
SN01028,snow_goose,12.389825,1.72006
SN04325,snow_goose,8.77489,2.645587
SA06690,sandhill_crane,13.691323,13.364779
SN00707,snow_goose,14.62211,13.306805
SN03416,snow_goose,15.780489,3.555208
SA08981,sandhill_crane,4.692488,9.308069
SN06639,snow_goose,6.829598,5.452505
SA04255,sandhill_crane,6.766293,5.085731
SN07272,snow_goose,16.811727,3.988648
SN05513,snow_goose,14.562695,12.294513
SN00006,snow_goose,12.152108,1.785368
SN02085,snow_goose,8.710813,2.894885
SA01190,sandhill_crane,9.643554,2.621483
SA03920,sandhill_crane,8.400084,2.081325
SN08701,snow_goose,16.667735,2.795059
SN06504,snow_goose,7.071352,5.382812
SN09391,snow_goose,5.771759,10.587371
SN05493,snow_goose,5.611443,5.498276
SN05278,snow_goose,6.187159,5.896594
SN05292,snow_goose,2.207633,5.105075
SN04100,snow_goose,13.264674,12.192456
SA02727,sandhill_crane,6.175535,9.482858
SN09826,snow_goose,12.188108,2.749231
SA06556,sandhill_crane,11.356389,3.15089
SA07101,sandhill_crane,17.108649,3.421452
SA09089,sandhill_crane,16.930268,3.067661
SA07460,sandhill_crane,15.970827,2.568834
SA04808,sandhill_crane,15.833313,3.863579
SN04821,snow_goose,5.511533,9.448416
SN03179,snow_goose,12.248172,10.920243
SA07728,sandhill_crane,12.303359,11.132968
SA02322,sandhill_crane,3.004285,5.281547
SA00031,sandhill_crane,11.872803,10.37755
SA07241,sandhill_crane,6.612357,5.730394
SN06546,snow_goose,12.27593,2.169065
SN03333,snow_goose,15.305647,3.179573
SN02897,snow_goose,9.23632,1.959842
SA05882,sandhill_crane,13.586888,13.139386
SA07611,sandhill_crane,8.361265,2.732977
SA02648,sandhill_crane,5.952744,10.179842
SN04285,snow_goose,5.154556,9.064625
SN02400,snow_goose,14.269111,12.052898
SN04083,snow_goose,14.907153,12.808424
SA05945,sandhill_crane,12.503678,2.100882
SA03448,sandhill_crane,5.667596,9.537294
SN01034,snow_goose,13.73923,13.102316
SN02913,snow_goose,12.248917,2.333891
SA06602,sandhill_crane,6.385625,5.533223
SN08557,snow_goose,6.722505,5.885688
SA09700,sandhill_crane,2.400454,4.899542
SN07266,snow_goose,5.422226,6.593223
SN01154,snow_goose,13.394699,2.485481
SN09288,snow_goose,16.228849,3.495031
SA04112,sandhill_crane,13.665908,13.018827
SN02596,snow_goose,11.869485,11.200894
SN01304,snow_goose,15.890101,3.619837
SA09071,sandhill_crane,5.593876,9.351257
SA04640,sandhill_crane,12.700876,10.384957
SN08434,snow_goose,11.422296,3.845345
SA09058,sandhill_crane,13.065062,10.336136
SN04359,snow_goose,17.084056,3.24161
SA08249,sandhill_crane,9.162604,2.066594
SA08031,sandhill_crane,12.29316,11.63661
SN08950,snow_goose,4.739001,10.451589
SN02041,snow_goose,3.108686,5.846541
SA04376,sandhill_crane,12.557665,10.466006
SA00812,sandhill_crane,12.749936,10.850402
SA00989,sandhill_crane,11.464083,1.976553
SA07272,sandhill_crane,16.072562,3.114525
SN01905,snow_goose,13.497871,11.881632
SA07827,sandhill_crane,16.943653,3.159644
SA07368,sandhill_crane,8.292633,2.174717
SN04364,snow_goose,13.077516,1.607984
SA04871,sandhill_crane,5.437937,9.002071
SA07344,sandhill_crane,14.421893,12.340473
SN02552,snow_goose,1.363571,5.469311
SA09744,sandhill_crane,2.567463,5.542686
SA08064,sandhill_crane,11.60596,3.258308
SA04683,sandhill_crane,11.822873,11.225661
SA04492,sandhill_crane,5.868806,4.57251
SN05667,snow_goose,6.900955,5.677505
SA01593,sandhill_crane,4.050375,10.034941
SN04618,snow_goose,16.471515,3.09966
SN04149,snow_goose,12.050328,2.323889
SN08977,snow_goose,12.521816,10.023132
SA04714,sandhill_crane,1.05581,5.72373
SN04401,snow_goose,2.51438,5.637692
SA01488,sandhill_crane,8.488214,2.806229
SA00678,sandhill_crane,13.452079,12.182064
SA07304,sandhill_crane,11.705301,1.808779
SA06024,sandhill_crane,2.783556,5.044449
SN03224,snow_goose,5.182546,11.368213
SA01974,sandhill_crane,11.468063,11.416122
SN04309,snow_goose,16.12587,2.862101
SN01290,snow_goose,16.71808,3.575783
SN00378,snow_goose,5.12908,10.259628
SA01846,sandhill_crane,6.478277,6.244479
SN03350,snow_goose,12.124707,9.559767
SN08225,snow_goose,6.729303,5.628042
SA02483,sandhill_crane,5.683787,10.031814
SN09380,snow_goose,1.028012,6.526304
SA05340,sandhill_crane,2.569001,5.948244
SA04611,sandhill_crane,9.080742,2.82567
SN03070,snow_goose,2.537474,5.204912
SA08419,sandhill_crane,6.964255,5.250347
SN02231,snow_goose,14.000334,11.889926
SA04807,sandhill_crane,9.64292,3.122752
SN04721,snow_goose,11.880545,10.523634
SN00528,snow_goose,8.254055,1.782806
SN01199,snow_goose,13.944829,12.883054
SN01586,snow_goose,16.554245,3.064283
SN07852,snow_goose,13.674425,12.888021
SA09950,sandhill_crane,12.614868,2.356982
SA01853,sandhill_crane,15.778524,3.447931
SA07783,sandhill_crane,16.494789,3.540805
SN00057,snow_goose,12.399529,11.852069
SA08479,sandhill_crane,12.138559,10.592032
SN06974,snow_goose,13.761613,12.899511
SN02784,snow_goose,7.981682,1.996604
SN00203,snow_goose,8.79509,2.788074
SN06684,snow_goose,9.386336,2.375844
SN09913,snow_goose,2.697406,5.333776
SN07344,snow_goose,16.336647,3.808852
SA07608,sandhill_crane,13.315721,13.092288
SN03445,snow_goose,16.584909,3.118895
SA07376,sandhill_crane,16.888107,3.615784
SN06368,snow_goose,16.382229,3.593448
SN08610,snow_goose,16.564977,2.578712
SA09494,sandhill_crane,15.877494,3.798421
SN05876,snow_goose,12.644944,10.437328
SA03399,sandhill_crane,5.238986,9.512974
SN01042,snow_goose,5.43501,10.601044
SA03093,sandhill_crane,4.60334,9.884464
SN00736,snow_goose,16.000686,3.257849
SA03959,sandhill_crane,5.140387,9.308142
SN04395,snow_goose,3.541659,4.141901
SA09499,sandhill_crane,12.476461,1.673023
SN07016,snow_goose,5.503438,10.826554
SA02239,sandhill_crane,13.622988,12.415627
SA01100,sandhill_crane,14.745641,13.217153
SN02462,snow_goose,16.079119,2.865795
SA03433,sandhill_crane,5.477055,9.694839
SA06226,sandhill_crane,2.244406,5.271301
SA03627,sandhill_crane,8.146763,2.999449
SA01291,sandhill_crane,2.365511,5.594516
SA05563,sandhill_crane,13.799609,12.410076
SA03968,sandhill_crane,5.545047,9.458248
SN09314,snow_goose,12.474737,2.030069
SA00217,sandhill_crane,6.370811,5.917973
SN06541,snow_goose,13.025819,2.838405
SA04414,sandhill_crane,13.773776,12.600342
SA09930,sandhill_crane,2.559038,4.590833
SA07035,sandhill_crane,6.752216,5.175534
SA09242,sandhill_crane,12.542131,2.47086
SA06799,sandhill_crane,4.774415,9.550121
SA00984,sandhill_crane,16.908702,3.410381
SA09629,sandhill_crane,8.824526,2.238765
SA01298,sandhill_crane,16.597863,3.736865
SA05741,sandhill_crane,4.782127,9.93832
SN04308,snow_goose,6.909359,5.358343
SA01581,sandhill_crane,9.094617,3.06835
SA02234,sandhill_crane,6.096698,5.520711
SA00891,sandhill_crane,13.440285,12.709835
SA08651,sandhill_crane,6.094683,10.788054
SN02433,snow_goose,12.460134,10.021183
SN02754,snow_goose,6.685756,6.184263
SA04506,sandhill_crane,2.991607,4.286
SA05118,sandhill_crane,11.565733,10.88917
SA02663,sandhill_crane,13.25331,13.594718
SN02852,snow_goose,15.980514,3.880452
SN05084,snow_goose,5.866308,8.912412
SA02280,sandhill_crane,11.481184,2.035023
SN02854,snow_goose,7.967351,3.381536
SN00598,snow_goose,13.908027,12.772318
SA09474,sandhill_crane,12.488238,10.40829
SA06641,sandhill_crane,6.796941,5.401601
SA01320,sandhill_crane,12.346772,2.480503
SA08339,sandhill_crane,15.818141,3.916727
SA08191,sandhill_crane,11.712668,2.618085
SN00676,snow_goose,2.97028,4.859259
SA07745,sandhill_crane,14.413845,12.933172
SN09705,snow_goose,12.889074,2.316345
SN03237,snow_goose,1.270616,5.791805
SA03393,sandhill_crane,6.4724,5.331165
SN05574,snow_goose,8.664204,2.006956
SA08113,sandhill_crane,8.583177,1.759563
SA06473,sandhill_crane,6.203875,10.404941
SA07309,sandhill_crane,5.942314,11.128808
SA05488,sandhill_crane,6.339073,11.397876
SN01878,snow_goose,16.255303,2.321985
SN03269,snow_goose,2.488056,5.264578
SN08327,snow_goose,16.07722,3.112623
SN04748,snow_goose,12.376014,2.568852
SA05857,sandhill_crane,13.42496,13.583185
SN04965,snow_goose,12.743296,11.835739
SN02163,snow_goose,8.612826,3.043988
SA06105,sandhill_crane,11.928947,2.281453
SA06277,sandhill_crane,12.185169,10.988577
SA02606,sandhill_crane,9.216415,2.714469
SN06618,snow_goose,12.342111,10.905354
SA00603,sandhill_crane,7.023289,5.780123
SN07548,snow_goose,15.983268,3.164253
SA04972,sandhill_crane,11.762364,2.527984
SN02061,snow_goose,2.950929,5.774577
SA08555,sandhill_crane,12.53605,11.898444
SN09000,snow_goose,6.508819,5.505814
SA09943,sandhill_crane,15.387419,3.136629
SN09413,snow_goose,8.603988,2.213924
SN06829,snow_goose,2.390665,4.765906
SN03961,snow_goose,8.959112,3.262695
SN06109,snow_goose,16.245451,3.381495
SN01280,snow_goose,16.801534,3.039374
SN04856,snow_goose,6.36656,5.132011
SA09361,sandhill_crane,16.127558,3.144794
SN03297,snow_goose,6.751777,5.715408
SN00093,snow_goose,13.149762,3.178784
SN09829,snow_goose,5.882992,5.644958
SA04306,sandhill_crane,2.760243,5.118456
SN05264,snow_goose,12.783706,9.944329
SN01057,snow_goose,8.907953,2.504142
SN02870,snow_goose,14.009987,13.417553
SN02469,snow_goose,16.200134,3.734487
SA07106,sandhill_crane,13.348753,13.377523
SA03928,sandhill_crane,5.950837,10.034505
SN09954,snow_goose,12.899881,2.377788
SA09522,sandhill_crane,13.403094,12.69915
SA01408,sandhill_crane,9.572765,2.961343
SN00770,snow_goose,13.518036,13.200815
SN03242,snow_goose,16.208167,3.591752
SA03013,sandhill_crane,12.826385,1.94005
SA02738,sandhill_crane,12.197958,10.728007
SA00577,sandhill_crane,12.521798,10.060134
SA04750,sandhill_crane,6.899768,5.667783
SA05694,sandhill_crane,8.803806,2.992381
SA02324,sandhill_crane,6.372896,9.953238
SN00404,snow_goose,13.260836,13.035046
SA04900,sandhill_crane,12.2428,10.280383
SN04633,snow_goose,6.419155,5.508811
SA06191,sandhill_crane,5.045921,10.022064
SN04950,snow_goose,12.5691,1.781023
SN09206,snow_goose,8.547535,3.26514
SN04428,snow_goose,12.729075,2.186559
SA02406,sandhill_crane,12.79429,2.226473
SN00358,snow_goose,13.160324,12.596738
SA00501,sandhill_crane,11.696062,10.548244
SA00894,sandhill_crane,13.117412,12.691873
SN03038,snow_goose,13.12864,14.138211
SA05176,sandhill_crane,12.741536,11.065484
SA07274,sandhill_crane,5.101831,6.142633
SA01161,sandhill_crane,2.802327,4.698623
SN09764,snow_goose,6.405351,4.765609
SA04944,sandhill_crane,8.999833,1.977314
SA06422,sandhill_crane,9.283115,2.498563
SA08636,sandhill_crane,14.16897,12.889764
SN07920,snow_goose,2.866807,5.152214
SN08609,snow_goose,11.661972,1.449324
SA08515,sandhill_crane,12.242225,9.975361
SN06571,snow_goose,12.351351,1.922579
SA09095,sandhill_crane,12.612141,11.138452
SA03906,sandhill_crane,1.066556,5.033465
SA01977,sandhill_crane,5.257155,6.443732
SN00954,snow_goose,10.191829,3.032615
SA02492,sandhill_crane,12.515432,13.627516
SA07206,sandhill_crane,16.367164,3.574531
SN08130,snow_goose,15.597381,3.448964
SA09745,sandhill_crane,13.093015,10.985159
SA09663,sandhill_crane,16.911829,3.421645
SN01865,snow_goose,4.940903,10.397625
SA03372,sandhill_crane,11.783291,10.908987
SA05423,sandhill_crane,5.940615,10.46217
SA06035,sandhill_crane,12.349008,11.247101
SN05180,snow_goose,6.374046,5.247452
SN07499,snow_goose,15.821442,3.070862
SA05367,sandhill_crane,11.600172,2.129466
SN09276,snow_goose,8.752877,3.135113
SN08030,snow_goose,5.330602,9.172718
SN06554,snow_goose,7.520217,5.731696
SA01753,sandhill_crane,13.27717,13.183414
SA00390,sandhill_crane,5.123828,10.095632
SA01473,sandhill_crane,12.049793,3.167927
SN03775,snow_goose,12.183555,3.197848
SA01128,sandhill_crane,6.732924,4.978574
SA04038,sandhill_crane,12.457815,1.455406
SN05251,snow_goose,2.174972,5.41496
SA01786,sandhill_crane,9.083787,2.392172
SA05955,sandhill_crane,8.571316,1.211636
SA07685,sandhill_crane,14.077382,12.74932
SA03090,sandhill_crane,12.768222,10.925409
SN02592,snow_goose,6.264885,9.995753
SA00057,sandhill_crane,11.925714,2.092096
SN04347,snow_goose,15.326528,2.967505
SN03829,snow_goose,12.688908,2.308845
SA04484,sandhill_crane,12.726933,11.732428
SA07762,sandhill_crane,12.559468,2.482904
SN09642,snow_goose,1.976597,5.51147
SN06249,snow_goose,13.225728,12.484589
SN06338,snow_goose,2.861887,3.991279
SA08199,sandhill_crane,14.286605,12.041386
SN05847,snow_goose,13.236165,12.166066
SN09051,snow_goose,12.71655,2.138498
SA05203,sandhill_crane,13.343683,12.770194
SA01287,sandhill_crane,12.294434,2.982506
SA03366,sandhill_crane,8.641576,2.543743
SA08329,sandhill_crane,6.046723,9.878612
SN03173,snow_goose,5.085269,10.447093
SN07747,snow_goose,13.833087,12.503459
SN05851,snow_goose,16.345948,3.04071
SA07253,sandhill_crane,17.197699,4.339405
SN01347,snow_goose,6.36092,6.051077
SA05080,sandhill_crane,12.174687,3.098186
SN05464,snow_goose,5.561736,10.541835
SA07167,sandhill_crane,12.953225,1.807001
SA07967,sandhill_crane,14.017115,11.882936
SN06980,snow_goose,11.646046,1.605466
SN07225,snow_goose,8.895818,2.109614
SA01218,sandhill_crane,13.731591,13.203396
SA07635,sandhill_crane,13.560559,13.691892
SA00585,sandhill_crane,6.757855,5.833594
SA07111,sandhill_crane,12.835308,10.225212
SA09679,sandhill_crane,6.523967,5.703602
SN09565,snow_goose,2.071129,5.578198
SA03057,sandhill_crane,12.526779,2.86526
SA03526,sandhill_crane,8.484459,2.703759
SN09575,snow_goose,13.732941,12.091675
SA00569,sandhill_crane,2.691976,5.815144
SA03769,sandhill_crane,3.626615,5.781655
SA06346,sandhill_crane,8.749547,2.275021
SN09180,snow_goose,13.416329,12.721083
SA08186,sandhill_crane,15.958909,4.045321
SN00316,snow_goose,6.032109,5.151406
SN04552,snow_goose,6.296111,6.43934
SA02629,sandhill_crane,12.821775,2.193602
SA09488,sandhill_crane,13.070732,12.79655
SA09064,sandhill_crane,13.090116,3.093764
SN08201,snow_goose,11.962912,2.437068
SA04910,sandhill_crane,7.350883,5.990116
SA02112,sandhill_crane,11.840874,10.82982
SN09863,snow_goose,8.290936,2.749632
SA00956,sandhill_crane,8.485649,2.271724
SA07750,sandhill_crane,16.513988,3.109555
SA04288,sandhill_crane,15.947952,3.494929
SN05042,snow_goose,13.695146,12.645219
SN00050,snow_goose,12.423043,11.284424
SA07249,sandhill_crane,15.595276,4.232503
SN02826,snow_goose,9.1675,2.815805
SA07454,sandhill_crane,13.379168,13.83533
SA09719,sandhill_crane,13.310536,12.633389
SA07950,sandhill_crane,16.615394,3.422948
SA01447,sandhill_crane,5.769716,10.226286
SA00438,sandhill_crane,6.62558,6.046771
SA02114,sandhill_crane,9.027735,2.822344
SA05217,sandhill_crane,6.135183,10.419971
SA07225,sandhill_crane,7.786453,1.995692
SA00667,sandhill_crane,15.891993,3.177608
SA06579,sandhill_crane,12.37947,2.000635
SN09711,snow_goose,12.285456,3.318919
SN00516,snow_goose,5.682545,5.804767
SN03064,snow_goose,5.875486,6.288121
SN08539,snow_goose,8.481981,3.323164
SA03517,sandhill_crane,16.915183,3.584301
SN03802,snow_goose,15.930611,3.146495
SA08580,sandhill_crane,17.391447,4.091314
SN00819,snow_goose,3.789085,4.417451
SA09168,sandhill_crane,5.408778,9.488503
SA04516,sandhill_crane,16.581802,4.180629
SN08554,snow_goose,16.201622,3.624126
SN03293,snow_goose,12.91907,10.490658
SA09757,sandhill_crane,6.23677,10.19264
SA02058,sandhill_crane,3.081758,5.199988
SN01317,snow_goose,12.242988,10.611415
SN03780,snow_goose,12.879963,11.670389
SA02827,sandhill_crane,2.44169,4.414166
SA05520,sandhill_crane,8.573215,3.152686
SN00677,snow_goose,8.298796,2.897645
SA04606,sandhill_crane,14.485408,13.418015
SN00432,snow_goose,11.693498,1.530345
SA00280,sandhill_crane,5.576744,11.023459
SA07818,sandhill_crane,12.917385,2.190057
SN09845,snow_goose,3.295841,4.980619
SA03144,sandhill_crane,13.010903,10.361789
SA02986,sandhill_crane,12.665828,10.793197
SN00244,snow_goose,2.994309,5.383306
SA07481,sandhill_crane,16.032053,2.630875
SN06951,snow_goose,1.910842,4.75492
SN00900,snow_goose,12.972199,10.076386
SA05050,sandhill_crane,6.074525,9.185728
SN05334,snow_goose,16.307276,3.698671
SA09999,sandhill_crane,11.407884,2.836374
SA05506,sandhill_crane,16.901258,2.216122
SN07963,snow_goose,12.513088,10.259271
SA07146,sandhill_crane,12.9304,10.897986
SN01504,snow_goose,12.406282,2.048443
SA03044,sandhill_crane,11.823623,2.57029
SN08720,snow_goose,16.14535,3.826174
SA04912,sandhill_crane,9.533436,3.452313
SA08005,sandhill_crane,5.102928,10.296702
SN07929,snow_goose,11.76606,3.436671
SN08498,snow_goose,11.919304,2.263676
SN07379,snow_goose,1.733567,5.232632
SA03388,sandhill_crane,6.054184,5.148948
SN09219,snow_goose,16.993735,3.318993
SA02954,sandhill_crane,6.987477,5.821655
SA06921,sandhill_crane,17.089318,4.346868
SN08800,snow_goose,12.874194,10.739917
SA04246,sandhill_crane,13.568098,13.151143
SA02868,sandhill_crane,12.236082,10.370318
SN01715,snow_goose,6.068275,6.214625
SA08451,sandhill_crane,11.778655,10.661496
SA02445,sandhill_crane,2.247129,4.255227
SA01203,sandhill_crane,12.982937,12.445134
SA00433,sandhill_crane,12.187562,11.596214
SA02276,sandhill_crane,2.98703,5.27564
SA02317,sandhill_crane,13.938844,11.961992
SN07744,snow_goose,8.698449,2.322052
SN02545,snow_goose,12.86268,10.916524
SA07966,sandhill_crane,12.360731,10.446603
SN07824,snow_goose,7.013034,6.152947
SN09495,snow_goose,5.013802,10.044192
SA05943,sandhill_crane,11.785343,2.344453
SN06789,snow_goose,16.072149,2.627191
SN09224,snow_goose,5.725349,10.15435
SA03852,sandhill_crane,8.813644,1.873453
SA01280,sandhill_crane,5.751207,11.039048
SN04476,snow_goose,6.357842,9.60835
SN09860,snow_goose,2.518941,5.85513
SN01312,snow_goose,9.081097,2.363081
SA05053,sandhill_crane,11.42122,2.329918
SA08491,sandhill_crane,12.767242,2.063789
SA07899,sandhill_crane,5.514104,9.782176
SN07281,snow_goose,12.016838,10.926454
SN02283,snow_goose,16.522598,3.235954
SA09966,sandhill_crane,9.437589,3.491306
SA00866,sandhill_crane,13.567646,12.990057
SN04414,snow_goose,1.602705,4.416796
SN00409,snow_goose,5.954384,5.178053
SN02685,snow_goose,13.381106,10.637796
SN06779,snow_goose,12.214123,2.190864
SN07877,snow_goose,12.790389,1.868779
SA00377,sandhill_crane,13.163122,12.194131
SN00757,snow_goose,2.47222,4.991266
SN08874,snow_goose,13.146931,12.77353
SA01409,sandhill_crane,13.779666,12.91058
SA09614,sandhill_crane,6.73113,9.574265
SA01496,sandhill_crane,6.607154,6.295937
SA03165,sandhill_crane,11.634353,3.201325
SN07984,snow_goose,1.633519,5.366169
SN06475,snow_goose,5.94286,4.483681
SA00380,sandhill_crane,1.851321,5.652778
SA06608,sandhill_crane,4.754387,10.42068
SA01325,sandhill_crane,15.91682,3.261812
SA08597,sandhill_crane,2.406006,4.959058
SN01095,snow_goose,13.716471,12.986515
SA08349,sandhill_crane,4.726296,9.597778
SA06783,sandhill_crane,16.500376,3.540521
SA01017,sandhill_crane,8.630598,2.194001
SN08637,snow_goose,12.597666,2.271008
SN01970,snow_goose,2.355274,4.668976
SA00027,sandhill_crane,6.507576,5.183024
SN09168,snow_goose,11.774426,2.273647
SA01132,sandhill_crane,4.40615,10.35179
SN07267,snow_goose,5.82254,5.68637
SA06058,sandhill_crane,8.189818,2.465403
SN03626,snow_goose,5.541118,10.039602
SA09423,sandhill_crane,13.378449,12.508404
SN02799,snow_goose,6.268073,5.421812
SN04905,snow_goose,9.109618,3.411737
SA04148,sandhill_crane,1.432953,3.866292
SN04279,snow_goose,5.354935,9.189957
SN07364,snow_goose,13.38142,12.734612
SA04215,sandhill_crane,12.842427,2.868095
SA04815,sandhill_crane,8.641152,2.172099
SN08696,snow_goose,9.228777,2.899816
SN00737,snow_goose,2.616313,5.527599
SA03483,sandhill_crane,16.461928,2.552355
SA07370,sandhill_crane,8.491657,2.705387
SA07375,sandhill_crane,15.030717,12.604685
SN07361,snow_goose,8.889119,2.169262
SN00792,snow_goose,2.187382,5.315239
SN04105,snow_goose,12.423744,2.278867
SA07207,sandhill_crane,13.288757,10.946639
SA02052,sandhill_crane,6.851173,6.183848
SA05385,sandhill_crane,12.479072,9.310062
SN08579,snow_goose,16.529312,3.349399
SA01024,sandhill_crane,12.907656,10.454036
SN08193,snow_goose,2.281782,4.778728
SN09229,snow_goose,12.288436,11.375414
SN06222,snow_goose,8.344785,2.613652
SA06396,sandhill_crane,16.281822,3.502889
SA09044,sandhill_crane,2.706503,5.006952
SN06082,snow_goose,6.017889,5.4963
SA07398,sandhill_crane,13.863145,13.006429
SN01722,snow_goose,6.347808,4.78431
SA03111,sandhill_crane,12.296954,2.03105
SA08052,sandhill_crane,12.611588,10.386181
SA08628,sandhill_crane,11.704001,2.1953
SA08977,sandhill_crane,11.245401,1.893787
SN07818,snow_goose,16.332698,3.368704
SA08642,sandhill_crane,13.613998,12.54695
SN09852,snow_goose,9.062525,1.899699
SN09815,snow_goose,15.963108,3.396326
SA05129,sandhill_crane,8.431012,3.227595
SA01741,sandhill_crane,12.847251,2.28481
SA09261,sandhill_crane,2.231068,5.264456
SA05317,sandhill_crane,13.127118,12.363207
SA02352,sandhill_crane,14.842153,13.721475
SN00042,snow_goose,16.158472,2.900079
SA03976,sandhill_crane,12.645885,1.67333
SA03579,sandhill_crane,6.072817,5.897782
SA04641,sandhill_crane,12.286255,2.08024
SA09504,sandhill_crane,8.142896,1.833774
SA09973,sandhill_crane,12.665808,12.783335
SA01207,sandhill_crane,13.078604,12.881149
SA03974,sandhill_crane,2.699419,4.530894
SN00301,snow_goose,5.47417,9.869697
SN02270,snow_goose,16.314012,3.541235
SN02817,snow_goose,12.448996,10.738275
SN00620,snow_goose,4.953214,10.404097
SN03396,snow_goose,16.054031,3.819188
SA02003,sandhill_crane,6.473951,5.585472
SA00329,sandhill_crane,5.860074,9.777525
SA05729,sandhill_crane,6.720936,5.768358
SA09876,sandhill_crane,6.881933,5.571812
SA05374,sandhill_crane,16.219893,4.135964
SN00020,snow_goose,12.569105,10.933473
SA08848,sandhill_crane,12.715713,9.964405
SA03653,sandhill_crane,9.581431,2.326697
SA01269,sandhill_crane,5.452159,9.788338
SN06456,snow_goose,6.112043,5.906854
SN07051,snow_goose,12.211815,9.471156
SA00076,sandhill_crane,8.813629,2.895654
SN09739,snow_goose,14.025213,11.81143
SN07517,snow_goose,8.902721,2.571349
SA01255,sandhill_crane,12.970853,10.757967
SA03662,sandhill_crane,13.753986,12.469989
SN09510,snow_goose,13.857504,13.112349
SA00039,sandhill_crane,2.705543,4.481649
SA07629,sandhill_crane,16.364584,4.134301
SN06806,snow_goose,5.425733,5.735933
SN01458,snow_goose,4.63587,10.285938
SN02339,snow_goose,13.893823,12.315608
SN01576,snow_goose,8.870514,3.855014
SA09621,sandhill_crane,12.123613,2.906447
SA07604,sandhill_crane,12.520546,12.929363
SN02070,snow_goose,2.801235,5.445593
SA08759,sandhill_crane,5.003583,9.70761
SN03751,snow_goose,6.528522,5.576913
SA03127,sandhill_crane,13.091255,2.474811
SN08086,snow_goose,6.283195,4.869115
SN07791,snow_goose,1.628547,5.591462
SN09292,snow_goose,9.829676,2.569545
SN02962,snow_goose,11.98589,2.212207
SA04258,sandhill_crane,5.312877,10.445538
SN04809,snow_goose,16.319292,3.612299
SN07092,snow_goose,3.741814,5.281505
SA07003,sandhill_crane,12.350034,2.563918
SA03845,sandhill_crane,14.452686,12.955308
SA00356,sandhill_crane,8.504838,3.633917
SA02793,sandhill_crane,11.345361,2.755961
SN07977,snow_goose,2.516797,4.501397
SN06144,snow_goose,8.416385,1.857885
SN09947,snow_goose,15.531136,3.494486
SA02270,sandhill_crane,12.471732,2.923321
SN00615,snow_goose,16.506824,3.486458
SN08392,snow_goose,16.230238,4.169476
SN01881,snow_goose,16.024384,3.63984
SN04674,snow_goose,5.375806,10.28633
SN08049,snow_goose,11.649184,10.796305
SA08966,sandhill_crane,2.758926,4.537174
SN04451,snow_goose,13.567721,12.704772
SN06668,snow_goose,12.811013,1.908871
SN06671,snow_goose,9.172046,2.234061
SN08106,snow_goose,12.872219,10.972927
SA07747,sandhill_crane,2.25888,4.340096
SN00768,snow_goose,6.083587,6.651133
SN09833,snow_goose,14.261302,13.155663
SA03095,sandhill_crane,9.113156,2.089049
SN06013,snow_goose,2.759349,4.987068
SN07543,snow_goose,12.64823,10.379745
SA07151,sandhill_crane,13.805637,12.898218
SN09412,snow_goose,13.503136,13.231278
SA00531,sandhill_crane,5.631642,5.31623
SA00232,sandhill_crane,16.592965,3.186979
SN05430,snow_goose,8.932525,1.675773
SA06253,sandhill_crane,2.779667,4.473187
SN08161,snow_goose,11.155441,3.267684
SA05106,sandhill_crane,6.378403,10.068515
SN02316,snow_goose,6.096948,10.67556
SN03358,snow_goose,12.997484,2.293074
SA05305,sandhill_crane,6.594438,5.859747
SN02459,snow_goose,5.109941,9.738569
SN03960,snow_goose,6.39515,6.208289
SA02074,sandhill_crane,5.957479,9.019657
SA07285,sandhill_crane,2.330085,4.038517
SA09606,sandhill_crane,14.513635,13.477972
SN04145,snow_goose,5.307235,10.2881
SA03065,sandhill_crane,9.042468,2.521761
SN09569,snow_goose,5.950347,10.158514
SA07832,sandhill_crane,13.416097,12.916268
SN05886,snow_goose,5.390109,9.207939
SA05940,sandhill_crane,16.103197,3.001339
SN01896,snow_goose,5.173396,10.228067
SN07734,snow_goose,2.348243,4.876466
SN03702,snow_goose,3.059664,4.776942
SN03530,snow_goose,12.11796,11.389348
SA02267,sandhill_crane,14.339945,13.659537
SA05257,sandhill_crane,1.735792,5.352242
SA09806,sandhill_crane,12.553555,11.078504
SA02991,sandhill_crane,1.373418,4.947309
SN00791,snow_goose,6.714472,6.273203
SA05124,sandhill_crane,16.628031,3.66127
SA05518,sandhill_crane,12.822012,3.177225
SN04377,snow_goose,12.896159,1.722359
SN06377,snow_goose,3.063809,5.010563
SN05372,snow_goose,2.303445,4.791922
SA04238,sandhill_crane,2.119792,5.634626
SN06755,snow_goose,5.441279,9.473556
SA01772,sandhill_crane,5.424534,10.559024
SN02679,snow_goose,11.666704,10.65032
SN01943,snow_goose,13.915476,13.038759
SA04575,sandhill_crane,2.398091,5.57361
SA04315,sandhill_crane,8.640534,1.594439
SA02494,sandhill_crane,11.752867,10.499515
SA04401,sandhill_crane,4.633311,9.78764
SN04360,snow_goose,5.95972,10.324867
SN05991,snow_goose,12.406316,9.910182
SN00428,snow_goose,5.925171,10.134807
SN07673,snow_goose,8.694573,2.303813
SA07654,sandhill_crane,13.877268,12.522826
SN07219,snow_goose,12.443553,10.698719
SN00976,snow_goose,5.609793,10.743004
SA09313,sandhill_crane,16.080541,3.956111
SA00441,sandhill_crane,2.871009,5.090476
SA07137,sandhill_crane,1.818255,5.158001
SN05839,snow_goose,6.100907,5.58196
SA08350,sandhill_crane,8.69579,3.045192
SN07391,snow_goose,4.977794,10.747834
SA02627,sandhill_crane,8.228566,1.839312
SN04304,snow_goose,9.467727,2.591624
SA03425,sandhill_crane,6.259001,9.210004
SA08533,sandhill_crane,14.29306,13.223896
SN01932,snow_goose,13.268548,12.912395
SA00178,sandhill_crane,9.564492,2.334455
SA04623,sandhill_crane,13.48184,12.101
SA03289,sandhill_crane,13.778989,12.73239
SN08413,snow_goose,8.282747,1.405698
SA04486,sandhill_crane,5.433842,9.460864
SN03553,snow_goose,16.132257,4.307078
SA06843,sandhill_crane,5.764358,4.55444
SA08487,sandhill_crane,12.541879,10.356118
SA02292,sandhill_crane,12.268751,10.562225
SA00019,sandhill_crane,5.56539,10.289046
SA04089,sandhill_crane,16.383,4.251452
SA06784,sandhill_crane,7.131009,6.567054
SN04213,snow_goose,2.599916,5.716948
SA09358,sandhill_crane,8.1623,3.285665
SN05053,snow_goose,12.504244,11.083302
SN08290,snow_goose,16.302941,2.880468
SA01515,sandhill_crane,5.519063,4.998396
SN04907,snow_goose,8.407098,2.691251
SN05858,snow_goose,12.704039,2.737975
SN04994,snow_goose,15.837742,4.505268
SN07795,snow_goose,16.123062,3.137981
SA04227,sandhill_crane,16.141879,3.621483
SN05499,snow_goose,5.713834,5.679631
SA09034,sandhill_crane,12.283352,10.488218
SN04439,snow_goose,12.470402,11.256533
SA04862,sandhill_crane,11.851332,2.976014
SA03285,sandhill_crane,8.495454,2.777773
SN00348,snow_goose,5.003932,10.544583
SA00478,sandhill_crane,8.524424,2.564991
SA03367,sandhill_crane,2.131215,4.622257
SN00836,snow_goose,13.76639,12.833822
SN05007,snow_goose,13.877379,11.92479
SN01258,snow_goose,8.955,3.273359
SN06037,snow_goose,6.092838,5.582991
SA05077,sandhill_crane,3.07277,4.825947
SN09989,snow_goose,12.112519,2.856717
SA07587,sandhill_crane,2.735711,4.619506
SN05157,snow_goose,8.310614,2.359761
SN06658,snow_goose,5.603408,10.294486
SN02138,snow_goose,6.927697,4.507003
SA08398,sandhill_crane,5.031648,9.895775
SA06926,sandhill_crane,12.769098,10.332518
SA09790,sandhill_crane,13.28774,12.922076
SN07177,snow_goose,5.531246,10.007823
SA07335,sandhill_crane,9.062146,3.108611
SA09666,sandhill_crane,9.18132,2.248756
SA08062,sandhill_crane,9.026943,2.619378
SA07886,sandhill_crane,8.386178,1.820084
SN02519,snow_goose,11.767596,2.865154
SA07597,sandhill_crane,5.772644,9.852383
SA03558,sandhill_crane,6.848446,4.442729
SN07220,snow_goose,16.427847,3.878349
SN06043,snow_goose,8.144996,2.08642
SN02067,snow_goose,8.69955,2.584709
SA06350,sandhill_crane,11.571168,2.152211
SA06231,sandhill_crane,12.140531,2.425991
SA08453,sandhill_crane,12.562111,10.167803
SN06443,snow_goose,5.032404,11.513127
SN02448,snow_goose,1.732969,5.262602
SN00683,snow_goose,2.332,5.49862
SN02482,snow_goose,16.529512,3.060327
SN06837,snow_goose,6.117528,5.881367
SA09472,sandhill_crane,5.76319,5.821678
SN01617,snow_goose,6.68385,6.171349
SA01815,sandhill_crane,5.792944,10.978482
SN09969,snow_goose,2.525106,5.060158
SN09597,snow_goose,12.100613,10.479823
SA01080,sandhill_crane,13.094737,2.951902
SA04388,sandhill_crane,5.402508,10.014872
SN00325,snow_goose,16.41558,3.210679
SN07154,snow_goose,12.717526,2.25858
SA03962,sandhill_crane,8.37375,2.176663
SA06407,sandhill_crane,8.660798,2.243504
SA06482,sandhill_crane,2.221532,5.556103
SN03539,snow_goose,3.222025,5.160074
SA06095,sandhill_crane,6.615435,5.006018
SA03768,sandhill_crane,9.329133,2.34571
SA03045,sandhill_crane,7.198001,2.327278
SA08325,sandhill_crane,11.88294,2.12053
SN03868,snow_goose,2.813686,4.857012
SN00872,snow_goose,1.721479,5.152182
SA01819,sandhill_crane,8.512396,2.987862
SA00403,sandhill_crane,1.789316,5.998976
SA08703,sandhill_crane,5.687438,9.996319
SN04532,snow_goose,1.969863,4.849129
SN03528,snow_goose,2.697598,4.895841
SN00809,snow_goose,12.318081,11.711315
SA03629,sandhill_crane,5.166848,10.387524
SA01620,sandhill_crane,12.394129,2.292072
SN01633,snow_goose,12.448875,11.383775
SN03211,snow_goose,12.975867,11.214121
SN09232,snow_goose,12.050666,1.754399
SA08175,sandhill_crane,12.659709,2.360286
SA00741,sandhill_crane,15.889002,3.122369
SN04216,snow_goose,2.042615,5.433353
SA05716,sandhill_crane,12.746081,10.394331
SA03222,sandhill_crane,16.049834,4.414452
SN04913,snow_goose,12.020558,1.995833
SA00661,sandhill_crane,12.671487,10.660717
SN09588,snow_goose,6.582824,4.7738
SA00136,sandhill_crane,11.982379,1.875812
SN02107,snow_goose,12.349377,2.781174
SA04833,sandhill_crane,13.477016,12.153757
SN08602,snow_goose,12.762872,10.49009
SN04357,snow_goose,7.99071,2.750059
SA01145,sandhill_crane,11.926169,11.071247
SA06074,sandhill_crane,5.864369,10.381959
SA01770,sandhill_crane,2.571001,5.522295
SN02928,snow_goose,11.982816,2.209022
SA03463,sandhill_crane,13.052859,13.240533
SA05801,sandhill_crane,2.636964,4.723743
SA00522,sandhill_crane,7.320954,5.5163
SN09536,snow_goose,17.1598,3.28546
SA07891,sandhill_crane,5.939846,9.935013
SA09553,sandhill_crane,13.707362,12.799138
SA08020,sandhill_crane,16.977294,3.800764
SA02110,sandhill_crane,8.761696,3.038623
SA08764,sandhill_crane,11.26921,2.132726
SN09584,snow_goose,11.818255,10.096265
SA08057,sandhill_crane,13.865577,13.292318
SA01654,sandhill_crane,7.278445,2.446343
SN03364,snow_goose,12.308893,2.882232
SA09114,sandhill_crane,2.894828,5.403025
SN02358,snow_goose,12.930346,11.032216
SN06968,snow_goose,6.450977,5.817032
SN00524,snow_goose,6.096628,5.566459
SA02607,sandhill_crane,8.983246,3.291815
SA03621,sandhill_crane,12.526623,11.031598
SA04513,sandhill_crane,6.439413,5.574208
SA02971,sandhill_crane,12.58992,10.876435
SN01418,snow_goose,5.32892,10.464555
SA09811,sandhill_crane,9.534107,2.150389
SA05813,sandhill_crane,6.128065,5.765711
SN01120,snow_goose,2.53883,4.975578
SA06252,sandhill_crane,8.857787,2.614867
SA05627,sandhill_crane,13.268611,13.372824
SN06266,snow_goose,6.580006,5.189847
SA01122,sandhill_crane,6.166104,10.344649
SN04499,snow_goose,8.229731,2.440298
SA03986,sandhill_crane,13.295573,1.481136
SA05433,sandhill_crane,15.5247,3.417313
SN00562,snow_goose,12.289939,10.311046
SN06970,snow_goose,5.907416,10.666422
SN01771,snow_goose,13.483947,12.560385
SA09927,sandhill_crane,13.899701,12.577217
SA01349,sandhill_crane,16.29758,4.260224
SN06576,snow_goose,6.425495,6.544485
SA04415,sandhill_crane,16.196508,2.152096
SA09561,sandhill_crane,8.338681,3.414004
SN04163,snow_goose,1.982474,5.284558
SN08087,snow_goose,16.216809,3.425195
SN02632,snow_goose,11.872126,12.102969
SN02249,snow_goose,14.453572,12.355752
SA00610,sandhill_crane,8.642259,2.294727
SA04127,sandhill_crane,11.71176,2.450239
SA06714,sandhill_crane,6.238343,5.244818
SN06521,snow_goose,6.424233,5.341778
SA02497,sandhill_crane,14.502606,12.050045
SA08205,sandhill_crane,6.016936,6.033083
SA08192,sandhill_crane,6.350795,4.62751
SN07536,snow_goose,13.002068,2.82314
SA00796,sandhill_crane,13.38427,13.595232
SN04018,snow_goose,2.27842,5.046772
SA04536,sandhill_crane,11.627936,3.353367
SA07240,sandhill_crane,11.341451,3.009654
SA00161,sandhill_crane,5.249747,10.733905
SA05817,sandhill_crane,2.285154,5.277615
SA04159,sandhill_crane,2.018809,4.691195
SA02047,sandhill_crane,16.501002,3.390524
SN06617,snow_goose,15.424968,3.228471
SN05997,snow_goose,2.240996,5.218283
SN05145,snow_goose,11.943091,11.130882
SN02329,snow_goose,12.338622,10.203143
SA02879,sandhill_crane,9.048912,1.890006
SA07982,sandhill_crane,5.64546,9.888312
SN03276,snow_goose,14.327656,12.923814
SN02066,snow_goose,2.078514,4.868731
SN08558,snow_goose,7.78896,2.70866
SA01070,sandhill_crane,2.328127,5.019954
SA09869,sandhill_crane,13.458106,12.668149
SA04218,sandhill_crane,8.913755,1.741482
SN01388,snow_goose,4.90037,10.557183
SN04128,snow_goose,11.99477,2.446808
SN05159,snow_goose,5.722904,9.152543
SA06594,sandhill_crane,5.859591,10.507456
SA04239,sandhill_crane,5.241061,10.453797
SN06877,snow_goose,8.515259,2.280075
SN00451,snow_goose,16.119122,3.526319
SN02576,snow_goose,2.547942,4.038574
SA03746,sandhill_crane,6.158823,6.984737
SA08037,sandhill_crane,2.656882,5.308918
SN06350,snow_goose,13.416095,13.108905
SN07968,snow_goose,15.765134,2.513352
SA06007,sandhill_crane,12.041283,2.422564
SA07469,sandhill_crane,8.414157,3.168073
SN03783,snow_goose,8.124033,1.96724
SA01413,sandhill_crane,5.87587,10.769158
SA01619,sandhill_crane,15.20439,3.339336
SA05350,sandhill_crane,8.360667,2.448533
SA08702,sandhill_crane,12.016359,10.238309
SA01982,sandhill_crane,13.933861,12.80924
SN08356,snow_goose,16.259633,3.351329
SA01860,sandhill_crane,11.32073,2.312167
SA09856,sandhill_crane,2.016573,4.856949
SN07988,snow_goose,12.514646,11.529443
SN04922,snow_goose,11.969798,2.193842
SN01741,snow_goose,1.962885,5.606493
SA06764,sandhill_crane,6.548142,6.149722
SN02501,snow_goose,2.95791,5.264907
SA07575,sandhill_crane,17.164473,4.084931
SN04562,snow_goose,16.632953,3.971964
SN04596,snow_goose,2.04264,5.87457
SN06912,snow_goose,2.617955,4.943352
SA03097,sandhill_crane,16.644203,3.60644
SN07983,snow_goose,11.723137,2.051023
SA00038,sandhill_crane,2.114577,5.64501
SN08689,snow_goose,6.883258,4.965016
SA05618,sandhill_crane,8.278999,2.767444
SN04773,snow_goose,5.264281,10.543997
SN04931,snow_goose,12.352956,2.398072
SA00086,sandhill_crane,12.559589,2.299209
SN05467,snow_goose,13.517829,13.115558
SA03669,sandhill_crane,11.818181,11.156368
SN00324,snow_goose,5.608953,10.616585
SN05575,snow_goose,14.284705,13.217126
SA02718,sandhill_crane,14.462391,11.941223
SA03784,sandhill_crane,5.55335,10.017807
SA02990,sandhill_crane,6.332715,5.598623
SA02652,sandhill_crane,13.658873,13.33909
SN00460,snow_goose,13.276854,11.085023
SN09173,snow_goose,13.826768,12.692337
SA09604,sandhill_crane,12.580192,10.428763
SN00761,snow_goose,6.692449,5.810977
SA06516,sandhill_crane,6.651511,5.560808
SN00127,snow_goose,6.524288,10.767911
SA02645,sandhill_crane,5.708234,5.49125
SN04794,snow_goose,12.825408,11.838236
SN04795,snow_goose,12.289715,2.480262
SN01487,snow_goose,9.014586,1.910714
SN04446,snow_goose,4.910992,10.180107
SA09391,sandhill_crane,6.696392,5.390688
SA08754,sandhill_crane,6.610305,4.917506
SA05142,sandhill_crane,8.408358,3.008918
SN06208,snow_goose,12.609251,2.408077
SA03199,sandhill_crane,12.457726,2.469128
SN02864,snow_goose,2.626969,5.304959
SA07825,sandhill_crane,8.441987,1.825549
SN09806,snow_goose,6.954788,6.126697
SA02269,sandhill_crane,6.254055,5.440428
SA00526,sandhill_crane,12.634227,9.944428
SN07228,snow_goose,11.441282,2.194501
SA07910,sandhill_crane,12.449462,10.464685
SN08574,snow_goose,15.962683,3.587648
SA00560,sandhill_crane,12.260598,9.85862
SN00686,snow_goose,5.455486,11.013055
SN05902,snow_goose,11.690856,10.574997
SA04352,sandhill_crane,13.917042,13.448191
SN03449,snow_goose,14.846611,13.011696
SA04247,sandhill_crane,8.546699,2.795747
SN09500,snow_goose,14.307171,12.51694
SA08689,sandhill_crane,17.203666,3.464288
SN03920,snow_goose,6.214079,9.886966
SN08233,snow_goose,5.959087,5.129365
SN03212,snow_goose,12.538346,2.8119
SN03912,snow_goose,2.890411,5.321513
SN04889,snow_goose,13.242089,12.660703
SN05791,snow_goose,7.845541,3.197051
SN00890,snow_goose,6.481121,6.162111
SN06876,snow_goose,11.322314,2.203717
SN05565,snow_goose,5.864845,5.706851
SN09108,snow_goose,13.599629,12.556032
SA08537,sandhill_crane,16.60705,4.584141
SN06183,snow_goose,13.343978,10.151495
SN09006,snow_goose,6.846814,4.769281
SN08955,snow_goose,2.742616,5.43696
SN04181,snow_goose,7.514509,5.722546
SA09090,sandhill_crane,12.330864,11.955407
SN05301,snow_goose,15.625176,4.536083
SA07504,sandhill_crane,5.699733,10.741202
SA00103,sandhill_crane,16.004904,3.198235
SN08426,snow_goose,4.6544,10.126665
SN08513,snow_goose,1.753304,5.667532
SA00701,sandhill_crane,13.805016,13.094871
SA02791,sandhill_crane,6.098046,5.901076
SN03352,snow_goose,8.488972,3.043573
SN06212,snow_goose,11.871937,10.736748
SN09991,snow_goose,15.954005,2.766308
SA00304,sandhill_crane,5.234104,10.898077
SN09382,snow_goose,17.0987,2.773017
SN02645,snow_goose,6.079188,5.533782
SA07830,sandhill_crane,12.818639,2.550397
SA06858,sandhill_crane,12.531209,2.667033
SN07474,snow_goose,13.152204,12.05466
SN04398,snow_goose,13.73451,12.069815
SA08388,sandhill_crane,11.208412,9.885762
SA01138,sandhill_crane,8.914307,2.196834
SA01613,sandhill_crane,16.75308,3.561541
SN03275,snow_goose,5.507536,5.77708
SN03777,snow_goose,5.0868,9.563132
SA04007,sandhill_crane,13.389257,2.853907
SA07686,sandhill_crane,9.29986,1.962728
SA04019,sandhill_crane,14.012908,12.939379
SA00378,sandhill_crane,12.906586,1.430797
SA05740,sandhill_crane,6.348412,9.533147
SN00547,snow_goose,12.38388,10.781528
SA01244,sandhill_crane,12.065998,10.339416
SA05934,sandhill_crane,13.563219,12.218184
SN07701,snow_goose,9.137316,1.914069
SA04982,sandhill_crane,6.003,4.814639
SN04120,snow_goose,12.925514,11.272845
SA09005,sandhill_crane,2.370978,4.594172
SN06944,snow_goose,13.361251,10.521449
SA00269,sandhill_crane,5.913744,10.097121
SA00622,sandhill_crane,8.336884,2.466932
SA08103,sandhill_crane,11.665338,10.413825
SN05631,snow_goose,11.712812,2.052552
SA05230,sandhill_crane,12.688527,11.302347
SA09530,sandhill_crane,7.458128,6.04271
SA04796,sandhill_crane,15.816436,4.168772
SA06610,sandhill_crane,13.195679,10.909345
SN02366,snow_goose,13.954628,12.856687
SN09688,snow_goose,8.978258,2.926405
SN00124,snow_goose,4.971003,10.20357
SA01504,sandhill_crane,3.063955,6.1506
SN08740,snow_goose,12.312814,2.061433
SA02135,sandhill_crane,12.051776,10.492929
SN07346,snow_goose,5.732777,5.354471
SN03360,snow_goose,12.146108,3.060838
SN06751,snow_goose,2.137742,5.554612
SN09241,snow_goose,13.289751,10.659813
SA04197,sandhill_crane,6.248872,6.534847
SA01913,sandhill_crane,12.822407,10.628075
SA08255,sandhill_crane,5.715803,9.846443
SA05697,sandhill_crane,15.84604,4.566888
SN00947,snow_goose,13.156631,13.175773
SA09037,sandhill_crane,1.989538,4.956869
SN07939,snow_goose,13.733406,13.496997
SA07169,sandhill_crane,14.183208,13.692963
SA05410,sandhill_crane,6.664326,5.819107
SA02302,sandhill_crane,15.814512,3.824507
SN00068,snow_goose,6.118319,10.318516
SA08423,sandhill_crane,2.330309,5.428729
SN00510,snow_goose,16.303835,3.279312
SN04291,snow_goose,5.85254,5.469574
SN09917,snow_goose,5.704157,4.745923
SN04410,snow_goose,6.901411,5.795747
SN06329,snow_goose,11.648569,2.101907
SN06885,snow_goose,14.168164,12.724796
SA02668,sandhill_crane,12.998731,12.842949
SN01271,snow_goose,16.10652,2.695573
SN08746,snow_goose,11.91345,10.602099
SA05356,sandhill_crane,15.785774,4.261205
SN02849,snow_goose,13.164217,13.136392
SN03519,snow_goose,11.940433,2.61864
SA01363,sandhill_crane,9.208345,3.269724
SA04744,sandhill_crane,12.58955,2.560715
SN06401,snow_goose,13.707544,12.902401
SN04598,snow_goose,16.685001,3.662976
SA00424,sandhill_crane,5.422421,10.01617
SN00254,snow_goose,12.423077,11.351551
SN05472,snow_goose,2.404176,5.908411
SA03206,sandhill_crane,5.831048,10.80349
SA04493,sandhill_crane,16.464656,2.464029
SA08549,sandhill_crane,5.372639,10.463382
SA01453,sandhill_crane,13.318041,12.3836
SA08997,sandhill_crane,14.014892,13.385029
SN02412,snow_goose,7.211131,6.407183
SA06933,sandhill_crane,13.711764,12.431555
SN06328,snow_goose,15.53014,2.905314
SA04328,sandhill_crane,5.011621,10.430663
SN01071,snow_goose,5.74897,9.788285
SN02111,snow_goose,6.236093,5.958511
SN08528,snow_goose,15.344959,3.042419
SN05205,snow_goose,5.388042,9.727823
SN04668,snow_goose,8.2521,2.768278
SN04278,snow_goose,5.90165,5.213176
SA00760,sandhill_crane,6.068525,6.041567
SA02495,sandhill_crane,14.938171,12.311088
SN04203,snow_goose,13.445681,10.824433
SN09824,snow_goose,15.807074,3.291459
SN02806,snow_goose,12.056959,1.641163
SA05658,sandhill_crane,8.990469,2.772725
SA03195,sandhill_crane,2.074981,5.39536
SN06009,snow_goose,13.615932,11.274462
SN07145,snow_goose,12.108953,11.299138
SA00790,sandhill_crane,9.066898,2.905829
SN01323,snow_goose,7.012061,5.976919
SA09248,sandhill_crane,6.201003,6.162824
SA02330,sandhill_crane,13.549964,12.986442
SA05795,sandhill_crane,2.422167,4.922822
SN08905,snow_goose,3.075021,5.911089
SA06343,sandhill_crane,6.167457,6.222479
SA00864,sandhill_crane,16.721081,3.939703
SA02202,sandhill_crane,16.784489,3.798338
SA07500,sandhill_crane,12.318286,2.376544
SN01548,snow_goose,16.293863,3.784007
SN02882,snow_goose,16.219026,3.354531
SA00005,sandhill_crane,2.272038,5.197645
SN04027,snow_goose,16.28532,3.748617
SA09873,sandhill_crane,13.292775,12.074184
SN00450,snow_goose,2.982239,5.375301
SN07107,snow_goose,8.696708,2.003011
SA03562,sandhill_crane,13.781448,12.834668
SA05188,sandhill_crane,12.811395,10.340861
SN07469,snow_goose,2.918475,5.689672
SN01975,snow_goose,14.079703,13.724425
SA04979,sandhill_crane,16.317487,3.221607
SA01733,sandhill_crane,11.986224,1.512709
SA05034,sandhill_crane,3.044194,5.218859
SA05316,sandhill_crane,2.778826,5.736669
SN08767,snow_goose,13.236172,12.686851
SA03963,sandhill_crane,5.441372,9.548115
SA07834,sandhill_crane,13.000024,13.028118
SA01632,sandhill_crane,8.724159,2.03857
SN00697,snow_goose,8.35007,2.38524
SN08504,snow_goose,16.023783,4.084217
SN07181,snow_goose,16.655883,3.331558
SA05487,sandhill_crane,12.715519,10.588785
SA06319,sandhill_crane,2.741382,5.194541
SN03932,snow_goose,16.506874,3.766351
SN01270,snow_goose,14.159262,12.838602
SA04677,sandhill_crane,8.539886,2.25674
SN00719,snow_goose,12.527919,2.609489
SA09531,sandhill_crane,6.229248,6.181612
SA06166,sandhill_crane,1.944727,5.573876
SA09224,sandhill_crane,13.228492,12.592495
SA00020,sandhill_crane,5.920764,5.525918
SA09799,sandhill_crane,8.918512,3.128872
SA06965,sandhill_crane,12.499306,11.789337
SA02485,sandhill_crane,15.69714,3.148018
SA04158,sandhill_crane,12.010872,10.929501
SA05985,sandhill_crane,8.26909,2.12192
SN03001,snow_goose,8.336776,2.260849
SA09322,sandhill_crane,15.99674,4.02947
SN05620,snow_goose,1.793959,5.395963
SN05885,snow_goose,12.125286,10.307336
SA04145,sandhill_crane,12.107537,2.161173
SA06912,sandhill_crane,11.923546,11.235807
SN08659,snow_goose,8.936007,1.854943
SA09449,sandhill_crane,13.467114,13.196392
SN03658,snow_goose,6.234189,5.355392
SA07283,sandhill_crane,8.672427,3.24581
SN07355,snow_goose,5.794027,10.110141
SA09827,sandhill_crane,11.562503,10.310958
SN07572,snow_goose,5.403449,10.150001
SN07450,snow_goose,12.537746,2.986616
SA01624,sandhill_crane,4.608471,10.434963
SA09430,sandhill_crane,13.561447,12.707902
SA05227,sandhill_crane,12.893836,2.418393
SN07274,snow_goose,13.260831,2.274626
SN02813,snow_goose,6.257386,6.127703
SA00462,sandhill_crane,2.215113,4.710377
SA06964,sandhill_crane,14.071653,13.584499
SA04874,sandhill_crane,5.758586,10.541951
SN02980,snow_goose,12.44201,2.465938
SA03651,sandhill_crane,12.880593,10.27254
SN02328,snow_goose,3.188597,5.164655
SN02087,snow_goose,6.268081,4.927883
SN00097,snow_goose,12.507259,2.196466
SN04560,snow_goose,5.136351,9.90455
SN00143,snow_goose,16.243961,3.589439
SA07585,sandhill_crane,2.585246,5.818195
SN09342,snow_goose,15.671001,3.017482
SN08403,snow_goose,8.592233,2.999815
SA07157,sandhill_crane,6.7918,5.738676
SN00845,snow_goose,13.168007,10.764037
SN02755,snow_goose,14.32767,12.845401
SA00709,sandhill_crane,12.347383,9.743679
SA02169,sandhill_crane,9.0798,3.627469
SA02375,sandhill_crane,8.900827,2.566337
SN05076,snow_goose,13.101172,10.425577
SN09039,snow_goose,11.574603,3.331609
SN04305,snow_goose,2.916761,5.44681
SA00334,sandhill_crane,2.281344,5.266399
SA07691,sandhill_crane,15.8784,3.024598
SN09673,snow_goose,6.745987,5.940561
SA02823,sandhill_crane,13.403438,13.346155
SA02919,sandhill_crane,12.960561,12.25412
SN06547,snow_goose,2.641615,4.987879
SN03463,snow_goose,12.897798,2.179667
SA04272,sandhill_crane,11.457699,11.492746
SN05982,snow_goose,8.264916,2.924842
SA08905,sandhill_crane,9.358923,3.228272
SA05493,sandhill_crane,9.016515,1.660524
SN05649,snow_goose,6.211357,9.933846
SN04069,snow_goose,9.427721,2.564009
SA05499,sandhill_crane,11.955125,2.570944
SN03863,snow_goose,5.897907,5.319564
SN02326,snow_goose,5.272932,9.630752
SA06946,sandhill_crane,6.257068,6.108786
SA09778,sandhill_crane,8.374325,2.112453
SN00504,snow_goose,5.378754,5.888909
SN08070,snow_goose,5.721435,9.87737
SA02804,sandhill_crane,7.94306,3.38742
SN04749,snow_goose,12.676599,2.754225
SN05067,snow_goose,1.487224,5.837712
SA06160,sandhill_crane,5.91615,6.26
SN02848,snow_goose,12.182037,2.723167
SA04545,sandhill_crane,12.026226,2.480856
SA02299,sandhill_crane,12.153795,2.307942
SA08265,sandhill_crane,9.208746,2.512694
SN02075,snow_goose,6.210319,10.256068
SA07252,sandhill_crane,4.544896,10.056116
SN02931,snow_goose,8.615001,2.667639
SN04249,snow_goose,5.909006,4.621108
SN03281,snow_goose,15.81952,4.027515
SA00710,sandhill_crane,6.388991,9.220564
SN02963,snow_goose,14.726812,12.891702
SN01944,snow_goose,5.017076,9.842341
SA03630,sandhill_crane,11.169215,2.01736
SN03842,snow_goose,8.95653,2.649249
SA00959,sandhill_crane,11.690636,10.459749
SN01445,snow_goose,2.188967,5.364747
SN06100,snow_goose,8.20637,2.197796
SN05979,snow_goose,2.546879,4.570172
SA01946,sandhill_crane,13.129631,10.340146
SA01109,sandhill_crane,13.823835,13.271636
SN08075,snow_goose,12.217825,10.339449
SN06619,snow_goose,8.308105,2.467702
SN09897,snow_goose,8.333169,3.016775
SN03653,snow_goose,1.91772,4.827841
SA09063,sandhill_crane,12.903819,12.88043
SA02106,sandhill_crane,8.042451,2.608671
SA03042,sandhill_crane,16.004558,3.080501
SN09262,snow_goose,5.368267,8.80712
SA02545,sandhill_crane,12.815088,2.774233
SA01756,sandhill_crane,13.309088,12.936419
SN02986,snow_goose,14.665305,12.959393
SA06285,sandhill_crane,5.066372,9.009856
SA09420,sandhill_crane,1.490679,5.155637
SA06529,sandhill_crane,12.556034,2.628349
SN06031,snow_goose,11.721572,1.479195
SA08291,sandhill_crane,5.0195,9.446381
SA00604,sandhill_crane,5.75035,10.289925
SA07189,sandhill_crane,11.933872,1.960361
SA09367,sandhill_crane,2.623526,5.147199
SA07384,sandhill_crane,13.322643,12.668755
SN07876,snow_goose,5.811247,5.995832
SA01089,sandhill_crane,5.439747,9.598063
SN06373,snow_goose,12.493272,2.285131
SA08662,sandhill_crane,12.561883,2.926994
SN05831,snow_goose,13.327499,2.655213
SA00611,sandhill_crane,5.457699,10.40941
SN02520,snow_goose,13.503644,13.595952
SA01662,sandhill_crane,2.419249,5.855473
SN02177,snow_goose,2.262267,5.655395
SA04868,sandhill_crane,12.571696,13.083203
SN03255,snow_goose,4.72779,9.566769
SN00051,snow_goose,2.507151,5.391544
SN05899,snow_goose,6.515463,5.728962
SN01276,snow_goose,8.924078,2.263755
SN05646,snow_goose,14.321351,12.17652
SN08194,snow_goose,12.663623,11.022525
SN07009,snow_goose,14.223398,12.321123
SA07786,sandhill_crane,14.24634,13.177208
SA06826,sandhill_crane,11.62809,2.288577
SA02893,sandhill_crane,15.271493,2.97258
SA00181,sandhill_crane,9.223416,1.930562
SA00794,sandhill_crane,12.816487,2.324922
SN08249,snow_goose,4.701202,9.436582
SA06686,sandhill_crane,13.189569,9.857212
SN05678,snow_goose,13.153363,12.131279
SA08751,sandhill_crane,13.332603,10.881822
SA09724,sandhill_crane,6.102547,10.004229
SN07485,snow_goose,16.20155,3.188803
SA04927,sandhill_crane,16.018146,3.569754
SN06851,snow_goose,12.864997,13.327442
SN06495,snow_goose,13.755946,13.290243
SN06484,snow_goose,2.621349,5.271957
SA06543,sandhill_crane,8.913404,2.215342
SA01497,sandhill_crane,6.126362,6.247181
SA06306,sandhill_crane,11.532578,10.43512
SA01283,sandhill_crane,6.825674,5.74173
SA07643,sandhill_crane,16.808507,3.061582
SA00918,sandhill_crane,16.483072,3.553462
SN04796,snow_goose,2.399969,5.170208
SA01305,sandhill_crane,11.787317,9.998964
SA00921,sandhill_crane,6.813046,10.528219
SN05199,snow_goose,14.882788,12.520457
SN05215,snow_goose,12.551001,10.790852
SN09028,snow_goose,11.681725,10.200998
SA00299,sandhill_crane,12.86888,10.507505
SN04538,snow_goose,16.142872,4.484415
SN05486,snow_goose,3.334603,4.961812
SN03817,snow_goose,16.410072,3.965545
SN09968,snow_goose,1.989269,4.698358
SA02335,sandhill_crane,15.447827,2.908522
SA03192,sandhill_crane,2.64595,5.469248
SA09483,sandhill_crane,2.038627,4.788311
SA06769,sandhill_crane,12.232754,2.060898
SN01684,snow_goose,6.916837,4.511246
SN00594,snow_goose,12.067979,10.766163
SA04102,sandhill_crane,2.978379,5.888416
SN08857,snow_goose,13.754578,12.268729
SA07962,sandhill_crane,2.385828,5.134746
SN03108,snow_goose,16.440327,3.207747
SA06958,sandhill_crane,13.174343,10.293805
SN04261,snow_goose,12.867837,11.389012
SA07620,sandhill_crane,16.198694,3.454374
SN00638,snow_goose,1.682208,5.928816
SN06754,snow_goose,4.924312,9.42189
SN00810,snow_goose,4.917894,6.16841
SN07899,snow_goose,5.797628,9.899238
SN03918,snow_goose,12.018881,2.921741
SN07839,snow_goose,8.76705,2.38822
SA01097,sandhill_crane,6.482426,5.547231
SA02419,sandhill_crane,11.739396,1.871083
SN09368,snow_goose,12.424374,10.556382
SN02046,snow_goose,13.810522,12.589627
SN04968,snow_goose,12.625169,1.00401
SA04092,sandhill_crane,6.068127,6.267245
SA08599,sandhill_crane,6.653477,5.949476
SN05609,snow_goose,7.259125,5.347085
SN05256,snow_goose,14.657868,12.360235
SN06078,snow_goose,7.651971,2.398182
SN05396,snow_goose,8.7525,1.891792
SN01647,snow_goose,16.045174,2.742421
SA09537,sandhill_crane,3.549043,5.373277
SN05224,snow_goose,12.197245,10.998113
SA01948,sandhill_crane,14.168573,12.532882
SN06583,snow_goose,16.049819,2.654267
SA06818,sandhill_crane,16.117707,3.620752
SN05328,snow_goose,11.93367,10.165568
SA07443,sandhill_crane,13.896647,11.782527
SN01368,snow_goose,11.847193,2.443819
SA06872,sandhill_crane,5.043704,10.090607
SA00911,sandhill_crane,5.620353,10.658732
SA01888,sandhill_crane,16.160651,3.193834
SA04860,sandhill_crane,12.339149,11.395905
SA04210,sandhill_crane,4.78036,10.3372
SN07603,snow_goose,12.296064,2.312125
SA03400,sandhill_crane,6.187637,10.575036
SN02747,snow_goose,12.116688,14.316192
SA02431,sandhill_crane,5.887477,4.764598
SN02935,snow_goose,13.16575,13.334364
SN01346,snow_goose,12.875792,10.478942
SA05983,sandhill_crane,8.734328,2.263185
SN00751,snow_goose,15.749371,3.04712
SN00755,snow_goose,2.29721,4.939096
SN07628,snow_goose,2.198957,5.674082
SA07090,sandhill_crane,11.275073,10.840751
SN03138,snow_goose,2.43341,5.284703
SA01558,sandhill_crane,5.096355,10.397691
SA01261,sandhill_crane,5.847865,6.087437
SA09355,sandhill_crane,12.862959,10.569139
SN05571,snow_goose,14.13793,13.407292
SA08474,sandhill_crane,12.5465,11.482566
SN01903,snow_goose,16.556275,3.701106
SN05928,snow_goose,14.308511,12.702503
SA03458,sandhill_crane,16.833701,2.775254
SN05103,snow_goose,5.873455,10.212508
SN03628,snow_goose,6.581671,6.005829
SN08632,snow_goose,5.707438,10.35328
SA09698,sandhill_crane,6.627395,10.072106
SN02845,snow_goose,12.151983,9.841771
SN06936,snow_goose,14.530804,13.518884
SN08431,snow_goose,8.966959,1.876936
SA08693,sandhill_crane,5.248221,9.730479
SN02029,snow_goose,8.615954,2.426176
SN09605,snow_goose,2.220201,5.119421
SA06824,sandhill_crane,16.47991,3.612848
SN04744,snow_goose,9.359847,2.070153
SN07905,snow_goose,6.395288,5.296883
SA07457,sandhill_crane,16.157358,4.202803
SA01469,sandhill_crane,7.013816,5.855054
SN04785,snow_goose,9.436507,1.388147
SN07758,snow_goose,16.510122,4.193088
SN06071,snow_goose,8.667147,2.394712
SA06773,sandhill_crane,12.669447,13.384701
SN09145,snow_goose,12.374614,1.312769
SA03000,sandhill_crane,12.776228,2.418836
SA07664,sandhill_crane,9.402515,2.689447
SA07560,sandhill_crane,12.182174,9.739176
SA09538,sandhill_crane,8.519067,2.931153
SA02918,sandhill_crane,2.149249,4.234615
SA05509,sandhill_crane,12.474223,11.198813
SN04247,snow_goose,12.654864,2.576697
SA09817,sandhill_crane,16.554291,3.779948
SN08717,snow_goose,5.293531,10.884306
SA03309,sandhill_crane,12.061152,2.704694
SN09785,snow_goose,2.70922,5.055818
SN07551,snow_goose,2.897079,5.637074
SA02053,sandhill_crane,4.584127,9.683412
SN08341,snow_goose,5.58897,9.906082
SN00992,snow_goose,12.108858,2.8209
SN00356,snow_goose,6.509189,5.378724
SN03036,snow_goose,2.708662,4.606234
SN00393,snow_goose,15.809865,3.589906
SN01221,snow_goose,6.201605,10.432365
SA07546,sandhill_crane,2.081459,4.950912
SA07395,sandhill_crane,12.924302,10.933277
SN04827,snow_goose,12.439151,10.984679
SA09699,sandhill_crane,9.05839,2.675077
SN02076,snow_goose,1.44518,4.735112
SA06391,sandhill_crane,12.071494,2.368339
SN02591,snow_goose,13.78082,13.050265
SA00942,sandhill_crane,12.05612,11.395142
SA07122,sandhill_crane,12.761574,11.003905
SA07734,sandhill_crane,5.448996,9.453871
SN04565,snow_goose,12.177692,10.268869
SN06766,snow_goose,8.151253,2.683179
SN04048,snow_goose,7.65214,1.961865
SA06693,sandhill_crane,5.885299,10.335457
SA09685,sandhill_crane,11.363822,9.946763
SA05265,sandhill_crane,16.380696,2.877376
SA05491,sandhill_crane,14.96252,12.597239
SA01847,sandhill_crane,17.145355,3.699338
SA00653,sandhill_crane,11.697742,9.874668
SN06835,snow_goose,2.579312,4.965815
SA05850,sandhill_crane,6.663016,6.50178
SN05808,snow_goose,5.759757,9.85838
SA08434,sandhill_crane,4.903248,10.433921
SN08433,snow_goose,8.205283,3.403373
SA01831,sandhill_crane,15.797873,2.669232
SA06725,sandhill_crane,13.743372,13.319268
SA03978,sandhill_crane,5.288036,9.646841
SA08280,sandhill_crane,13.26159,12.713832
SA08501,sandhill_crane,5.838307,5.077095
SN02921,snow_goose,12.30287,2.888217
SA04462,sandhill_crane,9.118474,2.613332
SN01856,snow_goose,2.439923,5.093988
SA04157,sandhill_crane,12.59497,2.932767
SA01858,sandhill_crane,8.928674,2.105517
SA04426,sandhill_crane,12.491641,1.265285
SN05185,snow_goose,12.823528,11.390757
SA02036,sandhill_crane,16.359337,3.395423
SA03302,sandhill_crane,12.52096,2.94015
SN04324,snow_goose,16.040279,3.4697
SA06781,sandhill_crane,8.802135,1.799513
SA08851,sandhill_crane,11.927367,10.629646
SN00287,snow_goose,13.01014,10.281494
SA00279,sandhill_crane,13.679581,13.614465
SA03844,sandhill_crane,12.180334,10.594603
SA01343,sandhill_crane,15.76816,3.009023
SA06955,sandhill_crane,13.599176,11.457412
SN02499,snow_goose,1.917224,5.342203
SA03075,sandhill_crane,6.909518,5.076458
SN00834,snow_goose,12.903227,2.599849
SA06104,sandhill_crane,5.96826,10.229758
SA02463,sandhill_crane,1.89584,5.054716
SA01212,sandhill_crane,2.220608,5.299983
SA04421,sandhill_crane,8.9328,2.330549
SN02523,snow_goose,2.486297,4.418107
SN06894,snow_goose,9.238439,2.032904
SN08509,snow_goose,12.094107,3.277873
SA06130,sandhill_crane,6.785159,5.38065
SN00285,snow_goose,13.863132,13.535421
SN09828,snow_goose,5.511334,9.323624
SA03322,sandhill_crane,8.449095,3.166997
SA00456,sandhill_crane,11.900697,2.05019
SA01502,sandhill_crane,5.606584,7.263257
SA06890,sandhill_crane,11.888154,10.823417
SN00894,snow_goose,11.183931,2.039056
SN07582,snow_goose,5.783029,5.626367
SN07160,snow_goose,11.668163,1.717294
SN00695,snow_goose,12.350103,10.644099
SA03186,sandhill_crane,2.624197,5.656695
SA02011,sandhill_crane,2.436219,5.712158
SA05100,sandhill_crane,6.056125,5.545281
SN00527,snow_goose,13.293637,2.995135
SN09431,snow_goose,8.437491,3.040672
SN06326,snow_goose,6.36815,5.957303
SA02542,sandhill_crane,6.568002,5.116682
SN01274,snow_goose,5.587741,9.514987
SA02553,sandhill_crane,9.348346,2.681295
SN04547,snow_goose,6.425552,5.789948
SA00320,sandhill_crane,8.121276,1.854633
SA01005,sandhill_crane,2.231635,5.105265
SA04057,sandhill_crane,12.628401,10.597324
SA06418,sandhill_crane,8.330413,2.186871
SN08151,snow_goose,7.453483,5.537623
SA00066,sandhill_crane,8.339464,3.003746
SA08372,sandhill_crane,2.611449,4.031968
SA01750,sandhill_crane,6.050643,10.740015
SN02507,snow_goose,8.451773,3.346147
SA02102,sandhill_crane,16.252229,3.135075
SA00487,sandhill_crane,17.038048,3.539224
SA02212,sandhill_crane,13.28538,9.77577
SN05721,snow_goose,9.238935,1.931588
SA09585,sandhill_crane,15.972407,3.939586
SA07809,sandhill_crane,2.832726,5.238635
SA04259,sandhill_crane,12.728782,12.290881
SN00732,snow_goose,2.597193,5.312357
SA04083,sandhill_crane,5.525025,4.73902
SA05246,sandhill_crane,12.445587,3.080666
SN02739,snow_goose,1.663404,5.235893
SA00739,sandhill_crane,9.285798,3.069672
SA02242,sandhill_crane,13.853677,12.201937
SA02300,sandhill_crane,12.195702,2.470541
SN03355,snow_goose,14.113172,12.317913
SA03830,sandhill_crane,12.728043,2.125586
SN07950,snow_goose,16.58009,2.751188
SN02760,snow_goose,12.716557,13.387406
SN02626,snow_goose,1.889119,5.305865
SA01573,sandhill_crane,6.404773,5.353659
SN05363,snow_goose,12.316248,10.581398
SA00470,sandhill_crane,2.531713,5.534251
SA01546,sandhill_crane,5.92662,6.245355
SN08064,snow_goose,6.169322,5.807926
SA05361,sandhill_crane,12.14433,10.358991
SN05936,snow_goose,4.658869,9.354273
SN01855,snow_goose,12.822707,3.057831
SN07000,snow_goose,8.6652,3.015538
SN00459,snow_goose,9.016818,2.73249
SN03450,snow_goose,17.219242,3.430593
SN08400,snow_goose,5.845672,9.77013
SA05851,sandhill_crane,12.925306,10.340453
SN04321,snow_goose,5.773598,5.601109
SA09853,sandhill_crane,12.606751,10.485471
SN00781,snow_goose,11.982933,10.447423
SA01529,sandhill_crane,2.282365,5.226204
SA06982,sandhill_crane,11.95025,2.560371
SN09581,snow_goose,4.71204,10.128078
SN06756,snow_goose,14.216729,12.752038
SA07938,sandhill_crane,12.48679,9.748793
SN00903,snow_goose,8.726355,2.104833
SA08927,sandhill_crane,12.325321,1.936282
SA03395,sandhill_crane,6.276144,5.09752
SN02923,snow_goose,2.118094,4.451032
SN04099,snow_goose,12.312809,2.600143
SA06679,sandhill_crane,12.842459,10.356957
SA00386,sandhill_crane,12.549352,11.275728
SN01399,snow_goose,15.348907,3.055416
SN09433,snow_goose,15.720186,4.62286
SA09003,sandhill_crane,12.118817,1.859117
SA06919,sandhill_crane,12.055361,10.705975
SN08280,snow_goose,9.475408,1.958845
SN07349,snow_goose,16.000503,4.237416
SA04792,sandhill_crane,4.531756,9.034673
SA06988,sandhill_crane,6.811327,5.919175
SN08174,snow_goose,3.186896,4.654922
SN05261,snow_goose,6.703076,4.813546
SA01615,sandhill_crane,7.095654,6.273595
SN04522,snow_goose,5.945653,5.865915
SN09617,snow_goose,16.452244,3.857697
SA09097,sandhill_crane,12.522145,11.084286
SA09390,sandhill_crane,1.941714,5.423323
SA03944,sandhill_crane,5.57164,9.540266
SA00395,sandhill_crane,5.752438,9.591916
SN06435,snow_goose,12.837426,2.412975
SN09437,snow_goose,2.971927,4.76811
SA02771,sandhill_crane,17.647546,3.701792
SA09507,sandhill_crane,7.255531,6.320654
SN01443,snow_goose,8.018887,1.965796
SN05439,snow_goose,5.472348,10.594069
SN00733,snow_goose,5.68201,5.070301
SA08370,sandhill_crane,8.037816,2.676003
SN04088,snow_goose,2.592475,5.226305
SN06559,snow_goose,6.503247,5.017424
SA06352,sandhill_crane,17.277881,3.319418
SA07355,sandhill_crane,5.602895,5.520765
SA06216,sandhill_crane,9.444731,2.508197
SN09667,snow_goose,16.501513,3.684612
SA08252,sandhill_crane,14.262799,12.844437
SA00874,sandhill_crane,15.486266,3.778095
SA01020,sandhill_crane,13.002164,2.469656
SA03825,sandhill_crane,16.766317,2.924701
SA02896,sandhill_crane,9.120644,3.015074
SN02378,snow_goose,12.767343,13.865264
SA09830,sandhill_crane,11.810431,10.388358
SN04311,snow_goose,12.946816,3.106463
SA00213,sandhill_crane,5.334277,6.433942
SA08066,sandhill_crane,2.59327,5.402345
SA00098,sandhill_crane,14.734975,13.722295
SA08105,sandhill_crane,6.55355,5.869182
SA03855,sandhill_crane,6.818824,5.536864
SA00875,sandhill_crane,12.069206,10.505845
SN08461,snow_goose,8.51291,3.099781
SN08405,snow_goose,11.453196,1.700234
SN06056,snow_goose,14.422109,12.609137
SN05139,snow_goose,1.468728,5.327531
SA02516,sandhill_crane,12.710178,10.733331
SA06515,sandhill_crane,2.482091,5.761387
SA07315,sandhill_crane,16.77452,2.425758
SN07712,snow_goose,4.562519,9.644487
SN01584,snow_goose,5.245847,10.16914
SA04637,sandhill_crane,14.103813,12.92204
SN05358,snow_goose,3.03091,5.574279
SA01167,sandhill_crane,11.803586,11.174993
SA08292,sandhill_crane,12.572825,1.64598
SA03053,sandhill_crane,12.109664,2.948246
SA00689,sandhill_crane,8.747476,2.178619
SA09583,sandhill_crane,16.56636,1.985664
SN02112,snow_goose,6.81509,5.272414
SA08733,sandhill_crane,12.853533,2.707195
SA05498,sandhill_crane,16.083414,4.239827
SA00973,sandhill_crane,12.22609,2.436927
SN08081,snow_goose,3.008236,5.412942
SA01783,sandhill_crane,13.947061,11.953917
SA08576,sandhill_crane,6.906982,5.325358
SN02964,snow_goose,11.511564,10.405174
SN07335,snow_goose,4.662276,10.192537
SN07953,snow_goose,16.543243,3.424604
SN01933,snow_goose,12.184327,2.574375
SA00628,sandhill_crane,12.560749,2.666442
SA02850,sandhill_crane,2.654933,6.090954
SA00010,sandhill_crane,13.998973,13.591644
SA07905,sandhill_crane,3.051717,4.56457
SA05017,sandhill_crane,13.346433,13.074259
SA01131,sandhill_crane,15.4725,3.02959
SA04252,sandhill_crane,11.83734,3.127348
SA04472,sandhill_crane,6.077757,10.632945
SN07448,snow_goose,13.362595,12.825612
SA09637,sandhill_crane,14.326298,12.654404
SN02589,snow_goose,6.78741,5.23222
SA09172,sandhill_crane,6.178119,4.940638
SA08995,sandhill_crane,5.562818,5.791991
SA05537,sandhill_crane,6.381053,4.942629
SN05397,snow_goose,8.911207,2.636348
SN06436,snow_goose,6.582602,5.745267
SN09094,snow_goose,15.976156,3.175992
SN04789,snow_goose,14.399889,13.335936
SA09791,sandhill_crane,9.585016,2.725991
SN03699,snow_goose,12.652014,11.861837
SN05029,snow_goose,13.6562,11.988406
SN00069,snow_goose,14.34129,13.035467
SA02510,sandhill_crane,15.950087,3.450772
SA08625,sandhill_crane,11.702639,2.749254
SA01029,sandhill_crane,6.794977,5.253038
SN08893,snow_goose,5.877731,9.177711
SA04886,sandhill_crane,8.198898,3.119631
SN06898,snow_goose,13.500113,1.86895
SA02531,sandhill_crane,13.749827,12.432296
SN06799,snow_goose,9.369712,3.031525
SN08583,snow_goose,12.312196,2.479182
SA04795,sandhill_crane,2.668029,5.233212
SA08128,sandhill_crane,9.537701,1.784875
SA03411,sandhill_crane,13.989671,12.479936
SN04154,snow_goose,12.650276,10.579272
SA09523,sandhill_crane,5.967409,4.894458
SA00951,sandhill_crane,9.051403,1.397225
SA04984,sandhill_crane,8.624617,2.249215
SN06928,snow_goose,12.231056,2.886363
SA08217,sandhill_crane,8.793245,1.2383
SA02539,sandhill_crane,14.633183,13.404529
SA09297,sandhill_crane,13.964685,13.015775
SA00721,sandhill_crane,12.252201,2.919538
SA01010,sandhill_crane,9.682903,2.312473
SA02100,sandhill_crane,8.520988,1.81896
SN01748,snow_goose,13.458721,12.423092
SN08103,snow_goose,2.206656,5.01125
SA00948,sandhill_crane,13.227883,13.026007
SA08430,sandhill_crane,12.021407,2.290092
SN09122,snow_goose,16.412482,3.13491
SN09034,snow_goose,2.39903,3.33856
SA09314,sandhill_crane,3.161462,4.757345
SA08610,sandhill_crane,12.687157,2.288281
SN03365,snow_goose,1.704991,5.032422
SA08918,sandhill_crane,16.125926,2.276523
SN04610,snow_goose,5.196985,9.758694
SN09271,snow_goose,1.606392,4.721302
SA00485,sandhill_crane,5.035786,9.730211
SA05148,sandhill_crane,8.480258,2.288115
SN04803,snow_goose,4.967868,10.108523
SN01696,snow_goose,5.340227,11.27305
SN00168,snow_goose,15.899386,3.474868
SA05432,sandhill_crane,16.798584,2.687532
SA02508,sandhill_crane,1.621848,4.907441
SN01244,snow_goose,16.708588,3.119534
SN07239,snow_goose,2.431129,4.599393
SN01727,snow_goose,2.088227,5.817541
SN01612,snow_goose,12.429373,2.900263
SN08575,snow_goose,8.353823,2.622369
SA03987,sandhill_crane,15.656854,3.046117
SA03049,sandhill_crane,5.907826,9.408123
SA00296,sandhill_crane,11.960808,2.382467
SA05377,sandhill_crane,14.376566,12.88963
SN02264,snow_goose,3.34067,4.944983
SA05150,sandhill_crane,5.781375,10.29091
SA00606,sandhill_crane,6.399542,5.556314
SA09642,sandhill_crane,5.96611,9.698115
SN06179,snow_goose,5.326461,10.232552
SN05297,snow_goose,12.392889,2.224153
SA01604,sandhill_crane,12.716821,3.686182
SA01436,sandhill_crane,9.276682,2.165168
SN06942,snow_goose,2.383455,5.372668
SA09154,sandhill_crane,5.481852,9.890925
SN01148,snow_goose,6.502018,10.163799
SN03335,snow_goose,2.246453,4.682318
SN06903,snow_goose,13.366143,12.521371
SA06550,sandhill_crane,11.699436,11.104365
SN08605,snow_goose,15.967601,4.117964
SA09749,sandhill_crane,5.106088,10.037585
SA00452,sandhill_crane,6.72191,5.125374
SN04704,snow_goose,6.425091,5.538805
SN02414,snow_goose,9.019679,3.179782
SN04080,snow_goose,6.552468,5.166852
SN05314,snow_goose,13.606366,12.287941
SA00737,sandhill_crane,16.601015,3.704931
SA06424,sandhill_crane,6.336106,5.700763
SA05501,sandhill_crane,16.521036,3.986231
SA02825,sandhill_crane,12.212024,11.220076
SA02854,sandhill_crane,13.010255,11.690974
SA08627,sandhill_crane,6.330908,5.159738
SN00072,snow_goose,16.149628,3.323271
SA06861,sandhill_crane,12.179488,2.247678
SA02479,sandhill_crane,2.25426,6.088227
SA08059,sandhill_crane,11.837287,11.135211
SN07096,snow_goose,13.836104,11.751274
SA06267,sandhill_crane,13.885011,12.97774
SN08793,snow_goose,4.915769,10.057526
SN05926,snow_goose,16.138789,3.416751
SA05054,sandhill_crane,15.929553,3.452622
SN07398,snow_goose,8.96059,1.357156
SN06178,snow_goose,5.440999,10.011884
SN00535,snow_goose,5.399799,9.097678
SN01201,snow_goose,8.636402,2.21968
SA05378,sandhill_crane,9.148806,1.534967
SA05236,sandhill_crane,8.555494,3.389162
SA03126,sandhill_crane,1.796704,5.001369
SN00330,snow_goose,12.65868,2.540911
SN09443,snow_goose,12.333325,2.300952
SN02841,snow_goose,12.857714,10.981634
SN05307,snow_goose,4.761772,10.341344
SA07795,sandhill_crane,2.526297,5.642567
SA02679,sandhill_crane,12.658601,1.905738
SN07034,snow_goose,12.851933,2.119923
SA02471,sandhill_crane,1.792513,4.32131
SA07930,sandhill_crane,11.298425,2.705864
SN00998,snow_goose,12.503659,2.601708
SA01099,sandhill_crane,9.117149,2.636805
SA09628,sandhill_crane,9.774573,2.324201
SN02060,snow_goose,8.974971,2.278326
SN09274,snow_goose,13.165782,9.329881
SN08008,snow_goose,15.566139,3.140844
SA09424,sandhill_crane,5.900685,10.011655
SA07308,sandhill_crane,8.628375,2.574971
SN00966,snow_goose,16.840527,3.46222
SA04945,sandhill_crane,1.865633,5.410236
SN04952,snow_goose,1.612145,5.530725
SN03176,snow_goose,7.015191,6.387856
SA05310,sandhill_crane,1.566248,5.589149
SN09782,snow_goose,16.217676,3.784707
SN06518,snow_goose,13.376541,13.339039
SN09741,snow_goose,12.169599,9.755299
SN05706,snow_goose,14.073652,13.547281
SA01978,sandhill_crane,15.884123,3.193302
SN08788,snow_goose,8.600166,3.398431
SN08571,snow_goose,12.016,11.168643
SA04993,sandhill_crane,12.133397,10.550483
SA06181,sandhill_crane,16.679418,3.636147
SN07351,snow_goose,6.001595,6.155318
SA05037,sandhill_crane,2.389565,4.872321
SA00922,sandhill_crane,13.563111,12.323347
SA04334,sandhill_crane,16.308833,3.368696
SA04643,sandhill_crane,2.25704,4.474186
SN04352,snow_goose,2.183473,5.002
SN06088,snow_goose,2.160978,4.871566
SN04044,snow_goose,3.943746,5.834931
SN09312,snow_goose,16.879673,3.093184
SA09439,sandhill_crane,12.190055,2.842413
SA00110,sandhill_crane,16.258344,4.498848
SN06565,snow_goose,8.034836,2.258825
SN09795,snow_goose,14.280943,13.027789
SA04861,sandhill_crane,12.100626,2.707484
SN05410,snow_goose,8.087137,2.279814
SA06228,sandhill_crane,5.938717,5.990902
SA04286,sandhill_crane,6.071002,5.171155
SN02226,snow_goose,8.175774,2.212627
SN08972,snow_goose,9.963962,3.434494
SA06269,sandhill_crane,13.20986,12.429434
SA05589,sandhill_crane,12.860787,10.317372
SN02145,snow_goose,12.467086,10.457544
SA06403,sandhill_crane,9.032726,2.908285
SN08340,snow_goose,8.030308,2.051211
SN03103,snow_goose,12.570249,2.707881
SN04258,snow_goose,4.629837,10.63882
SN08600,snow_goose,5.855674,9.329397
SN05108,snow_goose,13.864772,12.376463
SN09836,snow_goose,13.4072,12.430251
SN03911,snow_goose,12.20447,2.122239
SN04096,snow_goose,11.791103,2.424401
SA00934,sandhill_crane,4.842129,10.319656
SA02379,sandhill_crane,2.520889,4.257229
SN03999,snow_goose,14.977525,13.009727
SA00463,sandhill_crane,4.971955,9.538659
SA04030,sandhill_crane,8.883001,1.326024
SN05447,snow_goose,11.469109,11.169271
SN06957,snow_goose,12.111939,2.757593
SN07073,snow_goose,14.16937,12.884097
SN07196,snow_goose,16.151416,3.027395
SN00794,snow_goose,13.237784,12.631047
SA08129,sandhill_crane,3.059716,5.56915
SN01712,snow_goose,6.069544,6.018286
SA02744,sandhill_crane,14.05113,12.905087
SN06141,snow_goose,5.299873,9.985026
SN00082,snow_goose,7.622968,1.523572
SA08872,sandhill_crane,11.500512,10.582399
SA08353,sandhill_crane,12.340285,10.227536
SN00489,snow_goose,12.310534,10.837226
SN06909,snow_goose,12.251861,10.560617
SN01480,snow_goose,5.681903,9.580687
SN07437,snow_goose,10.247156,2.834602
SA06255,sandhill_crane,12.164688,2.193717
SN09748,snow_goose,13.124126,10.531624
SN08703,snow_goose,16.566355,3.98175
SA09539,sandhill_crane,7.570167,2.952125
SA04937,sandhill_crane,8.95701,2.85186
SN08336,snow_goose,2.309445,5.235722
SA07191,sandhill_crane,12.901612,11.136944
SA06614,sandhill_crane,6.547541,4.736156
SN01058,snow_goose,16.724876,2.826505
SN01380,snow_goose,6.068838,4.912216
SA09920,sandhill_crane,13.007702,11.373097
SA02094,sandhill_crane,11.645601,10.732619
SN03229,snow_goose,8.867944,2.248418
SA07282,sandhill_crane,12.225471,10.631019
SN09251,snow_goose,3.455799,5.59561
SA05029,sandhill_crane,1.432414,5.446792
SN05044,snow_goose,2.469876,5.77973
SN03554,snow_goose,2.056181,4.965192
SA04988,sandhill_crane,11.759407,2.286151
SA01579,sandhill_crane,12.620755,11.505239
SA03665,sandhill_crane,5.055078,4.928181
SN08162,snow_goose,13.704209,12.594535
SN04962,snow_goose,2.106808,5.163262
SN01288,snow_goose,13.732758,12.254685
SN03596,snow_goose,13.087755,2.770709
SA01028,sandhill_crane,1.514023,4.897793
SN04397,snow_goose,9.428147,2.181116
SN07230,snow_goose,8.743598,2.131136
SA01069,sandhill_crane,5.295748,9.284826
SA07086,sandhill_crane,13.161877,12.490365
SA08643,sandhill_crane,13.659659,12.833753
SN07693,snow_goose,5.857884,6.01571
SA09574,sandhill_crane,4.93352,11.178068
SN08721,snow_goose,12.264793,1.742478
SA01337,sandhill_crane,15.824395,3.160327
SA03856,sandhill_crane,16.212677,3.515884
SN06736,snow_goose,5.23101,10.431832
SN00675,snow_goose,16.013567,2.656156
SN09541,snow_goose,15.329772,3.225197
SN02764,snow_goose,5.028621,9.715865
SN01267,snow_goose,16.048767,3.889401
SA06116,sandhill_crane,12.889274,10.835124
SN04215,snow_goose,1.962599,5.955498
SA02226,sandhill_crane,14.956457,12.633509
SA06386,sandhill_crane,6.771509,4.906563
SA09045,sandhill_crane,5.536799,6.080267
SA07276,sandhill_crane,13.926002,12.674223
SN09958,snow_goose,5.36646,5.291692
SN09187,snow_goose,6.642331,5.621239
SA00471,sandhill_crane,4.643622,10.182783
SA08008,sandhill_crane,8.615151,2.487909
SN07056,snow_goose,5.412761,9.435767
SN02359,snow_goose,5.374479,10.173461
SA01186,sandhill_crane,9.332715,2.010464
SN08669,snow_goose,2.307905,4.3179
SA08529,sandhill_crane,8.856257,1.517285
SN02291,snow_goose,5.240366,9.813039
SN07422,snow_goose,12.560424,2.813103
SN03655,snow_goose,12.351976,3.074143
SA04511,sandhill_crane,11.716609,10.845766
SA02836,sandhill_crane,16.509159,2.612145
SA06132,sandhill_crane,12.106853,1.974026
SA08429,sandhill_crane,12.418212,2.737771
SN06814,snow_goose,5.666701,9.520735
SN01579,snow_goose,13.376717,1.980592
SN05022,snow_goose,5.980491,10.257005
SN05914,snow_goose,5.970546,9.363309
SN07857,snow_goose,15.608532,4.215754
SN03090,snow_goose,2.518323,4.453717
SA00391,sandhill_crane,8.854041,2.043196
SN05820,snow_goose,14.579401,11.976409
SN01514,snow_goose,13.122048,12.684122
SA05667,sandhill_crane,12.284671,11.312438
SN00089,snow_goose,12.669857,2.687765
SN08672,snow_goose,11.66327,2.214171
SN03373,snow_goose,11.690751,11.086049
SN04731,snow_goose,2.157886,6.133851
SN04609,snow_goose,12.769601,10.612837
SN05326,snow_goose,8.342391,1.939343
SN07445,snow_goose,6.485213,5.290305
SN09687,snow_goose,8.413886,2.79676
SA06300,sandhill_crane,14.254995,12.624857
SA05767,sandhill_crane,12.053725,11.186574
SN07424,snow_goose,6.128839,5.852422
SN04828,snow_goose,6.278657,4.778307
SA05762,sandhill_crane,15.383311,3.653508
SA03617,sandhill_crane,6.007855,5.591652
SN04957,snow_goose,1.876939,5.590805
SA02137,sandhill_crane,5.560183,5.466198
SA06948,sandhill_crane,12.816469,1.741813
SA00820,sandhill_crane,8.894207,2.594256
SN05343,snow_goose,9.706422,3.126916
SN05095,snow_goose,6.259461,4.846816
SA09674,sandhill_crane,11.448241,10.349278
SN03301,snow_goose,2.901515,5.710317
SN07156,snow_goose,13.037377,10.732918
SA09422,sandhill_crane,8.97069,2.36665
SN09707,snow_goose,5.468486,6.192939
SN01735,snow_goose,2.987764,4.381528
SA07826,sandhill_crane,13.684937,12.386937
SA02294,sandhill_crane,11.663683,11.509207
SN06506,snow_goose,11.435969,10.654663
SN03742,snow_goose,1.479731,4.860843
SA01936,sandhill_crane,8.724709,3.263035
SA01118,sandhill_crane,5.995839,6.212652
SA03265,sandhill_crane,12.592109,11.460372
SA03004,sandhill_crane,12.246102,10.736122
SA08133,sandhill_crane,13.971992,13.141914
SN07969,snow_goose,16.421031,2.765794
SN08727,snow_goose,2.537417,4.623962
SA01431,sandhill_crane,12.815076,10.444075
SN02155,snow_goose,17.40163,2.644222
SA05290,sandhill_crane,5.313931,9.703143
SN09478,snow_goose,6.91018,5.510843
SN05958,snow_goose,16.697807,3.418059
SA00200,sandhill_crane,2.192198,5.458859
SA00385,sandhill_crane,13.848024,12.978125
SA09645,sandhill_crane,5.604264,9.657309
SA08135,sandhill_crane,5.361215,9.493268
SA05587,sandhill_crane,16.04823,3.591869
SA08180,sandhill_crane,12.453436,2.267326
SA01258,sandhill_crane,12.63415,1.919123
SA00658,sandhill_crane,8.840536,2.340698
SA08724,sandhill_crane,16.475287,4.279419
SA02584,sandhill_crane,2.241999,5.25422
SA02142,sandhill_crane,6.881867,5.994525
SN08776,snow_goose,6.306464,5.271946
SA06385,sandhill_crane,2.208465,4.763264
SN05239,snow_goose,6.565604,6.221601
SA01686,sandhill_crane,5.182763,11.20301
SN05329,snow_goose,15.751526,3.514068
SA01507,sandhill_crane,12.800581,13.125093
SN02230,snow_goose,12.786172,2.88321
SN01947,snow_goose,13.348826,13.273447
SN03049,snow_goose,9.221055,2.119719
SN07110,snow_goose,13.23124,11.53258
SN01872,snow_goose,12.67952,2.558621
SA00251,sandhill_crane,11.53448,2.169913
SA04933,sandhill_crane,12.267704,10.585175
SN09861,snow_goose,5.856242,9.879834
SN05855,snow_goose,12.707191,10.810032
SN00508,snow_goose,13.945168,12.25336
SA05405,sandhill_crane,9.221629,2.039062
SA05303,sandhill_crane,12.612494,11.1228
SA05062,sandhill_crane,2.376361,5.10646
SN07305,snow_goose,12.726268,10.542208
SA05675,sandhill_crane,2.83177,5.036167
SN06339,snow_goose,6.60383,4.754584
SN00517,snow_goose,6.148671,10.763992
SA07352,sandhill_crane,15.425379,3.034979
SA02726,sandhill_crane,5.124487,10.272661
SN02967,snow_goose,2.680631,5.14566
SN04365,snow_goose,13.994844,12.846288
SA00072,sandhill_crane,9.007736,1.343498
SN05781,snow_goose,12.36513,2.054102
SN04711,snow_goose,15.910639,3.284445
SN02797,snow_goose,15.939184,4.32
SN05664,snow_goose,14.240303,12.709439
SN01639,snow_goose,6.128856,5.727528
SA02018,sandhill_crane,8.909465,2.0546
SN06749,snow_goose,2.583825,4.889625
SA08471,sandhill_crane,9.425018,1.650279
SN06206,snow_goose,8.520448,2.877486
SA01483,sandhill_crane,6.763963,5.644067
SN00635,snow_goose,12.404177,2.324617
SA07215,sandhill_crane,5.876067,5.417164
SA00065,sandhill_crane,12.301049,2.206159
SN09978,snow_goose,6.362713,6.473882
SA09004,sandhill_crane,4.786588,10.1169
SA02898,sandhill_crane,16.189719,2.928695
SN03767,snow_goose,14.030114,13.157861
SN06074,snow_goose,12.859562,2.576894
SA03595,sandhill_crane,13.648548,12.051361
SN09352,snow_goose,12.655194,9.698969
SN09697,snow_goose,14.281831,13.53324
SA07869,sandhill_crane,12.139186,1.629251
SN02867,snow_goose,6.961005,5.856445
SN07314,snow_goose,12.340396,10.603714
SA00983,sandhill_crane,14.072323,12.807214
SA02933,sandhill_crane,5.019257,10.052053
SN01559,snow_goose,8.648723,2.509862
SN07716,snow_goose,2.523764,4.899399
SA05351,sandhill_crane,12.100442,10.401855
SN09883,snow_goose,11.7564,2.057887
SN07894,snow_goose,13.082299,12.676036
SN05717,snow_goose,15.430786,3.504395
SN03113,snow_goose,7.860366,2.663809
SN04822,snow_goose,14.006806,12.86529
SN09215,snow_goose,16.959541,4.051756
SA02745,sandhill_crane,5.673143,6.16424
SN07226,snow_goose,15.761879,3.350017
SA02897,sandhill_crane,9.048117,1.911627
SA07278,sandhill_crane,7.373419,4.842768
SN05927,snow_goose,3.061845,5.08068
SA06564,sandhill_crane,5.308793,10.287688
SN04688,snow_goose,12.400473,10.752546
SA09527,sandhill_crane,16.203847,2.394396
SN02152,snow_goose,2.087824,5.551023
SA01891,sandhill_crane,6.40401,5.945422
SN04403,snow_goose,15.925685,2.966382
SA03371,sandhill_crane,11.98088,10.608971
SN02281,snow_goose,6.465799,5.440338
SN01173,snow_goose,14.142816,12.086038
SA05737,sandhill_crane,16.679917,2.693474
SN05213,snow_goose,14.316446,12.40448
SN05088,snow_goose,6.154829,5.245189
SN08136,snow_goose,9.754387,2.906687
SA05575,sandhill_crane,5.438619,10.398494
SN08331,snow_goose,5.455333,9.803851
SN03136,snow_goose,12.752756,2.36819
SN08014,snow_goose,8.488804,2.867348
SN02575,snow_goose,12.102016,2.308785
SN08231,snow_goose,5.561561,10.703164
SN01355,snow_goose,14.126989,13.035712
SN04164,snow_goose,2.836293,5.637399
SN07972,snow_goose,12.693561,12.073977
SN03240,snow_goose,5.58993,9.82777
SA06492,sandhill_crane,14.549101,2.370227
SN00662,snow_goose,13.799252,12.261044
SN01411,snow_goose,14.18933,12.774304
SN06996,snow_goose,5.911,9.37063
SA06308,sandhill_crane,6.537011,6.077403
SN09105,snow_goose,15.460135,3.057449
SA06934,sandhill_crane,12.228729,2.463617
SN03896,snow_goose,16.484911,3.390634
SN08688,snow_goose,13.328546,11.394734
SA07021,sandhill_crane,7.870773,2.69663
SA07128,sandhill_crane,3.532393,4.539188
SA01584,sandhill_crane,12.400421,3.20856
SA03350,sandhill_crane,14.360499,13.350723
SN02745,snow_goose,16.920334,3.485065
SA05785,sandhill_crane,15.845453,3.715481
SN05749,snow_goose,8.76752,3.77333
SN09614,snow_goose,8.857879,2.204024
SN09483,snow_goose,16.381978,3.471058
SA09189,sandhill_crane,5.967509,9.900462
SN02611,snow_goose,5.784043,10.729991
SA07903,sandhill_crane,12.335044,10.75508
SA01390,sandhill_crane,14.053512,11.977812
SA01340,sandhill_crane,8.672607,3.224723
SN05637,snow_goose,3.637017,6.002648
SN01629,snow_goose,12.321991,11.025413
SN07860,snow_goose,2.474941,6.244573
SA09204,sandhill_crane,2.026828,5.06037
SN05814,snow_goose,7.110853,5.958433
SN02907,snow_goose,15.583707,3.59171
SA04447,sandhill_crane,8.632809,3.058964
SN01307,snow_goose,2.571598,5.202276
SN07934,snow_goose,5.810857,9.741665
SA09619,sandhill_crane,5.920051,10.074051
SA08739,sandhill_crane,5.630581,9.995325
SA08472,sandhill_crane,6.833061,5.253637
SN07520,snow_goose,6.45801,5.615274
SA01782,sandhill_crane,2.299973,4.999914
SA02533,sandhill_crane,15.814864,3.454896
SA05091,sandhill_crane,12.39305,10.944387
SA02192,sandhill_crane,4.708043,9.924539
SN05761,snow_goose,2.167851,5.389696
SN00700,snow_goose,16.493011,3.962135
SN06193,snow_goose,2.970192,5.85602
SA07264,sandhill_crane,6.17618,5.924198
SA06837,sandhill_crane,16.347464,3.460155
SN00181,snow_goose,12.25644,10.203492
SN06608,snow_goose,2.475166,4.221274
SN09190,snow_goose,16.245291,3.316194
SA01794,sandhill_crane,13.736024,11.51945
SN09373,snow_goose,2.350495,5.004079
SN00709,snow_goose,7.285666,4.882881
SA04600,sandhill_crane,9.029294,3.066015
SN06580,snow_goose,13.747615,12.857527
SN03652,snow_goose,9.094473,1.743809
SN00388,snow_goose,6.824489,5.072438
SN07167,snow_goose,12.246476,2.909305
SA08455,sandhill_crane,12.001818,11.410066
SN03397,snow_goose,2.899649,5.410056
SA05971,sandhill_crane,12.530279,10.847877
SA01945,sandhill_crane,5.495949,9.658743
SN02022,snow_goose,17.131701,2.923316
SN06627,snow_goose,6.898182,4.967169
SN09780,snow_goose,16.576462,3.895333
SN04652,snow_goose,8.578074,2.17945
SA04009,sandhill_crane,2.329627,4.798218
SN07815,snow_goose,13.349939,13.749614
SA07931,sandhill_crane,8.755121,1.902615
SN06983,snow_goose,11.744963,2.56288
SN01422,snow_goose,12.489314,2.658787
SN04967,snow_goose,6.453291,6.634682
SN08121,snow_goose,6.276213,5.288157
SN01147,snow_goose,2.256117,5.247259
SA09635,sandhill_crane,6.286479,5.454002
SN02408,snow_goose,17.714219,3.455595
SA02120,sandhill_crane,5.587015,10.297077
SA01292,sandhill_crane,11.911666,2.904895
SA01399,sandhill_crane,12.930145,12.502133
SN05210,snow_goose,16.882542,3.158774
SN00026,snow_goose,5.896238,6.017223
SN00130,snow_goose,11.743504,10.168607
SA04985,sandhill_crane,2.424267,6.271083
SA07594,sandhill_crane,6.202291,5.512838
SN07550,snow_goose,8.568303,2.316586
SA08428,sandhill_crane,7.019693,6.400097
SN06149,snow_goose,9.246011,2.683466
SA04761,sandhill_crane,16.006283,3.386567
SN06303,snow_goose,12.032118,1.727039
SN00091,snow_goose,13.529723,12.531468
SA07850,sandhill_crane,12.50509,1.793964
SN08608,snow_goose,12.515053,3.205752
SN04895,snow_goose,8.505015,2.63786
SA09800,sandhill_crane,2.48252,5.722295
SA01062,sandhill_crane,4.308336,10.432812
SN05930,snow_goose,5.999824,10.671906
SN04946,snow_goose,14.27396,13.071285
SN04834,snow_goose,6.652626,5.720128
SN02704,snow_goose,5.428627,8.911315
SA02311,sandhill_crane,11.973255,11.722166
SN03032,snow_goose,1.967495,5.881843
SN01819,snow_goose,1.887726,4.909391
SN02939,snow_goose,2.073736,5.648012
SA06256,sandhill_crane,17.010826,4.035379
SA01678,sandhill_crane,5.472353,10.624349
SN00505,snow_goose,13.310002,10.703378
SA03510,sandhill_crane,16.461298,2.843357
SN06517,snow_goose,8.090473,1.967237
SN09996,snow_goose,3.499095,6.235363
SA06601,sandhill_crane,12.059603,10.631717
SN02467,snow_goose,6.73759,5.991637
SN02868,snow_goose,5.318021,10.623224
SN04495,snow_goose,5.911906,10.628395
SN00223,snow_goose,8.590612,1.950492
SN04999,snow_goose,13.244225,1.636809
SN07232,snow_goose,6.654167,5.063025
SA05417,sandhill_crane,12.439273,10.028241
SN00725,snow_goose,3.020593,5.537404
SA01837,sandhill_crane,13.038364,12.791368
SN09338,snow_goose,8.703447,2.597693
SN02016,snow_goose,9.189334,2.33056
SN06221,snow_goose,11.789177,2.912224
SN03345,snow_goose,16.538422,3.387856
SA09228,sandhill_crane,7.393456,4.942102
SN00692,snow_goose,11.411433,2.903062
SA04658,sandhill_crane,6.047309,5.329849
SN00959,snow_goose,1.839586,5.93748
SA07868,sandhill_crane,12.764312,10.907708
SA00806,sandhill_crane,7.322659,6.289317
SA08213,sandhill_crane,5.052219,10.826334
SA05901,sandhill_crane,14.22811,11.809259
SN04589,snow_goose,9.305797,2.696059
SA02203,sandhill_crane,14.49722,11.971455
SN02791,snow_goose,14.187796,13.332893
SA04821,sandhill_crane,15.022016,13.244645
SA08169,sandhill_crane,9.488636,2.787101
SN04192,snow_goose,13.973695,12.705145
SN00793,snow_goose,1.913356,5.449867
SN01166,snow_goose,12.622633,1.519004
SN00499,snow_goose,8.751348,2.722128
SA03628,sandhill_crane,12.001047,11.111092
SN08719,snow_goose,12.684807,11.122611
SA08748,sandhill_crane,12.330525,2.797611
SN06950,snow_goose,2.892638,6.1281
SN06253,snow_goose,4.847258,10.169205
SA00278,sandhill_crane,12.89681,10.279305
SN06824,snow_goose,14.459221,13.264198
SA01185,sandhill_crane,15.731703,4.033473
SN09888,snow_goose,8.732638,3.059887
SA02164,sandhill_crane,13.109435,12.200854
SA08906,sandhill_crane,2.340126,4.661817
SA06304,sandhill_crane,12.203853,2.656746
SA07195,sandhill_crane,2.046047,5.889201
SA08256,sandhill_crane,16.625678,3.415545
SA09693,sandhill_crane,6.528563,5.915758
SA02014,sandhill_crane,12.236635,10.272312
SN04348,snow_goose,8.773478,2.584151
SN04409,snow_goose,6.650226,6.475117
SN09330,snow_goose,14.281057,12.658738
SN02133,snow_goose,3.428652,4.689568
SA00970,sandhill_crane,8.28936,3.061087
SA02162,sandhill_crane,9.320972,1.917673
SN06540,snow_goose,5.876588,5.216906
SA09677,sandhill_crane,5.774295,10.206401
SN06038,snow_goose,14.781977,12.151549
SA05903,sandhill_crane,1.576445,5.84298
SA00962,sandhill_crane,6.605133,5.515708
SA08767,sandhill_crane,2.752975,4.587131
SN08266,snow_goose,7.232114,5.710155
SA04970,sandhill_crane,13.967995,12.88878
SN08015,snow_goose,15.983679,2.673553
SA04223,sandhill_crane,5.702641,9.557934
SN06573,snow_goose,8.296812,2.813537
SN00092,snow_goose,11.897519,10.550534
SA09363,sandhill_crane,7.449209,5.373072
SA00222,sandhill_crane,13.513032,12.999113
SA09576,sandhill_crane,15.894902,3.880789
SN07676,snow_goose,13.842844,13.232996
SA01652,sandhill_crane,15.149974,3.813056
SN09381,snow_goose,5.314869,9.875135
SA07221,sandhill_crane,6.556444,5.923434
SA08011,sandhill_crane,13.622409,13.926583
SA01317,sandhill_crane,1.653827,5.182141
SN08220,snow_goose,6.848805,5.233671
SA08791,sandhill_crane,12.778059,2.735667
SN09233,snow_goose,6.676154,5.116829
SA06018,sandhill_crane,2.652051,5.133197
SA01407,sandhill_crane,12.886752,2.098712
SA09871,sandhill_crane,17.092148,5.001573
SA04880,sandhill_crane,13.251496,12.344788
SA05816,sandhill_crane,5.048586,10.210941
SA01582,sandhill_crane,8.760266,2.447706
SN05283,snow_goose,3.045374,5.007746
SA03467,sandhill_crane,12.372548,9.229302
SA05865,sandhill_crane,2.989122,5.225388
SA04079,sandhill_crane,12.838847,2.841041
SA07876,sandhill_crane,15.52741,2.577683
SA02736,sandhill_crane,15.471429,3.441192
SN07991,snow_goose,12.290286,3.537763
SN03621,snow_goose,8.827776,2.857795
SN09808,snow_goose,13.059142,2.739307
SN08655,snow_goose,5.60762,9.716417
SA07259,sandhill_crane,12.731825,3.260477
SA07155,sandhill_crane,7.120131,5.496155
SN08744,snow_goose,16.260417,3.360274
SN08888,snow_goose,13.025647,10.941149
SN04849,snow_goose,6.434327,6.204336
SN06101,snow_goose,13.451531,12.798569
SN05417,snow_goose,14.495013,13.101608
SN01721,snow_goose,5.145469,9.984341
SN08096,snow_goose,7.81073,2.100274
SN07561,snow_goose,5.333839,10.867127
SN08084,snow_goose,12.338574,1.586308
SN08477,snow_goose,4.775077,10.442234
SN07786,snow_goose,9.997049,2.764326
SA06559,sandhill_crane,14.167608,11.532987
SA03764,sandhill_crane,5.315115,10.191671
SN07321,snow_goose,15.053804,12.288918
SA02839,sandhill_crane,13.791727,9.914896
SA06928,sandhill_crane,9.304006,2.90861
SN03964,snow_goose,16.046352,3.577095
SA03014,sandhill_crane,6.810929,6.324461
SN05697,snow_goose,2.23505,5.645669
SA05571,sandhill_crane,12.70035,10.533959
SA04365,sandhill_crane,12.716769,10.713901
SN09521,snow_goose,16.450904,3.039441
SA06393,sandhill_crane,5.198768,9.987682
SN04235,snow_goose,12.145206,10.521691
SA06688,sandhill_crane,11.921007,10.566861
SN00645,snow_goose,12.108249,10.163117
SN03426,snow_goose,14.049464,12.81035
SA01547,sandhill_crane,6.232283,5.125698
SN00309,snow_goose,3.309042,4.996903
SA05644,sandhill_crane,2.465222,5.493255
SA05307,sandhill_crane,2.570738,4.031644
SA05147,sandhill_crane,6.121325,5.708732
SA00979,sandhill_crane,15.676257,2.330255
SN05359,snow_goose,6.947999,5.330949
SA04969,sandhill_crane,13.805469,12.719968
SA03930,sandhill_crane,3.450492,6.212125
SN02547,snow_goose,11.763415,10.881167
SN01707,snow_goose,11.205212,10.942391
SN01222,snow_goose,16.85918,3.22915
SN02233,snow_goose,8.436959,3.215257
SA03465,sandhill_crane,5.603931,9.938599
SA02407,sandhill_crane,7.405802,4.713172
SN09722,snow_goose,5.528754,10.140074
SA01874,sandhill_crane,15.411491,3.506365
SA03035,sandhill_crane,14.036684,12.18053
SN05030,snow_goose,2.10531,4.588422
SA02989,sandhill_crane,11.768871,2.565553
SA00325,sandhill_crane,16.178512,3.968721
SA03415,sandhill_crane,12.208396,3.121903
SN06385,snow_goose,1.670729,4.847441
SN09376,snow_goose,5.673062,4.627817
SA06466,sandhill_crane,14.620318,12.250442
SA03935,sandhill_crane,5.712359,9.778166
SN05960,snow_goose,6.809925,6.123055
SN05105,snow_goose,1.915059,5.654243
SN03223,snow_goose,11.58803,10.358401
SA06162,sandhill_crane,2.987337,5.551862
SA04470,sandhill_crane,8.294873,2.412206
SA03262,sandhill_crane,5.17833,9.819868
SN09766,snow_goose,13.242271,13.189206
SN00739,snow_goose,2.356028,5.59789
SN00303,snow_goose,16.694869,3.850613
SA05932,sandhill_crane,12.093151,2.814809
SA00713,sandhill_crane,12.669547,10.497823
SA03073,sandhill_crane,5.97009,10.125684
SN07892,snow_goose,15.927292,3.004877
SA01236,sandhill_crane,16.470144,2.929378
SA08920,sandhill_crane,2.105764,4.853969
SN08799,snow_goose,5.269021,10.085443
SN01457,snow_goose,2.086381,6.011463
SN01301,snow_goose,13.858913,13.423555
SN01880,snow_goose,6.442169,6.085455
SA09002,sandhill_crane,16.550121,3.320737
SN02956,snow_goose,6.402935,5.650568
SA05092,sandhill_crane,2.014751,5.84314
SN05900,snow_goose,15.523039,3.028113
SN03018,snow_goose,2.563935,5.605506
SN08385,snow_goose,1.985748,5.976168
SA08457,sandhill_crane,14.438545,12.785471
SN05773,snow_goose,13.269825,12.210411
SN04901,snow_goose,3.093367,6.188089
SA00123,sandhill_crane,5.978348,5.161459
SA07296,sandhill_crane,17.009313,3.33576
SA00287,sandhill_crane,2.555993,4.316718
SN01091,snow_goose,14.000866,13.081212
SN07688,snow_goose,7.019121,6.190192
SN07236,snow_goose,5.19357,10.340161
SN07477,snow_goose,8.372735,2.713913
SA04989,sandhill_crane,2.415966,4.761327
SN09294,snow_goose,14.214828,12.698756
SA02021,sandhill_crane,16.755169,3.193551
SN08100,snow_goose,6.889387,5.124535
SN07764,snow_goose,5.254882,9.791121
SN09358,snow_goose,1.987193,5.673295
SN04315,snow_goose,11.956608,2.052905
SA06329,sandhill_crane,12.362313,10.966718
SN00556,snow_goose,2.272323,5.181328
SA03278,sandhill_crane,14.639307,12.845028
SA04171,sandhill_crane,6.824712,5.261646
SN07025,snow_goose,2.525954,4.333778
SN04735,snow_goose,6.870185,5.497368
SN09701,snow_goose,12.362741,9.818607
SA09243,sandhill_crane,5.826123,9.421174
SA09311,sandhill_crane,11.559317,11.535734
SA05428,sandhill_crane,11.941119,1.441273
SA09541,sandhill_crane,11.790025,10.443973
SA06554,sandhill_crane,12.350615,2.927913
SA00750,sandhill_crane,11.840559,10.016558
SN07874,snow_goose,11.808094,2.2344
SA05231,sandhill_crane,5.939003,10.083517
SA07894,sandhill_crane,2.584515,5.041411
SA02766,sandhill_crane,6.154205,9.742251
SN01825,snow_goose,5.750938,6.304813
SN07396,snow_goose,5.051577,10.758452
SA05840,sandhill_crane,2.312504,5.377966
SN00034,snow_goose,11.760115,2.062925
SA02740,sandhill_crane,11.745106,10.40048
SN07709,snow_goose,12.417464,10.100285
SA05284,sandhill_crane,13.550913,12.21444
SN05768,snow_goose,8.858409,2.979766
SA03532,sandhill_crane,14.130726,12.880339
SN06713,snow_goose,8.754386,2.259044
SA05085,sandhill_crane,12.427449,10.985504
SN02198,snow_goose,13.610547,12.927428
SN04432,snow_goose,12.650327,11.205784
SA03019,sandhill_crane,13.504497,13.253497
SN04671,snow_goose,9.417757,2.037454
SN05559,snow_goose,13.076684,13.151104
SA09634,sandhill_crane,13.664922,12.09561
SN09798,snow_goose,1.863619,4.255562
SN04017,snow_goose,8.777184,1.855731
SN08930,snow_goose,5.844208,4.509031
SA00282,sandhill_crane,12.858544,11.315221
SA04004,sandhill_crane,16.325629,3.394675
SN00521,snow_goose,15.600111,4.370303
SN02948,snow_goose,6.83193,5.740875
SA02961,sandhill_crane,9.158288,1.127673
SN09337,snow_goose,12.488808,3.336396
SA09997,sandhill_crane,15.936897,3.697231
SN08679,snow_goose,16.608918,3.097971
SN08416,snow_goose,7.456163,5.686373
SA03911,sandhill_crane,8.833539,2.420116
SA09456,sandhill_crane,5.572424,10.187619
SA00101,sandhill_crane,12.906444,12.933735
SN00980,snow_goose,12.411968,2.798557
SA05900,sandhill_crane,12.657323,11.485416
SA04027,sandhill_crane,12.914825,1.807758
SN03746,snow_goose,12.379214,2.936053
SA01278,sandhill_crane,12.299848,2.526908
SN08814,snow_goose,12.076249,11.655347
SN04481,snow_goose,9.224999,2.001022
SA08931,sandhill_crane,5.788909,5.522882
SA03085,sandhill_crane,8.184281,2.668423
SN08642,snow_goose,12.760132,10.372445
SN07589,snow_goose,6.166854,10.085364
SA00143,sandhill_crane,13.083969,2.919524
SN00274,snow_goose,3.097643,4.981906
SA05021,sandhill_crane,8.654437,2.300678
SN08775,snow_goose,12.13353,2.418095
SA08721,sandhill_crane,13.310348,13.037979
SA03732,sandhill_crane,12.125007,10.494303
SN02588,snow_goose,8.468595,2.088686
SA06043,sandhill_crane,5.69813,4.959112
SA08173,sandhill_crane,14.032645,12.460482
SN01636,snow_goose,16.544855,3.476721
SN05456,snow_goose,13.85125,13.018594
SN07299,snow_goose,1.78004,5.728228
SA03925,sandhill_crane,8.697717,2.630971
SA04232,sandhill_crane,12.677388,1.450752
SA02368,sandhill_crane,13.34298,13.650369
SA09858,sandhill_crane,5.555416,10.642331
SN02957,snow_goose,2.61156,5.437806
SN06990,snow_goose,12.165866,10.350609
SN01538,snow_goose,13.424476,13.512286
SN07270,snow_goose,1.943702,4.713304
SN07389,snow_goose,2.553143,5.815978
SN05077,snow_goose,1.688652,4.838307
SA01511,sandhill_crane,12.680957,3.087148
SN07121,snow_goose,6.039171,5.473602
SN07578,snow_goose,12.438914,10.490002
SN02404,snow_goose,5.828893,10.944649
SA06036,sandhill_crane,16.371776,3.854666
SN01917,snow_goose,5.600723,5.250314
SN04758,snow_goose,2.604397,5.900634
SN06663,snow_goose,8.952434,2.937922
SA05578,sandhill_crane,12.082261,1.90342
SN06635,snow_goose,11.930478,1.583322
SA04938,sandhill_crane,15.402484,3.726569
SA03547,sandhill_crane,11.33821,10.750166
SA06001,sandhill_crane,8.979953,2.106918
SN03543,snow_goose,5.120671,10.039485
SN04097,snow_goose,12.068351,10.447403
SN05695,snow_goose,12.111267,11.297497
SA08007,sandhill_crane,16.655253,2.837923
SA02145,sandhill_crane,8.18463,2.619738
SA02453,sandhill_crane,12.846484,10.936333
SA06979,sandhill_crane,11.6117,2.353138
SN05599,snow_goose,16.810907,3.542563
SA07638,sandhill_crane,1.609528,5.449879
SN03332,snow_goose,16.442086,3.413688
SN04771,snow_goose,6.104909,6.028439
SN08223,snow_goose,11.29918,2.349952
SA09096,sandhill_crane,4.703548,10.787143
SN00943,snow_goose,13.698591,13.363931
SN06842,snow_goose,6.03045,10.225946
SA06531,sandhill_crane,16.088764,3.69863
SN05485,snow_goose,12.289824,2.223141
SA03750,sandhill_crane,2.861498,5.636031
SN09228,snow_goose,13.495203,13.031559
SA07902,sandhill_crane,5.697007,6.057364
SA05224,sandhill_crane,11.589217,2.346129
SN08723,snow_goose,5.494232,10.010048
SA01092,sandhill_crane,5.993711,5.904929
SN02109,snow_goose,13.692999,12.711531
SN07826,snow_goose,11.749336,9.796224
SN03541,snow_goose,5.220883,9.968129
SN05925,snow_goose,2.44024,5.615832
SA00620,sandhill_crane,6.255687,5.389192
SA01068,sandhill_crane,16.497348,2.806544
SN04893,snow_goose,13.554992,12.171187
SA03220,sandhill_crane,1.835267,6.130551
SN03963,snow_goose,13.490146,12.862512
SN04728,snow_goose,5.927913,5.25932
SA08588,sandhill_crane,13.210121,12.385553
SN04346,snow_goose,8.643424,2.604943
SN03551,snow_goose,6.022846,6.088028
SN02695,snow_goose,2.460665,4.830447
SN07243,snow_goose,13.135531,3.498761
SN00031,snow_goose,9.584718,2.327898
SN09022,snow_goose,2.023687,5.302707
SA06145,sandhill_crane,12.361756,2.876237
SN08821,snow_goose,2.2805,4.644426
SN00247,snow_goose,8.034524,2.770183
SA05596,sandhill_crane,8.584104,2.647358
SN09799,snow_goose,6.036912,11.092853
SN05606,snow_goose,16.616199,3.004864
SA00342,sandhill_crane,12.353783,1.719349
SN03997,snow_goose,2.6964,4.532788
SN05832,snow_goose,12.592206,10.473176
SA03515,sandhill_crane,6.161628,5.029293
SN00166,snow_goose,16.645391,2.800878
SA08620,sandhill_crane,13.571945,12.932238
SN07143,snow_goose,6.213706,5.920091
SN01161,snow_goose,5.928978,10.483668
SA09656,sandhill_crane,16.419244,4.117193
SN05556,snow_goose,13.155307,13.557897
SN09725,snow_goose,8.523653,3.094921
SA06512,sandhill_crane,5.292632,9.934383
SN01405,snow_goose,12.313285,2.774217
SA03102,sandhill_crane,2.15825,4.339467
SA03735,sandhill_crane,13.950257,12.125918
SN06892,snow_goose,5.952548,9.675015
SN02541,snow_goose,2.730467,4.508399
SN03894,snow_goose,6.395039,9.767456
SA05018,sandhill_crane,5.302563,10.47036
SA09935,sandhill_crane,11.8847,2.627623
SA04525,sandhill_crane,7.366191,5.434251
SA04249,sandhill_crane,13.172076,12.465754
SN02718,snow_goose,8.61259,2.01062
SA05686,sandhill_crane,12.432929,10.440289
SN06604,snow_goose,9.303351,3.287302
SN09857,snow_goose,14.0381,13.190384
SN04394,snow_goose,16.502062,2.942952
SA04809,sandhill_crane,12.300942,3.115309
SA07843,sandhill_crane,12.231934,2.570224
SN07556,snow_goose,2.737555,5.113117
SA09236,sandhill_crane,4.974393,9.166495
SA01769,sandhill_crane,13.012312,12.776584
SA04316,sandhill_crane,8.453796,2.408448
SA03668,sandhill_crane,16.237992,3.487358
SA06040,sandhill_crane,13.66549,13.453408
SN09111,snow_goose,2.096837,5.226847
SA00188,sandhill_crane,12.312895,1.832551
SA00696,sandhill_crane,8.34008,3.100872
SN01900,snow_goose,1.864268,5.07042
SA07988,sandhill_crane,13.575314,12.771457
SN01247,snow_goose,11.793259,1.861509
SN04732,snow_goose,12.916564,2.123917
SA01191,sandhill_crane,5.551763,10.244172
SN03977,snow_goose,14.329933,12.289262
SN00771,snow_goose,15.816245,3.329816
SN09216,snow_goose,4.959736,10.641499
SN02716,snow_goose,6.258054,6.530834
SA01526,sandhill_crane,5.837163,5.563916
SA08236,sandhill_crane,13.779896,12.93505
SA07562,sandhill_crane,12.359324,1.833517
SA00037,sandhill_crane,13.975602,12.599478
SA07670,sandhill_crane,5.541978,5.25243
SN02470,snow_goose,8.662099,2.02981
SN06868,snow_goose,12.654182,12.225767
SN03331,snow_goose,5.111779,10.263049
SN03206,snow_goose,6.125896,6.34005
SA05239,sandhill_crane,9.50057,1.809944
SA00068,sandhill_crane,11.959112,11.790624
SN09820,snow_goose,8.963899,2.743067
SN06336,snow_goose,13.92885,12.615834
SA09913,sandhill_crane,15.517164,13.407059
SN09285,snow_goose,12.957243,2.382271
SN00435,snow_goose,13.756626,12.680177
SA08889,sandhill_crane,2.132995,3.884969
SA04100,sandhill_crane,16.214901,3.664361
SN04677,snow_goose,15.152533,3.877223
SN03494,snow_goose,6.224953,9.638628
SA08562,sandhill_crane,6.729638,9.72534
SN09220,snow_goose,8.856748,3.598986
SN05325,snow_goose,8.297265,2.098913
SN07089,snow_goose,2.591952,5.434129
SA00117,sandhill_crane,15.53334,3.543699
SN06502,snow_goose,6.293606,9.722826
SN04862,snow_goose,5.417452,5.967889
SN00192,snow_goose,12.049489,10.593101
SA05336,sandhill_crane,2.991951,5.025908
SA09054,sandhill_crane,15.730577,3.241366
SA08876,sandhill_crane,1.144089,4.470697
SA07625,sandhill_crane,13.746432,12.49208
SA04875,sandhill_crane,16.082635,3.19409
SA03450,sandhill_crane,11.189541,2.460224
SA02409,sandhill_crane,8.576274,2.641161
SA07218,sandhill_crane,13.167,2.778323
SA05879,sandhill_crane,2.294564,4.854633
SN08183,snow_goose,13.97926,12.693466
SN01835,snow_goose,12.487131,10.700096
SN04156,snow_goose,14.266092,12.71307
SN05516,snow_goose,15.219682,12.606993
SN09193,snow_goose,17.358155,3.410221
SA04562,sandhill_crane,16.336015,2.951959
SN04787,snow_goose,14.146881,12.866487
SA02852,sandhill_crane,6.134759,10.192189
SA04481,sandhill_crane,5.88082,10.110764
SA00997,sandhill_crane,12.997037,10.046119
SN02081,snow_goose,4.585046,10.104441
SN01495,snow_goose,7.5346,5.89144
SN04590,snow_goose,6.00057,10.16247
SN01792,snow_goose,12.518671,9.896381
SN00010,snow_goose,7.017028,4.779778
SN05054,snow_goose,5.904231,5.939784
SN08437,snow_goose,8.458666,2.376921
SA08827,sandhill_crane,6.363002,5.295717
SA08919,sandhill_crane,11.920719,1.542855
SA05226,sandhill_crane,6.158365,10.493322
SA04537,sandhill_crane,12.089302,2.355756
SN00037,snow_goose,6.895779,5.867049
SA03854,sandhill_crane,12.037283,10.677577
SA01725,sandhill_crane,13.440808,11.163622
SN02134,snow_goose,9.535225,2.976331
SA08254,sandhill_crane,12.778068,10.732379
SA02643,sandhill_crane,9.636338,2.384553
SA00035,sandhill_crane,5.672928,5.561094
SA04791,sandhill_crane,2.246016,5.84243
SN08729,snow_goose,11.935557,10.399803
SA08371,sandhill_crane,12.942144,12.326634
SN08626,snow_goose,8.404133,2.812471
SN03142,snow_goose,12.183559,2.477429
SN05212,snow_goose,11.782996,10.202217
SA07269,sandhill_crane,14.002404,13.010014
SA07254,sandhill_crane,6.669626,6.250087
SN00926,snow_goose,6.817867,6.207805
SA03243,sandhill_crane,16.053824,3.035357
SA01356,sandhill_crane,5.103319,10.188742
SN07940,snow_goose,13.24473,12.749288
SA07118,sandhill_crane,12.338802,3.352511
SN02568,snow_goose,14.144224,12.246791
SN05794,snow_goose,13.517774,13.227614
SA09902,sandhill_crane,6.713493,5.823851
SA01389,sandhill_crane,7.944216,1.833624
SA04086,sandhill_crane,5.39336,9.575651
SA03514,sandhill_crane,16.306189,3.199358
SN01196,snow_goose,1.93931,4.240103
SN04031,snow_goose,15.448056,3.898957
SN08939,snow_goose,12.386845,10.852671
SN02997,snow_goose,12.469163,10.768909
SA06996,sandhill_crane,13.383311,11.086426
SN03714,snow_goose,5.965163,5.099664
SA03389,sandhill_crane,2.468958,5.017661
SA02455,sandhill_crane,13.592426,12.539902
SA05010,sandhill_crane,5.764207,9.947676
SN05151,snow_goose,4.464616,9.695816
SA03124,sandhill_crane,2.695675,4.75121
SA09762,sandhill_crane,5.958885,5.583184
SA00842,sandhill_crane,5.716225,9.870106
SN02205,snow_goose,12.159169,2.531639
SA06271,sandhill_crane,6.906362,6.395676
SN09567,snow_goose,8.397218,2.941788
SN00076,snow_goose,7.641965,2.782148
SN07705,snow_goose,14.329969,12.271772
SA07751,sandhill_crane,5.057197,10.900633
SA07688,sandhill_crane,16.04402,2.892725
SA06631,sandhill_crane,5.142838,10.253027
SA01784,sandhill_crane,11.926664,2.352959
SN01353,snow_goose,15.713899,2.895265
SN05638,snow_goose,12.797275,3.105615
SA01696,sandhill_crane,11.764107,9.385135
SA07582,sandhill_crane,14.187833,12.421668
SA04422,sandhill_crane,6.395965,5.392387
SA00412,sandhill_crane,5.701957,10.151409
SN08302,snow_goose,8.604077,2.165047
SN04302,snow_goose,16.407537,2.883725
SA01766,sandhill_crane,14.065096,13.414506
SA04428,sandhill_crane,2.381316,5.308489
SA03474,sandhill_crane,5.501871,10.40482
SN00084,snow_goose,6.649463,5.470847
SA08390,sandhill_crane,2.854476,5.603927
SA02263,sandhill_crane,8.408054,2.765144
SN05533,snow_goose,13.929286,13.231919
SN01108,snow_goose,13.191352,13.725843
SA03803,sandhill_crane,5.925477,5.757692
SN03895,snow_goose,3.109553,4.939359
SN04458,snow_goose,16.48816,3.916814
SN09987,snow_goose,9.647769,3.584382
SA06142,sandhill_crane,17.361585,3.441832
SN06117,snow_goose,1.944026,4.264421
SN07023,snow_goose,14.177203,13.63993
SN03623,snow_goose,12.822494,11.230796
SA07970,sandhill_crane,14.074965,14.123167
SA06829,sandhill_crane,6.176697,6.543494
SN05522,snow_goose,6.760403,5.605174
SA06846,sandhill_crane,2.060634,5.527945
SA05946,sandhill_crane,12.896944,10.820766
SN07307,snow_goose,11.882654,10.683273
SA08415,sandhill_crane,8.948681,2.337023
SA02724,sandhill_crane,14.367923,12.683116
SA07675,sandhill_crane,6.071461,9.842423
SN04684,snow_goose,15.873617,3.523432
SN01913,snow_goose,5.483207,9.918471
SN06105,snow_goose,6.262643,9.761967
SA06012,sandhill_crane,16.3002,2.702704
SA06600,sandhill_crane,16.221971,3.665911
SA04097,sandhill_crane,15.906771,3.63311
SA06265,sandhill_crane,15.619755,3.232552
SA06015,sandhill_crane,15.429364,3.106278
SA05444,sandhill_crane,12.101415,2.474461
SA04013,sandhill_crane,17.323755,4.517907
SA08357,sandhill_crane,12.238111,2.04707
SN01363,snow_goose,8.617138,2.687393
SA02346,sandhill_crane,11.795589,2.681218
SA01763,sandhill_crane,12.408315,9.948529
SN08160,snow_goose,15.519746,3.268717
SA01937,sandhill_crane,6.344351,5.994549
SN06767,snow_goose,15.951904,3.188944
SA09074,sandhill_crane,13.855316,12.713992
SA00196,sandhill_crane,8.772572,2.490103
SA03961,sandhill_crane,2.863932,4.231614
SN02272,snow_goose,14.234809,13.708948
SA01625,sandhill_crane,12.154337,12.743753
SA08499,sandhill_crane,12.550865,11.089268
SN06963,snow_goose,12.416247,2.405322
SN04995,snow_goose,15.924829,3.346814
SN05769,snow_goose,14.500626,12.430827
SN03007,snow_goose,13.225145,13.044923
SA01018,sandhill_crane,14.301482,13.424848
SN01281,snow_goose,12.237112,10.485564
SA08712,sandhill_crane,6.137544,5.061373
SN01268,snow_goose,8.650738,2.207186
SA05893,sandhill_crane,8.914602,3.015051
SN04238,snow_goose,6.54956,5.867887
SA07978,sandhill_crane,2.075216,5.386529
SN07329,snow_goose,8.377067,2.945231
SA00799,sandhill_crane,1.96072,4.456467
SN04953,snow_goose,12.007863,2.372945
SN01904,snow_goose,7.140301,5.645672
SN08334,snow_goose,16.102676,3.655128
SA04667,sandhill_crane,6.813796,5.211329
SA07142,sandhill_crane,14.079711,12.071569
SA04358,sandhill_crane,12.455085,2.421478
SA09020,sandhill_crane,16.281414,3.977046
SA04884,sandhill_crane,5.824043,9.579374
SN01507,snow_goose,6.69202,5.786644
SN06827,snow_goose,16.075938,3.420029
SN09036,snow_goose,2.611176,5.137807
SA07388,sandhill_crane,8.301532,2.228556
SN00631,snow_goose,12.197957,10.33942
SN01820,snow_goose,11.894331,10.788704
SA01695,sandhill_crane,13.795704,13.452139
SN01874,snow_goose,13.189104,10.939817
SA09820,sandhill_crane,8.639103,1.897871
SA06879,sandhill_crane,9.130046,1.97232
SA05723,sandhill_crane,12.031382,1.994117
SN06770,snow_goose,9.305083,2.814966
SN07910,snow_goose,5.830671,5.538803
SA05397,sandhill_crane,8.314674,2.168098
SN02705,snow_goose,6.166281,5.456025
SA04998,sandhill_crane,8.932671,3.341218
SA07738,sandhill_crane,5.015049,11.348052
SN06079,snow_goose,6.250524,4.968077
SN04051,snow_goose,12.114422,11.437986
SA00657,sandhill_crane,11.799933,2.543715
SN05018,snow_goose,16.452402,2.975873
SA05237,sandhill_crane,16.587044,4.268131
SA08678,sandhill_crane,4.918723,10.51258
SN06733,snow_goose,8.642138,2.725999
SN02785,snow_goose,5.636919,5.430881
SN00648,snow_goose,7.120109,5.719069
SN09457,snow_goose,14.246982,13.084267
SN02390,snow_goose,9.528611,2.376702
SA01578,sandhill_crane,11.835217,2.640121
SN09021,snow_goose,8.989309,1.602242
SN06391,snow_goose,6.345056,5.58052
SN03414,snow_goose,2.123476,5.536733
SN07407,snow_goose,12.029118,10.48602
SA09508,sandhill_crane,16.005402,3.209091
SN08332,snow_goose,8.671475,2.025026
SA01583,sandhill_crane,9.445761,1.823048
SA04224,sandhill_crane,13.160709,10.146816
SA03754,sandhill_crane,16.361083,3.1417
SN08873,snow_goose,13.979059,12.088561
SA00431,sandhill_crane,7.232498,5.628126
SA06795,sandhill_crane,5.811968,6.168337
SA09620,sandhill_crane,4.624662,10.592719
SN02079,snow_goose,2.324917,5.385085
SA02732,sandhill_crane,7.114206,6.089036
SA09244,sandhill_crane,8.817132,2.564603
SN03079,snow_goose,13.077338,12.808298
SN00001,snow_goose,15.891529,3.517687
SN01390,snow_goose,12.372086,10.778627
SN09475,snow_goose,8.884383,1.922065
SN06636,snow_goose,16.24674,3.851657
SN04723,snow_goose,12.545198,2.473309
SA09476,sandhill_crane,3.140685,5.908953
SA01133,sandhill_crane,8.818138,2.278063
SN00573,snow_goose,12.064964,1.818705
SN01205,snow_goose,15.384301,3.329808
SN04199,snow_goose,6.709195,6.198917
SN05299,snow_goose,15.763116,3.364105
SN08243,snow_goose,11.366888,2.358176
SN00884,snow_goose,8.723929,2.227568
SN09654,snow_goose,12.121472,11.714378
SN04818,snow_goose,16.571002,2.38874
SN04127,snow_goose,12.582032,11.294674
SN07495,snow_goose,12.04584,10.985806
SN06904,snow_goose,13.284986,12.129238
SN02004,snow_goose,14.212834,11.869016
SA05655,sandhill_crane,8.64556,2.355129
SN00304,snow_goose,4.412704,9.872582
SA07987,sandhill_crane,4.615065,9.588974
SN03578,snow_goose,12.388779,2.846233
SN00167,snow_goose,16.796898,3.921118
SN07772,snow_goose,13.177056,2.900757
SN07447,snow_goose,8.576222,2.779382
SN04328,snow_goose,17.456612,3.006772
SA04959,sandhill_crane,9.197888,2.820586
SN00946,snow_goose,12.773868,10.870501
SA07772,sandhill_crane,14.859183,3.787837
SA00730,sandhill_crane,15.620455,2.288577
SN05386,snow_goose,12.101446,2.273622
SN06174,snow_goose,12.66289,9.640345
SN09355,snow_goose,13.592939,2.050312
SA04899,sandhill_crane,11.777861,10.188779
SA04454,sandhill_crane,14.431666,13.32853
SA03661,sandhill_crane,11.942909,10.264212
SA02615,sandhill_crane,5.871345,5.850554
SA01608,sandhill_crane,16.155068,3.184628
SN06055,snow_goose,1.767615,5.505095
SN09160,snow_goose,13.766824,13.374868
SN06874,snow_goose,16.326497,3.030165
SN08321,snow_goose,11.997582,11.05345
SN03374,snow_goose,9.006624,2.894593
SN00579,snow_goose,8.854371,1.702492
SA02313,sandhill_crane,12.974381,12.808026
SN07202,snow_goose,12.842848,1.624492
SA01486,sandhill_crane,11.457534,10.992855
SN07677,snow_goose,5.299576,8.723406
SN00056,snow_goose,12.600804,10.964601
SN05324,snow_goose,6.275473,5.852121
SA00850,sandhill_crane,8.391512,2.319975
SN08024,snow_goose,12.332435,10.771879
SN07162,snow_goose,12.302982,11.463053
SA02171,sandhill_crane,5.15778,9.412198
SA03460,sandhill_crane,13.459572,12.482043
SN07298,snow_goose,11.887185,1.934266
SA01761,sandhill_crane,13.148611,10.835922
SN06863,snow_goose,13.072048,10.979447
SN02724,snow_goose,4.997849,10.350862
SA07918,sandhill_crane,11.984595,2.078445
SA04115,sandhill_crane,13.211172,10.588878
SN07522,snow_goose,6.421646,5.416724
SN09560,snow_goose,6.166699,5.833279
SA05662,sandhill_crane,12.139845,10.722736
SA02849,sandhill_crane,11.667291,11.320779
SA01101,sandhill_crane,9.201077,3.6064
SN00815,snow_goose,4.838055,9.949922
SN07788,snow_goose,5.836298,5.955827
SA03123,sandhill_crane,2.450284,5.211932
SN09621,snow_goose,6.5794,5.459833
SA08408,sandhill_crane,4.364376,9.570508
SA09782,sandhill_crane,12.825241,2.975099
SA01243,sandhill_crane,16.979065,3.887147
SN09077,snow_goose,5.773216,9.685352
SA02132,sandhill_crane,13.02069,3.490394
SN04975,snow_goose,6.535259,5.183941
SA02111,sandhill_crane,13.085494,13.373723
SN06098,snow_goose,7.241591,6.105517
SN09689,snow_goose,15.666088,3.964332
SN06285,snow_goose,5.476778,9.464287
SA06737,sandhill_crane,13.448689,12.693637
SA06984,sandhill_crane,8.695965,2.671699
SA09081,sandhill_crane,13.057333,9.791266
SA07483,sandhill_crane,2.771372,5.049126
SN06492,snow_goose,6.076483,5.259221
SN09538,snow_goose,5.252469,6.244769
SA09129,sandhill_crane,2.809538,4.660756
SN04709,snow_goose,8.85455,2.019093
SA00402,sandhill_crane,12.070282,2.576288
SN05407,snow_goose,7.919737,2.977425
SN07798,snow_goose,16.003362,3.662792
SA05503,sandhill_crane,12.453479,10.776242
SN01630,snow_goose,13.824313,12.816841
SA09545,sandhill_crane,8.713761,2.443399
SA09787,sandhill_crane,7.6145,3.112625
SN01734,snow_goose,6.158043,10.045375
SA03720,sandhill_crane,16.101878,3.121571
SN01998,snow_goose,5.590967,9.578826
SA02083,sandhill_crane,1.943762,5.675137
SA04077,sandhill_crane,12.278009,2.692742
SA07663,sandhill_crane,5.727888,5.612863
SN06523,snow_goose,5.85309,5.462683
SA05953,sandhill_crane,6.453449,4.698071
SA07840,sandhill_crane,14.07105,12.605274
SA00081,sandhill_crane,3.167537,5.441983
SA02153,sandhill_crane,2.011963,4.896609
SN01986,snow_goose,5.832464,6.152356
SA08123,sandhill_crane,15.403455,3.032741
SA00965,sandhill_crane,9.313437,2.292431
SA09726,sandhill_crane,1.871784,5.18055
SN03420,snow_goose,6.856137,5.827522
SN07635,snow_goose,12.598669,10.475688
SN08957,snow_goose,6.858765,6.151422
SA07183,sandhill_crane,16.77975,4.625379
SA09528,sandhill_crane,3.259108,5.864174
SN00972,snow_goose,2.036187,4.948349
SN00789,snow_goose,9.333295,2.15019
SA09714,sandhill_crane,16.457394,4.043849
SN04427,snow_goose,11.959872,1.78651
SA06183,sandhill_crane,4.664412,10.471828
SN00507,snow_goose,9.508166,1.860768
SA09495,sandhill_crane,8.387268,1.800302
SA07336,sandhill_crane,12.921712,11.355541
SN02593,snow_goose,13.433414,13.445112
SA08049,sandhill_crane,12.809282,10.424658
SN07980,snow_goose,3.190198,5.166088
SA08460,sandhill_crane,16.342559,3.987664
SN01075,snow_goose,11.262565,0.967673
SN09594,snow_goose,5.353471,9.36561
SN01517,snow_goose,2.628098,4.789033
SN09214,snow_goose,3.072715,5.644357
SN08823,snow_goose,16.056054,3.141696
SA00054,sandhill_crane,11.620203,2.27461
SA03507,sandhill_crane,1.830917,5.139036
SN04804,snow_goose,12.144554,2.183346
SA07172,sandhill_crane,6.023904,10.375948
SA01181,sandhill_crane,8.822443,2.788321
SN06137,snow_goose,15.867413,3.283621
SN06048,snow_goose,8.146248,2.468386
SN07924,snow_goose,6.701417,5.915245
SA09755,sandhill_crane,3.550139,5.262899
SA03081,sandhill_crane,5.97941,10.30385
SA03740,sandhill_crane,11.575379,2.666035
SN09436,snow_goose,6.769307,5.481987
SN01767,snow_goose,11.779035,1.923281
SN07325,snow_goose,6.374118,4.910784
SN06275,snow_goose,15.82478,3.310534
SN05046,snow_goose,5.267013,10.314046
SA08524,sandhill_crane,5.455667,10.687968
SN06412,snow_goose,2.403365,5.818206
SA07365,sandhill_crane,6.812505,5.461086
SA09996,sandhill_crane,2.239483,5.649417
SN03861,snow_goose,7.259939,5.430966
SN09030,snow_goose,17.012767,2.474135
SN03425,snow_goose,12.286169,2.305047
SA07013,sandhill_crane,8.745381,2.263333
SN08299,snow_goose,12.730922,10.824357
SA07141,sandhill_crane,12.784344,10.914033
SN09962,snow_goose,4.782805,9.670347
SN07198,snow_goose,8.101718,3.004032
SA00834,sandhill_crane,5.286126,10.579316
SN04147,snow_goose,11.384438,2.048266
SN08846,snow_goose,7.749229,2.53129
SA08880,sandhill_crane,11.524122,2.429068
SA00093,sandhill_crane,12.377823,11.272954
SA08510,sandhill_crane,1.593015,4.526683
SN06002,snow_goose,5.502782,10.9163
SN08372,snow_goose,5.593296,5.378817
SA01976,sandhill_crane,13.751623,12.395947
SN07104,snow_goose,13.776517,13.024575
SN03745,snow_goose,16.091177,3.764659
SN04911,snow_goose,13.977814,12.475983
SA08973,sandhill_crane,13.347325,11.884276
SA00808,sandhill_crane,8.762447,2.853603
SA06427,sandhill_crane,6.001387,10.131765
SN08627,snow_goose,16.595361,4.081797
SN06034,snow_goose,15.89475,3.12113
SN07994,snow_goose,13.518232,12.167686
SN08975,snow_goose,15.889981,3.860908
SA05075,sandhill_crane,6.538739,4.892535
SN09729,snow_goose,12.814854,13.339596
SA06910,sandhill_crane,16.587891,3.50254
SN00445,snow_goose,6.255829,4.986717
SN08011,snow_goose,12.508623,1.510852
SN01884,snow_goose,12.609339,11.154025
SN09809,snow_goose,15.358538,4.061712
SA09670,sandhill_crane,16.135035,2.753041
SN02903,snow_goose,14.001161,13.365543
SA02155,sandhill_crane,6.281375,10.714577
SN09194,snow_goose,8.331167,1.542749
SN00702,snow_goose,6.034408,9.945487
SA07847,sandhill_crane,12.330286,2.166615
SA06883,sandhill_crane,12.400538,11.677878
SN09304,snow_goose,11.553724,1.998814
SN04651,snow_goose,1.419935,5.750517
SN03933,snow_goose,11.941469,10.765579
SN07763,snow_goose,6.241242,5.108095
SN07735,snow_goose,16.224522,2.614456
SN04317,snow_goose,12.639981,12.851074
SN07504,snow_goose,6.002005,5.195196
SA03318,sandhill_crane,11.720105,2.585957
SA09622,sandhill_crane,9.604422,2.610831
SA09742,sandhill_crane,1.540404,5.440226
SN02512,snow_goose,2.791978,4.423759
SN04062,snow_goose,2.590294,4.72032
SN08146,snow_goose,11.768247,3.455936
SA02634,sandhill_crane,4.628739,9.111888
SN06839,snow_goose,12.493981,2.292876
SN06953,snow_goose,16.455161,4.205665
SN07597,snow_goose,12.667682,10.587327
SA05297,sandhill_crane,12.808257,3.046472
SA01479,sandhill_crane,2.722141,5.286892
SN02466,snow_goose,5.967932,10.114917
SA00978,sandhill_crane,13.824298,11.881011
SA06380,sandhill_crane,14.286763,13.542376
SA00090,sandhill_crane,7.205645,5.472534
SN09838,snow_goose,16.170138,4.663135
SA05600,sandhill_crane,12.479923,10.659452
SN00401,snow_goose,11.770585,10.863682
SA06909,sandhill_crane,13.541987,13.216787
SN02582,snow_goose,6.577345,5.166995
SA04691,sandhill_crane,5.120048,11.028122
SA08026,sandhill_crane,6.903154,5.493904
SA03687,sandhill_crane,8.95103,2.08256
SN07432,snow_goose,12.388692,2.519628
SN09902,snow_goose,13.749691,13.180117
SA09319,sandhill_crane,8.677409,2.072171
SN02819,snow_goose,11.761423,3.048636
SA01555,sandhill_crane,15.832356,3.121708
SN02017,snow_goose,14.318066,12.139317
SN05864,snow_goose,8.855368,1.915903
SA00407,sandhill_crane,6.580754,5.368063
SA01748,sandhill_crane,16.387505,2.743883
SN06695,snow_goose,13.534471,12.657875
SA07014,sandhill_crane,2.333927,5.242035
SA01152,sandhill_crane,16.091795,3.185618
SN00766,snow_goose,15.805424,3.557444
SN09203,snow_goose,5.430352,10.461256
SN02522,snow_goose,5.578984,10.606063
SA04726,sandhill_crane,14.388944,12.624713
SN06345,snow_goose,8.788413,1.931731
SN03833,snow_goose,5.057387,10.301646
SN05400,snow_goose,2.277067,5.285677
SN00537,snow_goose,6.164655,6.079815
SA06006,sandhill_crane,14.22908,11.600888
SN05709,snow_goose,5.31427,5.418495
SA09550,sandhill_crane,13.651675,11.817473
SN06020,snow_goose,13.242892,13.685319
SA05119,sandhill_crane,8.918284,2.701105
SN03401,snow_goose,12.311518,2.527872
SN04751,snow_goose,6.340563,6.237144
SA00574,sandhill_crane,8.90786,3.59729
SN04898,snow_goose,2.521429,5.600748
SN01123,snow_goose,9.409625,1.304551
SN03430,snow_goose,4.91709,9.709281
SA09046,sandhill_crane,5.470523,9.503592
SA09565,sandhill_crane,6.605856,5.516107
SN09424,snow_goose,12.166882,11.4133
SA06619,sandhill_crane,3.139393,4.9668
SN06711,snow_goose,11.757331,3.080051
SN01807,snow_goose,5.458069,10.95581
SN01858,snow_goose,6.220301,4.924913
SA07969,sandhill_crane,12.222931,2.322196
SN04160,snow_goose,16.532492,3.370729
SA02563,sandhill_crane,6.264196,10.551966
SA09738,sandhill_crane,5.542722,9.602807
SN03705,snow_goose,11.28937,9.923245
SN01534,snow_goose,2.654047,5.073854
SA08863,sandhill_crane,12.333073,11.157655
SA01143,sandhill_crane,11.852882,1.989811
SN09796,snow_goose,12.547585,13.758798
SA03310,sandhill_crane,12.647472,10.295574
SN09250,snow_goose,2.254584,4.530882
SA00972,sandhill_crane,16.810182,3.34573
SA09864,sandhill_crane,12.316419,3.110619
SA03295,sandhill_crane,16.926975,3.701272
SA02676,sandhill_crane,8.850534,2.602881
SA08839,sandhill_crane,17.025195,3.340385
SA00410,sandhill_crane,12.402875,1.917222
SA04781,sandhill_crane,12.082377,2.28905
SA01890,sandhill_crane,12.24327,11.076364
SN08919,snow_goose,6.069453,5.490918
SN06614,snow_goose,11.696275,10.578036
SA02972,sandhill_crane,6.045154,5.89394
SA08716,sandhill_crane,6.892788,5.871112
SA02979,sandhill_crane,8.735804,1.777446
SA03713,sandhill_crane,5.927078,5.907013
SN07067,snow_goose,6.277604,10.306908
SA05191,sandhill_crane,14.280101,13.441123
SA04028,sandhill_crane,15.828203,3.722174
SA09221,sandhill_crane,15.896514,3.456705
SN07187,snow_goose,13.996306,13.076217
SA02410,sandhill_crane,13.330033,12.681362
SN08747,snow_goose,13.606537,12.700644
SN08471,snow_goose,2.652398,4.794586
SN01837,snow_goose,11.944989,2.593098
SA06852,sandhill_crane,8.524652,2.492259
SN07594,snow_goose,6.825299,5.390731
SN08826,snow_goose,2.268259,5.365822
SN03827,snow_goose,8.304768,2.702944
SA08144,sandhill_crane,8.969888,2.78431
SA01022,sandhill_crane,12.132805,2.787312
SA04339,sandhill_crane,2.171631,5.543672
SA06659,sandhill_crane,4.410277,10.8354
SA07993,sandhill_crane,6.177527,5.783055
SA09638,sandhill_crane,17.108297,3.484757
SA08982,sandhill_crane,13.389491,2.83964
SA02178,sandhill_crane,13.344844,11.201519
SN04496,snow_goose,9.095675,2.819216
SN03675,snow_goose,9.046635,3.342974
SA02936,sandhill_crane,12.101339,1.617664
SA09890,sandhill_crane,6.20076,4.72241
SA02451,sandhill_crane,11.831691,2.373666
SA08806,sandhill_crane,12.759297,10.031181
SN05063,snow_goose,16.714344,2.950074
SA04894,sandhill_crane,12.700635,2.293682
SA03843,sandhill_crane,1.985458,5.260452
SA06629,sandhill_crane,6.097752,10.232304
SN09557,snow_goose,13.420777,12.723523
SA09379,sandhill_crane,5.652252,5.564729
SA05818,sandhill_crane,12.651382,3.403671
SA07939,sandhill_crane,5.195402,9.562952
SN05196,snow_goose,12.647371,11.212385
SN02130,snow_goose,16.265638,3.883697
SA02005,sandhill_crane,11.406443,3.345142
SN00529,snow_goose,2.333178,5.097596
SN08427,snow_goose,12.71747,10.820949
SA07800,sandhill_crane,5.172617,9.915405
SA09764,sandhill_crane,13.467832,12.970291
SA03135,sandhill_crane,9.304526,2.883704
SN06209,snow_goose,13.125032,11.812081
SN02640,snow_goose,11.997511,1.719106
SN07492,snow_goose,8.526851,2.36472
SN05148,snow_goose,12.870925,10.739057
SN07166,snow_goose,2.464909,5.108478
SA05082,sandhill_crane,14.650271,12.801466
SN05020,snow_goose,11.922429,2.13822
SN02615,snow_goose,16.292204,3.592004
SN00679,snow_goose,11.517622,10.910061
SN04581,snow_goose,14.686425,12.145187
SN08782,snow_goose,5.907287,5.937567
SN05562,snow_goose,6.34934,5.55358
SA05083,sandhill_crane,5.650938,9.803952
SN03988,snow_goose,9.442668,3.006295
SA00576,sandhill_crane,6.67993,5.598926
SN09463,snow_goose,11.870076,10.385423
SN02123,snow_goose,5.421997,9.853036
SN01338,snow_goose,12.387995,11.14686
SA02831,sandhill_crane,16.67971,3.739982
SA01661,sandhill_crane,12.510967,11.075605
SA05725,sandhill_crane,15.380234,3.077737
SA09887,sandhill_crane,14.341303,12.548928
SN00099,snow_goose,3.245288,5.04526
SA08596,sandhill_crane,12.979181,13.56043
SA05542,sandhill_crane,12.838954,10.641067
SA02981,sandhill_crane,12.422942,10.624905
SN05788,snow_goose,8.539564,1.299687
SA04616,sandhill_crane,16.739272,2.961857
SA06903,sandhill_crane,5.894121,5.520268
SA00538,sandhill_crane,13.922074,11.876136
SA02108,sandhill_crane,7.29133,6.057293
SA03087,sandhill_crane,5.645386,10.389329
SN03527,snow_goose,14.527705,13.00096
SA08079,sandhill_crane,5.530862,10.35528
SN04584,snow_goose,6.018778,5.300467
SN02458,snow_goose,12.034966,10.456022
SN09928,snow_goose,5.63616,9.910468
SA09796,sandhill_crane,6.528643,4.748655
SN00593,snow_goose,12.808745,13.47272
SN02879,snow_goose,6.822381,6.290117
SA03549,sandhill_crane,6.251738,10.323035
SN00260,snow_goose,12.758483,10.311694
SN01097,snow_goose,13.522951,12.691767
SN04186,snow_goose,12.234133,10.982533
SN07343,snow_goose,7.713787,1.181866
SA08604,sandhill_crane,6.215844,6.317192
SN07699,snow_goose,8.462425,2.094639
SN01482,snow_goose,13.782919,12.969122
SN03713,snow_goose,2.419996,5.30938
SA09741,sandhill_crane,5.929192,9.984184
SA01917,sandhill_crane,3.051226,4.990289
SN00803,snow_goose,12.164917,10.643725
SN03288,snow_goose,12.766576,12.300633
SA01775,sandhill_crane,17.006721,3.827182
SA09697,sandhill_crane,8.86142,2.193283
SN06296,snow_goose,6.830111,5.689537
SN02775,snow_goose,13.53087,12.966747
SN08313,snow_goose,5.301794,9.52219
SA09289,sandhill_crane,6.301307,6.120517
SA07595,sandhill_crane,5.990177,6.191316
SA07424,sandhill_crane,11.765363,10.82465
SN09837,snow_goose,1.954687,5.114844
SN06097,snow_goose,13.429309,10.293165
SN04692,snow_goose,8.838159,1.744183
SN04487,snow_goose,14.029685,12.104474
SA03705,sandhill_crane,12.582293,11.609097
SN05779,snow_goose,5.148315,10.015221
SA04443,sandhill_crane,6.011211,10.933954
SN00436,snow_goose,5.333849,9.756166
SN03235,snow_goose,6.368064,5.694993
SA03710,sandhill_crane,8.365025,3.089971
SN05123,snow_goose,6.292782,10.680091
SA09197,sandhill_crane,2.051321,5.001889
SN05000,snow_goose,7.471538,5.446977
SN02047,snow_goose,8.389323,2.500996
SN05850,snow_goose,12.059154,9.843792
SA09137,sandhill_crane,13.824608,13.192806
SN05137,snow_goose,5.601359,10.41947
SN05001,snow_goose,2.081883,5.711483
SN00019,snow_goose,5.635031,10.657598
SA09285,sandhill_crane,4.850264,10.1861
SN06341,snow_goose,12.582972,3.560248
SN00288,snow_goose,14.86121,13.366621
SN01409,snow_goose,6.361922,9.134899
SA09891,sandhill_crane,6.227904,5.709509
SN02875,snow_goose,12.430372,2.747141
SA03171,sandhill_crane,2.69336,5.131046
SA08120,sandhill_crane,13.876518,12.192413
SA09223,sandhill_crane,16.780649,3.403683
SN04296,snow_goose,5.067493,10.632618
SN05128,snow_goose,12.457423,10.311832
SN00883,snow_goose,8.880588,2.702614
SA01838,sandhill_crane,5.948709,6.142299
SN08485,snow_goose,12.196258,11.131985
SN01859,snow_goose,7.96608,2.932711
SA06400,sandhill_crane,6.795576,6.584976
SA00958,sandhill_crane,1.17542,5.594819
SA07327,sandhill_crane,8.509414,1.971819
SA07494,sandhill_crane,8.946716,1.959403
SA01850,sandhill_crane,13.871824,12.467702
SA06862,sandhill_crane,12.743574,1.960499
SN02521,snow_goose,12.749371,9.838479
SA01712,sandhill_crane,6.89803,5.835534
SA08996,sandhill_crane,11.93387,2.206176
SN06419,snow_goose,14.146571,13.044216
SN02862,snow_goose,5.46861,9.419654
SN07054,snow_goose,6.230499,5.634025
SN09934,snow_goose,5.736665,5.230058
SN04246,snow_goose,8.692535,2.767515
SN02498,snow_goose,11.550748,2.551053
SN03940,snow_goose,5.530727,9.69654
SN02663,snow_goose,6.037288,6.126905
SA07463,sandhill_crane,5.848853,4.841967
SA08127,sandhill_crane,12.305581,10.542294
SN00963,snow_goose,16.74737,2.61117
SA05612,sandhill_crane,11.568183,2.965369
SN01219,snow_goose,12.334608,1.707255
SA02669,sandhill_crane,16.543942,3.733323
SA09849,sandhill_crane,15.747862,2.539146
SN01243,snow_goose,8.139769,2.243319
SN03757,snow_goose,11.711839,3.001122
SN00987,snow_goose,6.371437,5.417003
SN06447,snow_goose,8.598927,2.130125
SA04121,sandhill_crane,12.015604,11.122828
SN04289,snow_goose,11.830503,3.35039
SA08203,sandhill_crane,12.442799,3.407471
SA06299,sandhill_crane,5.691622,9.965014
SN05101,snow_goose,5.490664,10.069237
SN01784,snow_goose,15.705538,3.927005
SN07859,snow_goose,11.563082,10.325249
SA02917,sandhill_crane,6.490756,5.601973
SN00723,snow_goose,15.540673,4.327649
SA08307,sandhill_crane,4.96233,10.211309
SN08297,snow_goose,6.102974,10.890417
SN03251,snow_goose,9.662296,2.795492
SN03207,snow_goose,11.934201,10.746316
SA05376,sandhill_crane,14.456086,13.248169
SA09360,sandhill_crane,2.743521,5.023754
SN09387,snow_goose,8.180431,2.266702
SN01890,snow_goose,13.958835,12.136304
SA09294,sandhill_crane,13.021313,11.265185
SA04534,sandhill_crane,12.349925,1.959885
SA03815,sandhill_crane,2.011138,4.924872
SA00211,sandhill_crane,3.291797,5.432885
SA04410,sandhill_crane,2.55844,5.045805
SA04014,sandhill_crane,2.622239,4.855527
SN01547,snow_goose,2.234188,4.911417
SN08301,snow_goose,16.269088,3.042589
SA02184,sandhill_crane,7.873753,2.618103
SN05267,snow_goose,5.01851,9.963677
SN06272,snow_goose,12.417699,10.42458
SA00454,sandhill_crane,5.59673,9.778782
SN03738,snow_goose,5.742596,5.096121
SA01690,sandhill_crane,8.804959,2.411075
SN07825,snow_goose,8.917483,2.678841
SN06135,snow_goose,5.82706,5.716126
SN06830,snow_goose,11.310128,10.683579
SN06430,snow_goose,11.947764,2.74551
SA09792,sandhill_crane,6.290529,6.097114
SN08278,snow_goose,15.845462,3.433049
SA04510,sandhill_crane,9.055757,3.233549
SA01972,sandhill_crane,12.099326,2.08239
SN00384,snow_goose,14.207965,13.27455
SN07711,snow_goose,16.46105,2.835276
SN03904,snow_goose,2.974136,6.218081
SA08847,sandhill_crane,12.227723,2.341502
SA04343,sandhill_crane,14.141264,12.924163
SN08940,snow_goose,1.988846,5.596189
SA02729,sandhill_crane,11.849799,2.752057
SA03384,sandhill_crane,12.454241,10.114247
SA00062,sandhill_crane,11.815363,2.450631
SN03542,snow_goose,8.416168,2.427525
SN02092,snow_goose,15.948306,3.586057
SA02281,sandhill_crane,4.901034,9.754446
SN07760,snow_goose,3.298752,5.308288
SA03800,sandhill_crane,12.37994,1.585493
SA05568,sandhill_crane,5.515563,4.767335
SN05539,snow_goose,2.242744,5.256673
SA07710,sandhill_crane,12.547628,9.704112
SN08155,snow_goose,12.872547,10.662371
SA06892,sandhill_crane,5.70887,5.547746
SN03300,snow_goose,13.448673,13.52557
SA04279,sandhill_crane,6.850979,5.265983
SN06392,snow_goose,8.57338,2.956206
SN04497,snow_goose,2.74808,5.188044
SA00464,sandhill_crane,6.152118,5.447693
SA08099,sandhill_crane,14.040961,12.598928
SN00243,snow_goose,11.888012,1.877135
SA08108,sandhill_crane,5.32995,9.96813
SN02056,snow_goose,12.351952,2.362977
SN00083,snow_goose,11.917018,1.847075
SN00989,snow_goose,1.937204,5.2026
SN08291,snow_goose,12.073919,2.109704
SA06467,sandhill_crane,4.888679,9.363496
SA00589,sandhill_crane,9.309632,1.614919
SN06244,snow_goose,16.008454,4.363987
SN04152,snow_goose,15.993011,2.762759
SA03115,sandhill_crane,12.077577,11.466581
SN03782,snow_goose,16.145125,3.722935
SN05568,snow_goose,7.014588,5.997654
SA04262,sandhill_crane,13.000816,9.857487
SA06026,sandhill_crane,16.556127,3.256866
SA09101,sandhill_crane,14.658513,12.949947
SN04420,snow_goose,11.295968,3.278427
SA06031,sandhill_crane,12.614359,10.136251
SA03025,sandhill_crane,2.31503,4.639232
SA09682,sandhill_crane,12.438867,10.865435
SN09272,snow_goose,2.895912,5.719003
SA09627,sandhill_crane,16.40367,4.042627
SN04166,snow_goose,17.040442,3.13162
SA05913,sandhill_crane,8.125444,2.83741
SN09693,snow_goose,5.767296,9.70332
SN00253,snow_goose,8.255863,2.767376
SN00785,snow_goose,6.323217,6.564647
SN06887,snow_goose,11.947146,1.573725
SA02063,sandhill_crane,13.060622,9.81469
SA01443,sandhill_crane,3.429768,4.638199
SA07256,sandhill_crane,13.515395,3.130019
SA01056,sandhill_crane,8.503153,2.03572
SA06886,sandhill_crane,5.276624,10.857102
SN04055,snow_goose,12.119761,1.942439
SN08543,snow_goose,15.56043,3.312831
SA06127,sandhill_crane,5.32299,9.586905
SN09440,snow_goose,2.971371,5.680737
SN04836,snow_goose,16.181156,3.104505
SA02782,sandhill_crane,12.117452,11.100317
SA07774,sandhill_crane,12.942314,10.096374
SN08418,snow_goose,6.172615,5.727275
SN03060,snow_goose,6.005166,5.131278
SA02549,sandhill_crane,3.033897,5.398865
SA05714,sandhill_crane,2.080614,5.739714
SA02951,sandhill_crane,6.335658,9.008464
SA01079,sandhill_crane,12.604922,11.253427
SN00660,snow_goose,2.522297,4.754375
SA06091,sandhill_crane,11.770452,2.453563
SN02952,snow_goose,13.700585,12.90762
SA02364,sandhill_crane,5.267883,10.968661
SA03072,sandhill_crane,11.862366,10.534277
SN05650,snow_goose,7.772402,2.863012
SA00999,sandhill_crane,2.989904,5.341711
SN06243,snow_goose,5.929635,6.168695
SN08462,snow_goose,6.345547,6.479341
SN07041,snow_goose,8.885394,2.325287
SN04110,snow_goose,15.677259,2.454618
SN06685,snow_goose,3.301474,5.525406
SN03549,snow_goose,5.964666,5.466074
SN04255,snow_goose,12.108067,11.026253
SN01030,snow_goose,6.973324,5.279162
SA03336,sandhill_crane,5.73741,4.954645
SA08540,sandhill_crane,9.449248,2.991841
SN03725,snow_goose,13.936155,11.393178
SN06213,snow_goose,8.138825,2.335641
SN08486,snow_goose,5.260125,9.913392
SN02024,snow_goose,12.288023,10.507787
SN01007,snow_goose,1.380932,5.374077
SA07124,sandhill_crane,3.019729,5.232019
SN03222,snow_goose,5.627439,9.864548
SA05787,sandhill_crane,5.977635,10.196428
SN05402,snow_goose,6.436991,5.313596
SA03648,sandhill_crane,11.904214,10.833002
SA06065,sandhill_crane,13.645047,12.421574
SA03105,sandhill_crane,17.109374,3.262775
SA09230,sandhill_crane,15.614536,3.596528
SN07651,snow_goose,13.429854,12.770351
SA02719,sandhill_crane,5.96826,4.817638
SN00738,snow_goose,8.570146,2.484563
SN06884,snow_goose,12.574855,11.164149
SN08811,snow_goose,6.089585,5.719201
SN02417,snow_goose,12.499003,2.049282
SN04136,snow_goose,13.586649,13.097769
SN07750,snow_goose,1.574796,5.24432
SN01758,snow_goose,8.553805,2.52086
SN09270,snow_goose,6.487826,5.451134
SA08713,sandhill_crane,16.207835,4.047058
SA01450,sandhill_crane,12.736519,2.687733
SN06925,snow_goose,15.909564,3.488424
SN05099,snow_goose,13.920481,12.602284
SA07057,sandhill_crane,13.880987,14.031042
SN01844,snow_goose,8.848021,2.27251
SA02561,sandhill_crane,16.085156,3.16836
SN01340,snow_goose,14.23324,12.247433
SN08722,snow_goose,9.22179,2.345148
SA03686,sandhill_crane,16.228731,2.961044
SN05221,snow_goose,11.936297,2.30859
SN04129,snow_goose,16.756336,3.508311
SA01727,sandhill_crane,8.679168,2.265461
SN02767,snow_goose,16.929573,3.211575
SN00826,snow_goose,4.942907,10.248166
SA02844,sandhill_crane,8.651032,2.385788
SN01529,snow_goose,16.195734,2.593115
SN09734,snow_goose,4.329886,10.477739
SN02702,snow_goose,2.55228,4.849433
SN04792,snow_goose,6.422934,5.97844
SA01724,sandhill_crane,13.45425,13.144276
SA00767,sandhill_crane,5.4857,11.282998
SA06433,sandhill_crane,9.328384,3.484034
SA06771,sandhill_crane,12.441024,11.562866
SN04434,snow_goose,2.648387,5.365786
SN02439,snow_goose,12.094343,2.870879
SN09840,snow_goose,15.725371,2.974487
SN07374,snow_goose,12.876432,3.127174
SN05523,snow_goose,12.993818,2.478479
SA04108,sandhill_crane,2.122997,4.615971
SA07754,sandhill_crane,16.000418,3.008936
SA00446,sandhill_crane,12.393579,10.440306
SN03866,snow_goose,13.669527,12.669344
SN07773,snow_goose,8.309873,2.834514
SA05111,sandhill_crane,14.099148,13.198663
SN08898,snow_goose,16.218804,2.963901
SA06761,sandhill_crane,6.487054,5.680482
SA04304,sandhill_crane,8.856822,2.867762
SA06169,sandhill_crane,2.642522,6.3174
SN04669,snow_goose,6.118123,10.918591
SA08657,sandhill_crane,8.923448,3.169994
SA01642,sandhill_crane,6.04072,5.376024
SN04866,snow_goose,8.756926,2.088094
SA07040,sandhill_crane,7.389104,5.532963
SN09762,snow_goose,6.0934,5.233809
SN08152,snow_goose,11.699809,2.63926
SA00080,sandhill_crane,6.698678,5.087266
SN00398,snow_goose,13.807785,13.107521
SN02526,snow_goose,4.683314,9.713479
SA02965,sandhill_crane,5.897255,10.106338
SA01442,sandhill_crane,6.027167,10.214673
SA07411,sandhill_crane,12.643416,2.691917
SN08933,snow_goose,11.88342,2.475287
SN07410,snow_goose,15.59931,3.654515
SA02394,sandhill_crane,5.794134,5.630559
SA08681,sandhill_crane,11.427856,10.649496
SA00033,sandhill_crane,5.84871,5.843466
SA04085,sandhill_crane,8.171154,2.521769
SN08320,snow_goose,13.08175,2.19477
SN09948,snow_goose,11.790698,10.734232
SN05901,snow_goose,3.002383,4.793677
SN07091,snow_goose,13.131863,10.969409
SA03503,sandhill_crane,2.472565,4.572948
SN01515,snow_goose,6.015192,9.722269
SA09269,sandhill_crane,13.518026,12.998742
SA03789,sandhill_crane,6.466536,6.26614
SN08879,snow_goose,2.067798,6.078791
SN03280,snow_goose,9.043822,2.493568
SN03428,snow_goose,2.302913,4.830174
SN06133,snow_goose,16.363597,2.700035
SA05459,sandhill_crane,9.503353,2.43714
SN04257,snow_goose,16.316793,3.693909
SA08321,sandhill_crane,2.218103,6.01887
SA07538,sandhill_crane,1.952073,5.23211
SA06908,sandhill_crane,11.421079,2.871888
SN03026,snow_goose,17.108977,2.480355
SN04757,snow_goose,15.906692,3.40803
SA03260,sandhill_crane,12.130447,2.391248
SN08743,snow_goose,1.186165,4.636242
SA02636,sandhill_crane,16.332916,4.167029
SA00923,sandhill_crane,4.760735,9.502147
SN09946,snow_goose,8.908921,2.518799
SN00842,snow_goose,16.077471,3.48508
SA09712,sandhill_crane,16.192326,3.256049
SN03171,snow_goose,11.854273,9.915634
SA06394,sandhill_crane,5.566038,10.287152
SA09376,sandhill_crane,16.039995,3.642812
SA06094,sandhill_crane,16.068153,3.52003
SA08859,sandhill_crane,13.338434,13.283599
SA06678,sandhill_crane,16.408907,3.150397
SN02030,snow_goose,5.005755,10.105148
SA08707,sandhill_crane,2.215645,4.341076
SA05671,sandhill_crane,8.475063,2.242376
SN09738,snow_goose,16.094708,3.819271
SN07380,snow_goose,13.061523,2.955506
SA07413,sandhill_crane,13.38127,12.749838
SA05490,sandhill_crane,11.894843,11.284873
SN05047,snow_goose,13.061014,11.053333
SA04314,sandhill_crane,2.84701,4.959392
SN03860,snow_goose,4.957359,9.477056
SA00751,sandhill_crane,12.132189,2.960465
SN06123,snow_goose,13.3275,12.068916
SN04159,snow_goose,11.468175,2.596335
SN09008,snow_goose,3.147807,4.97823
SA09473,sandhill_crane,5.956875,9.987188
SN09698,snow_goose,16.751422,3.295994
SA05881,sandhill_crane,12.776372,10.921495
SA00134,sandhill_crane,9.129149,3.269952
SN03182,snow_goose,11.782633,2.573273
SA06365,sandhill_crane,8.355093,2.528763
SN00161,snow_goose,2.207549,6.390929
SN04648,snow_goose,9.708663,2.672205
SA02523,sandhill_crane,14.218019,12.727408
SA00676,sandhill_crane,5.329641,9.994644
SA05733,sandhill_crane,2.349837,4.7728
SA04730,sandhill_crane,16.390474,3.170037
SN03657,snow_goose,11.58967,1.865904
SA03048,sandhill_crane,8.427044,2.627603
SN01560,snow_goose,16.253236,3.046665
SN06882,snow_goose,0.907448,5.678132
SA05035,sandhill_crane,5.644729,9.934152
SN00543,snow_goose,11.968658,10.722411
SA05465,sandhill_crane,8.730804,2.182121
SN08909,snow_goose,5.777428,10.160255
SA08424,sandhill_crane,14.083732,13.17421
SA04877,sandhill_crane,9.296259,3.149402
SN06131,snow_goose,14.853033,12.869373
SN09723,snow_goose,13.224578,3.246175
SA06689,sandhill_crane,8.17217,3.11917
SA06201,sandhill_crane,5.919902,10.503803
SA09078,sandhill_crane,15.833489,3.37022
SA09253,sandhill_crane,5.918133,5.24396
SN01914,snow_goose,5.683084,9.928743
SN07663,snow_goose,6.752932,5.008201
SA06952,sandhill_crane,2.240491,5.129857
SA02547,sandhill_crane,5.881142,10.979713
SN01863,snow_goose,13.642733,12.153684
SA03918,sandhill_crane,12.963778,10.237474
SN02539,snow_goose,5.571567,6.265981
SA06126,sandhill_crane,12.725823,1.556261
SA09104,sandhill_crane,13.321644,13.299431
SN08217,snow_goose,2.48807,5.177285
SA05827,sandhill_crane,12.366597,10.955187
SA01967,sandhill_crane,11.701922,10.360711
SA07628,sandhill_crane,6.062303,10.295
SA06173,sandhill_crane,13.879537,13.722068
SN01615,snow_goose,11.832341,1.394575
SN03013,snow_goose,12.896657,12.408946
SN08303,snow_goose,8.036472,2.975637
SA07920,sandhill_crane,5.912487,5.494025
SN06603,snow_goose,11.941615,10.699863
SN05366,snow_goose,2.825927,5.524159
SN02883,snow_goose,11.599933,10.699913
SN07801,snow_goose,16.03069,3.668885
SN02982,snow_goose,9.319958,2.32579
SN06461,snow_goose,13.736204,12.608238
SA03015,sandhill_crane,4.740097,9.584224
SA06465,sandhill_crane,12.617991,11.636581
SA08862,sandhill_crane,4.817603,6.155603
SN02224,snow_goose,11.949802,12.087428
SN05438,snow_goose,11.898624,2.569041
SN00270,snow_goose,12.142345,1.894238
SA08511,sandhill_crane,5.560955,9.79931
SA06650,sandhill_crane,14.481525,11.648656
SN03028,snow_goose,6.652088,5.882379
SN05892,snow_goose,5.969538,5.347583
SN03376,snow_goose,9.076493,2.670886
SA03988,sandhill_crane,9.083706,2.292604
SA06208,sandhill_crane,2.411337,6.278889
SA07573,sandhill_crane,17.176226,3.714076
SA07591,sandhill_crane,11.939237,10.095428
SA05339,sandhill_crane,2.376071,5.213381
SN08559,snow_goose,8.457141,2.219339
SN03008,snow_goose,4.96732,10.625431
SA04398,sandhill_crane,13.546458,12.179701
SA05620,sandhill_crane,14.95909,3.592654
SN06018,snow_goose,5.26896,9.809214
SA06373,sandhill_crane,9.976359,2.6801
SN00022,snow_goose,1.310983,6.493637
SN01039,snow_goose,8.640523,3.047818
SA04033,sandhill_crane,7.802119,2.233608
SN08055,snow_goose,2.860356,5.716707
SN06828,snow_goose,2.97549,5.360065
SN05586,snow_goose,6.289401,9.409289
SN09498,snow_goose,13.346022,12.370117
SN04887,snow_goose,8.881724,2.254965
SA01136,sandhill_crane,2.920122,4.553818
SN06404,snow_goose,11.787658,11.11203
SA09994,sandhill_crane,2.841872,4.953137
SA07924,sandhill_crane,8.541576,2.724411
SN08478,snow_goose,1.913644,5.229834
SA02362,sandhill_crane,5.962054,10.073098
SA05819,sandhill_crane,6.286495,10.201557
SA07649,sandhill_crane,12.733824,3.357193
SA00734,sandhill_crane,1.773844,5.955806
SA07665,sandhill_crane,12.194119,10.998724
SN01452,snow_goose,12.435855,10.810559
SN02991,snow_goose,13.818507,12.532951
SA06416,sandhill_crane,5.353465,9.165188
SA06731,sandhill_crane,7.031858,5.93173
SN01505,snow_goose,12.137437,1.456489
SN04422,snow_goose,6.427761,6.513226
SN09595,snow_goose,5.065699,10.145313
SA02630,sandhill_crane,11.83306,1.925612
SA02119,sandhill_crane,7.056335,10.569333
SA09416,sandhill_crane,7.990164,2.620571
SA03541,sandhill_crane,15.624306,2.329326
SN03890,snow_goose,6.545817,5.122031
SA03834,sandhill_crane,4.920412,10.286574
SA00318,sandhill_crane,16.206617,3.493514
SN08943,snow_goose,5.983778,5.783731
SA09073,sandhill_crane,13.872363,12.726862
SN02909,snow_goose,11.842732,2.105744
SN05406,snow_goose,13.950619,12.943676
SN09866,snow_goose,6.680505,5.599086
SN02821,snow_goose,12.596757,11.299673
SN01746,snow_goose,12.873224,3.217641
SN09064,snow_goose,5.289468,10.296996
SN04800,snow_goose,5.963298,10.406438
SN06929,snow_goose,13.517198,10.724472
SA05168,sandhill_crane,2.211388,4.64048
SN09343,snow_goose,6.383247,5.279097
SN05801,snow_goose,10.884987,2.807733
SN04775,snow_goose,13.90873,13.276825
SN06620,snow_goose,12.165971,10.285708
SN08375,snow_goose,7.499903,5.357162
SN08309,snow_goose,6.719757,5.293106
SA07432,sandhill_crane,11.74469,10.768587
SN00955,snow_goose,5.707315,8.117047
SN05591,snow_goose,5.682705,10.09293
SA06151,sandhill_crane,11.996421,1.33486
SA06878,sandhill_crane,6.416827,6.049149
SN04355,snow_goose,12.648675,1.844973
SA05143,sandhill_crane,12.507095,2.931796
SN09990,snow_goose,12.660954,10.546909
SA08260,sandhill_crane,12.681063,10.530739
SN04367,snow_goose,8.652793,3.249548
SA07519,sandhill_crane,12.918277,11.00963
SN08851,snow_goose,8.34553,2.613008
SN06304,snow_goose,6.851917,9.875006
SA07569,sandhill_crane,16.315551,3.641294
SA04660,sandhill_crane,13.43239,13.491369
SN04198,snow_goose,6.538194,10.005909
SA04867,sandhill_crane,6.982781,5.668405
SN07116,snow_goose,5.3653,9.516623
SN08123,snow_goose,16.656753,3.717986
SN06482,snow_goose,13.665106,12.858968
SA00666,sandhill_crane,2.443686,3.94293
SN07844,snow_goose,13.933412,12.981235
SA03133,sandhill_crane,2.235202,5.12518
SA05854,sandhill_crane,13.879349,12.377638
SN01072,snow_goose,8.97867,3.035527
SA00107,sandhill_crane,12.640535,2.10303
SA08936,sandhill_crane,2.903011,4.250338
SN02125,snow_goose,9.604872,1.668941
SA05180,sandhill_crane,11.859639,2.066602
SN02042,snow_goose,12.257249,11.496974
SA00040,sandhill_crane,4.950261,10.072135
SA06893,sandhill_crane,3.743447,5.270081
SN01309,snow_goose,14.146429,12.960194
SA07075,sandhill_crane,15.307295,3.685393
SN07915,snow_goose,13.292908,12.953525
SA05179,sandhill_crane,13.330492,13.405352
SN08186,snow_goose,15.92443,3.222203
SA01774,sandhill_crane,4.902067,9.937514
SA00286,sandhill_crane,5.126909,10.506149
SA08114,sandhill_crane,6.262332,10.330568
SA09061,sandhill_crane,6.283022,5.623479
SN01934,snow_goose,16.582909,2.869769
SN02223,snow_goose,6.264819,6.090171
SN06122,snow_goose,6.597059,5.572385
SN00808,snow_goose,15.711382,5.214158
SA02237,sandhill_crane,5.149998,10.666149
SA04557,sandhill_crane,12.15127,2.031336
SN07800,snow_goose,12.225218,10.115492
SN03772,snow_goose,14.035225,13.158168
SN07692,snow_goose,13.911423,12.96693
SN09465,snow_goose,8.56597,2.815943
SA07951,sandhill_crane,8.484802,3.386769
SA02529,sandhill_crane,8.593799,2.522866
SA07379,sandhill_crane,12.864097,3.469757
SA04838,sandhill_crane,2.773376,5.368382
SN08027,snow_goose,16.872083,3.07696
SN01663,snow_goose,2.313769,4.498563
SA06541,sandhill_crane,12.47129,2.953534
SN01775,snow_goose,15.382707,3.475817
SA09256,sandhill_crane,2.800754,5.110814
SN08387,snow_goose,13.857254,13.158264
SA08665,sandhill_crane,6.256913,9.446625
SA06167,sandhill_crane,5.27796,10.932561
SN01991,snow_goose,5.894141,10.210806
SA01612,sandhill_crane,6.364119,10.351694
SN01960,snow_goose,16.44157,2.553898
SN03679,snow_goose,5.491575,10.53933
SA04929,sandhill_crane,8.552738,1.679381
SA05508,sandhill_crane,5.852439,4.393546
SN02634,snow_goose,5.916603,5.998898
SN09794,snow_goose,15.97506,4.187005
SN07382,snow_goose,8.850195,2.243955
SA03478,sandhill_crane,5.972809,9.387686
SN09641,snow_goose,2.640448,4.9195
SA08653,sandhill_crane,9.164188,1.69775
SN08779,snow_goose,13.694815,12.102067
SN01078,snow_goose,15.838144,4.049844
SN06600,snow_goose,6.960346,6.221225
SN02508,snow_goose,8.998738,3.110566
SN02036,snow_goose,5.916799,5.939922
SA01830,sandhill_crane,6.393079,6.026965
SA08570,sandhill_crane,16.023052,3.619292
SN04148,snow_goose,6.928242,4.908372
SN08330,snow_goose,12.369331,1.937675
SA00554,sandhill_crane,14.013146,13.095838
SA02054,sandhill_crane,2.452375,5.02108
SA00940,sandhill_crane,12.80476,2.575077
SN07850,snow_goose,12.224079,2.175409
SA01692,sandhill_crane,6.599036,5.185813
SN05150,snow_goose,4.639544,10.691636
SN09578,snow_goose,13.814084,12.633097
SN01901,snow_goose,6.046021,5.680557
SA02534,sandhill_crane,5.256477,9.760235
SN07612,snow_goose,4.394076,10.10149
SN01739,snow_goose,12.302896,3.175098
SN08529,snow_goose,11.421265,11.009619
SN04370,snow_goose,12.748596,2.523312
SN07204,snow_goose,6.994724,5.767331
SA01012,sandhill_crane,8.802732,1.675656
SN06585,snow_goose,8.39801,2.469243
SA03942,sandhill_crane,14.428325,13.079936
SN05056,snow_goose,12.246394,10.453872
SA02715,sandhill_crane,12.462935,10.65999
SA00641,sandhill_crane,16.681067,3.695366
SN01532,snow_goose,2.573997,5.261695
SN01922,snow_goose,2.393867,5.3597
SN07250,snow_goose,14.001252,12.88436
SN00472,snow_goose,12.964585,10.650467
SN09079,snow_goose,14.271086,12.279451
SN03274,snow_goose,8.151196,2.965249
SN00431,snow_goose,6.150518,6.415997
SN08044,snow_goose,12.224138,1.696367
SN05746,snow_goose,5.921944,5.663664
SA03227,sandhill_crane,12.968359,10.41962
SN02807,snow_goose,5.527931,10.904648
SN03556,snow_goose,16.529022,3.525537
SN01435,snow_goose,1.718059,5.076499
SN03537,snow_goose,13.047795,11.502998
SA05464,sandhill_crane,4.897833,10.142472
SA06806,sandhill_crane,11.837127,11.491526
SA05623,sandhill_crane,11.980758,11.782482
SN03909,snow_goose,8.664129,2.393432
SA08074,sandhill_crane,6.331218,6.220289
SN02970,snow_goose,6.628751,5.057705
SA05097,sandhill_crane,5.706221,9.695435
SA04631,sandhill_crane,13.208707,12.393344
SA08799,sandhill_crane,5.721911,9.465298
SN01383,snow_goose,4.046603,10.1556
SN05688,snow_goose,17.124408,3.421025
SA05358,sandhill_crane,5.978513,5.759481
SA04267,sandhill_crane,12.634355,1.948609
SN05753,snow_goose,11.752763,2.396906
SN01620,snow_goose,16.435699,3.244771
SA05255,sandhill_crane,12.784301,1.909553
SN09630,snow_goose,1.898945,5.955447
SA02960,sandhill_crane,11.674242,11.202866
SN02385,snow_goose,9.537237,2.707851
SA06756,sandhill_crane,16.976571,3.788968
SA09281,sandhill_crane,12.312721,10.551529
SA08335,sandhill_crane,12.691702,9.899273
SA00429,sandhill_crane,11.833436,1.990037
SN01987,snow_goose,12.39883,2.1539
SN05715,snow_goose,5.956457,5.979389
SA05580,sandhill_crane,4.67982,9.943902
SA02221,sandhill_crane,1.900784,5.386252
SA02853,sandhill_crane,6.329486,9.82717
SN03197,snow_goose,14.195004,13.817816
SN03672,snow_goose,6.711276,4.200927
SN06642,snow_goose,5.351704,10.176741
SA09139,sandhill_crane,5.422237,9.787362
SA08002,sandhill_crane,6.51651,5.930849
SN07388,snow_goose,2.443801,6.015671
SA00367,sandhill_crane,15.455228,3.701662
SA06932,sandhill_crane,17.164369,3.736625
SN01626,snow_goose,14.33346,12.489024
SN08901,snow_goose,4.731884,11.036784
SA01426,sandhill_crane,6.023773,9.995946
SA08289,sandhill_crane,12.635448,3.089252
SN08654,snow_goose,13.464758,13.100767
SA08345,sandhill_crane,12.679566,2.684229
SN00921,snow_goose,16.837384,4.038122
SA02084,sandhill_crane,13.020569,13.635023
SA02080,sandhill_crane,9.154196,1.844536
SA01125,sandhill_crane,2.805435,5.76198
SN04585,snow_goose,13.763738,11.074487
SA04653,sandhill_crane,6.121696,5.674485
SA04997,sandhill_crane,12.076299,2.404773
SA06985,sandhill_crane,12.037978,11.624069
SA07117,sandhill_crane,9.024545,2.344464
SA09418,sandhill_crane,4.83774,10.45079
SA03682,sandhill_crane,13.625836,12.921727
SA01877,sandhill_crane,12.337851,1.430055
SN08165,snow_goose,16.491628,2.65093
SN02345,snow_goose,13.828009,12.236106
SN06089,snow_goose,2.418792,4.317718
SN07068,snow_goose,6.081302,5.149165
SA07247,sandhill_crane,13.029924,11.310565
SN00681,snow_goose,15.919383,3.766235
SN09566,snow_goose,4.414445,10.344577
SN03239,snow_goose,8.99869,2.950795
SA00186,sandhill_crane,8.692634,2.578248
SA05117,sandhill_crane,2.610451,5.456142
SA09027,sandhill_crane,5.508859,10.238615
SN07327,snow_goose,11.409447,10.480206
SN00572,snow_goose,12.967073,10.134322
SA08484,sandhill_crane,2.030483,5.129823
SA09895,sandhill_crane,9.634713,2.476618
SA07671,sandhill_crane,6.373464,5.544822
SA09000,sandhill_crane,4.71342,10.270326
SN03101,snow_goose,13.814013,12.891747
SA09912,sandhill_crane,16.070767,3.222383
SN09281,snow_goose,12.041974,11.368244
SN04501,snow_goose,11.928291,10.398573
SA06654,sandhill_crane,17.284976,3.77081
SN08226,snow_goose,2.257785,5.538614
SN05764,snow_goose,8.458052,2.088328
SN05998,snow_goose,6.146907,5.107886
SA04724,sandhill_crane,6.849452,5.468256
SN01554,snow_goose,12.012823,10.342439
SN00232,snow_goose,13.304341,3.094065
SA08864,sandhill_crane,5.894056,6.374366
SA09398,sandhill_crane,9.038034,2.936976
SN02384,snow_goose,5.687972,9.796553
SN03534,snow_goose,13.53106,12.795394
SN01224,snow_goose,5.794335,6.412259
SA02165,sandhill_crane,17.01536,2.41734
SA07877,sandhill_crane,12.192531,10.435382
SN03010,snow_goose,11.708974,1.906317
SA02948,sandhill_crane,6.526136,6.044921
SN05504,snow_goose,9.324081,1.897146
SN07886,snow_goose,9.12396,1.986826
SN03512,snow_goose,6.33506,6.298938
SN04686,snow_goose,8.714169,2.505199
SN07369,snow_goose,15.801466,3.668526
SN09659,snow_goose,13.535726,12.245558
SN06187,snow_goose,6.780677,5.688615
SN05662,snow_goose,7.866596,5.149533
SN01776,snow_goose,12.115165,2.575417
SA08942,sandhill_crane,17.039827,3.523798
SA05519,sandhill_crane,13.490451,12.881654
SN04635,snow_goose,13.815819,12.825535
SA03553,sandhill_crane,6.724011,10.297419
SA01057,sandhill_crane,8.30882,2.471848
SA07985,sandhill_crane,16.051718,2.755445
SA09240,sandhill_crane,14.663477,13.422303
SN09249,snow_goose,14.035845,13.053278
SN07158,snow_goose,5.268843,9.885099
SA02587,sandhill_crane,9.631595,3.054636
SN09165,snow_goose,12.550775,10.541147
SA01007,sandhill_crane,11.458192,11.114212
SN08500,snow_goose,16.385144,3.210116
SA02982,sandhill_crane,11.930762,1.477102
SN06626,snow_goose,2.311021,4.92696
SN05506,snow_goose,14.420499,12.264206
SA05636,sandhill_crane,13.170015,3.303406
SA07340,sandhill_crane,12.966121,13.146833
SN07587,snow_goose,9.152692,2.510095
SA08302,sandhill_crane,7.925928,2.816372
SN09392,snow_goose,6.373717,5.405628
SN08619,snow_goose,16.362196,3.102432
SA07954,sandhill_crane,5.818274,10.080733
SN00471,snow_goose,5.61874,9.799832
SA05543,sandhill_crane,6.960897,5.943911
SN07674,snow_goose,5.087235,10.623155
SA09575,sandhill_crane,17.014737,3.786833
SN01117,snow_goose,8.466197,2.522931
SA05626,sandhill_crane,12.962931,10.922583
SA09321,sandhill_crane,12.878975,2.466877
SA08956,sandhill_crane,8.279254,2.609549
SN01098,snow_goose,6.766933,5.958709
SA06054,sandhill_crane,1.72791,5.48971
SA05642,sandhill_crane,6.31632,5.989439
SN02566,snow_goose,16.153167,2.868462
SN03686,snow_goose,13.427167,12.433461
SN08522,snow_goose,8.62248,2.350007
SA01312,sandhill_crane,12.081224,2.793059
SN05451,snow_goose,7.319848,6.173639
SA07007,sandhill_crane,5.987802,5.64024
SN06103,snow_goose,1.734599,5.620362
SA06039,sandhill_crane,6.744874,5.696178
SN08079,snow_goose,13.601536,12.890905
SN04831,snow_goose,6.548086,5.316751
SN05806,snow_goose,16.352339,3.108819
SA05544,sandhill_crane,12.217908,2.061197
SA07913,sandhill_crane,12.348663,2.08481
SN03460,snow_goose,6.283926,5.152508
SN06519,snow_goose,14.285707,12.881648
SA02440,sandhill_crane,6.254887,5.932471
SN04498,snow_goose,9.245753,2.235434
SA09342,sandhill_crane,9.447248,2.805084
SN08581,snow_goose,11.883608,2.360289
SA02537,sandhill_crane,12.378888,9.399413
SA00475,sandhill_crane,8.871314,3.620669
SN03096,snow_goose,5.789576,9.907685
SN09814,snow_goose,15.237914,3.620395
SA04592,sandhill_crane,8.268619,2.298171
SN01272,snow_goose,8.894795,2.250122
SA00646,sandhill_crane,12.751699,10.109336
SN01582,snow_goose,15.708689,3.714753
SA00825,sandhill_crane,6.826419,5.511489
SA07213,sandhill_crane,6.673293,6.035447
SN06637,snow_goose,11.770636,1.293023
SN02173,snow_goose,9.322742,2.759452
SN08716,snow_goose,11.594034,11.365736
SN09291,snow_goose,16.148052,2.815226
SA02577,sandhill_crane,4.31529,9.883646
SN08239,snow_goose,2.750922,6.025989
SA09273,sandhill_crane,12.461181,2.269702
SN02869,snow_goose,15.992437,3.330572
SN06760,snow_goose,13.04685,13.690704
SN08022,snow_goose,6.642542,6.037739
SN06764,snow_goose,5.944315,5.474562
SN05919,snow_goose,12.057282,10.981269
SA01574,sandhill_crane,2.490448,6.849161
SA08337,sandhill_crane,16.14982,4.591319
SN03302,snow_goose,16.469268,3.938712
SA01700,sandhill_crane,16.458073,2.465444
SA09988,sandhill_crane,9.990591,1.909551
SN02430,snow_goose,12.431508,11.174314
SA05942,sandhill_crane,14.539327,12.023808
SA05308,sandhill_crane,16.303167,3.495343
SN00584,snow_goose,9.954071,2.802427
SA02427,sandhill_crane,6.037528,5.957967
SN03198,snow_goose,14.503308,12.653161
SN04049,snow_goose,12.099167,1.83437
SN01592,snow_goose,2.837131,5.078775
SA05335,sandhill_crane,9.116862,2.099346
SA01562,sandhill_crane,1.867698,4.876468
SA08336,sandhill_crane,16.345187,2.633176
SA04644,sandhill_crane,2.640527,4.915733
SN04413,snow_goose,5.237897,10.307312
SA02430,sandhill_crane,8.685818,2.00126
SA00427,sandhill_crane,6.511823,5.241222
SA09399,sandhill_crane,12.958845,12.76624
SA03259,sandhill_crane,9.697664,2.823551
SN00191,snow_goose,16.960075,3.799818
SN07063,snow_goose,13.486782,10.759697
SA09351,sandhill_crane,6.143646,5.196893
SN04978,snow_goose,13.230521,13.21402
SN08366,snow_goose,5.770758,10.564632
SA01533,sandhill_crane,5.358147,5.829061
SA04799,sandhill_crane,7.984519,0.921131
SA02378,sandhill_crane,3.167455,5.245871
SN03150,snow_goose,13.252623,3.615502
SA09180,sandhill_crane,2.816028,4.819507
SN08373,snow_goose,1.448388,5.770204
SN03599,snow_goose,2.810221,5.91497
SN09374,snow_goose,2.400461,5.717259
SA03931,sandhill_crane,2.673533,4.504658
SN07987,snow_goose,15.570011,3.074657
SN01648,snow_goose,5.145325,4.967524
SA05000,sandhill_crane,14.131627,13.266792
SA02843,sandhill_crane,5.583195,6.559599
SA01822,sandhill_crane,14.122811,12.615381
SA00944,sandhill_crane,5.297021,9.983111
SN01789,snow_goose,6.009816,9.941166
SN09464,snow_goose,12.815436,10.555993
SN04002,snow_goose,8.272828,3.065004
SA09077,sandhill_crane,2.649238,5.271237
SA06780,sandhill_crane,14.247353,13.071494
SN03058,snow_goose,6.477416,5.619958
SA02174,sandhill_crane,4.936207,9.971021
SN04948,snow_goose,9.455945,2.165139
SN01740,snow_goose,1.867651,4.622976
SN00182,snow_goose,7.912861,1.729478
SA04786,sandhill_crane,16.300258,3.281273
SN06776,snow_goose,5.208467,10.221341
SN03498,snow_goose,14.163401,12.588307
SA09647,sandhill_crane,2.109307,5.614479
SA05412,sandhill_crane,13.840789,13.041549
SA09350,sandhill_crane,6.114448,5.626411
SN02646,snow_goose,2.690773,5.636882
SA09188,sandhill_crane,8.941492,2.392184
SA06956,sandhill_crane,12.053835,10.05309
SA00236,sandhill_crane,11.649994,1.797256
SN04846,snow_goose,14.081154,12.929781
SN08147,snow_goose,13.98559,12.986899
SA02515,sandhill_crane,2.818948,5.981098
SA05061,sandhill_crane,5.832622,10.114162
SA02858,sandhill_crane,9.293173,1.639529
SA03578,sandhill_crane,12.424218,2.635274
SA06449,sandhill_crane,15.639358,3.207586
SN01926,snow_goose,6.792463,6.532274
SN05941,snow_goose,8.947016,1.61311
SN08047,snow_goose,5.637443,10.965638
SA03273,sandhill_crane,11.576443,2.640661
SA02688,sandhill_crane,6.423205,5.911592
SA03026,sandhill_crane,17.206963,2.727402
SN06086,snow_goose,11.828255,10.935457
SA07711,sandhill_crane,2.683707,5.828561
SN01597,snow_goose,6.18486,5.044855
SN08391,snow_goose,6.822421,4.661719
SA07321,sandhill_crane,6.709064,9.795777
SA08421,sandhill_crane,12.510385,2.495649
SN05023,snow_goose,14.179135,12.36635
SA09765,sandhill_crane,1.810149,4.744325
SA09022,sandhill_crane,6.706227,9.745793
SN07383,snow_goose,9.045957,2.527135
SA01342,sandhill_crane,2.556277,4.739143
SA06586,sandhill_crane,4.641336,10.31498
SN04935,snow_goose,12.015413,10.274717
SN04592,snow_goose,6.070815,10.275388
SN04205,snow_goose,8.895216,2.855638
SN02578,snow_goose,10.903431,3.111744
SA02401,sandhill_crane,12.035522,3.729032
SA06684,sandhill_crane,9.153164,3.078679
SN09683,snow_goose,12.882624,1.609739
SN01888,snow_goose,12.102057,10.797912
SA09010,sandhill_crane,5.040576,9.563929
SN09491,snow_goose,11.262617,2.45167
SN07568,snow_goose,2.54807,5.640833
SA07696,sandhill_crane,9.518209,2.539696
SN07078,snow_goose,3.385424,5.447494
SN06057,snow_goose,5.159373,10.288623
SN06121,snow_goose,15.884674,3.562638
SN01883,snow_goose,3.127688,6.087159
SA00902,sandhill_crane,12.05214,10.675287
SA02967,sandhill_crane,11.45585,3.068069
SN02505,snow_goose,6.747819,5.891804
SA01889,sandhill_crane,15.781662,3.747551
SN01498,snow_goose,2.090581,4.669999
SN06809,snow_goose,16.636869,4.074044
SA07245,sandhill_crane,2.40962,5.023931
SN00208,snow_goose,11.945836,10.779921
SN04415,snow_goose,11.639151,1.16068
SN07182,snow_goose,2.609863,5.318581
SA08886,sandhill_crane,8.976818,2.853315
SN00942,snow_goose,2.586654,5.48895
SA07953,sandhill_crane,9.020559,2.946885
SA00119,sandhill_crane,16.368059,3.021192
SN01770,snow_goose,6.640557,5.247152
SN01210,snow_goose,12.928483,9.754156
SA07292,sandhill_crane,13.797563,12.87934
SN07005,snow_goose,12.029322,1.873631
SA07865,sandhill_crane,1.906617,5.635859
SA04883,sandhill_crane,9.014658,2.819688
SA06410,sandhill_crane,2.229248,5.270183
SA01303,sandhill_crane,5.915655,10.163878
SA04590,sandhill_crane,12.860178,10.658425
SN02405,snow_goose,8.877603,2.146793
SA08442,sandhill_crane,8.777546,2.788023
SA00509,sandhill_crane,5.584841,5.056864
SA07127,sandhill_crane,5.775716,10.248073
SN04933,snow_goose,14.102121,12.308022
SN05279,snow_goose,14.140022,12.156642
SN07124,snow_goose,2.075688,5.205843
SN00805,snow_goose,4.686596,9.866154
SN04329,snow_goose,13.341948,12.825572
SN05288,snow_goose,6.995143,6.261995
SA05243,sandhill_crane,16.781205,3.524907
SN00251,snow_goose,6.157808,5.631329
SA02935,sandhill_crane,6.618745,5.045458
SN04989,snow_goose,1.896569,5.544069
SA07694,sandhill_crane,15.7877,3.254538
SA06565,sandhill_crane,8.194707,2.482122
SN05845,snow_goose,5.953804,9.987927
SN01688,snow_goose,5.876325,6.47979
SN06544,snow_goose,12.387829,10.051741
SA07684,sandhill_crane,5.853578,4.684074
SA08828,sandhill_crane,6.188046,5.281198
SA06969,sandhill_crane,4.982081,10.257707
SA01873,sandhill_crane,5.233471,9.572436
SA05293,sandhill_crane,6.136034,10.579459
SA05657,sandhill_crane,6.528028,10.098456
SA04226,sandhill_crane,17.474296,3.023232
SN05833,snow_goose,14.077631,12.956023
SN01184,snow_goose,5.005632,10.072961
SN09938,snow_goose,11.799985,1.865768
SA01085,sandhill_crane,13.950668,12.551299
SN05535,snow_goose,13.043561,2.418814
SA01942,sandhill_crane,10.773273,2.929761
SN03584,snow_goose,12.978638,1.532196
SA00430,sandhill_crane,5.600369,10.185941
SN07782,snow_goose,12.459228,3.061637
SA00379,sandhill_crane,2.281878,6.419085
SN08052,snow_goose,13.111445,13.38443
SN08163,snow_goose,16.224561,3.327814
SN09906,snow_goose,16.09383,3.38601
SA06028,sandhill_crane,14.072941,12.822817
SA06486,sandhill_crane,6.126562,6.270557
SA08664,sandhill_crane,8.237622,2.026912
SN02827,snow_goose,12.643926,11.116392
SA04585,sandhill_crane,2.148197,5.534487
SA06184,sandhill_crane,12.636447,10.538256
SA02915,sandhill_crane,12.690158,11.218113
SA09209,sandhill_crane,8.689666,1.981337
SA09586,sandhill_crane,6.243098,5.137453
SN06096,snow_goose,16.344347,3.156505
SA02068,sandhill_crane,14.339307,12.275863
SA06172,sandhill_crane,16.094127,4.508028
SN09188,snow_goose,8.429036,1.684122
SN09293,snow_goose,1.831595,4.847392
SN02837,snow_goose,12.553251,2.727179
SA08525,sandhill_crane,4.704375,9.504206
SN08593,snow_goose,1.717185,5.435227
SA07228,sandhill_crane,11.644205,3.395958
SN09516,snow_goose,12.29863,9.309581
SN02548,snow_goose,6.157042,6.573886
SA03919,sandhill_crane,2.23796,5.383659
SA00700,sandhill_crane,13.203498,9.989972
SA03131,sandhill_crane,5.850201,10.744052
SA00688,sandhill_crane,7.97438,2.211245
SN06170,snow_goose,15.675246,2.836003
SA04253,sandhill_crane,16.329415,2.819808
SN09964,snow_goose,11.97292,2.52314
SN03661,snow_goose,2.676651,5.531804
SN02454,snow_goose,14.340139,13.036785
SN05223,snow_goose,11.808474,10.649744
SA07846,sandhill_crane,12.368721,2.968131
SA07626,sandhill_crane,9.313381,2.744531
SN08430,snow_goose,4.889274,9.544165
SN07675,snow_goose,12.136451,1.74895
SN04101,snow_goose,12.637068,2.524331
SN03385,snow_goose,6.013969,9.929825
SA08874,sandhill_crane,6.477043,5.295555
SA01659,sandhill_crane,15.783562,3.08374
SA02883,sandhill_crane,8.588971,2.317963
SN09636,snow_goose,12.971217,10.5707
SN09163,snow_goose,13.183226,10.777623
SA01679,sandhill_crane,15.725178,2.799696
SN09124,snow_goose,2.01509,4.853128
SA09518,sandhill_crane,12.17803,2.447288
SN02335,snow_goose,2.794006,5.488339
SA00008,sandhill_crane,8.923891,2.526828
SA07828,sandhill_crane,6.386127,10.593043
SN09204,snow_goose,11.81958,2.742416
SA08027,sandhill_crane,8.749172,2.723491
SN02432,snow_goose,17.085632,3.090745
SA04273,sandhill_crane,16.162454,2.883155
SN03598,snow_goose,13.056327,10.908079
SN03115,snow_goose,16.274679,3.723055
SN03114,snow_goose,1.920836,5.141259
SA03915,sandhill_crane,5.987014,10.254928
SN09451,snow_goose,6.948938,4.853782
SN02573,snow_goose,16.128706,3.446718
SN07360,snow_goose,2.369908,5.016506
SN00975,snow_goose,6.101682,11.255545
SA03300,sandhill_crane,2.321278,5.305037
SN08200,snow_goose,12.586407,11.213595
SA04062,sandhill_crane,16.498961,3.254395
SN08105,snow_goose,5.955864,5.248177
SA05219,sandhill_crane,6.105766,5.2895
SA03232,sandhill_crane,17.002126,3.48508
SN00898,snow_goose,12.618735,3.215777
SN02206,snow_goose,12.0304,11.441764
SN06722,snow_goose,11.600796,11.942988
SN00390,snow_goose,5.323958,6.302649
SN08848,snow_goose,11.826771,1.946852
SN04605,snow_goose,6.614771,6.661058
SN05162,snow_goose,2.537508,5.171003
SN04546,snow_goose,16.020524,3.553639
SA07763,sandhill_crane,13.77563,12.32254
SA06763,sandhill_crane,13.419913,12.355789
SA05001,sandhill_crane,6.049426,9.748064
SN01898,snow_goose,2.566443,5.163647
SA00465,sandhill_crane,11.899676,3.327525
SN03966,snow_goose,6.659795,10.637033
SN04774,snow_goose,8.436261,2.593536
SA07427,sandhill_crane,12.175351,1.402421
SN02276,snow_goose,5.602315,9.234682
SN00728,snow_goose,13.755198,12.391771
SA08494,sandhill_crane,16.424469,3.929572
SA09346,sandhill_crane,12.408033,3.004791
SN03683,snow_goose,11.843315,2.134036
SA06461,sandhill_crane,12.632314,1.455434
SN09523,snow_goose,5.044126,10.142067
SN07781,snow_goose,12.23583,11.126834
SA02293,sandhill_crane,15.673873,3.362342
SA09215,sandhill_crane,5.74668,10.838792
SA01715,sandhill_crane,5.164995,4.75519
SA03237,sandhill_crane,11.194897,10.526161
SN03993,snow_goose,15.796062,3.964642
SA06420,sandhill_crane,16.131229,3.598089
SA04373,sandhill_crane,16.567386,3.167413
SA05606,sandhill_crane,16.022847,3.639056
SN09932,snow_goose,6.587777,6.041803
SN06741,snow_goose,13.736752,13.507511
SN06485,snow_goose,12.010263,2.076216
SN01156,snow_goose,6.404419,5.131733
SN05634,snow_goose,11.890206,1.815166
SN04402,snow_goose,1.858355,3.80708
SA07184,sandhill_crane,16.758914,3.68041
SA08916,sandhill_crane,12.877483,2.721723
SN02555,snow_goose,9.210308,2.058884
SA02273,sandhill_crane,5.739272,10.029618
SA08568,sandhill_crane,1.941529,5.416677
SN00140,snow_goose,13.760929,12.260308
SA06178,sandhill_crane,13.435649,12.717368
SA07306,sandhill_crane,16.454077,3.482557
SA04699,sandhill_crane,12.767981,11.000756
SA08971,sandhill_crane,16.571607,3.032532
SA05248,sandhill_crane,7.140171,5.40696
SN02602,snow_goose,2.463871,5.314736
SA01104,sandhill_crane,12.805641,12.731706
SA00152,sandhill_crane,3.086508,5.788839
SN02616,snow_goose,12.096949,11.459846
SA03021,sandhill_crane,6.356825,4.581387
SA01916,sandhill_crane,11.924484,9.954164
SA01270,sandhill_crane,16.519759,3.820135
SA03991,sandhill_crane,9.318685,2.523359
SN07743,snow_goose,13.083603,13.539728
SN02098,snow_goose,11.759566,2.333797
SN05263,snow_goose,6.031657,10.641052
SA05696,sandhill_crane,14.129586,12.790618
SN08078,snow_goose,7.407173,5.861471
SN05879,snow_goose,11.797468,2.43958
SN00839,snow_goose,9.144494,2.738383
SN07098,snow_goose,6.083076,5.92698
SN06873,snow_goose,2.042054,3.939998
SN00312,snow_goose,7.949297,2.005763
SN07604,snow_goose,9.080375,2.723684
SN00294,snow_goose,2.325608,5.819743
SA08544,sandhill_crane,8.86263,1.613339
SA00013,sandhill_crane,2.433626,5.165215
SA05131,sandhill_crane,2.260198,3.745071
SA05402,sandhill_crane,8.310024,2.973885
SA04766,sandhill_crane,4.641637,9.264139
SA08846,sandhill_crane,12.114662,10.198916
SA03179,sandhill_crane,2.309916,4.984124
SA07286,sandhill_crane,2.620879,5.453537
SA08640,sandhill_crane,5.82168,5.888004
SA08143,sandhill_crane,15.858509,4.502578
SN04619,snow_goose,15.99367,3.455089
SN07617,snow_goose,12.042334,2.807792
SA05794,sandhill_crane,5.452433,10.196834
SN05457,snow_goose,4.674336,10.387639
SA00171,sandhill_crane,16.788582,3.367958
SN07400,snow_goose,14.247832,13.823072
SN01245,snow_goose,12.034055,10.330278
SA08832,sandhill_crane,14.038563,13.155751
SA09362,sandhill_crane,16.573757,2.532435
SA03645,sandhill_crane,12.167995,1.779128
SN03006,snow_goose,5.818396,9.69367
SN06560,snow_goose,14.014327,13.072271
SA07202,sandhill_crane,6.629167,4.746579
SN00520,snow_goose,8.976234,2.856161
SA03137,sandhill_crane,16.731181,3.837747
SN04899,snow_goose,9.634874,2.978612
SN00343,snow_goose,7.505923,2.812745
SN05140,snow_goose,6.439679,6.09696
SA04777,sandhill_crane,5.452918,10.532856
SA05635,sandhill_crane,11.827366,3.277075
SN07903,snow_goose,15.725318,2.966618
SN07171,snow_goose,12.325363,11.387384
SN01295,snow_goose,8.94946,2.140137
SA06294,sandhill_crane,16.400321,3.121149
SN09633,snow_goose,12.512351,10.880525
SN05186,snow_goose,12.051549,11.229024
SN02796,snow_goose,9.33038,2.298901
SN05784,snow_goose,8.367363,2.886075
SA02148,sandhill_crane,12.117677,10.132938
SN06413,snow_goose,2.81445,5.580707
SA08344,sandhill_crane,14.520017,12.479508
SN02733,snow_goose,5.750105,4.226365
SN02842,snow_goose,13.741726,12.508322
SN09585,snow_goose,8.639639,2.502893
SN01728,snow_goose,13.007248,2.896558
SN08809,snow_goose,13.589266,12.698018
SA01015,sandhill_crane,9.381543,2.990811
SA07553,sandhill_crane,13.795774,12.381779
SA04759,sandhill_crane,6.14357,10.295978
SA06092,sandhill_crane,1.783041,4.729094
SA03493,sandhill_crane,3.19078,5.25242
SA07173,sandhill_crane,6.037034,5.122184
SN00347,snow_goose,14.150875,12.988025
SN09647,snow_goose,12.941103,10.931139
SN05236,snow_goose,15.553619,3.491505
SN08287,snow_goose,2.72284,4.881425
SN05785,snow_goose,2.981219,4.857552
SA04191,sandhill_crane,12.333854,10.791371
SN08785,snow_goose,2.804091,5.593817
SN01132,snow_goose,14.471211,12.132052
SA01187,sandhill_crane,14.141736,13.443388
SN03244,snow_goose,2.928036,5.528396
SA08723,sandhill_crane,12.538836,10.143624
SN00514,snow_goose,11.553117,10.581434
SN06822,snow_goose,5.644016,11.09368
SA06813,sandhill_crane,8.221571,2.231359
SA06993,sandhill_crane,3.06996,4.894787
SN08899,snow_goose,9.979459,1.913591
SN07540,snow_goose,12.655937,2.390445
SA03566,sandhill_crane,12.316056,2.884839
SA09524,sandhill_crane,12.133752,2.428815
SA01736,sandhill_crane,2.0498,5.237571
SN00003,snow_goose,2.268437,5.426584
SA01463,sandhill_crane,12.131234,10.985592
SN03294,snow_goose,17.177787,3.284605
SN03814,snow_goose,2.320877,4.984125
SN05988,snow_goose,15.412911,3.189451
SN00691,snow_goose,7.099578,5.32061
SN04940,snow_goose,8.027859,1.925485
SA00398,sandhill_crane,14.399926,12.470791
SN04029,snow_goose,12.590157,1.951838
SN07418,snow_goose,12.963921,11.115727
SA00140,sandhill_crane,12.11772,2.697707
SN00511,snow_goose,4.100584,10.375981
SA03236,sandhill_crane,13.425131,12.589682
SN02937,snow_goose,2.815595,5.079919
SN00365,snow_goose,3.187172,4.061626
SA06423,sandhill_crane,7.114113,6.47565
SN01793,snow_goose,15.528339,3.296939
SA00434,sandhill_crane,16.382012,3.174416
SA02594,sandhill_crane,12.628926,10.761476
SA08221,sandhill_crane,15.857001,2.453418
SA04888,sandhill_crane,12.43363,3.417379
SN08365,snow_goose,6.383461,6.384021
SN07487,snow_goose,12.516806,10.846697
SN08453,snow_goose,7.295594,5.527976
SN05268,snow_goose,13.811219,12.940951
SN05605,snow_goose,11.853924,11.049263
SA00530,sandhill_crane,2.216574,4.933283
SN01001,snow_goose,7.020246,5.771181
SA02089,sandhill_crane,8.994145,2.713412
SA01777,sandhill_crane,17.342004,3.580653
SA00754,sandhill_crane,3.245641,4.791205
SN04656,snow_goose,13.714176,12.425741
SN08892,snow_goose,7.013251,5.901744
SN01652,snow_goose,6.117245,9.780516
SN02460,snow_goose,14.591552,13.452714
SA08047,sandhill_crane,7.385737,4.745285
SN00277,snow_goose,9.579327,2.463353
SA01622,sandhill_crane,11.838486,11.056461
SN08102,snow_goose,7.995939,3.368356
SN08951,snow_goose,16.309436,3.953147
SN04506,snow_goose,7.080853,5.228716
SN04929,snow_goose,2.568772,4.396417
SN08709,snow_goose,8.316756,1.114624
SN02014,snow_goose,15.990165,3.216298
SA05702,sandhill_crane,13.095424,11.671307
SA05429,sandhill_crane,13.484948,12.806125
SA08992,sandhill_crane,11.906645,2.059651
SA05582,sandhill_crane,15.880426,3.585309
SA02694,sandhill_crane,14.008459,13.729733
SA06185,sandhill_crane,8.336143,2.5429
SA08896,sandhill_crane,6.432572,5.928216
SA01410,sandhill_crane,12.496458,11.289485
SA08476,sandhill_crane,5.639153,9.957584
SN01577,snow_goose,9.016557,1.82805
SN00787,snow_goose,5.842704,6.360508
SN09298,snow_goose,15.984984,4.077877
SA05907,sandhill_crane,11.807171,10.621831
SA04095,sandhill_crane,12.106393,2.568403
SA02759,sandhill_crane,1.554159,4.960207
SA08991,sandhill_crane,12.996463,12.156078
SA05121,sandhill_crane,6.728066,4.745225
SN09130,snow_goose,13.931084,12.227483
SN07962,snow_goose,12.369509,11.516753
SA02717,sandhill_crane,5.148356,9.60408
SA05036,sandhill_crane,12.603829,2.168077
SN01009,snow_goose,13.445768,13.182291
SN07721,snow_goose,5.664959,10.978321
SN00239,snow_goose,13.413843,13.501637
SN02649,snow_goose,6.904691,5.984641
SA03239,sandhill_crane,11.956208,3.346866
SA07748,sandhill_crane,3.745202,5.512274
SA09844,sandhill_crane,8.113797,2.47335
SN05220,snow_goose,6.715851,5.927819
SN05911,snow_goose,2.271057,5.465641
SN03568,snow_goose,2.297462,4.730749
SN05192,snow_goose,11.913964,3.017882
SA04625,sandhill_crane,16.365623,3.403739
SN04356,snow_goose,13.320539,2.021619
SA08078,sandhill_crane,1.583338,5.428558
SN06140,snow_goose,1.594398,5.002034
SN02580,snow_goose,6.590649,6.588023
SA09152,sandhill_crane,9.049167,2.013136
SN02221,snow_goose,12.076134,10.072678
SN00729,snow_goose,7.404674,6.222199
SA00247,sandhill_crane,16.503107,2.543373
SA03178,sandhill_crane,2.032829,5.250588
SA00553,sandhill_crane,12.560692,12.056941
SA01799,sandhill_crane,4.7324,6.316885
SN06532,snow_goose,13.975269,12.385482
SN02757,snow_goose,16.151757,3.215516
SN04384,snow_goose,2.657619,5.6315
SA00757,sandhill_crane,10.876567,2.41182
SA01954,sandhill_crane,7.20884,5.060205
SN03424,snow_goose,12.386484,10.459393
SA00868,sandhill_crane,6.061246,4.778775
SA06891,sandhill_crane,12.134151,2.442532
SN05971,snow_goose,6.506659,6.187172
SA05411,sandhill_crane,11.609241,10.065545
SA05768,sandhill_crane,16.05664,3.639062
SA08737,sandhill_crane,6.386186,5.590724
SA05701,sandhill_crane,5.144512,11.102744
SN05560,snow_goose,4.264302,10.447936
SA05241,sandhill_crane,16.126749,2.766358
SN09444,snow_goose,14.375681,13.618921
SN03432,snow_goose,12.995733,10.343368
SA08420,sandhill_crane,11.426956,11.408737
SN02434,snow_goose,6.552454,5.661946
SN02348,snow_goose,1.609401,5.879977
SN08352,snow_goose,12.183142,1.612677
SN04252,snow_goose,5.279644,9.439692
SN01386,snow_goose,14.628224,13.1262
SN04703,snow_goose,6.658521,5.705369
SN04985,snow_goose,12.376744,1.365575
SA05629,sandhill_crane,12.201858,2.428096
SN07562,snow_goose,6.913822,5.346297
SA03140,sandhill_crane,12.254917,10.671547
SN03005,snow_goose,6.970096,5.468931
SA01387,sandhill_crane,6.325486,5.090248
SA07144,sandhill_crane,5.565941,9.890648
SN00532,snow_goose,8.019276,2.696544
SA03224,sandhill_crane,12.497894,2.803763
SN03671,snow_goose,6.243115,8.977171
SN07490,snow_goose,13.444374,10.4429
SA01669,sandhill_crane,2.701588,4.73952
SA07564,sandhill_crane,11.442413,10.602191
SN09999,snow_goose,3.047229,5.840112
SN02222,snow_goose,14.338441,12.568912
SA00504,sandhill_crane,13.068326,13.276868
SN09054,snow_goose,16.028652,3.034328
SA09320,sandhill_crane,14.151423,13.172636
SN09854,snow_goose,5.463304,9.872605
SN02527,snow_goose,2.759901,5.139409
SN07131,snow_goose,11.693081,11.414786
SA05436,sandhill_crane,11.996581,10.517706
SA09882,sandhill_crane,15.793107,2.505631
SA06588,sandhill_crane,14.349861,12.96874
SA04703,sandhill_crane,15.866585,3.783776
SN03640,snow_goose,12.653497,2.320438
SN02333,snow_goose,12.204397,1.199704
SA06936,sandhill_crane,14.352923,13.291891
SA08911,sandhill_crane,2.276422,5.639483
SN09126,snow_goose,5.923054,5.858484
SN02556,snow_goose,6.143763,4.813146
SA05094,sandhill_crane,13.848872,12.413256
SN01237,snow_goose,11.990536,2.15397
SN05815,snow_goose,13.369058,11.355766
SN05161,snow_goose,7.29637,5.386628
SA04200,sandhill_crane,8.43699,2.99103
SA04075,sandhill_crane,15.999225,2.800287
SA04395,sandhill_crane,12.123384,10.17685
SA07078,sandhill_crane,6.663536,10.079893
SN09479,snow_goose,2.599351,5.382439
SA01339,sandhill_crane,8.791417,2.06821
SN05039,snow_goose,14.109833,13.890643
SN09526,snow_goose,11.607205,10.720526
SA09151,sandhill_crane,16.785339,3.407262
SA06598,sandhill_crane,2.911197,5.394093
SN09627,snow_goose,16.149055,4.277829
SN08339,snow_goose,7.138122,5.919276
SN01306,snow_goose,15.667358,3.001232
SN08350,snow_goose,1.838,5.608164
SA03109,sandhill_crane,12.282229,1.960363
SN05125,snow_goose,6.209265,10.201326
SA00177,sandhill_crane,2.133975,5.437566
SN01130,snow_goose,8.410392,2.041725
SA05695,sandhill_crane,8.047224,3.336992
SA02810,sandhill_crane,8.877957,1.319441
SA02009,sandhill_crane,1.776365,4.217195
SN05375,snow_goose,8.336688,2.602545
SN03011,snow_goose,16.075692,2.781327
SN04265,snow_goose,14.487316,13.809272
SN00848,snow_goose,6.372443,5.340623
SN07006,snow_goose,6.244699,10.473256
SA05342,sandhill_crane,8.972527,2.642641
SN06669,snow_goose,12.145724,2.72151
SN04277,snow_goose,8.537658,1.992222
SN02449,snow_goose,13.821946,13.719303
SN05999,snow_goose,11.789084,11.408167
SN03790,snow_goose,6.567259,5.54003
SN05818,snow_goose,12.339059,11.681307
SN06299,snow_goose,12.629713,11.528267
SN09675,snow_goose,13.27361,12.567017
SA02620,sandhill_crane,12.310221,11.094402
SN09351,snow_goose,4.874812,10.120992
SA03136,sandhill_crane,12.938496,10.696657
SA05126,sandhill_crane,4.716475,9.882617
SN03063,snow_goose,3.165449,5.830454
SN03248,snow_goose,12.734941,2.262234
SN09892,snow_goose,11.96274,1.982499
SN01607,snow_goose,2.3314,4.689589
SA04652,sandhill_crane,15.731127,3.705369
SA04183,sandhill_crane,12.155112,10.406287
SN07394,snow_goose,13.360046,2.588678
SA06446,sandhill_crane,6.690699,5.207269
SA02413,sandhill_crane,12.431538,11.007107
SA03466,sandhill_crane,5.58492,10.341392
SN07234,snow_goose,12.662173,11.018271
SA03341,sandhill_crane,5.231336,10.493828
SA04383,sandhill_crane,6.34517,5.867697
SA04131,sandhill_crane,16.033257,3.72293
SN06516,snow_goose,5.632672,9.570455
SN05380,snow_goose,11.577837,2.389779
SN05414,snow_goose,5.289145,10.413815
SN03014,snow_goose,15.849717,3.750812
SA04710,sandhill_crane,1.303018,5.326536
SA07114,sandhill_crane,13.147052,12.910879
SA04814,sandhill_crane,1.645736,5.029565
SN09818,snow_goose,12.765188,9.993673
SN04956,snow_goose,11.896561,2.357397
SN03117,snow_goose,8.922346,2.769646
SN09908,snow_goose,2.071156,4.841499
SA04853,sandhill_crane,5.824037,5.889372
SN08731,snow_goose,2.643378,5.460988
SN05905,snow_goose,12.682194,10.493536
SA01684,sandhill_crane,1.815676,5.189778
SN00104,snow_goose,6.296508,5.665919
SN05787,snow_goose,1.517277,4.630676
SN01149,snow_goose,17.012081,3.28797
SA03616,sandhill_crane,12.616224,2.146949
SN05793,snow_goose,16.490791,3.24615
SN01447,snow_goose,6.073724,5.74506
SA08085,sandhill_crane,3.128509,5.111895
SA01011,sandhill_crane,1.875198,5.443799
SN09148,snow_goose,6.366616,5.488771
SA06113,sandhill_crane,6.169185,5.348069
SN09637,snow_goose,7.518876,6.309271
SN00918,snow_goose,8.720737,2.910661
SA06029,sandhill_crane,2.509773,5.378623
SA09039,sandhill_crane,6.683354,5.848009
SA02512,sandhill_crane,15.984852,3.234972
SA09940,sandhill_crane,13.517372,12.677285
SN00040,snow_goose,13.687691,13.837325
SN00135,snow_goose,6.462887,5.225551
SN05866,snow_goose,14.11407,14.10851
SA07329,sandhill_crane,16.029505,3.083118
SN09295,snow_goose,12.181838,2.047276
SA06583,sandhill_crane,4.685149,10.810717
SN07071,snow_goose,6.573929,5.558747
SN00300,snow_goose,12.035733,2.902748
SA00904,sandhill_crane,6.608847,5.161592
SN06566,snow_goose,5.618161,9.539019
SA00340,sandhill_crane,5.937544,5.104079
SN08215,snow_goose,7.00211,6.122394
SA07606,sandhill_crane,8.783995,2.661126
SA01966,sandhill_crane,10.818151,2.982012
SA02354,sandhill_crane,6.36523,5.575949
SN06160,snow_goose,13.470589,12.313745
SA03554,sandhill_crane,13.393113,13.037972
SN09231,snow_goose,5.697671,9.501202
SA03470,sandhill_crane,5.541853,9.110689
SN09514,snow_goose,12.138409,10.643354
SA02899,sandhill_crane,9.215666,2.075186
SA03775,sandhill_crane,7.311142,5.491602
SN03486,snow_goose,12.051668,10.89506
SA04116,sandhill_crane,9.242772,2.206377
SN09761,snow_goose,12.233382,10.763038
SA02204,sandhill_crane,5.166659,10.344657
SN09644,snow_goose,3.278939,4.668841
SA00883,sandhill_crane,16.462985,3.598336
SN08134,snow_goose,6.240283,5.314269
SA00241,sandhill_crane,16.397845,3.052995
SN08236,snow_goose,8.18816,1.663249
SA03531,sandhill_crane,6.830974,5.12928
SA05234,sandhill_crane,11.960958,11.362964
SA00420,sandhill_crane,6.351884,4.992271
SA01435,sandhill_crane,13.08885,13.482103
SA02417,sandhill_crane,6.294581,9.697909
SN07726,snow_goose,14.252024,13.61581
SN08265,snow_goose,7.959989,1.722641
SN08959,snow_goose,8.693723,2.570453
SA02230,sandhill_crane,15.891744,3.461702
SA04837,sandhill_crane,3.00785,5.944262
SA01816,sandhill_crane,7.070524,5.140297
SA07901,sandhill_crane,4.614446,9.030936
SN07231,snow_goose,11.770291,2.13216
SN05898,snow_goose,13.063238,11.177771
SN09994,snow_goose,16.752955,3.529579
SN06705,snow_goose,16.682381,3.36361
SN00759,snow_goose,1.573288,4.941919
SA08582,sandhill_crane,11.628187,2.369216
SA06704,sandhill_crane,3.424283,4.981783
SN08770,snow_goose,6.397529,5.864092
SN08907,snow_goose,16.247419,3.453447
SN01060,snow_goose,13.092749,1.417921
SN00461,snow_goose,12.323428,10.667079
SA07116,sandhill_crane,15.9321,3.987966
SA04308,sandhill_crane,1.992137,4.669783
SA03692,sandhill_crane,13.484125,13.031983
SN00609,snow_goose,2.704442,4.648704
SN07620,snow_goose,11.842886,2.288174
SN02227,snow_goose,11.635171,2.349847
SA00626,sandhill_crane,13.537423,12.978677
SA08176,sandhill_crane,3.294913,4.847138
SA04168,sandhill_crane,11.795647,10.080453
SA01588,sandhill_crane,2.661622,6.037715
SA09031,sandhill_crane,11.65746,3.135156
SN06128,snow_goose,11.347661,2.991807
SN03928,snow_goose,2.2268,5.379748
SA03414,sandhill_crane,5.116242,9.949871
SN02717,snow_goose,12.161279,10.463375
SN09056,snow_goose,12.01161,2.480419
SA06222,sandhill_crane,6.217013,6.540562
SN02419,snow_goose,11.794948,10.73584
SA08575,sandhill_crane,12.619322,2.574825
SA08100,sandhill_crane,13.317609,1.664654
SA07833,sandhill_crane,13.559543,13.091322
SA08225,sandhill_crane,16.266777,3.443101
SA07290,sandhill_crane,12.307127,10.480633
SN07002,snow_goose,11.045725,2.835846
SN00229,snow_goose,8.379378,1.340268
SA08287,sandhill_crane,12.4807,2.79379
SN06906,snow_goose,12.178286,2.316785
SN00183,snow_goose,11.486163,10.923677
SN06405,snow_goose,8.730188,2.368228
SA04508,sandhill_crane,6.69303,5.480753
SA04904,sandhill_crane,1.683558,5.413452
SA05047,sandhill_crane,12.884626,10.615596
SA03167,sandhill_crane,9.262403,1.471222
SA09340,sandhill_crane,4.636915,9.649003
SN07584,snow_goose,7.12949,6.270899
SA00055,sandhill_crane,12.159745,11.465093
SA08550,sandhill_crane,6.246676,10.158244
SA01154,sandhill_crane,12.704027,10.448401
SN00372,snow_goose,2.02473,5.401768
SA02605,sandhill_crane,11.202479,10.305868
SN09090,snow_goose,16.716091,3.198318
SN06257,snow_goose,8.951613,2.843221
SN01918,snow_goose,14.150196,12.783799
SA06973,sandhill_crane,11.842746,1.941784
SN08612,snow_goose,13.696591,12.899277
SN04569,snow_goose,2.917234,6.037553
SN01910,snow_goose,5.086684,10.004713
SN01763,snow_goose,11.997002,10.517942
SA02617,sandhill_crane,6.133648,10.53405
SN00874,snow_goose,13.709583,13.25145
SN02978,snow_goose,12.243622,2.610585
SA04864,sandhill_crane,9.127377,3.085423
SN01749,snow_goose,13.003088,10.241137
SA08855,sandhill_crane,12.126722,10.44039
SA06237,sandhill_crane,12.417991,10.882488
SN03693,snow_goose,8.656716,2.526521
SA03540,sandhill_crane,16.183053,3.365456
SA08560,sandhill_crane,9.175233,2.50089
SN09756,snow_goose,5.593727,9.793236
SA08003,sandhill_crane,4.704513,10.56707
SN01849,snow_goose,1.810966,6.400126
SA04878,sandhill_crane,13.064029,10.385995
SA08012,sandhill_crane,16.415158,4.509605
SN07029,snow_goose,12.486287,2.759088
SN08432,snow_goose,6.685322,5.937404
SA02295,sandhill_crane,6.647167,4.482178
SA07150,sandhill_crane,14.659524,13.593674
SA09442,sandhill_crane,13.081477,10.239696
SA05192,sandhill_crane,8.863298,3.236145
SN06601,snow_goose,12.771987,10.473861
SN07563,snow_goose,7.650088,2.333517
SN00458,snow_goose,2.740214,5.446511
SN05766,snow_goose,3.109771,5.955556
SN05163,snow_goose,12.340304,2.300544
SA09692,sandhill_crane,2.392334,5.601545
SA08416,sandhill_crane,6.246902,5.081418
SN03535,snow_goose,15.039766,3.901699
SN06499,snow_goose,12.241696,10.442031
SN00169,snow_goose,5.835816,10.680082
SN00868,snow_goose,1.921929,5.748573
SN01417,snow_goose,6.803759,5.790161
SA02166,sandhill_crane,5.691481,10.256007
SA04917,sandhill_crane,5.936752,5.784687
SN04628,snow_goose,12.849758,10.499003
SA03557,sandhill_crane,17.30875,3.625502
SA03481,sandhill_crane,5.757924,9.956953
SA08968,sandhill_crane,8.790263,2.112288
SN07845,snow_goose,6.424505,5.198279
SN08116,snow_goose,8.116716,1.369757
SN01641,snow_goose,14.596712,12.652352
SA08528,sandhill_crane,8.067944,1.822757
SA04450,sandhill_crane,12.13777,1.59277
SN08772,snow_goose,13.566167,12.714228
SN04020,snow_goose,2.592684,4.956648
SN03369,snow_goose,16.295671,2.934906
SN07534,snow_goose,12.996644,9.740114
SA07177,sandhill_crane,13.06504,1.731891
SN06429,snow_goose,12.077304,9.96044
SN02370,snow_goose,15.440252,3.427862
SA04675,sandhill_crane,15.900906,3.10073
SA06378,sandhill_crane,2.112616,5.175298
SA05849,sandhill_crane,5.822669,5.616872
SA02947,sandhill_crane,8.757287,2.477396
SA06415,sandhill_crane,16.565587,2.86785
SN05178,snow_goose,5.507719,5.425211
SN02127,snow_goose,10.044194,2.649033
SA04317,sandhill_crane,11.673455,1.779836
SN08636,snow_goose,8.552481,2.658303
SA02423,sandhill_crane,9.302276,3.518245
SN01225,snow_goose,5.294942,10.449624
SA07300,sandhill_crane,6.799801,5.747349
SA09012,sandhill_crane,8.764174,3.628457
SN04351,snow_goose,2.320793,4.637926
SN05034,snow_goose,6.447323,5.183095
SA06980,sandhill_crane,12.448117,10.601998
SN01752,snow_goose,5.578046,10.605415
SA01319,sandhill_crane,5.941748,10.553547
SA09433,sandhill_crane,11.001431,1.943627
SN09134,snow_goose,5.668246,9.837697
SN00628,snow_goose,16.155336,2.824245
SN04601,snow_goose,15.462489,3.853795
SA02945,sandhill_crane,13.612364,12.930275
SN05696,snow_goose,14.354999,13.178504
SN03521,snow_goose,8.299814,3.268073
SN06787,snow_goose,2.506397,5.034659
SN09142,snow_goose,11.752337,2.029017
SA00929,sandhill_crane,8.535683,2.784117
SA07666,sandhill_crane,2.997289,4.686229
SN05640,snow_goose,13.837492,12.92274
SA07175,sandhill_crane,12.021944,10.452486
SA02635,sandhill_crane,7.799578,2.545882
SA08069,sandhill_crane,12.80891,10.875097
SA08043,sandhill_crane,12.253718,10.393797
SA00876,sandhill_crane,2.35633,4.733997
SA01462,sandhill_crane,6.930754,10.750913
SA01420,sandhill_crane,15.863586,3.731474
SA05437,sandhill_crane,6.045342,5.575801
SA02548,sandhill_crane,2.579709,5.448992
SN06975,snow_goose,14.081911,12.935908
SA00903,sandhill_crane,2.505867,4.529236
SN07884,snow_goose,16.770271,3.60898
SN05248,snow_goose,13.659247,12.101596
SA09208,sandhill_crane,16.87176,3.561348
SA01707,sandhill_crane,12.311397,10.415882
SN00100,snow_goose,17.176457,2.363253
SA00781,sandhill_crane,13.754343,12.766011
SN04217,snow_goose,5.375962,9.46362
SA06437,sandhill_crane,11.99001,10.376194
SA03574,sandhill_crane,12.290582,2.779735
SA05513,sandhill_crane,8.383983,2.522805
SA00508,sandhill_crane,16.237874,3.406756
SN07583,snow_goose,11.931867,2.453875
SN02635,snow_goose,16.376863,2.14042
SA07658,sandhill_crane,12.055411,2.327495
SN05487,snow_goose,8.412711,3.101358
SN08412,snow_goose,8.659461,2.618149
SN01163,snow_goose,12.63746,1.613255
SN06630,snow_goose,5.219537,9.873032
SN01895,snow_goose,2.391937,4.806502
SA03780,sandhill_crane,9.69825,2.491961
SA00861,sandhill_crane,8.922411,2.0418
SN03698,snow_goose,16.220586,3.242412
SN03437,snow_goose,4.945952,10.31003
SA05071,sandhill_crane,13.163458,12.309315
SN03917,snow_goose,14.350157,12.114591
SN09884,snow_goose,2.112731,6.317506
SN01466,snow_goose,4.99454,5.383529
SA02922,sandhill_crane,16.811072,3.661301
SA00736,sandhill_crane,6.81506,5.602656
SN04573,snow_goose,12.099528,2.705985
SN00321,snow_goose,1.737576,4.761356
SA03816,sandhill_crane,11.396232,2.147802
SA08923,sandhill_crane,2.640994,5.28302
SN03356,snow_goose,8.733267,2.133182
SA09834,sandhill_crane,6.574566,5.407343
SA09521,sandhill_crane,6.01277,10.437705
SA02647,sandhill_crane,5.548611,10.176222
SA03528,sandhill_crane,6.155788,5.587814
SA03416,sandhill_crane,12.239105,10.071157
SN07157,snow_goose,12.297922,3.29134
SA04397,sandhill_crane,6.00376,10.197374
SA06357,sandhill_crane,2.687031,5.258322
SN02317,snow_goose,5.782202,5.777698
SN01511,snow_goose,5.14251,9.393056
SA08229,sandhill_crane,16.431062,2.421887
SN03992,snow_goose,6.178195,5.457015
SA04550,sandhill_crane,6.015836,5.696564
SA01401,sandhill_crane,16.117595,3.203625
SA08822,sandhill_crane,13.737583,12.931711
SA07233,sandhill_crane,12.897568,9.59778
SA04427,sandhill_crane,9.529591,2.221879
SN03825,snow_goose,8.456517,2.786976
SN06732,snow_goose,13.231684,11.959479
SA08784,sandhill_crane,2.057127,4.523666
SA08445,sandhill_crane,11.668552,2.73489
SN01251,snow_goose,1.84336,5.631578
SN07703,snow_goose,15.841005,3.521352
SN08661,snow_goose,13.403518,13.458019
SA07521,sandhill_crane,14.78822,12.405007
SA03684,sandhill_crane,14.117971,12.880532
SN02789,snow_goose,2.166108,5.219246
SA09105,sandhill_crane,11.995299,10.604656
SN07993,snow_goose,5.606128,10.174894
SA05726,sandhill_crane,13.537892,13.050296
SN03733,snow_goose,9.691598,2.496487
SN05739,snow_goose,11.811862,2.676672
SA05353,sandhill_crane,5.363105,10.911843
SA02088,sandhill_crane,13.427824,12.895023
SN06794,snow_goose,17.311092,3.280171
SA00886,sandhill_crane,13.553855,12.862392
SA08949,sandhill_crane,11.902671,11.060473
SN09419,snow_goose,16.872529,2.741607
SA07435,sandhill_crane,12.802521,12.19127
SN05309,snow_goose,11.205672,4.164784
SA05482,sandhill_crane,12.526009,10.642092
SA08148,sandhill_crane,12.733368,10.812645
SA03304,sandhill_crane,6.205394,9.48403
SA08281,sandhill_crane,2.666987,6.256595
SN04468,snow_goose,16.272592,3.130078
SN06531,snow_goose,6.716846,5.557375
SN08895,snow_goose,13.031388,2.091212
SN09100,snow_goose,13.656044,12.933436
SA01206,sandhill_crane,13.403035,13.546994
SN03945,snow_goose,1.305909,4.792116
SA04219,sandhill_crane,12.956305,3.22745
SA03685,sandhill_crane,11.387118,10.468409
SA02392,sandhill_crane,7.742414,2.55778
SA00827,sandhill_crane,11.712268,9.723523
SN05653,snow_goose,16.587218,2.928455
SA02130,sandhill_crane,16.146126,3.106024
SN06825,snow_goose,15.985725,3.992812
SN08568,snow_goose,16.67217,2.915071
SN07737,snow_goose,8.880793,2.331973
SN02011,snow_goose,11.15784,2.611274
SN08026,snow_goose,2.477286,6.063322
SA07319,sandhill_crane,2.072345,5.624485
SN01920,snow_goose,16.291737,2.545372
SA04783,sandhill_crane,2.10782,5.888924
SA00418,sandhill_crane,16.24816,3.382717
SA01989,sandhill_crane,13.982638,12.107641
SN03217,snow_goose,7.400342,5.35086
SA03556,sandhill_crane,8.569181,2.651899
SN09421,snow_goose,12.218533,10.889185
SA09115,sandhill_crane,8.794856,1.735206
SA05979,sandhill_crane,8.756674,2.474789
SN02563,snow_goose,16.216351,3.435438
SA03094,sandhill_crane,16.664562,3.083166
SN04726,snow_goose,13.207837,2.211148
SN08816,snow_goose,12.704678,10.133261
SA07523,sandhill_crane,5.336502,9.34743
SN00623,snow_goose,5.795483,5.473576
SN02786,snow_goose,8.102505,2.259161
SN09891,snow_goose,6.314224,10.963099
SN01981,snow_goose,8.245977,2.766117
SN07732,snow_goose,6.865552,6.155602
SA02921,sandhill_crane,9.103266,2.733999
SN01550,snow_goose,6.793221,5.906941
SA00319,sandhill_crane,13.871608,12.303631
SA00353,sandhill_crane,11.700556,1.494599
SN06446,snow_goose,16.379372,3.418294
SN05149,snow_goose,16.617717,2.884505
SN04716,snow_goose,6.461085,10.268041
SA06525,sandhill_crane,12.640059,2.673612
SA07061,sandhill_crane,12.246701,9.937641
SA09415,sandhill_crane,15.782294,2.927373
SN00973,snow_goose,5.689785,10.307024
SA00150,sandhill_crane,2.072427,5.267609
SN01725,snow_goose,13.601605,13.303809
SA07946,sandhill_crane,8.739673,2.874148
SA03842,sandhill_crane,12.43866,10.918597
SA02303,sandhill_crane,9.542418,2.640272
SA03163,sandhill_crane,16.57337,2.886775
SN07529,snow_goose,16.22272,4.45201
SN01140,snow_goose,12.621249,10.030955
SN04630,snow_goose,8.789133,3.379363
SN03715,snow_goose,6.217786,10.49968
SN02985,snow_goose,2.89557,4.823172
SA02722,sandhill_crane,13.702756,12.213782
SA09127,sandhill_crane,3.080589,4.557343
SN02158,snow_goose,9.495638,3.491928
SA03624,sandhill_crane,13.949884,12.329665
SA01241,sandhill_crane,12.761725,11.593664
SN08073,snow_goose,12.136128,3.074667
SA04044,sandhill_crane,13.656062,13.023943
SN06483,snow_goose,14.114834,13.857901
SN03796,snow_goose,6.622072,5.423081
SN02340,snow_goose,9.017902,2.253069
SN04776,snow_goose,15.056926,3.468314
SA07956,sandhill_crane,16.030972,2.793269
SA00307,sandhill_crane,5.332488,10.852565
SN04507,snow_goose,16.986601,3.573464
SN01218,snow_goose,14.896432,13.112491
SN07904,snow_goose,8.971752,2.447046
SN07309,snow_goose,5.468369,10.0096
SN00178,snow_goose,6.153575,10.388846
SN06870,snow_goose,13.846139,12.234143
SN00995,snow_goose,5.638148,6.807498
SA01439,sandhill_crane,16.064469,3.826377
SN02220,snow_goose,2.925199,5.512269
SA01805,sandhill_crane,5.355492,10.474208
SA03730,sandhill_crane,5.861566,5.878986
SN08474,snow_goose,13.561503,11.774874
SN02496,snow_goose,6.539665,5.727926
SN04643,snow_goose,12.921535,11.138581
SN09501,snow_goose,2.29178,5.241069
SA06101,sandhill_crane,2.858032,5.672792
SN03076,snow_goose,14.245381,12.642291
SN08904,snow_goose,12.514862,1.951957
SA05446,sandhill_crane,9.705768,2.535983
SA07601,sandhill_crane,13.423316,12.388109
SN09703,snow_goose,4.941976,9.231668
SN05896,snow_goose,12.218682,2.933989
SN01227,snow_goose,12.577006,2.704295
SA05254,sandhill_crane,14.194972,13.095688
SN03167,snow_goose,12.473679,10.749114
SA00829,sandhill_crane,13.571909,13.308234
SN01134,snow_goose,7.097301,6.044928
SA02785,sandhill_crane,13.571816,13.306054
SA08976,sandhill_crane,8.967832,1.42118
SN02080,snow_goose,13.004561,11.159976
SN09635,snow_goose,2.750272,5.235292
SA01194,sandhill_crane,13.536105,2.826981
SA05530,sandhill_crane,13.869566,13.315964
SA05551,sandhill_crane,8.396207,2.489432
SN00999,snow_goose,15.73986,3.733957
SA01273,sandhill_crane,2.984742,5.136311
SN02429,snow_goose,5.701098,9.768222
SA04337,sandhill_crane,6.041624,10.176051
SA04649,sandhill_crane,4.774049,10.389721
SN05013,snow_goose,13.430955,12.8753
SA00598,sandhill_crane,8.815377,2.965453
SN04113,snow_goose,12.607367,2.961248
SN01921,snow_goose,5.260984,10.400763
SN05601,snow_goose,12.601748,2.297399
SN04182,snow_goose,12.124448,2.589406
SN05615,snow_goose,12.66834,10.502328
SA02920,sandhill_crane,2.055959,6.055802
SA00928,sandhill_crane,5.444122,5.43559
SN05759,snow_goose,8.908117,1.61671
SN01341,snow_goose,15.542965,3.646269
SN02776,snow_goose,1.490585,6.070236
SN04417,snow_goose,12.714548,10.342303
SN01376,snow_goose,15.941168,3.393119
SN04679,snow_goose,7.936023,2.274147
SN01195,snow_goose,11.360743,10.124688
SN03935,snow_goose,8.510722,2.405581
SN02114,snow_goose,3.176499,4.900844
SA01485,sandhill_crane,1.871463,5.186022
SN09830,snow_goose,1.399888,4.915878
SA03698,sandhill_crane,10.928501,2.243274
SA01983,sandhill_crane,16.179114,3.431863
SA01142,sandhill_crane,13.266908,11.521894
SA04934,sandhill_crane,11.702433,10.592601
SN01460,snow_goose,14.59496,13.125315
SA08110,sandhill_crane,13.016777,12.115377
SA09509,sandhill_crane,6.482719,4.863711
SA04265,sandhill_crane,12.1434,11.606062
SA07557,sandhill_crane,5.250095,10.517868
SA04047,sandhill_crane,14.543544,13.307708
SN05038,snow_goose,14.19994,12.703924
SA05957,sandhill_crane,13.092345,11.514355
SA00210,sandhill_crane,7.097698,5.664568
SN02534,snow_goose,2.347765,5.537436
SA07631,sandhill_crane,9.025863,2.196905
SA07188,sandhill_crane,11.751662,3.190188
SN00753,snow_goose,15.890563,3.547513
SN02186,snow_goose,8.218857,2.419817
SA07724,sandhill_crane,13.560389,10.677325
SA04747,sandhill_crane,15.783052,3.596746
SN00777,snow_goose,4.32515,9.622526
SA03456,sandhill_crane,13.464019,12.788067
SA05463,sandhill_crane,8.722549,2.998411
SA06254,sandhill_crane,12.611249,11.038358
SA00510,sandhill_crane,12.304471,2.22876
SN01076,snow_goose,9.175286,2.195635
SA03907,sandhill_crane,6.221044,5.318939
SA03886,sandhill_crane,2.19962,5.829672
SA08446,sandhill_crane,6.152004,5.487172
SA03701,sandhill_crane,8.642193,2.972155
SN06315,snow_goose,3.531958,5.214016
SA06493,sandhill_crane,5.845465,5.269868
SA06345,sandhill_crane,2.348645,4.425829
SN07256,snow_goose,14.016732,12.4551
SN06747,snow_goose,12.028179,2.991928
SN02503,snow_goose,6.237525,6.138638
SN07288,snow_goose,15.642955,3.369064
SA00073,sandhill_crane,13.092602,12.159969
SA00584,sandhill_crane,5.604276,10.500276
SN08803,snow_goose,13.399631,13.352831
SN07837,snow_goose,12.278081,10.79878
SN03567,snow_goose,6.42943,6.070348
SN03261,snow_goose,12.470162,1.743395
SA02525,sandhill_crane,15.109666,3.007012
SA06734,sandhill_crane,8.038486,2.744145
SA01023,sandhill_crane,9.162393,2.26044
SN08687,snow_goose,15.828366,4.105723
SN01864,snow_goose,5.791388,4.945281
SA09636,sandhill_crane,11.975467,2.503254
SA07416,sandhill_crane,2.730041,5.412916
SA08400,sandhill_crane,12.563871,10.331828
SA05774,sandhill_crane,15.826891,4.019662
SN08548,snow_goose,15.999715,3.064111
SA02182,sandhill_crane,1.810663,5.66985
SA04466,sandhill_crane,12.32875,2.866037
SA01848,sandhill_crane,13.237902,13.443166
SA03392,sandhill_crane,2.062307,4.750785
SN05474,snow_goose,14.44447,12.122222
SN05728,snow_goose,14.66611,12.374385
SA05052,sandhill_crane,16.344725,4.12505
SA06967,sandhill_crane,7.113803,5.21687
SA03979,sandhill_crane,12.740636,10.726692
SN07372,snow_goose,12.50818,2.733508
SN03673,snow_goose,2.564651,5.032827
SA01793,sandhill_crane,8.573412,2.628322
SN09120,snow_goose,2.535777,4.952403
SN04764,snow_goose,16.259391,2.624567
SA07023,sandhill_crane,11.70072,10.783024
SA05338,sandhill_crane,12.323249,1.988625
SA09317,sandhill_crane,2.808667,5.166189
SN07441,snow_goose,12.375761,2.201574
SA09429,sandhill_crane,8.5502,2.98129
SA02172,sandhill_crane,12.041326,10.849362
SN07914,snow_goose,3.057662,4.580105
SN06662,snow_goose,13.379221,3.187551
SN09512,snow_goose,1.039077,4.98018
SA08630,sandhill_crane,2.031331,5.173217
SA07883,sandhill_crane,12.421368,10.83711
SA09795,sandhill_crane,13.081475,12.992622
SN07265,snow_goose,2.70217,5.788999
SA06354,sandhill_crane,16.798927,3.770897
SA00047,sandhill_crane,5.57132,10.323867
SN09149,snow_goose,9.940053,2.127417
SN01269,snow_goose,5.945817,8.905602
SA06180,sandhill_crane,11.780012,1.697563
SA00316,sandhill_crane,5.672076,9.373159
SN02597,snow_goose,15.494181,3.374243
SA09015,sandhill_crane,8.275635,2.294146
SN01964,snow_goose,12.627923,2.142699
SN02969,snow_goose,2.759546,5.938368
SN09114,snow_goose,12.753705,10.600287
SN04091,snow_goose,6.045418,9.747353
SN01350,snow_goose,13.103771,2.090322
SN06955,snow_goose,12.262374,10.18865
SN00969,snow_goose,5.761338,10.189017
SA08030,sandhill_crane,12.12669,1.954006
SN09807,snow_goose,15.571467,3.470075
SN02367,snow_goose,2.65012,5.342566
SN02860,snow_goose,6.030979,4.909675
SN04544,snow_goose,8.352204,2.597719
SN02954,snow_goose,5.736298,5.668766
SN01116,snow_goose,5.976725,5.815634
SN01208,snow_goose,5.660679,10.05026
SA05792,sandhill_crane,16.510204,4.20988
SN05390,snow_goose,14.799524,12.81812
SN06348,snow_goose,5.825922,10.961287
SN05093,snow_goose,14.465565,12.940571
SN09898,snow_goose,1.7309,5.146019
SA05271,sandhill_crane,13.873619,13.600413
SN04928,snow_goose,3.475494,5.898581
SA03716,sandhill_crane,6.505667,5.920847
SA09259,sandhill_crane,12.267044,11.195906
SN01618,snow_goose,13.437591,13.102332
SN08774,snow_goose,12.313234,3.241166
SN08887,snow_goose,6.088588,5.922288
SN01016,snow_goose,3.169028,5.018078
SN00263,snow_goose,16.64155,3.346511
SN08355,snow_goose,6.351365,5.866659
SN09227,snow_goose,13.024198,13.006938
SN06503,snow_goose,14.031711,12.511066
SN08329,snow_goose,11.866915,2.226195
SN05848,snow_goose,12.498458,11.403482
SA08789,sandhill_crane,13.61648,12.70424
SA04091,sandhill_crane,11.653846,2.652404
SA03207,sandhill_crane,5.177328,9.541438
SA02874,sandhill_crane,13.656006,13.016719
SN08335,snow_goose,16.449374,3.192887
SA02597,sandhill_crane,6.089972,5.048852
SA03813,sandhill_crane,16.708423,2.935532
SA03640,sandhill_crane,6.813862,5.078639
SN01764,snow_goose,6.365502,9.866375
SN01065,snow_goose,5.158952,10.175071
SN07332,snow_goose,16.496444,2.915536
SA06292,sandhill_crane,5.294921,10.205531
SN00895,snow_goose,2.484802,5.554306
SA09296,sandhill_crane,2.216333,4.816628
SA02454,sandhill_crane,16.006455,4.110196
SA06284,sandhill_crane,11.997252,2.171656
SN00490,snow_goose,5.097139,9.73276
SN06318,snow_goose,3.362353,5.670736
SN02571,snow_goose,12.103649,2.141047
SA08611,sandhill_crane,16.590283,3.543752
SN09973,snow_goose,6.069543,5.796426
SN00078,snow_goose,6.710644,5.725168
SA08674,sandhill_crane,16.198675,3.656724
SA08774,sandhill_crane,8.97295,1.765479
SN06918,snow_goose,2.206694,4.948755
SN00045,snow_goose,11.923475,2.209671
SN08167,snow_goose,16.051592,3.510879
SN04763,snow_goose,12.644847,10.721315
SN04702,snow_goose,8.522477,3.058721
SA08092,sandhill_crane,11.028213,2.740523
SA06524,sandhill_crane,4.400556,9.907224
SA07394,sandhill_crane,8.245337,2.901116
SA03934,sandhill_crane,9.290805,2.369629
SA01693,sandhill_crane,11.806437,10.153192
SA06301,sandhill_crane,15.916971,3.019791
SN03666,snow_goose,12.370251,2.622587
SN07370,snow_goose,6.006188,5.28573
SN01616,snow_goose,12.661901,10.238543
SN06192,snow_goose,6.103012,11.105932
SN04559,snow_goose,13.995675,12.521438
SN04349,snow_goose,12.296978,2.709058
SA08072,sandhill_crane,7.462422,2.446215
SN09488,snow_goose,13.665558,13.366641
SA08677,sandhill_crane,6.746577,5.853806
SN00703,snow_goose,16.63197,3.36908
SN07655,snow_goose,9.396355,2.272704
SN03043,snow_goose,11.975842,10.215599
SA08441,sandhill_crane,16.587769,2.988557
SA04409,sandhill_crane,16.846187,3.441439
SA06504,sandhill_crane,17.540195,3.222692
SA03607,sandhill_crane,13.771667,12.997595
SN04597,snow_goose,9.274484,3.142843
SN07560,snow_goose,8.775658,2.457036
SA09185,sandhill_crane,5.864477,10.563765
SA01147,sandhill_crane,12.784961,10.51189
SN01377,snow_goose,16.512087,3.14698
SA09049,sandhill_crane,15.997331,3.552181
SN05538,snow_goose,9.907968,2.047425
SA07369,sandhill_crane,16.163353,3.237132
SN02103,snow_goose,8.608937,2.138277
SN07384,snow_goose,16.352903,2.933137
SA04066,sandhill_crane,1.827627,5.051384
SN05980,snow_goose,13.097587,2.580632
SA06907,sandhill_crane,8.599732,2.21198
SN06743,snow_goose,13.909933,13.00903
SA08151,sandhill_crane,12.973649,10.367748
SN05466,snow_goose,11.126589,10.269311
SA02544,sandhill_crane,6.813055,5.701887
SN03009,snow_goose,12.315973,11.736471
SN07090,snow_goose,5.842665,10.5561
SN04705,snow_goose,17.059875,3.73649
SA03398,sandhill_crane,8.607455,2.374797
SN02341,snow_goose,13.027799,10.727316
SA07650,sandhill_crane,13.99581,13.216024
SN06293,snow_goose,6.078278,10.639132
SA06242,sandhill_crane,6.376671,10.428716
SA07882,sandhill_crane,5.999383,6.159165
SN05612,snow_goose,6.838712,5.67084
SN03728,snow_goose,5.588806,9.386191
SN01138,snow_goose,5.705373,10.547359
SN09041,snow_goose,13.696317,3.220452
SN06973,snow_goose,2.184336,5.96895
SN00741,snow_goose,12.123961,10.535715
SA06927,sandhill_crane,12.192448,11.230116
SA04058,sandhill_crane,6.559424,5.748368
SN06748,snow_goose,12.961034,10.869057
SN01133,snow_goose,5.636138,9.675231
SA06019,sandhill_crane,1.946178,5.852255
SN00144,snow_goose,8.794752,2.926962
SN04343,snow_goose,2.701921,4.40548
SA09453,sandhill_crane,13.090401,10.660235
SA00686,sandhill_crane,12.648583,1.380161
SN02698,snow_goose,13.044711,11.131905
SN04579,snow_goose,12.164084,10.963452
SA08313,sandhill_crane,6.248027,5.389784
SN08971,snow_goose,10.88421,2.470305
SN09023,snow_goose,12.211415,10.6876
SA01857,sandhill_crane,16.880443,3.335082
SN00670,snow_goose,12.457126,2.169917
SN06015,snow_goose,11.91789,10.121963
SA00448,sandhill_crane,6.291948,9.534665
SN03916,snow_goose,2.808238,4.694039
SN00245,snow_goose,11.802385,10.12023
SA03568,sandhill_crane,5.535224,5.037073
SN08483,snow_goose,12.29496,10.894246
SN01984,snow_goose,4.934515,9.770858
SA08211,sandhill_crane,16.28868,3.577025
SN03086,snow_goose,14.489053,12.753402
SA05952,sandhill_crane,12.743017,10.356964
SN07816,snow_goose,5.992434,9.902076
SN08854,snow_goose,12.606766,9.850518
SN04288,snow_goose,15.71311,3.431371
SN06641,snow_goose,11.933503,3.095983
SA03664,sandhill_crane,16.127175,3.40122
SA08352,sandhill_crane,17.327208,2.54094
SN06028,snow_goose,6.533746,5.651272
SN01523,snow_goose,16.339442,3.308553
SA09592,sandhill_crane,14.736917,13.486176
SN09081,snow_goose,8.28822,1.0128
SA09408,sandhill_crane,13.689398,13.649679
SA02653,sandhill_crane,6.789155,5.819362
SN01486,snow_goose,14.046999,12.948902
SA03909,sandhill_crane,16.394744,3.053602
SN00801,snow_goose,12.134246,3.013641
SN00837,snow_goose,2.649985,5.911139
SN02490,snow_goose,12.273022,10.148331
SN01131,snow_goose,8.736543,2.636402
SA07391,sandhill_crane,15.541803,4.230535
SA04665,sandhill_crane,9.107213,2.477086
SN08931,snow_goose,8.081729,2.706148
SA05253,sandhill_crane,13.896514,12.627577
SN00133,snow_goose,2.45218,5.911388
SN08221,snow_goose,5.232086,10.745135
SA05122,sandhill_crane,12.612696,11.279364
SN06744,snow_goose,16.175401,3.021062
SN06011,snow_goose,13.643471,12.600488
SA02306,sandhill_crane,12.612601,10.881448
SA06832,sandhill_crane,6.529328,4.495254
SA06147,sandhill_crane,12.372314,11.006469
SN00195,snow_goose,16.046605,4.010295
SA02704,sandhill_crane,14.243084,13.386673
SN08777,snow_goose,12.108642,11.421501
SN03071,snow_goose,5.824796,9.576523
SA01427,sandhill_crane,12.664572,1.964093
SA03059,sandhill_crane,11.894518,1.614501
SN08429,snow_goose,12.734887,10.513784
SA02326,sandhill_crane,5.213133,9.625307
SN07569,snow_goose,9.48966,1.837696
SA06338,sandhill_crane,2.850323,4.091857
SN03948,snow_goose,12.492632,3.183698
SN06029,snow_goose,12.541231,10.688034
SA00602,sandhill_crane,12.339128,2.03685
SA06341,sandhill_crane,13.933431,12.736988
SA07547,sandhill_crane,12.22687,10.88028
SA02681,sandhill_crane,11.500638,10.750824
SA04105,sandhill_crane,16.665388,3.86343
SA00660,sandhill_crane,5.557451,10.008785
SN08653,snow_goose,17.27612,3.679975
SN09656,snow_goose,15.611742,3.525656
SA08904,sandhill_crane,12.763389,10.255147
SN01666,snow_goose,12.608866,10.030342
SA04357,sandhill_crane,13.814431,13.090896
SA06789,sandhill_crane,4.776221,10.235825
SN01146,snow_goose,13.208157,12.888594
SN04067,snow_goose,6.203286,10.021877
SN05068,snow_goose,5.657253,5.794538
SN01026,snow_goose,6.944993,5.902837
SA02468,sandhill_crane,14.721052,12.757495
SA00599,sandhill_crane,13.014092,1.958781
SN06439,snow_goose,13.900572,12.580099
SA02225,sandhill_crane,6.043496,6.264867
SN08175,snow_goose,15.800338,2.381224
SA00690,sandhill_crane,5.104984,9.860742
SN00129,snow_goose,16.367337,3.513937
SN02397,snow_goose,5.375301,5.317407
SA02340,sandhill_crane,5.569401,9.323041
SA00506,sandhill_crane,6.787658,5.940876
SA00803,sandhill_crane,6.576458,5.060486
SA02602,sandhill_crane,5.906592,4.727779
SA07174,sandhill_crane,5.613965,9.943431
SA01471,sandhill_crane,13.154065,11.952652
SA08181,sandhill_crane,12.265619,1.829957
SN04240,snow_goose,16.034006,2.65023
SA06334,sandhill_crane,17.181384,2.720563
SA06576,sandhill_crane,6.112972,4.730703
SN07208,snow_goose,2.851518,5.045886
SN09949,snow_goose,4.901648,10.60925
SN04001,snow_goose,12.103169,1.435617
SN07503,snow_goose,2.297763,4.546888
SN02248,snow_goose,13.679919,12.844279
SA09728,sandhill_crane,8.402136,2.672057
SA08557,sandhill_crane,2.748758,5.202634
SA07528,sandhill_crane,12.674913,9.90469
SN06258,snow_goose,8.698398,1.877881
SN08031,snow_goose,14.008176,12.699408
SA05951,sandhill_crane,12.824885,11.140025
SN00574,snow_goose,6.068606,10.078957
SN00235,snow_goose,13.069977,12.960985
SN03871,snow_goose,13.763798,13.181729
SA07541,sandhill_crane,5.140242,10.159095
SA00840,sandhill_crane,4.719483,9.569509
SN02165,snow_goose,16.682508,3.378743
SN06878,snow_goose,8.936909,2.761072
SA00091,sandhill_crane,16.462325,2.782458
SA02940,sandhill_crane,6.186961,4.825228
SN03736,snow_goose,1.823346,5.561399
SN05744,snow_goose,6.106971,4.907074
SN00115,snow_goose,9.265236,2.62408
SN04024,snow_goose,6.03874,10.083779
SN08085,snow_goose,6.949527,5.065322
SN03785,snow_goose,11.751525,10.417717
SA01894,sandhill_crane,17.091404,3.161115
SN04612,snow_goose,9.050823,1.662408
SA07362,sandhill_crane,2.723124,5.658704
SA04676,sandhill_crane,5.25714,10.529221
SA08267,sandhill_crane,7.050304,4.698764
SN04353,snow_goose,11.729512,10.802783
SN01919,snow_goose,5.915889,4.912809
SN03651,snow_goose,13.423661,13.089061
SN02656,snow_goose,13.885213,13.127357
SN07130,snow_goose,3.399803,4.757719
SN00116,snow_goose,16.149626,3.534494
SN07083,snow_goose,8.354337,1.407703
SA03870,sandhill_crane,4.939872,9.9611
SA08035,sandhill_crane,5.3574,9.873843
SN03472,snow_goose,15.901791,2.953003
SA08953,sandhill_crane,8.472541,2.67122
SA02913,sandhill_crane,8.880873,2.320693
SA06916,sandhill_crane,17.20663,2.888666
SA02060,sandhill_crane,8.735929,1.9968
SN02822,snow_goose,12.84769,13.415186
SN00326,snow_goose,4.171582,9.705088
SA03405,sandhill_crane,12.814812,2.478083
SN02510,snow_goose,9.171998,2.499365
SN05826,snow_goose,13.071757,3.109079
SA08013,sandhill_crane,9.151798,2.759077
SN00392,snow_goose,6.318686,10.592952
SA08688,sandhill_crane,14.798252,12.460677
SA03390,sandhill_crane,8.604994,2.211202
SA06117,sandhill_crane,13.937818,13.802801
SN08035,snow_goose,12.065591,2.828673
SN08253,snow_goose,6.701032,5.0945
SA05060,sandhill_crane,14.000699,12.294099
SA02867,sandhill_crane,15.273063,3.529114
SN00029,snow_goose,8.80391,2.023915
SN03257,snow_goose,6.355658,4.823672
SN09769,snow_goose,1.91455,5.793318
SN02115,snow_goose,13.840517,13.475167
SN00474,snow_goose,12.724643,10.796328
SA03966,sandhill_crane,16.866529,3.676917
SA04149,sandhill_crane,16.592593,2.791712
SA00605,sandhill_crane,14.41471,13.146587
SN05421,snow_goose,12.327485,3.066382
SA01803,sandhill_crane,1.110295,5.784464
SA06003,sandhill_crane,13.500751,12.384688
SN04741,snow_goose,6.542385,5.886309
SA06086,sandhill_crane,8.711987,2.682483
SA07079,sandhill_crane,12.980716,10.494309
SN00612,snow_goose,12.206015,2.765774
SN03774,snow_goose,16.029377,3.249496
SN03980,snow_goose,5.551462,11.058109
SA08141,sandhill_crane,16.343423,3.184105
SN02094,snow_goose,11.812442,1.96656
SA08041,sandhill_crane,16.202236,3.291375
SA06828,sandhill_crane,13.121424,11.369228
SA04678,sandhill_crane,12.471715,2.09377
SN08927,snow_goose,13.556419,13.039953
SN03474,snow_goose,8.464682,1.971725
SA05799,sandhill_crane,5.457365,9.45526
SA02555,sandhill_crane,12.866692,10.999007
SN02847,snow_goose,13.817947,13.091329
SN04886,snow_goose,13.131591,1.963366
SN04782,snow_goose,11.39481,2.542111
SA01968,sandhill_crane,12.821915,11.037593
SN02377,snow_goose,6.735478,5.086836
SN09719,snow_goose,14.502323,11.617125
SA07470,sandhill_crane,13.714492,13.694098
SA00732,sandhill_crane,12.368846,11.521091
SN00618,snow_goose,8.512945,2.737954
SN03456,snow_goose,8.722099,2.229592
SN01050,snow_goose,12.847191,10.866712
SA04076,sandhill_crane,5.581344,6.266273
SA08933,sandhill_crane,16.8624,4.693233
SA03564,sandhill_crane,4.809174,9.776848
SN09935,snow_goose,16.602474,2.823442
SA04668,sandhill_crane,12.344546,1.794867
SA08731,sandhill_crane,6.145324,9.941365
SA04948,sandhill_crane,5.803632,4.844471
SA02365,sandhill_crane,6.286945,9.792968
SA01248,sandhill_crane,6.069664,9.220415
SN09136,snow_goose,2.452737,4.796041
SN07666,snow_goose,2.97255,5.554912
SN06849,snow_goose,1.553899,5.341812
SA03743,sandhill_crane,13.802795,12.989433
SN06765,snow_goose,2.934828,6.082571
SA01897,sandhill_crane,5.754487,10.712244
SA08034,sandhill_crane,8.595179,1.71853
SA00801,sandhill_crane,12.252187,1.686657
SA02442,sandhill_crane,6.51977,5.874554
SN09919,snow_goose,6.13534,6.196337
SN03885,snow_goose,2.696838,5.995561
SN09316,snow_goose,13.922366,13.075486
SA04854,sandhill_crane,2.174628,5.590666
SN00061,snow_goose,16.564266,3.889688
SA07039,sandhill_crane,11.483021,3.277167
SN01332,snow_goose,11.991023,2.639887
SN05412,snow_goose,12.173729,11.269497
SN08016,snow_goose,2.63593,5.423311
SN09625,snow_goose,12.840919,2.918028
SN00267,snow_goose,13.646263,12.831222
SN00231,snow_goose,2.35857,4.504311
SN04955,snow_goose,13.187374,2.047953
SN09901,snow_goose,2.253576,6.065171
SA00853,sandhill_crane,13.298717,13.227376
SN02131,snow_goose,6.122008,9.651107
SN00427,snow_goose,6.081554,5.154716
SA09043,sandhill_crane,16.79484,3.458686
SN08480,snow_goose,2.264137,6.066429
SA01373,sandhill_crane,5.77454,6.326698
SN07378,snow_goose,13.023459,10.607699
SN02140,snow_goose,5.29001,9.083951
SN09976,snow_goose,2.971567,4.317501
SA07364,sandhill_crane,13.445046,13.685886
SA07125,sandhill_crane,5.627725,9.818504
SA03024,sandhill_crane,13.619162,12.028808
SN03057,snow_goose,7.305509,5.544997
SA00308,sandhill_crane,13.896228,13.359959
SN07218,snow_goose,8.696871,3.332085
SN02766,snow_goose,12.390935,2.790679
SA08361,sandhill_crane,16.030563,2.981916
SN07094,snow_goose,13.591727,13.315263
SN02059,snow_goose,12.702174,10.788991
SA04689,sandhill_crane,8.792753,2.738868
SA08145,sandhill_crane,9.185463,2.993328
SA08698,sandhill_crane,12.759656,10.423177
SN03951,snow_goose,15.681394,1.784043
SN05754,snow_goose,6.008245,9.984528
SA08237,sandhill_crane,12.654681,2.489077
SN06759,snow_goose,8.543439,2.631598
SA01749,sandhill_crane,15.857372,4.658234
SA00243,sandhill_crane,5.087848,9.439652
SN07390,snow_goose,5.430973,9.37135
SA00507,sandhill_crane,12.223208,2.284786
SN04713,snow_goose,6.697666,5.556651
SA03080,sandhill_crane,13.037567,2.285537
SA09665,sandhill_crane,2.631172,5.532187
SN03872,snow_goose,4.78513,9.938648
SN06474,snow_goose,13.357834,12.683944
SA05375,sandhill_crane,8.240523,3.112711
SA02767,sandhill_crane,0.958908,5.326033
SA05633,sandhill_crane,13.9513,13.011345
SN03987,snow_goose,12.493503,11.243738
SA03872,sandhill_crane,12.744847,2.805716
SA04374,sandhill_crane,13.070585,3.281685
SA08354,sandhill_crane,11.768856,10.272611
SN00360,snow_goose,2.964499,4.592451
SN06908,snow_goose,5.802184,9.989885
SN00394,snow_goose,6.058671,5.83387
SA09896,sandhill_crane,6.747952,4.46456
SA05468,sandhill_crane,12.745152,1.945464
SA03092,sandhill_crane,8.547964,2.296499
SN06418,snow_goose,11.536738,2.440795
SA06197,sandhill_crane,2.882552,5.533678
SN01369,snow_goose,1.353344,3.98673
SN06533,snow_goose,16.050757,3.054411
SA02552,sandhill_crane,16.332702,3.87577
SA07096,sandhill_crane,9.069993,3.366811
SN00752,snow_goose,12.763162,2.238251
SA09500,sandhill_crane,5.919474,4.988941
SN01206,snow_goose,8.696319,2.331508
SN01144,snow_goose,12.602716,11.162877
SN00646,snow_goose,2.592294,4.843681
SA06518,sandhill_crane,1.926133,5.495347
SN03590,snow_goose,11.842913,3.308522
SA08941,sandhill_crane,14.413886,12.656207
SA04499,sandhill_crane,13.241783,12.771347
SA06940,sandhill_crane,8.663809,2.654779
SN05745,snow_goose,5.505784,6.09511
SA08063,sandhill_crane,13.833005,13.474448
SN03133,snow_goose,5.756047,5.248368
SA05844,sandhill_crane,12.220604,10.317975
SA08778,sandhill_crane,16.001953,3.232621
SN03377,snow_goose,8.488925,2.903818
SA02723,sandhill_crane,11.047364,10.878985
SN04997,snow_goose,13.43041,12.291373
SA01623,sandhill_crane,16.104512,3.514864
SN07873,snow_goose,2.533466,4.756312
SN06240,snow_goose,16.998329,3.031416
SN06869,snow_goose,11.047433,2.590909
SA03495,sandhill_crane,6.400941,5.196102
SA09734,sandhill_crane,14.423853,12.50864
SA09407,sandhill_crane,13.291577,12.377282
SA03156,sandhill_crane,5.77654,6.647353
SN07290,snow_goose,14.519292,12.635742
SA00586,sandhill_crane,12.712488,10.794704
SN01983,snow_goose,12.583849,10.712449
SN01670,snow_goose,5.40679,10.052657
SN08414,snow_goose,7.72174,5.762872
SA08101,sandhill_crane,14.08083,13.034292
SA05195,sandhill_crane,6.923737,5.454651
SN03768,snow_goose,16.744684,2.950787
SN08135,snow_goose,11.729069,2.852139
SA04180,sandhill_crane,2.553779,5.789131
SN04320,snow_goose,5.226881,10.524367
SA04423,sandhill_crane,5.182936,10.491674
SA08944,sandhill_crane,11.804237,2.9749
SN00241,snow_goose,11.813686,2.521858
SN09497,snow_goose,9.761797,3.031797
SN06924,snow_goose,6.6706,5.462032
SA04452,sandhill_crane,8.683272,2.466627
SA02380,sandhill_crane,6.136125,5.969551
SN02214,snow_goose,2.32465,4.057295
SA08821,sandhill_crane,1.865413,5.825203
SN01197,snow_goose,9.126892,2.112144
SA03604,sandhill_crane,14.070894,12.120306
SA00492,sandhill_crane,2.28715,5.753465
SN03573,snow_goose,5.900834,5.381121
SA08564,sandhill_crane,15.951334,3.626292
SN04033,snow_goose,2.408794,4.39839
SA00797,sandhill_crane,8.559153,2.176463
SA09426,sandhill_crane,4.522228,9.335646
SN05424,snow_goose,6.014187,5.535671
SA09274,sandhill_crane,8.898031,3.123426
SN00120,snow_goose,8.443296,2.367346
SA05157,sandhill_crane,12.223178,10.171254
SA06063,sandhill_crane,11.433774,2.463799
SA05562,sandhill_crane,5.949912,10.0716
SN01373,snow_goose,6.52609,10.617814
SA06723,sandhill_crane,4.812487,10.819664
SN03452,snow_goose,2.35646,4.578678
SA05534,sandhill_crane,5.072507,10.162806
SN09981,snow_goose,12.263384,2.331243
SA01308,sandhill_crane,6.414492,9.717298
SA08694,sandhill_crane,8.964436,3.074179
SN03310,snow_goose,11.928684,10.716556
SA06975,sandhill_crane,13.652043,2.249018
SN05672,snow_goose,16.864213,3.376636
SN05821,snow_goose,12.045988,1.920139
SN02148,snow_goose,14.21888,12.203279
SN03685,snow_goose,13.976055,12.939494
SA02969,sandhill_crane,12.196374,11.04829
SA01176,sandhill_crane,6.350169,5.119596
SN09925,snow_goose,12.610017,11.285369
SA05125,sandhill_crane,11.878435,1.832068
SA02878,sandhill_crane,11.903642,2.350696
SN05323,snow_goose,8.362158,2.281308
SN00934,snow_goose,16.909477,4.072921
SA06528,sandhill_crane,1.828176,5.146242
SN09486,snow_goose,12.699846,10.64205
SN08668,snow_goose,16.620211,3.545603
SN07392,snow_goose,13.248296,12.874506
SA09437,sandhill_crane,9.014125,2.321304
SN01780,snow_goose,13.981758,13.616824
SA06259,sandhill_crane,2.36556,5.329181
SN05978,snow_goose,1.656309,5.15999
SA05959,sandhill_crane,7.099616,5.082746
SN05757,snow_goose,14.300865,13.129257
SA08358,sandhill_crane,12.895995,2.347702
SN00163,snow_goose,12.229826,2.236635
SN03051,snow_goose,11.998861,10.958419
SA07916,sandhill_crane,17.294358,3.352443
SA09680,sandhill_crane,13.970898,12.910745
SN01318,snow_goose,2.244302,5.339408
SN07373,snow_goose,2.772205,4.976612
SA08227,sandhill_crane,2.26876,5.01288
SN05413,snow_goose,8.373536,1.546483
SN03404,snow_goose,5.951813,9.905891
SA00041,sandhill_crane,8.9172,1.478735
SA08695,sandhill_crane,9.196967,1.625121
SN00523,snow_goose,9.050727,2.777376
SN07730,snow_goose,14.295633,12.731819
SA05815,sandhill_crane,16.184087,3.07264
SA09941,sandhill_crane,6.254994,5.915725
SN05352,snow_goose,15.788999,3.158317
SA01764,sandhill_crane,1.783326,5.07318
SA07288,sandhill_crane,6.400281,5.422769
SN07889,snow_goose,5.874966,6.458639
SA02856,sandhill_crane,13.140481,12.92986
SA02998,sandhill_crane,6.01527,4.636241
SN00688,snow_goose,5.885942,10.783327
SA03704,sandhill_crane,3.581448,5.432253
SN06865,snow_goose,2.202964,4.68816
SA05386,sandhill_crane,12.709295,10.139357
SA07976,sandhill_crane,14.388537,13.249425
SN07079,snow_goose,11.864024,11.465838
SA01506,sandhill_crane,16.238196,3.009152
SA00053,sandhill_crane,11.378648,11.159116
SN00109,snow_goose,8.396541,2.95697
SN03243,snow_goose,11.932578,10.581163
SN06282,snow_goose,12.036719,2.605823
SA04716,sandhill_crane,6.008757,5.110599
SA01828,sandhill_crane,12.943003,2.357475
SN01063,snow_goose,7.82069,1.723506
SN02768,snow_goose,15.93701,3.171259
SN07421,snow_goose,11.706324,2.749225
SN08640,snow_goose,12.564135,11.016473
SA01397,sandhill_crane,3.479429,5.481407
SA09657,sandhill_crane,6.163653,4.827274
SA07094,sandhill_crane,5.502429,10.069945
SN00220,snow_goose,16.365857,3.566343
SA03176,sandhill_crane,1.766255,5.375279
SN09586,snow_goose,13.730566,12.989582
SN06913,snow_goose,12.17665,10.867279
SA03770,sandhill_crane,15.872969,3.550697
SA03254,sandhill_crane,5.77338,6.313488
SN08678,snow_goose,6.874406,5.584066
SN08095,snow_goose,11.71718,2.543288
SA03969,sandhill_crane,13.918247,12.228299
SA02869,sandhill_crane,8.229642,2.506345
SN09977,snow_goose,6.190061,5.021949
SN04025,snow_goose,12.238297,2.690276
SA09201,sandhill_crane,2.033513,4.940706
SA02481,sandhill_crane,12.91795,1.656521
SA04487,sandhill_crane,8.40484,3.201412
SA09170,sandhill_crane,15.200488,12.997232
SN03504,snow_goose,12.1947,2.654505
SA03873,sandhill_crane,16.630791,2.814605
SA06367,sandhill_crane,16.3552,3.016183
SN00658,snow_goose,13.41264,12.451634
SN00291,snow_goose,2.56815,4.992255
SA00635,sandhill_crane,6.667282,9.701144
SN03077,snow_goose,13.424578,13.077394
SN01720,snow_goose,2.538941,4.659197
SA00547,sandhill_crane,12.140878,10.979882
SA06014,sandhill_crane,15.363758,3.235059
SN07866,snow_goose,13.553194,13.404966
SA02764,sandhill_crane,5.424313,11.225902
SA01722,sandhill_crane,12.16013,10.673869
SN05825,snow_goose,5.223839,10.267798
SA08327,sandhill_crane,2.500886,5.543639
SA07390,sandhill_crane,12.197505,2.126397
SA05467,sandhill_crane,2.294658,5.599117
SN00840,snow_goose,5.650721,6.351463
SA06592,sandhill_crane,11.780809,10.052098
SA06745,sandhill_crane,4.989893,10.336722
SN01687,snow_goose,12.174733,2.53934
SN09053,snow_goose,13.207172,10.454421
SN06062,snow_goose,14.255975,12.910492
SN05967,snow_goose,2.623876,5.144489
SN05308,snow_goose,8.41257,2.484886
SN03897,snow_goose,2.488148,5.118577
SA03329,sandhill_crane,5.00906,9.141771
SN05674,snow_goose,15.901534,3.21455
SN01337,snow_goose,12.675253,11.295845
SA00785,sandhill_crane,6.219082,5.128891
SN05798,snow_goose,5.607782,9.616668
SN06534,snow_goose,13.785735,12.949126
SN08620,snow_goose,8.539633,2.261289
SN05518,snow_goose,14.390058,12.603225
SA04553,sandhill_crane,12.061023,3.319267
SN06587,snow_goose,1.690276,4.643045
SA07773,sandhill_crane,13.976092,12.798189
SA01014,sandhill_crane,6.01776,9.612204
SA09464,sandhill_crane,5.646032,9.859257
SA05766,sandhill_crane,6.381823,5.322671
SN06218,snow_goose,2.866058,5.573868
SA00930,sandhill_crane,4.720314,9.718233
SN05271,snow_goose,11.812079,2.622024
SN06725,snow_goose,11.841408,11.294467
SA08573,sandhill_crane,16.842744,3.728751
SN06245,snow_goose,12.884887,11.017851
SA06429,sandhill_crane,15.894911,2.862891
SA02978,sandhill_crane,7.289568,4.944904
SA08616,sandhill_crane,9.042138,2.998022
SA01163,sandhill_crane,15.99636,3.876489
SA07639,sandhill_crane,8.78853,2.514855
SN07917,snow_goose,11.634997,10.648263
SA03575,sandhill_crane,5.81599,9.735331
SA02443,sandhill_crane,13.574642,13.233698
SA00026,sandhill_crane,9.025382,2.246949
SN02428,snow_goose,11.644558,2.014902
SN08487,snow_goose,12.277582,11.494876
SN04627,snow_goose,5.768218,10.333637
SN01472,snow_goose,2.288015,5.451455
SA05880,sandhill_crane,12.499709,10.315135
SA08160,sandhill_crane,8.714221,2.658229
SA06016,sandhill_crane,13.639038,13.038395
SA05240,sandhill_crane,6.523389,10.538604
SA03006,sandhill_crane,13.876919,12.529526
SN09088,snow_goose,6.052505,5.864497
SA04109,sandhill_crane,11.796857,2.239334
SA00156,sandhill_crane,14.656298,12.157255
SN03323,snow_goose,12.634128,2.883264
SA09401,sandhill_crane,6.520604,4.539882
SA07031,sandhill_crane,3.049874,4.925731
SA00479,sandhill_crane,13.363617,13.479702
SN04459,snow_goose,12.466908,11.01889
SA07145,sandhill_crane,7.814089,2.852264
SA02625,sandhill_crane,6.275094,5.248621
SN07610,snow_goose,12.554846,3.038928
SA00372,sandhill_crane,9.101958,2.317551
SA00413,sandhill_crane,9.851566,2.399793
SA02232,sandhill_crane,9.273827,2.746358
SN04874,snow_goose,15.762703,3.884885
SA06582,sandhill_crane,13.998218,12.446397
SA00601,sandhill_crane,12.201364,2.2417
SA06189,sandhill_crane,5.914282,5.624781
SN08911,snow_goose,5.240036,9.632105
SN03938,snow_goose,8.202262,3.329347
SA09249,sandhill_crane,17.12738,2.603266
SN04509,snow_goose,8.671659,2.839262
SA05359,sandhill_crane,6.13374,9.7479
SN07013,snow_goose,6.280552,4.671302
SA00670,sandhill_crane,16.879697,2.99555
SN09029,snow_goose,12.380211,10.60275
SA08202,sandhill_crane,16.444962,3.379826
SA01801,sandhill_crane,12.260588,2.621608
SN02672,snow_goose,5.250203,9.665861
SA01041,sandhill_crane,11.738736,10.596621
SA06968,sandhill_crane,1.835796,5.185997
SN01119,snow_goose,8.194022,1.935226
SA05296,sandhill_crane,11.732925,10.906616
SN07200,snow_goose,7.93693,2.110108
SA02700,sandhill_crane,6.401174,5.648858
SN00812,snow_goose,5.939208,9.559701
SN07664,snow_goose,11.951115,3.224404
SN01800,snow_goose,16.953517,3.172819
SN08656,snow_goose,2.189203,5.230503
SN00867,snow_goose,13.059513,13.450793
SN05134,snow_goose,16.258251,3.52862
SN06821,snow_goose,12.270601,2.394958
SN01816,snow_goose,12.980831,10.788083
SA02420,sandhill_crane,13.188016,11.458307
SN09049,snow_goose,13.120198,10.774142
SN00503,snow_goose,12.481317,10.976002
SA02511,sandhill_crane,12.750292,10.920676
SN01938,snow_goose,8.933956,2.818798
SA08075,sandhill_crane,7.319094,2.346322
SN03291,snow_goose,7.339214,5.843649
SN09842,snow_goose,16.185121,3.207174
SN01170,snow_goose,16.743188,3.397486
SA09684,sandhill_crane,14.148431,12.008927
SA02860,sandhill_crane,3.238058,4.767717
SA03868,sandhill_crane,12.300799,2.912267
SA07662,sandhill_crane,12.283757,10.709647
SA08509,sandhill_crane,13.617773,12.795679
SA04377,sandhill_crane,5.241795,5.645124
SA00092,sandhill_crane,7.974901,2.676834
SN07932,snow_goose,15.160099,2.852201
SA08010,sandhill_crane,5.241704,9.619124
SA00032,sandhill_crane,9.023023,2.556104
SA05064,sandhill_crane,12.264484,2.752956
SA09335,sandhill_crane,9.115902,3.196296
SA03377,sandhill_crane,14.122249,12.690155
SA08648,sandhill_crane,5.387804,9.934189
SA04270,sandhill_crane,6.946918,2.816994
SA04602,sandhill_crane,13.394792,12.343325
SA08571,sandhill_crane,14.181043,12.915473
SN00855,snow_goose,12.533839,10.554967
SA07140,sandhill_crane,11.687567,10.531952
SA06573,sandhill_crane,5.68234,5.861557
SA03360,sandhill_crane,2.021106,5.482046
SA01940,sandhill_crane,12.74225,3.094836
SA09300,sandhill_crane,12.119736,2.979156
SA00632,sandhill_crane,6.298423,5.308671
SN09714,snow_goose,2.694197,5.69234
SN06044,snow_goose,16.96443,2.945913
SA03369,sandhill_crane,14.371485,13.631897
SA01467,sandhill_crane,5.817432,10.475221
SA04162,sandhill_crane,2.649327,5.646968
SN08536,snow_goose,5.869042,4.655741
SA06211,sandhill_crane,14.700657,12.943463
SA03331,sandhill_crane,6.695652,4.430865
SN05433,snow_goose,12.724904,1.353478
SN08140,snow_goose,8.151021,2.55323
SN02135,snow_goose,15.984101,4.337821
SN09356,snow_goose,13.206106,13.13811
SA07005,sandhill_crane,2.555194,5.208328
SA04757,sandhill_crane,13.743498,13.215443
SN00292,snow_goose,1.836297,4.895849
SN04970,snow_goose,13.495141,13.016745
SN09335,snow_goose,13.188521,10.837926
SN04052,snow_goose,8.435956,3.044844
SA02150,sandhill_crane,14.410382,12.907682
SA02057,sandhill_crane,4.709867,9.521817
SA00566,sandhill_crane,12.777917,11.300549
SA05177,sandhill_crane,5.39286,10.613716
SA04754,sandhill_crane,12.07509,3.393406
SA06844,sandhill_crane,8.87479,1.777101
SA06330,sandhill_crane,16.478084,3.343204
SN07359,snow_goose,9.13962,1.84465
SN03200,snow_goose,8.975421,2.269091
SN05009,snow_goose,6.396508,5.897878
SA01055,sandhill_crane,6.589742,5.724959
SA06657,sandhill_crane,13.046839,10.797659
SA03264,sandhill_crane,9.183163,1.932704
SA08328,sandhill_crane,12.439289,2.823123
SA06045,sandhill_crane,9.116254,2.526289
SA01060,sandhill_crane,6.177294,5.906046
SN04861,snow_goose,6.682635,5.732628
SA08493,sandhill_crane,11.995328,2.249755
SN02609,snow_goose,16.520088,2.659112
SA08860,sandhill_crane,5.79317,9.017078
SN00860,snow_goose,8.889362,1.723664
SN07997,snow_goose,15.699263,4.256389
SN03015,snow_goose,6.073086,6.028357
SN09117,snow_goose,13.918797,12.964928
SN08458,snow_goose,6.076295,10.637175
SN09191,snow_goose,2.971557,5.218354
SA05975,sandhill_crane,12.38062,10.698685
SA04973,sandhill_crane,13.505838,11.618037
SN01358,snow_goose,6.952283,5.264285
SN01241,snow_goose,14.569015,12.945298
SN05742,snow_goose,11.946273,10.844461
SN01833,snow_goose,16.094919,3.403215
SN08025,snow_goose,11.90666,2.568185
SA04901,sandhill_crane,2.169119,4.839084
SN04801,snow_goose,16.616719,3.10915
SA09178,sandhill_crane,13.043435,10.29974
SA01634,sandhill_crane,3.339102,5.660658
SA07871,sandhill_crane,16.55321,3.653078
SN03484,snow_goose,3.222124,5.50184
SA05521,sandhill_crane,14.322511,12.825753
SA01165,sandhill_crane,6.648313,5.023613
SN09019,snow_goose,8.697649,2.606517
SN00228,snow_goose,8.229019,2.68654
SN03597,snow_goose,13.755933,12.61961
SA05069,sandhill_crane,9.063909,2.159774
SN00015,snow_goose,16.527719,3.80893
SN05231,snow_goose,5.641414,10.203371
SN07249,snow_goose,11.285027,2.58896
SA02995,sandhill_crane,12.132862,2.635059
SN03881,snow_goose,16.291335,3.274544
SA08834,sandhill_crane,6.738686,5.60668
SA09837,sandhill_crane,5.569486,9.809791
SN04865,snow_goose,5.31893,10.256073
SA02770,sandhill_crane,4.956586,9.684751
SN09757,snow_goose,9.155962,2.062077
SA07044,sandhill_crane,16.696832,3.864191
SN04943,snow_goose,11.511635,1.965289
SN07881,snow_goose,16.356837,3.19074
SA02160,sandhill_crane,12.721404,10.48486
SA05828,sandhill_crane,9.438023,2.769621
SN03971,snow_goose,12.458147,11.252701
SA09092,sandhill_crane,5.765331,10.453755
SN07494,snow_goose,15.92293,3.160934
SA09276,sandhill_crane,2.914886,4.577352
SA08125,sandhill_crane,16.75318,3.21646
SA08776,sandhill_crane,3.506996,5.862033
SA01720,sandhill_crane,13.8538,13.775289
SN07064,snow_goose,3.519243,5.525095
SA07462,sandhill_crane,6.392355,5.41909
SA06792,sandhill_crane,5.206908,10.973771
SA01159,sandhill_crane,16.441036,3.767261
SN07911,snow_goose,13.442457,12.302918
SN06346,snow_goose,9.410227,2.920667
SA06072,sandhill_crane,12.46557,9.953753
SN08819,snow_goose,6.719268,6.225419
SN04006,snow_goose,5.449377,9.250553
SA04713,sandhill_crane,14.193747,13.242371
SA02654,sandhill_crane,9.497311,2.644783
SN09254,snow_goose,17.766036,3.456953
SA08459,sandhill_crane,12.298948,9.847654
SA04150,sandhill_crane,6.22992,5.202041
SA05621,sandhill_crane,7.288928,5.42895
SN04872,snow_goose,2.277483,5.212044
SN03482,snow_goose,2.37799,5.069488
SA09955,sandhill_crane,5.854395,9.952643
SA02644,sandhill_crane,16.070059,3.425088
SN08367,snow_goose,8.767857,2.444499
SN09846,snow_goose,6.06148,4.839856
SN07339,snow_goose,13.593098,12.516216
SN09942,snow_goose,6.231431,5.448295
SN02742,snow_goose,2.309768,5.899954
SA04073,sandhill_crane,12.952756,10.43816
SN08499,snow_goose,14.007674,12.917608
SA04764,sandhill_crane,15.484608,2.906588
SA03805,sandhill_crane,1.797187,4.720584
SA03308,sandhill_crane,2.665289,5.828011
SA08875,sandhill_crane,12.337143,12.500153
SN03641,snow_goose,13.959655,12.301943
SN09602,snow_goose,16.230429,3.98004
SA04663,sandhill_crane,15.367402,2.473561
SN01427,snow_goose,6.951496,5.992881
SA01265,sandhill_crane,5.709608,10.590678
SA08033,sandhill_crane,5.547507,5.081542
SA02101,sandhill_crane,12.216681,2.07944
SN00852,snow_goose,6.33643,5.558944
SA05564,sandhill_crane,13.615404,12.385727
SA01754,sandhill_crane,12.381446,2.09939
SA03494,sandhill_crane,11.621811,10.68564
SA07482,sandhill_crane,12.987757,10.630807
SN01191,snow_goose,8.313616,1.43787
SA05390,sandhill_crane,6.69515,6.122352
SN06670,snow_goose,13.309705,13.114419
SN01437,snow_goose,16.45685,2.882634
SA08763,sandhill_crane,14.742803,12.577017
SA07739,sandhill_crane,6.334344,5.13577
SA09798,sandhill_crane,13.025842,12.987154
SN09129,snow_goose,15.52652,2.234592
SN01142,snow_goose,13.188772,2.28874
SN06672,snow_goose,16.875043,2.594921
SN04742,snow_goose,6.447077,5.970953
SN09737,snow_goose,9.11129,3.170616
SA08685,sandhill_crane,8.747201,1.912452
SN08001,snow_goose,6.682711,5.809911
SN06440,snow_goose,12.56374,11.246007
SN02586,snow_goose,11.874705,2.651667
SN00604,snow_goose,12.26809,11.619251
SN08345,snow_goose,12.492234,10.327782
SN03887,snow_goose,6.578969,5.864237
SN03030,snow_goose,1.689403,5.066014
SA07132,sandhill_crane,13.601921,11.714655
SN07602,snow_goose,17.398547,3.599603
SA08970,sandhill_crane,5.818504,10.264595
SN01875,snow_goose,13.849865,12.928921
SA03932,sandhill_crane,12.190436,10.158049
SA03499,sandhill_crane,12.040069,1.947058
SA06263,sandhill_crane,14.084773,13.353423
SN01842,snow_goose,12.264073,3.12272
SA09162,sandhill_crane,13.887331,12.589944
SN08069,snow_goose,16.260747,2.960789
SA08773,sandhill_crane,9.135677,2.282059
SA09207,sandhill_crane,13.935735,13.658407
SN07625,snow_goose,11.831608,2.736792
SA08978,sandhill_crane,6.10402,5.181987
SN07493,snow_goose,6.900034,5.505217
SA06991,sandhill_crane,8.894302,2.938624
SA01314,sandhill_crane,5.422,5.052911
SN09765,snow_goose,11.947103,2.306797
SN05582,snow_goose,4.462604,10.742819
SN05189,snow_goose,5.061812,10.140592
SN03901,snow_goose,12.411855,10.541923
SN01551,snow_goose,5.24353,10.444173
SN09607,snow_goose,6.432732,5.287378
SN08964,snow_goose,12.447247,11.314267
SA05009,sandhill_crane,14.361308,12.6191
SA04967,sandhill_crane,2.320837,5.453177
SA01871,sandhill_crane,4.903628,10.549979
SN03956,snow_goose,2.6787,4.867431
SA05115,sandhill_crane,8.996981,3.190115
SN02055,snow_goose,5.725869,9.505159
SA02783,sandhill_crane,12.018392,3.440665
SN08230,snow_goose,1.72535,4.673732
SN07059,snow_goose,2.614438,5.58358
SA02752,sandhill_crane,2.840865,4.070621
SN06535,snow_goose,3.077011,5.397741
SA06537,sandhill_crane,16.617088,2.878866
SA00262,sandhill_crane,1.632258,6.234956
SN00186,snow_goose,11.725843,10.403475
SA02328,sandhill_crane,12.194503,2.314357
SA07981,sandhill_crane,5.950566,5.218957
SA04209,sandhill_crane,16.988698,3.228739
SA04573,sandhill_crane,5.880214,10.41726
SA04618,sandhill_crane,7.878889,3.326859
SA07024,sandhill_crane,16.235115,3.819019
SN07273,snow_goose,16.131758,3.183914
SN08091,snow_goose,8.434598,2.052826
SA02397,sandhill_crane,8.652145,3.180779
SA04321,sandhill_crane,16.764217,3.534719
SN00147,snow_goose,2.152076,5.670639
SN08298,snow_goose,11.808223,10.87185
SA01245,sandhill_crane,12.284241,2.402793
SA01561,sandhill_crane,7.961798,2.175556
SN02637,snow_goose,5.258738,9.40095
SN02375,snow_goose,6.415189,6.207214
SN05507,snow_goose,11.729634,3.763333
SN07439,snow_goose,13.704264,12.693453
SA08298,sandhill_crane,6.236536,4.649573
SN07532,snow_goose,16.433606,3.471507
SA06976,sandhill_crane,13.000872,12.341309
SA02076,sandhill_crane,3.032951,5.742504
SN07453,snow_goose,5.511201,10.918563
SA07618,sandhill_crane,2.59047,4.511507
SN00587,snow_goose,9.455194,2.161474
SN06589,snow_goose,14.670708,13.479746
SN09696,snow_goose,5.984354,5.26514
SN00983,snow_goose,16.024164,3.751052
SA09591,sandhill_crane,7.44347,6.371009
SA06819,sandhill_crane,5.571287,9.787141
SN08570,snow_goose,4.825983,10.145036
SA08264,sandhill_crane,16.12575,3.271975
SN05195,snow_goose,13.532095,11.581955
SA08272,sandhill_crane,12.305927,2.127518
SN00986,snow_goose,16.112531,2.955813
SN01692,snow_goose,7.907613,2.303389
SN07476,snow_goose,16.119942,3.699961
SA02175,sandhill_crane,12.281729,2.583145
SA01166,sandhill_crane,6.625766,4.635739
SN04767,snow_goose,16.248803,2.580891
SA05929,sandhill_crane,2.549235,5.036152
SN01153,snow_goose,2.98097,5.933755
SA03215,sandhill_crane,9.032514,2.478401
SN08450,snow_goose,16.718664,3.613883
SA00442,sandhill_crane,11.986345,2.537554
SN03073,snow_goose,2.493696,6.526893
SN00971,snow_goose,5.967041,9.967062
SN08726,snow_goose,2.975948,5.431105
SA06823,sandhill_crane,13.900394,12.948276
SN07440,snow_goose,2.499978,5.27236
SN04880,snow_goose,2.343519,4.5525
SN03022,snow_goose,12.609638,10.993537
SN02853,snow_goose,2.161148,4.846713
SN06251,snow_goose,6.127556,10.301858
SA01520,sandhill_crane,9.282991,2.471528
SA02290,sandhill_crane,5.73773,10.603881
SN02533,snow_goose,12.304339,2.575124
SA07338,sandhill_crane,11.881768,2.445051
SN06269,snow_goose,5.50057,9.47203
SN07778,snow_goose,5.806186,10.24468
SA02985,sandhill_crane,13.460881,13.029952
SN09012,snow_goose,16.24471,3.795954
SA05451,sandhill_crane,6.714691,5.814705
SN04484,snow_goose,8.912127,2.898585
SA02077,sandhill_crane,5.703376,9.822007
SN01434,snow_goose,13.31887,12.528889
SN07271,snow_goose,13.278903,1.93536
SN00385,snow_goose,15.328332,3.389461
SN06157,snow_goose,5.718754,10.867832
SN09370,snow_goose,12.674233,10.636017
SN05643,snow_goose,14.840505,12.81531
SA06497,sandhill_crane,8.340297,2.278994
SA02177,sandhill_crane,6.376532,6.134542
SN09802,snow_goose,8.773367,2.337132
SA03602,sandhill_crane,5.386377,10.396244
SN06319,snow_goose,12.825409,10.606208
SA03469,sandhill_crane,9.250753,2.268584
SA00607,sandhill_crane,14.142215,13.43768
SA02086,sandhill_crane,2.321284,4.928266
SA05276,sandhill_crane,5.527487,9.814303
SA06102,sandhill_crane,16.990516,3.424523
SA02321,sandhill_crane,16.925896,2.676814
SN01631,snow_goose,9.335715,2.521713
SN00212,snow_goose,14.164231,13.345652
SA04696,sandhill_crane,11.699535,2.266379
SA00331,sandhill_crane,3.674169,5.119347
SA09138,sandhill_crane,5.80091,10.308883
SA08386,sandhill_crane,13.979414,12.134085
SN07310,snow_goose,11.631169,11.010209
SA01217,sandhill_crane,13.04556,10.475109
SA01638,sandhill_crane,2.404965,4.579734
SA00327,sandhill_crane,5.306563,10.403372
SA02082,sandhill_crane,6.326491,5.524742
SA03788,sandhill_crane,16.033787,3.151007
SA00798,sandhill_crane,11.96898,2.461159
SN00416,snow_goose,11.72001,10.615721
SA07419,sandhill_crane,13.395008,12.83549
SA03200,sandhill_crane,1.968459,5.764733
SA03358,sandhill_crane,3.193582,5.829324
SN02300,snow_goose,13.616155,2.20508
SA02266,sandhill_crane,16.456106,3.932915
SN07211,snow_goose,13.767643,13.357893
SA00776,sandhill_crane,11.105535,2.76443
SN01217,snow_goose,9.310745,2.496627
SN06831,snow_goose,8.661537,3.022097
SN04460,snow_goose,6.558717,5.778355
SN04930,snow_goose,12.549764,2.42159
SA09030,sandhill_crane,1.378004,4.853091
SN01756,snow_goose,12.329612,10.483798
SN07875,snow_goose,16.536806,2.868057
SA07721,sandhill_crane,6.08686,10.277536
SA05517,sandhill_crane,3.749358,4.60357
SA02227,sandhill_crane,12.479164,2.480216
SA02975,sandhill_crane,13.116975,13.301987
SN09476,snow_goose,15.497657,3.806092
SA01670,sandhill_crane,5.417191,10.664795
SN02132,snow_goose,16.585276,3.004309
SN07155,snow_goose,8.735824,2.35793
SA01382,sandhill_crane,16.246835,2.772838
SA00369,sandhill_crane,11.476976,11.059714
SA01025,sandhill_crane,5.855498,9.436238
SA01445,sandhill_crane,7.977487,2.169864
SA02066,sandhill_crane,2.366386,5.403959
SN01581,snow_goose,14.201467,13.084365
SN02583,snow_goose,15.448095,2.56763
SA08098,sandhill_crane,6.578054,6.242906
SN08530,snow_goose,14.032388,12.983674
SA04509,sandhill_crane,13.605972,12.293963
SN00137,snow_goose,5.534859,5.814256
SA00253,sandhill_crane,12.330196,2.705361
SA06639,sandhill_crane,9.094976,3.883067
SN05258,snow_goose,8.684817,2.542211
SN01643,snow_goose,8.279273,3.434253
SN08300,snow_goose,5.358133,10.168579
SA03544,sandhill_crane,6.957786,4.943832
SA04435,sandhill_crane,11.865919,1.37675
SA07799,sandhill_crane,5.722474,10.322076
SA05577,sandhill_crane,8.912308,3.172304
SN07080,snow_goose,13.072624,10.424395
SN03708,snow_goose,11.794033,10.346694
SN05890,snow_goose,9.331937,2.75931
SN00114,snow_goose,5.908225,6.00427
SA05926,sandhill_crane,16.341196,3.696759
SA09661,sandhill_crane,5.185296,9.698361
SN04106,snow_goose,14.399144,12.333085
SA06205,sandhill_crane,8.698003,2.460655
SA06575,sandhill_crane,2.448901,5.717521
SA06358,sandhill_crane,12.274833,1.338675
SN05922,snow_goose,6.106906,5.733265
SN05025,snow_goose,12.186543,2.050034
SA05721,sandhill_crane,8.726443,2.560614
SN05543,snow_goose,2.788933,4.96943
SN06820,snow_goose,2.38495,4.789991
SN01695,snow_goose,6.525597,6.018562
SN00783,snow_goose,5.607889,5.152692
SN08515,snow_goose,8.673491,2.521256
SN03089,snow_goose,16.140369,2.493974
SN07909,snow_goose,11.711632,11.057309
SN02389,snow_goose,6.397314,9.282225
SN07715,snow_goose,8.689125,2.369033
SN05233,snow_goose,6.681797,5.612025
SA09954,sandhill_crane,8.477648,1.655751
SN00885,snow_goose,11.961213,2.855995
SN08532,snow_goose,4.925163,10.515011
SA06983,sandhill_crane,6.170009,5.906866
SN00197,snow_goose,5.169975,10.526817
SN03680,snow_goose,8.762269,2.368252
SN07776,snow_goose,12.151653,2.790578
SA03917,sandhill_crane,9.419789,2.756327
SN05318,snow_goose,6.445513,5.416705
SA04346,sandhill_crane,12.519311,10.523088
SA04436,sandhill_crane,15.818935,3.45312
SA02914,sandhill_crane,14.586062,11.792992
SA03837,sandhill_crane,9.160678,2.770839
SA06103,sandhill_crane,9.012742,2.573705
SN02529,snow_goose,12.901867,11.128566
SA08436,sandhill_crane,6.16547,10.196175
SN05087,snow_goose,13.580381,13.478282
SN02559,snow_goose,5.531345,5.547366
SA07464,sandhill_crane,12.365126,11.358994
SA01817,sandhill_crane,14.111908,12.593391
SN09329,snow_goose,15.88078,3.676186
SN00215,snow_goose,16.353507,2.908176
SN08945,snow_goose,5.645278,9.778308
SA00555,sandhill_crane,12.031126,10.24719
SA00932,sandhill_crane,5.903709,9.074356
SN01664,snow_goose,12.392716,2.114449
SN02727,snow_goose,2.786474,5.435136
SA00587,sandhill_crane,12.285395,10.839999
SA00337,sandhill_crane,12.175659,2.59601
SN05311,snow_goose,13.240225,10.269606
SN01510,snow_goose,2.403731,4.329118
SN03483,snow_goose,7.701779,2.427371
SA00640,sandhill_crane,11.201922,2.287349
SA07185,sandhill_crane,13.405062,13.14288
SN00103,snow_goose,16.182141,4.265957
SA06083,sandhill_crane,8.247902,3.566278
SN00911,snow_goose,2.249063,5.1902
SN08257,snow_goose,12.492286,11.108644
SN05426,snow_goose,12.870513,2.604255
SN08710,snow_goose,16.621561,2.871794
SA02042,sandhill_crane,6.041489,4.576656
SA04130,sandhill_crane,11.370109,2.425047
SN05227,snow_goose,12.57146,1.32174
SA02274,sandhill_crane,9.842071,2.536286
SA00561,sandhill_crane,6.074177,5.65804
SA08670,sandhill_crane,6.143395,6.156025
SN09407,snow_goose,6.227769,9.586296
SA02581,sandhill_crane,6.359904,6.371871
SN09453,snow_goose,8.283718,2.638769
SA00729,sandhill_crane,13.032291,9.970688
SA05093,sandhill_crane,5.845424,5.867118
SA04266,sandhill_crane,2.795674,5.306123
SA04387,sandhill_crane,5.631089,10.353099
SA09625,sandhill_crane,2.47103,4.772053
SA04370,sandhill_crane,15.502942,4.153658
SA01424,sandhill_crane,5.903965,10.097012
SA06939,sandhill_crane,15.792619,2.768493
SA02579,sandhill_crane,17.356916,4.163067
SN06795,snow_goose,2.963818,5.654802
SA00406,sandhill_crane,1.90783,5.374527
SA08009,sandhill_crane,1.097496,5.63604
SA07166,sandhill_crane,12.030755,1.785133
SN02981,snow_goose,9.219692,2.501761
SA03066,sandhill_crane,12.908146,12.819637
SN02880,snow_goose,1.965088,4.991081
SN01491,snow_goose,6.061451,5.049645
SN09608,snow_goose,13.025379,12.121963
SN04194,snow_goose,1.579954,5.304968
SN01192,snow_goose,14.503155,12.742412
SN02141,snow_goose,6.749372,4.880192
SA06942,sandhill_crane,5.866426,6.116921
SN06155,snow_goose,9.174016,2.838465
SN04903,snow_goose,12.572842,3.21268
SA02996,sandhill_crane,12.490133,10.287587
SN01439,snow_goose,13.149919,2.400705
SA08156,sandhill_crane,14.204141,12.782331
SN02318,snow_goose,10.865388,2.814166
SA08461,sandhill_crane,12.227018,2.617798
SA06673,sandhill_crane,16.032902,3.453986
SA07208,sandhill_crane,11.366798,2.451648
SN03792,snow_goose,13.515263,12.153328
SA01505,sandhill_crane,3.046452,5.018327
SN04248,snow_goose,11.557721,1.769311
SA01925,sandhill_crane,14.143339,12.268163
SA03217,sandhill_crane,14.115457,13.270394
SA01013,sandhill_crane,9.029581,2.601744
SN01463,snow_goose,7.182286,5.445522
SN08834,snow_goose,8.934923,2.487743
SN07086,snow_goose,2.156667,5.560767
SN03478,snow_goose,16.14514,3.17956
SA09048,sandhill_crane,8.300818,3.029123
SA05885,sandhill_crane,13.167367,12.311703
SA02788,sandhill_crane,6.643572,5.552609
SA07729,sandhill_crane,12.506682,11.015489
SA01808,sandhill_crane,6.344936,10.523517
SA03294,sandhill_crane,5.466515,9.75972
SN05132,snow_goose,12.154275,10.544205
SN08286,snow_goose,12.121617,10.853821
SN09487,snow_goose,12.869301,10.931461
SA07997,sandhill_crane,2.150616,5.468602
SA01943,sandhill_crane,12.676842,11.151615
SN08725,snow_goose,14.878347,12.244602
SA05783,sandhill_crane,12.128997,10.615703
SN03870,snow_goose,12.671315,2.423825
SN07959,snow_goose,6.696519,4.776738
SA09589,sandhill_crane,2.814467,4.771227
SN08178,snow_goose,5.677579,9.0462
SA07812,sandhill_crane,8.269714,2.793823
SN09511,snow_goose,12.369721,2.914026
SA00338,sandhill_crane,6.093221,5.896273
SN06539,snow_goose,14.499268,13.123561
SA03143,sandhill_crane,4.413831,9.813167
SN07317,snow_goose,8.714423,2.906951
SN02965,snow_goose,8.618141,1.968865
SN02711,snow_goose,16.328137,3.433194
SN08359,snow_goose,5.397106,10.64949
SA02285,sandhill_crane,12.60363,10.16197
SA00996,sandhill_crane,2.355706,4.565524
SA03926,sandhill_crane,13.618188,12.253195
SN08495,snow_goose,2.334069,5.40717
SN04035,snow_goose,4.747237,10.94275
SA09116,sandhill_crane,6.07007,5.206741
SA08038,sandhill_crane,12.243015,11.108776
SN05835,snow_goose,5.793084,5.878821
SN03991,snow_goose,2.655081,5.243841
SN04086,snow_goose,6.149039,5.976827
SA05806,sandhill_crane,9.046183,2.323273
SA00919,sandhill_crane,13.444179,10.646018
SN05168,snow_goose,12.728405,10.790251
SN07406,snow_goose,8.531725,1.847604
SA06456,sandhill_crane,6.175871,5.147731
SA01003,sandhill_crane,6.306398,4.842498
SA01835,sandhill_crane,13.560091,13.639831
SN08187,snow_goose,9.029841,2.673345
SA08890,sandhill_crane,9.01332,1.961594
SA07572,sandhill_crane,12.560715,2.384796
SA08926,sandhill_crane,1.41619,4.517851
SA01947,sandhill_crane,9.538365,2.451456
SN03808,snow_goose,13.511054,13.333036
SA02540,sandhill_crane,16.428481,1.857054
SA01072,sandhill_crane,11.991575,1.766997
SN08250,snow_goose,12.953551,9.885334
SA03887,sandhill_crane,1.700259,5.732335
SN01546,snow_goose,13.453672,12.866923
SN08601,snow_goose,12.520214,2.546274
SA00381,sandhill_crane,6.646716,5.506059
SA03582,sandhill_crane,11.789157,2.524175
SN06720,snow_goose,11.729353,2.848306
SA03625,sandhill_crane,5.278213,10.18242
SA01879,sandhill_crane,6.085072,5.48353
SN00530,snow_goose,8.484372,2.146788
SA01734,sandhill_crane,6.300941,9.81523
SN04488,snow_goose,16.09254,2.953916
SA08348,sandhill_crane,11.742802,9.826116
SN04622,snow_goose,5.385095,10.440745
SN09027,snow_goose,13.073509,13.020357
SN08424,snow_goose,6.398475,5.496616
SN05852,snow_goose,16.085763,3.490047
SA09967,sandhill_crane,2.422316,5.13952
SN08891,snow_goose,9.222406,2.311299
SA09833,sandhill_crane,17.006973,3.135541
SN06292,snow_goose,9.416696,3.226418
SN03458,snow_goose,16.211778,2.950442
SN04061,snow_goose,7.016625,5.354546
SA01417,sandhill_crane,12.196014,10.06453
SA00355,sandhill_crane,5.757558,5.318703
SA00453,sandhill_crane,16.768194,2.149434
SN05877,snow_goose,6.010252,5.49293
SN07496,snow_goose,9.188604,1.770521
SN07865,snow_goose,2.175438,5.31175
SA09275,sandhill_crane,9.209745,2.488945
SN04209,snow_goose,11.997659,4.014035
SA06316,sandhill_crane,6.122984,5.933748
SA08587,sandhill_crane,13.785146,13.119392
SA04630,sandhill_crane,8.820397,2.298793
SA05778,sandhill_crane,12.519492,11.230494
SN09265,snow_goose,12.102229,10.94586
SA02576,sandhill_crane,6.249971,11.324908
SN08937,snow_goose,8.486937,2.265226
SA09141,sandhill_crane,5.172824,10.19234
SN03061,snow_goose,11.74795,1.550993
SA03287,sandhill_crane,13.434346,10.542201
SN00580,snow_goose,12.208793,11.141693
SN01428,snow_goose,5.814494,4.711082
SN07861,snow_goose,2.917311,5.134673
SA08273,sandhill_crane,15.697695,3.184843
SN01069,snow_goose,8.679023,2.704919
SN08596,snow_goose,5.303663,9.442816
SA01201,sandhill_crane,11.786536,2.317218
SN02353,snow_goose,6.646195,6.220763
SN03854,snow_goose,12.686861,2.953328
SN09404,snow_goose,16.074428,2.727174
SA01044,sandhill_crane,11.539054,2.719745
SN08381,snow_goose,4.999356,9.50015
SN08897,snow_goose,5.878968,9.821352
SA04728,sandhill_crane,12.121447,2.434994
SA07193,sandhill_crane,12.758173,0.920978
SN04854,snow_goose,5.704776,5.492553
SA00416,sandhill_crane,16.501392,3.925185
SA07120,sandhill_crane,12.272162,10.740151
SN02950,snow_goose,2.468771,6.118237
SN03544,snow_goose,12.50779,11.153057
SA00242,sandhill_crane,4.980451,10.210193
SA00351,sandhill_crane,16.770963,3.196158
SA00570,sandhill_crane,16.346688,3.609553
SA06839,sandhill_crane,6.423189,10.176699
SA05522,sandhill_crane,5.833463,6.296102
SA04228,sandhill_crane,12.440302,2.324344
SA03695,sandhill_crane,6.178997,6.279964
SN05544,snow_goose,6.201482,4.816894
SN07639,snow_goose,12.148468,2.944344
SN09097,snow_goose,3.058345,4.991929
SN09010,snow_goose,1.733537,4.906801
SA04248,sandhill_crane,8.189414,2.679949
SA08711,sandhill_crane,9.336464,2.421733
SA00009,sandhill_crane,5.754052,9.558081
SN06125,snow_goose,14.289995,13.191034
SN00778,snow_goose,16.483208,2.717672
SN07229,snow_goose,16.947369,3.521045
SN04879,snow_goose,11.611632,3.091835
SN07007,snow_goose,6.560414,4.884804
SN01762,snow_goose,11.642761,2.51669
SN03513,snow_goose,12.019848,11.089925
SA04502,sandhill_crane,8.474512,2.159739
SA06175,sandhill_crane,2.067157,5.352229
SN09367,snow_goose,8.25677,2.762337
SA04429,sandhill_crane,15.924813,3.571341
SA03773,sandhill_crane,8.60776,2.760048
SN05432,snow_goose,5.593211,9.707573
SA02696,sandhill_crane,11.410733,2.089012
SN05369,snow_goose,16.031574,3.81259
SN06264,snow_goose,12.313735,2.573942
SN00410,snow_goose,11.31119,10.118569
SA08153,sandhill_crane,12.492361,9.944582
SN01325,snow_goose,1.948227,5.114999
SN08211,snow_goose,9.564608,3.679204
SA01671,sandhill_crane,11.98041,1.807018
SN07557,snow_goose,6.082377,5.783135
SA04654,sandhill_crane,12.052017,9.968987
SN04424,snow_goose,15.827164,3.049969
SN02623,snow_goose,12.884424,10.779908
SN07708,snow_goose,2.175209,5.415604
SA07744,sandhill_crane,12.918903,13.104566
SA01155,sandhill_crane,5.257892,10.005041
SA05776,sandhill_crane,7.916938,2.270931
SA04420,sandhill_crane,13.572421,12.396332
SN03102,snow_goose,13.40387,12.231692
SN04340,snow_goose,8.184588,2.929563
SA00505,sandhill_crane,2.641183,4.282549
SN09904,snow_goose,5.606429,10.304168
SA05847,sandhill_crane,16.392214,3.598419
SA01861,sandhill_crane,6.324887,9.952607
SA01105,sandhill_crane,12.785886,10.779086
SN02758,snow_goose,8.830186,2.369489
SA07960,sandhill_crane,16.109609,3.663982
SN04851,snow_goose,8.617331,2.712117
SN07600,snow_goose,6.11216,9.913583
SN07460,snow_goose,5.327153,10.014554
SN01854,snow_goose,12.727138,13.255764
SA05950,sandhill_crane,9.710152,2.874904
SN07952,snow_goose,12.3498,1.824936
SN07565,snow_goose,16.398709,3.376295
SA06987,sandhill_crane,8.264622,2.347914
SA03299,sandhill_crane,2.421092,4.191049
SA04824,sandhill_crane,7.547488,2.320892
SN02676,snow_goose,14.036268,12.868328
SN03538,snow_goose,2.086076,5.429273
SN04570,snow_goose,13.898534,12.506763
SN00173,snow_goose,1.793562,5.660444
SA02616,sandhill_crane,2.993596,5.385512
SN08319,snow_goose,12.397624,9.839446
SN06807,snow_goose,5.862324,5.53209
SN01203,snow_goose,11.884465,2.825983
SN08683,snow_goose,6.035823,6.599222
SN08831,snow_goose,12.066758,2.20004
SN04135,snow_goose,5.739465,9.792135
SN08076,snow_goose,5.619583,5.389237
SN07209,snow_goose,2.057575,5.930858
SA09735,sandhill_crane,12.700842,2.701103
SA02488,sandhill_crane,6.882936,5.636912
SN06126,snow_goose,16.086957,3.651977
SN02825,snow_goose,5.212702,10.223685
SA04518,sandhill_crane,13.365997,12.046516
SN08947,snow_goose,12.86197,2.032807
SA03089,sandhill_crane,2.713812,6.047354
SA05601,sandhill_crane,12.098858,1.603991
SA09816,sandhill_crane,2.857812,5.433204
SN02012,snow_goose,12.909548,2.700217
SN04010,snow_goose,6.123194,5.238545
SN06721,snow_goose,8.341628,1.976369
SA03865,sandhill_crane,15.387022,2.647546
SN09007,snow_goose,13.684111,11.863465
SN09139,snow_goose,1.411597,5.134935
SA06900,sandhill_crane,11.74603,12.065688
SA06929,sandhill_crane,5.686933,5.562538
SN01396,snow_goose,5.745055,9.764653
SN07263,snow_goose,9.059433,2.326954
SN02638,snow_goose,2.391067,4.810396
SA09570,sandhill_crane,12.265364,2.352643
SN02403,snow_goose,12.270777,1.645859
SN06687,snow_goose,13.494782,12.913811
SN07414,snow_goose,15.889833,3.172049
SN09481,snow_goose,12.910946,10.810963
SN00786,snow_goose,4.934521,9.692312
SA05158,sandhill_crane,1.550594,4.499286
SN06407,snow_goose,5.097227,9.850764
SA09265,sandhill_crane,6.518991,5.367735
SN04036,snow_goose,16.07436,3.81606
SA00609,sandhill_crane,12.606765,2.146223
SN06693,snow_goose,12.534612,2.949853
SN05658,snow_goose,8.761966,2.399205
SN00408,snow_goose,9.636087,2.940055
SN02118,snow_goose,6.463427,5.142367
SA00697,sandhill_crane,2.533135,6.014555
SA03110,sandhill_crane,13.396974,12.837738
SN09218,snow_goose,11.801458,3.251075
SA03560,sandhill_crane,11.777113,2.105463
SA09042,sandhill_crane,16.86617,2.998748
SA09554,sandhill_crane,6.995666,5.565897
SN03877,snow_goose,12.345535,1.787645
SN07941,snow_goose,12.071585,11.171042
SA03001,sandhill_crane,12.10174,10.615292
SN09155,snow_goose,12.046062,10.789888
SN06816,snow_goose,12.746233,3.278054
SA08130,sandhill_crane,4.920199,9.952908
SA04647,sandhill_crane,5.518298,9.865487
SA09788,sandhill_crane,5.640821,9.857961
SN04326,snow_goose,13.140982,2.711679
SA09746,sandhill_crane,6.816005,5.347817
SA06618,sandhill_crane,3.106042,5.553395
SA03038,sandhill_crane,11.93082,2.65735
SN08475,snow_goose,6.115171,5.522609
SN01640,snow_goose,8.163252,1.983921
SN09726,snow_goose,8.607805,2.0625
SA07466,sandhill_crane,7.40944,5.533585
SA03490,sandhill_crane,6.879734,5.684646
SN02670,snow_goose,5.139225,9.809492
SA02557,sandhill_crane,9.562987,2.719395
SN05656,snow_goose,7.75878,5.995271
SN04554,snow_goose,5.44998,9.801897
SN09993,snow_goose,7.053691,4.943408
SA08932,sandhill_crane,12.487158,10.560566
SA08223,sandhill_crane,14.561297,13.050955
SA04542,sandhill_crane,8.900603,1.52428
SA04863,sandhill_crane,11.418594,1.686258
SA01569,sandhill_crane,6.164678,5.69725
SN07680,snow_goose,6.294794,6.046043
SN01253,snow_goose,2.706419,4.250085
SA00126,sandhill_crane,5.220981,9.941786
SA09428,sandhill_crane,6.570589,5.255147
SN01512,snow_goose,2.648409,4.978561
SN07136,snow_goose,14.003548,12.857364
SA00771,sandhill_crane,5.706496,10.690567
SN02121,snow_goose,16.803292,3.289957
SN03625,snow_goose,12.12759,2.611339
SA01121,sandhill_crane,12.862049,1.28978
SA02673,sandhill_crane,8.96393,2.970544
SN04572,snow_goose,2.112402,5.4652
SN07058,snow_goose,2.690891,5.177725
SN08358,snow_goose,3.248975,4.645551
SN01954,snow_goose,14.03101,12.058598
SN02959,snow_goose,7.964089,2.625874
SN07454,snow_goose,11.688471,10.00847
SA09611,sandhill_crane,1.634437,4.96702
SA08617,sandhill_crane,6.678824,6.127692
SA02962,sandhill_crane,13.081312,10.704853
SN03121,snow_goose,6.239269,9.532148
SA05997,sandhill_crane,5.974982,10.020775
SN09618,snow_goose,17.324509,4.095711
SN06647,snow_goose,8.940956,2.728971
SN07579,snow_goose,12.943609,2.415538
SN02210,snow_goose,6.148515,5.757203
SA05965,sandhill_crane,5.91888,10.36037
SA09709,sandhill_crane,5.451628,9.778155
SA08750,sandhill_crane,12.5761,10.467478
SN02216,snow_goose,4.920123,10.039628
SN05932,snow_goose,4.835261,9.643835
SN04047,snow_goose,14.214241,13.009656
SN05335,snow_goose,5.180739,10.218603
SA05883,sandhill_crane,16.194247,4.330757
SA03766,sandhill_crane,11.816749,10.786359
SN06234,snow_goose,11.349174,10.679317
SN02334,snow_goose,5.719815,9.966915
SA03965,sandhill_crane,15.585983,2.874719
SA08032,sandhill_crane,5.500136,9.885205
SA05222,sandhill_crane,6.305591,5.682386
SA09977,sandhill_crane,8.475893,2.731174
SA04720,sandhill_crane,12.34455,2.386594
SA03522,sandhill_crane,12.343027,11.015376
SA02233,sandhill_crane,6.11294,4.800377
SA09199,sandhill_crane,16.302668,2.980505
SA01869,sandhill_crane,13.23662,11.556208
SN04316,snow_goose,12.356761,2.286677
SA09580,sandhill_crane,12.334555,3.652184
SN06433,snow_goose,16.4965,2.596204
SA00111,sandhill_crane,16.881542,3.385232
SN05961,snow_goose,12.353025,2.152554
SA00203,sandhill_crane,12.295583,11.236703
SA08440,sandhill_crane,16.220293,3.168921
SA06408,sandhill_crane,6.098426,5.956832
SA00311,sandhill_crane,12.408883,2.419294
SN04237,snow_goose,11.674068,2.610489
SN09428,snow_goose,12.452803,3.298339
SN01233,snow_goose,4.904472,10.03216
SA03614,sandhill_crane,6.712497,6.33425
SA02923,sandhill_crane,13.883857,12.838745
SA08986,sandhill_crane,2.385862,4.097163
SA01251,sandhill_crane,13.233068,11.443407
SN09397,snow_goose,6.185132,5.18147
SN09468,snow_goose,13.668251,12.177621
SA07561,sandhill_crane,8.434346,1.652714
SA04855,sandhill_crane,1.788906,4.300224
SA08579,sandhill_crane,13.731982,13.321595
SN08072,snow_goose,3.116071,5.392855
SN04452,snow_goose,12.262257,2.680774
SN05111,snow_goose,13.229437,13.560188
SN01099,snow_goose,1.359677,5.920929
SA04980,sandhill_crane,11.822628,2.616385
SA09972,sandhill_crane,2.631106,5.781386
SN09275,snow_goose,6.35382,5.454901
SA04812,sandhill_crane,6.295154,11.261111
SN03433,snow_goose,2.285435,5.733515
SN06513,snow_goose,16.12319,3.79168
SA02017,sandhill_crane,13.465067,12.921145
SA02231,sandhill_crane,12.440695,2.715777
SA01051,sandhill_crane,13.849876,12.623467
SA02050,sandhill_crane,9.81498,1.760499
SA03518,sandhill_crane,11.874497,10.472672
SA06310,sandhill_crane,2.596572,5.617208
SN04673,snow_goose,5.282509,9.214642
SA09872,sandhill_crane,12.992754,2.585316
SA05006,sandhill_crane,16.978249,2.916609
SA01587,sandhill_crane,12.139022,11.444452
SN05121,snow_goose,2.758409,5.063732
SN08184,snow_goose,13.646347,12.335804
SN08754,snow_goose,9.257444,2.130141
SN09573,snow_goose,9.262672,2.092748
SN09623,snow_goose,5.630767,4.863172
SN09823,snow_goose,15.98505,2.745896
SA04558,sandhill_crane,2.748213,5.255408
SA07341,sandhill_crane,3.062978,5.746108
SA08795,sandhill_crane,2.104582,5.198952
SN05284,snow_goose,11.681424,11.496215
SN05810,snow_goose,12.589476,11.978484
SN05102,snow_goose,13.417867,12.019499
SN02215,snow_goose,13.641304,13.001243
SN08170,snow_goose,11.979089,3.030524
SN03002,snow_goose,6.770482,6.347365
SA07704,sandhill_crane,5.491724,9.679791
SN07621,snow_goose,12.573417,1.81347
SA06535,sandhill_crane,9.163339,2.041913
SA04705,sandhill_crane,12.532708,11.11198
SA06836,sandhill_crane,12.729252,3.509799
SA04679,sandhill_crane,11.719729,3.306872
SA09260,sandhill_crane,9.876515,1.806975
SA04386,sandhill_crane,6.787882,6.687975
SA08426,sandhill_crane,6.597543,5.905533
SN00202,snow_goose,9.689063,2.361276
SA05201,sandhill_crane,8.394809,2.389837
SA01235,sandhill_crane,14.025066,13.949005
SN03557,snow_goose,16.201723,3.774675
SA01548,sandhill_crane,2.33401,4.996996
SA09136,sandhill_crane,1.979709,5.577575
SN06919,snow_goose,8.4448,3.001526
SA00738,sandhill_crane,6.032005,9.948782
SN08171,snow_goose,12.265214,3.14652
SN06934,snow_goose,8.182037,1.274662
SN03075,snow_goose,12.438966,1.777372
SN06854,snow_goose,11.804199,10.688864
SA03240,sandhill_crane,12.644806,10.626907
SN05305,snow_goose,12.761996,2.458576
SN01524,snow_goose,9.273435,2.185597
SN03109,snow_goose,16.543286,3.441346
SN01193,snow_goose,13.013968,12.808362
SA00363,sandhill_crane,13.712199,12.316017
SA02446,sandhill_crane,15.118697,3.145047
SA07648,sandhill_crane,6.022382,5.998384
SN09348,snow_goose,14.230762,12.43021
SA08952,sandhill_crane,4.812084,10.05982
SA09893,sandhill_crane,5.54378,10.358577
SA02193,sandhill_crane,1.986237,5.210031
SN02232,snow_goose,13.117021,2.911498
SA04299,sandhill_crane,13.615872,12.831601
SN00525,snow_goose,14.116035,13.442957
SN08506,snow_goose,11.67914,2.150133
SN06661,snow_goose,3.861172,5.135368
SA08233,sandhill_crane,12.686115,10.387032
SA00595,sandhill_crane,14.017688,13.125501
SA03893,sandhill_crane,12.678724,1.765799
SN02977,snow_goose,8.878716,2.787039
SA09205,sandhill_crane,6.186657,5.355823
SN09894,snow_goose,15.437218,3.707533
SA03246,sandhill_crane,12.011235,10.568576
SA00943,sandhill_crane,5.545224,10.070242
SA00048,sandhill_crane,13.139131,10.577701
SN09207,snow_goose,12.88481,2.874391
SA09440,sandhill_crane,7.52968,5.402402
SN05645,snow_goose,5.619651,9.959452
SA07119,sandhill_crane,8.795688,2.491097
SA03202,sandhill_crane,16.492992,3.445194
SA03447,sandhill_crane,14.062082,13.019068
SA06571,sandhill_crane,5.631747,5.682907
SA09695,sandhill_crane,8.69719,2.006573
SA04285,sandhill_crane,12.008096,10.922587
SN08007,snow_goose,11.652001,2.313809
SA09220,sandhill_crane,12.257191,2.841564
SN01449,snow_goose,7.913907,2.986656
SA02728,sandhill_crane,16.302178,3.518295
SA06697,sandhill_crane,8.938199,2.469528
SN03395,snow_goose,12.550254,10.850104
SN03065,snow_goose,11.606787,11.201044
SN09045,snow_goose,12.150895,2.806711
SA04434,sandhill_crane,6.302114,5.910455
SN04189,snow_goose,2.770003,5.712928
SN03664,snow_goose,6.19782,5.616773
SN03249,snow_goose,13.46562,12.546167
SN09480,snow_goose,16.395632,3.25883
SN09520,snow_goose,11.61412,2.809727
SN05763,snow_goose,15.856645,3.202017
SN08181,snow_goose,5.738918,4.87263
SN03378,snow_goose,8.277096,3.037047
SA07782,sandhill_crane,6.126837,10.123372
SN01779,snow_goose,2.465323,5.718444
SA00189,sandhill_crane,11.796188,2.837017
SN05993,snow_goose,13.523283,12.571447
SA09982,sandhill_crane,9.142697,1.650047
SA05630,sandhill_crane,5.705299,9.197137
SN04917,snow_goose,16.457699,3.05104
SA05345,sandhill_crane,13.661204,13.035151
SA04242,sandhill_crane,2.281823,6.483944
SA02762,sandhill_crane,6.645731,5.085283
SA09878,sandhill_crane,16.249659,3.407572
SA08612,sandhill_crane,12.41252,10.376267
SN04037,snow_goose,13.37562,13.67107
SA07087,sandhill_crane,8.631124,2.853718
SN04421,snow_goose,5.781889,5.669856
SA00990,sandhill_crane,12.550315,2.082534
SN02659,snow_goose,16.211547,4.467488
SN07794,snow_goose,4.804052,9.708925
SN09787,snow_goose,8.567061,2.126121
SN04649,snow_goose,13.474242,11.969629
SN07087,snow_goose,16.07585,4.325615
SN06927,snow_goose,11.636565,11.236154
SA05887,sandhill_crane,2.535137,3.965612
SA02789,sandhill_crane,6.530715,5.096676
SN08918,snow_goose,15.808241,3.05246
SA00176,sandhill_crane,8.695211,1.875031
SN08771,snow_goose,7.936431,2.109791
SN02620,snow_goose,6.850321,5.428366
SA02296,sandhill_crane,7.15523,5.203222
SA07555,sandhill_crane,12.516012,10.883946
SN02296,snow_goose,12.108911,1.8091
SN07902,snow_goose,12.575331,1.99433
SN02808,snow_goose,11.221289,1.592694
SN08235,snow_goose,16.363932,2.973431
SN02201,snow_goose,5.874795,5.983536
SN01689,snow_goose,5.673165,5.476809
SA08270,sandhill_crane,16.152102,3.759798
SN04823,snow_goose,12.068451,2.116329
SA05087,sandhill_crane,6.927033,3.966681
SA02660,sandhill_crane,13.988012,12.630773
SA04748,sandhill_crane,1.789464,4.481603
SA04911,sandhill_crane,12.92855,9.48402
SA07420,sandhill_crane,13.90418,12.734938
SN04718,snow_goose,2.50066,5.497093
SN06961,snow_goose,16.943622,3.289612
SA00499,sandhill_crane,2.462936,5.137894
SN00929,snow_goose,5.372282,10.181795
SN04770,snow_goose,6.440553,5.498427
SA07016,sandhill_crane,2.294428,4.599433
SN01160,snow_goose,12.897982,11.027611
SA02633,sandhill_crane,16.67321,3.350654
SA01179,sandhill_crane,12.277289,10.811004
SN08397,snow_goose,13.460911,12.884164
SN06238,snow_goose,5.724527,10.578966
SN07641,snow_goose,5.519907,11.101425
SA07736,sandhill_crane,2.173103,6.355634
SN07076,snow_goose,5.526844,10.327833
SN02096,snow_goose,12.318002,11.427252
SN07973,snow_goose,8.38228,2.435876
SA07088,sandhill_crane,16.190867,3.867795
SN00184,snow_goose,8.586056,2.813984
SN01777,snow_goose,13.01734,12.302645
SN06442,snow_goose,3.31355,5.231202
SN05891,snow_goose,5.306546,10.434585
SN01703,snow_goose,16.102674,2.665763
SN09556,snow_goose,13.107358,11.176156
SA05304,sandhill_crane,12.180201,11.135546
SA04612,sandhill_crane,2.25514,5.384824
SN07754,snow_goose,14.477586,12.201855
SN06177,snow_goose,3.264945,5.806793
SA05744,sandhill_crane,12.491992,10.437064
SA04289,sandhill_crane,15.624633,4.303323
SA09694,sandhill_crane,12.780331,2.160768
SA09202,sandhill_crane,7.29505,5.375163
SN01552,snow_goose,12.268387,2.098004
SN02477,snow_goose,2.557325,5.054187
SN03756,snow_goose,12.096406,2.88598
SN01214,snow_goose,6.519641,5.856423
SN03579,snow_goose,16.705668,3.406225
SA05540,sandhill_crane,6.815744,6.374336
SA00514,sandhill_crane,11.831157,10.84603
SA00895,sandhill_crane,11.514134,2.505263
SA01263,sandhill_crane,16.61326,4.08671
SA05516,sandhill_crane,4.585581,10.11001
SN05488,snow_goose,11.01379,3.451408
SN04222,snow_goose,6.414272,5.88326
SN01993,snow_goose,13.845817,12.154345
SA06499,sandhill_crane,12.912266,13.165725
SA05213,sandhill_crane,12.346018,2.762891
SA08574,sandhill_crane,12.015508,1.877591
SN01165,snow_goose,12.850366,10.573245
SA00396,sandhill_crane,2.394348,5.169077
SA01740,sandhill_crane,5.978273,10.27675
SN05070,snow_goose,1.522753,5.077379
SA06896,sandhill_crane,13.533262,12.744737
SA00546,sandhill_crane,1.833488,5.067224
SA06426,sandhill_crane,17.483357,3.454426
SA00095,sandhill_crane,5.462878,10.110609
SN04826,snow_goose,13.733932,12.997942
SA06739,sandhill_crane,5.514711,5.284823
SA08050,sandhill_crane,16.639866,3.656962
SA02787,sandhill_crane,11.743087,10.227626
SA01149,sandhill_crane,16.589618,4.162581
SA01630,sandhill_crane,8.388868,2.328458
SN07510,snow_goose,15.911872,3.226608
SN06030,snow_goose,6.128715,10.016157
SN09731,snow_goose,12.743544,2.57759
SN04947,snow_goose,5.393598,10.255924
SA07258,sandhill_crane,13.108142,11.971637
SN09305,snow_goose,4.977426,10.653381
SA08877,sandhill_crane,5.729925,5.945369
SA08224,sandhill_crane,12.142835,1.738674
SN01121,snow_goose,6.22164,6.429289
SA02105,sandhill_crane,1.915307,5.45298
SA05853,sandhill_crane,12.162743,10.247069
SN04990,snow_goose,11.581781,2.824656
SN04708,snow_goose,11.826613,10.680294
SA03100,sandhill_crane,5.834215,6.188517
SN03730,snow_goose,16.644659,2.938593
SA09883,sandhill_crane,5.603431,10.128677
SN02625,snow_goose,13.489699,12.725861
SN02294,snow_goose,12.973269,10.539522
SN04400,snow_goose,5.020025,9.935444
SN07807,snow_goose,1.906982,5.433933
SA09492,sandhill_crane,12.309771,1.401504
SA04442,sandhill_crane,6.395305,5.250316
SN06596,snow_goose,11.646814,11.128366
SN06921,snow_goose,12.19352,1.983574
SN06428,snow_goose,6.733809,5.566913
SN03012,snow_goose,14.033505,12.496696
SA03827,sandhill_crane,6.318723,5.37745
SN07120,snow_goose,12.915301,9.983872
SN01416,snow_goose,1.982699,4.703242
SA08885,sandhill_crane,12.777892,2.880025
SA06153,sandhill_crane,15.846655,3.268141
SN08525,snow_goose,13.939208,12.37732
SA07402,sandhill_crane,14.518511,13.367025
SA08369,sandhill_crane,12.637052,2.495913
SN08748,snow_goose,5.535846,10.877469
SA02800,sandhill_crane,16.674696,3.774308
SA06798,sandhill_crane,9.247476,3.231022
SN01985,snow_goose,8.35641,2.067283
SA03824,sandhill_crane,13.188057,11.951502
SA02794,sandhill_crane,6.462829,5.1913
SN01930,snow_goose,12.595961,10.993126
SA03479,sandhill_crane,12.527896,10.240074
SN01104,snow_goose,9.089826,2.833009
SA08466,sandhill_crane,16.728735,2.324976
SN01159,snow_goose,16.751655,3.648591
SN07135,snow_goose,14.136666,12.93397
SN00606,snow_goose,8.734241,2.394174
SA00654,sandhill_crane,2.14058,4.121653
SA02857,sandhill_crane,13.136864,11.012568
SA08709,sandhill_crane,11.960792,11.066002
SA05547,sandhill_crane,2.575473,4.448781
SA02405,sandhill_crane,12.541391,11.288166
SN09596,snow_goose,12.123122,2.007412
SN09611,snow_goose,8.473981,2.366201
SN00008,snow_goose,4.807815,9.720961
SA00763,sandhill_crane,5.534406,10.582578
SA07986,sandhill_crane,11.816645,10.728842
SN06180,snow_goose,8.786032,2.152575
SA02622,sandhill_crane,2.429721,4.784465
SN03875,snow_goose,13.889729,13.089822
SN05177,snow_goose,14.143663,12.62697
SN02839,snow_goose,4.888798,10.374019
SA07994,sandhill_crane,11.58958,10.9468
SN07838,snow_goose,2.063172,5.126452
SA07979,sandhill_crane,15.895354,3.641693
SN00744,snow_goose,5.004539,10.280342
SN08968,snow_goose,12.879855,2.513433
SA01388,sandhill_crane,2.450695,5.72408
SN09403,snow_goose,12.836775,11.444747
SN06791,snow_goose,15.949926,3.467893
SA00982,sandhill_crane,5.056583,10.453878
SA07570,sandhill_crane,12.484507,10.480965
SN04750,snow_goose,12.584523,10.243991
SN00497,snow_goose,4.909561,10.696849
SA00221,sandhill_crane,5.079933,9.339556
SA06198,sandhill_crane,2.111164,5.664796
SA01326,sandhill_crane,5.909709,9.972421
SN09423,snow_goose,5.025279,10.795836
SN02077,snow_goose,9.309294,2.548751
SA03063,sandhill_crane,12.554518,11.324141
SN00190,snow_goose,8.184518,2.269715
SN00650,snow_goose,11.526109,2.646702
SN02442,snow_goose,2.930896,4.705566
SA06772,sandhill_crane,11.987673,10.694592
SN02492,snow_goose,12.512808,3.423322
SA00862,sandhill_crane,16.155901,3.301048
SN00625,snow_goose,12.743717,1.449966
SA08937,sandhill_crane,13.211623,2.109645
SN03156,snow_goose,5.161487,9.26664
SN05113,snow_goose,13.450943,12.077733
SN01596,snow_goose,16.288627,3.505154
SN03518,snow_goose,5.773096,5.765368
SA09324,sandhill_crane,16.099743,3.483792
SN08673,snow_goose,5.657401,9.506166
SA01232,sandhill_crane,6.231632,5.719177
SA01126,sandhill_crane,4.444476,10.057563
SN00171,snow_goose,8.839487,2.548397
SN08228,snow_goose,15.492951,3.488379
SA04303,sandhill_crane,11.680493,11.32912
SN09025,snow_goose,5.538525,9.590409
SA04922,sandhill_crane,5.97063,6.028685
SA01926,sandhill_crane,6.692143,6.073499
SA03008,sandhill_crane,9.090745,3.655364
SA01560,sandhill_crane,2.87465,4.869462
SA01334,sandhill_crane,16.450269,4.174782
SN03712,snow_goose,12.587496,11.468969
SA05003,sandhill_crane,2.989215,5.300105
SN02071,snow_goose,5.353197,10.175264
SN08092,snow_goose,13.8872,12.858138
SA01371,sandhill_crane,15.952445,4.041828
SN01723,snow_goose,12.905052,11.162138
SA05793,sandhill_crane,6.81895,5.826557
SA00022,sandhill_crane,16.207331,3.667341
SN09144,snow_goose,5.308625,10.507228
SA03328,sandhill_crane,6.040209,10.104556
SA03535,sandhill_crane,6.858849,5.599297
SN08763,snow_goose,6.514834,5.505713
SA09446,sandhill_crane,16.392666,2.840655
SN04229,snow_goose,14.041726,13.613752
SN09653,snow_goose,2.101015,5.708326
SN08380,snow_goose,17.390751,3.035154
SN09075,snow_goose,12.340155,10.437615
SA00841,sandhill_crane,11.808004,1.25595
SN09185,snow_goose,5.12396,10.746463
SA00535,sandhill_crane,5.256691,9.732193
SA04869,sandhill_crane,7.305746,5.298622
SA06120,sandhill_crane,8.039575,1.755261
SA07586,sandhill_crane,12.120631,2.461161
SA02558,sandhill_crane,5.690521,10.120921
SA09038,sandhill_crane,16.186806,3.667089
SN03462,snow_goose,5.731977,10.680468
SN06205,snow_goose,13.037564,9.563498
SN06134,snow_goose,11.417045,9.941126
SA06578,sandhill_crane,8.585343,1.357631
SN06937,snow_goose,12.776305,10.714496
SA09153,sandhill_crane,5.29179,10.154602
SN08728,snow_goose,13.17865,10.014687
SN09410,snow_goose,1.989534,6.086774
SN01469,snow_goose,6.385623,6.284501
SN05342,snow_goose,13.393347,12.205844
SN07022,snow_goose,15.575833,2.854348
SN05069,snow_goose,2.800475,4.732237
SN08057,snow_goose,14.154679,13.386291
SA03995,sandhill_crane,12.76361,11.978846
SN05176,snow_goose,6.318592,8.894102
SA04169,sandhill_crane,14.580135,13.092212
SA06587,sandhill_crane,7.314474,5.40378
SA05566,sandhill_crane,5.365676,10.616023
SN01572,snow_goose,11.665412,10.425284
SN09638,snow_goose,11.811863,3.360764
SN08861,snow_goose,2.252767,5.703316
SN05331,snow_goose,9.626174,3.130228
SA06749,sandhill_crane,11.839022,2.108308
SA05713,sandhill_crane,4.519097,9.798835
SA03634,sandhill_crane,13.532008,12.803987
SA09905,sandhill_crane,9.627508,3.199166
SA08387,sandhill_crane,12.623496,1.418342
SN03033,snow_goose,14.162112,13.95849
SN04259,snow_goose,6.356344,9.637835
SN08125,snow_goose,7.79889,2.601881
SN09489,snow_goose,4.631809,10.573614
SA06794,sandhill_crane,12.726277,10.871961
SA04018,sandhill_crane,11.373587,10.534515
SN08149,snow_goose,5.965868,10.049898
SN06050,snow_goose,14.266624,12.858574
SN01283,snow_goose,9.143797,2.916313
SN04306,snow_goose,13.320247,12.988467
SN05462,snow_goose,14.362596,13.029403
SA07017,sandhill_crane,6.038095,10.150707
SN09398,snow_goose,7.358603,6.192942
SN05920,snow_goose,2.004291,5.190879
SN00156,snow_goose,14.397006,12.752519
SN02129,snow_goose,11.909754,1.578958
SA03708,sandhill_crane,13.838453,12.162255
SA08083,sandhill_crane,16.845032,3.967579
SA01856,sandhill_crane,5.490416,9.987648
SN01668,snow_goose,4.606286,10.299993
SN07368,snow_goose,2.338819,4.871146
SN02350,snow_goose,12.334462,10.00139
SN06857,snow_goose,2.638037,5.905102
SN04448,snow_goose,6.610565,5.603443
SN06477,snow_goose,5.120324,9.923678
SN02779,snow_goose,5.196023,9.719576
SN07690,snow_goose,5.331898,10.110111
SN09137,snow_goose,8.774756,2.09974
SA00230,sandhill_crane,4.954993,9.700215
SA08589,sandhill_crane,16.327049,3.814999
SN00054,snow_goose,7.149719,5.871362
SA08802,sandhill_crane,9.562005,2.617698
SA04916,sandhill_crane,8.77776,2.718619
SA01773,sandhill_crane,6.781615,4.997538
SA08881,sandhill_crane,8.384152,3.044962
SA05591,sandhill_crane,11.689716,10.618254
SA02818,sandhill_crane,11.730228,10.453886
SA04402,sandhill_crane,16.436265,3.976962
SN01787,snow_goose,12.076947,11.013171
SN05445,snow_goose,2.596384,5.453125
SN00332,snow_goose,15.490791,2.918072
SA00368,sandhill_crane,4.745191,9.998798
SA04043,sandhill_crane,6.726661,5.461926
SA08824,sandhill_crane,13.159986,12.365997
SN04404,snow_goose,16.051985,2.35727
SA03150,sandhill_crane,11.443019,2.243702
SA05682,sandhill_crane,12.346509,10.473837
SA02209,sandhill_crane,2.509664,5.448126
SN06509,snow_goose,6.011829,10.134382
SN03188,snow_goose,17.070426,4.094066
SN00629,snow_goose,12.596262,10.206423
SA00651,sandhill_crane,12.074704,11.004708
SN03979,snow_goose,7.0892,5.99984
SA05576,sandhill_crane,12.32048,2.45978
SA08363,sandhill_crane,5.850689,5.558893
SA08271,sandhill_crane,13.438347,10.537242
SA01522,sandhill_crane,12.42141,2.436741
SA02819,sandhill_crane,12.405119,10.148628
SA00180,sandhill_crane,16.189953,3.92553
SN02892,snow_goose,8.661343,1.972354
SA02784,sandhill_crane,14.102962,12.439479
SN06366,snow_goose,12.883284,9.975253
SA07811,sandhill_crane,6.419124,5.519032
SA03849,sandhill_crane,13.306627,13.291871
SA02884,sandhill_crane,12.64268,2.662584
SN02816,snow_goose,13.201052,1.983315
SN05873,snow_goose,2.722226,5.293149
SN03674,snow_goose,11.623811,3.396125
SN07479,snow_goose,2.532979,4.693441
SN00377,snow_goose,8.879375,3.062016
SN08234,snow_goose,16.204729,3.333857
SA03396,sandhill_crane,13.29544,2.577944
SA09069,sandhill_crane,16.470361,3.146577
SN05398,snow_goose,4.902583,9.262775
SN00479,snow_goose,12.5295,2.064802
SA08310,sandhill_crane,13.790426,12.107089
SA04896,sandhill_crane,13.125164,10.827371
SA02702,sandhill_crane,15.97265,3.429732
SN04939,snow_goose,5.613327,10.2145
SA08096,sandhill_crane,2.422863,4.838317
SA02056,sandhill_crane,8.091337,2.087965
SN06091,snow_goose,16.184642,3.693118
SN09706,snow_goose,9.530763,2.622387
SN09445,snow_goose,9.140183,3.048732
SN08166,snow_goose,5.710159,6.149661
SA01807,sandhill_crane,3.036348,6.049123
SA04417,sandhill_crane,1.758622,4.860966
SN02209,snow_goose,5.751072,5.373126
SA04147,sandhill_crane,12.037673,9.670332
SN09914,snow_goose,6.304044,10.315852
SN06512,snow_goose,13.875715,13.821878
SA06464,sandhill_crane,6.540531,5.646493
SN03347,snow_goose,7.447519,6.11634
SA02707,sandhill_crane,16.762136,3.637419
SA00052,sandhill_crane,12.76861,2.356186
SN08363,snow_goose,2.118912,5.482883
SA02151,sandhill_crane,6.522891,5.589377
SA02706,sandhill_crane,15.819406,3.550574
SA03956,sandhill_crane,16.314968,2.683223
SA09086,sandhill_crane,6.904653,5.877389
SA00597,sandhill_crane,6.402238,5.195529
SA02682,sandhill_crane,15.684351,3.846816
SN03411,snow_goose,9.129242,2.240109
SA09411,sandhill_crane,16.293149,3.014153
SA08987,sandhill_crane,12.854271,10.594431
SA03923,sandhill_crane,16.317392,2.767928
SA05804,sandhill_crane,13.05401,11.071799
SA01300,sandhill_crane,16.256243,3.918509
SN09752,snow_goose,9.103154,2.319035
SN09002,snow_goose,7.172423,5.147534
SA02659,sandhill_crane,5.759952,5.734328
SN06844,snow_goose,4.618357,10.62945
SA06788,sandhill_crane,9.618592,3.20456
SN03252,snow_goose,13.73875,12.858485
SA00494,sandhill_crane,5.24308,9.223579
SA02646,sandhill_crane,12.387047,10.813308
SN07888,snow_goose,15.641853,4.447379
SN02444,snow_goose,11.803292,2.527077
SA08001,sandhill_crane,12.176396,10.999576
SN07206,snow_goose,14.303782,12.851428
SA01746,sandhill_crane,8.727522,1.404144
SA06413,sandhill_crane,8.606418,2.760809
SA03955,sandhill_crane,15.428141,2.912773
SN07113,snow_goose,9.04383,2.060369
SN00634,snow_goose,5.306779,9.491643
SA09308,sandhill_crane,11.905199,10.258439
SN03471,snow_goose,8.216398,2.015253
SN02947,snow_goose,4.32465,9.63485
SA07619,sandhill_crane,6.448154,5.001314
SA06164,sandhill_crane,13.180628,2.422429
SA07731,sandhill_crane,5.348497,10.621368
SN07733,snow_goose,2.507776,4.352177
SA03116,sandhill_crane,2.746013,5.082214
SA03177,sandhill_crane,12.527902,2.388922
SA07153,sandhill_crane,4.715818,9.920681
SA06638,sandhill_crane,6.455665,6.521022
SN02372,snow_goose,4.999424,10.197757
SA05856,sandhill_crane,6.416248,10.466689
SN06481,snow_goose,6.659195,5.839321
SN05682,snow_goose,8.822548,2.639217
SN06291,snow_goose,14.654353,11.672392
SA04651,sandhill_crane,14.163535,12.731505
SA02026,sandhill_crane,9.457424,1.98306
SA08332,sandhill_crane,5.713749,10.009048
SA05344,sandhill_crane,14.463591,12.946333
SN09158,snow_goose,12.660192,10.371038
SN06691,snow_goose,2.412726,5.216844
SA09824,sandhill_crane,4.737322,10.285587
SA04767,sandhill_crane,12.59951,10.699085
SA05788,sandhill_crane,6.112135,4.915638
SN01114,snow_goose,12.100581,2.312937
SN09709,snow_goose,15.621151,3.795229
SN09427,snow_goose,8.637502,2.40664
SN07631,snow_goose,12.455447,2.671735
SA08356,sandhill_crane,8.767874,2.989599
SA05199,sandhill_crane,2.117173,4.658028
SA07385,sandhill_crane,2.257337,5.237645
SA01067,sandhill_crane,2.796326,5.11863
SA07270,sandhill_crane,2.398226,6.41011
SN01022,snow_goose,16.368135,3.148645
SA07730,sandhill_crane,11.380211,9.481491
SA06276,sandhill_crane,13.522276,12.557901
SA09803,sandhill_crane,6.062786,10.052996
SN06349,snow_goose,2.739684,5.119905
SA00428,sandhill_crane,17.421807,3.722262
SA06460,sandhill_crane,12.153909,2.440246
SA04538,sandhill_crane,13.291897,13.416138
SN08738,snow_goose,13.713831,13.118194
SA00685,sandhill_crane,2.559751,5.316996
SA05992,sandhill_crane,8.384301,3.166973
SN08279,snow_goose,14.160359,12.085615
SN01157,snow_goose,5.656109,10.055712
SA08619,sandhill_crane,6.945439,6.178868
SA02023,sandhill_crane,5.898734,6.640338
SN01936,snow_goose,4.760678,10.150036
SN00214,snow_goose,1.730306,4.633606
SA06671,sandhill_crane,5.194495,10.006328
SA08210,sandhill_crane,8.830774,1.941598
SN05912,snow_goose,5.605595,10.320325
SN06941,snow_goose,2.662428,4.543437
SA00882,sandhill_crane,13.563253,12.915293
SN02189,snow_goose,12.666074,10.812155
SA07495,sandhill_crane,12.182471,2.94952
SN03098,snow_goose,5.702036,5.630681
SN03678,snow_goose,6.141258,10.294953
SN09184,snow_goose,13.209814,12.255585
SA05822,sandhill_crane,11.759872,2.353844
SN09472,snow_goose,7.058442,5.521132
SN03631,snow_goose,2.356958,4.619043
SN03717,snow_goose,12.342197,10.610094
SA01075,sandhill_crane,8.402231,2.087295
SN05391,snow_goose,2.694277,5.398758
SN01370,snow_goose,16.434709,2.900788
SA01510,sandhill_crane,12.798631,10.493051
SN00164,snow_goose,5.52861,10.271746
SA07397,sandhill_crane,12.282974,2.60611
SA04701,sandhill_crane,6.123016,6.000317
SA09566,sandhill_crane,8.257168,3.056398
SN05117,snow_goose,5.955097,4.551521
SN06415,snow_goose,8.603868,2.834779
SN05064,snow_goose,6.580967,5.316515
SN03930,snow_goose,12.613081,1.059167
SN01714,snow_goose,13.274103,12.801725
SN03903,snow_goose,4.809927,9.458962
SN00265,snow_goose,11.995759,2.914951
SA09975,sandhill_crane,13.611,13.071905
SN00264,snow_goose,2.513683,6.041111
SA03700,sandhill_crane,12.235773,1.654643
SA02803,sandhill_crane,8.63303,3.137431
SN03607,snow_goose,16.006492,4.097479
SA04865,sandhill_crane,1.940047,5.0459
SA06340,sandhill_crane,8.801075,2.686554
SA02087,sandhill_crane,2.222727,5.131098
SN03681,snow_goose,8.954173,2.900235
SN01242,snow_goose,12.373231,2.487462
SA01657,sandhill_crane,11.808868,3.000507
SA07669,sandhill_crane,11.487276,10.335978
SN06268,snow_goose,12.845978,10.388136
SN00345,snow_goose,2.197725,4.647104
SN05703,snow_goose,14.326039,12.830932
SA02513,sandhill_crane,11.239688,1.653352
SN07199,snow_goose,4.73996,10.0125
SN09420,snow_goose,2.379033,4.323546
SN09189,snow_goose,14.489914,13.568328
SN05593,snow_goose,12.779359,2.755413
SA02530,sandhill_crane,12.767195,9.851196
SN08684,snow_goose,6.766578,6.078902
SN03952,snow_goose,13.621664,12.990144
SN02585,snow_goose,16.622565,3.66383
SN05515,snow_goose,16.340169,4.27515
SA03937,sandhill_crane,8.315796,2.076269
SA09316,sandhill_crane,8.804058,2.184912
SA05277,sandhill_crane,1.908518,4.722307
SA04656,sandhill_crane,6.328193,6.672432
SN07238,snow_goose,12.633405,11.522104
SA02517,sandhill_crane,8.151069,2.505271
SA00711,sandhill_crane,6.668265,5.698635
SA00941,sandhill_crane,1.961219,5.199973
SN04583,snow_goose,3.193788,4.520633
SA06224,sandhill_crane,12.70566,10.335114
SN05625,snow_goose,8.524613,2.628592
SN04210,snow_goose,12.15567,10.340085
SN09684,snow_goose,6.97944,5.935368
SN08979,snow_goose,12.961804,3.175054
SA09241,sandhill_crane,1.46017,5.354399
SN08969,snow_goose,8.799425,2.765295
SN03307,snow_goose,11.905555,2.795576
SN03565,snow_goose,12.822327,3.088118
SN09646,snow_goose,14.15959,12.795967
SA07944,sandhill_crane,12.616638,10.941696
SA05754,sandhill_crane,2.228957,5.355317
SA02260,sandhill_crane,8.73853,3.011105
SN06383,snow_goose,12.057305,2.147074
SN04079,snow_goose,12.53622,10.745709
SA01311,sandhill_crane,9.011647,1.998338
SN04019,snow_goose,6.969148,5.93499
SA05870,sandhill_crane,12.681365,12.094089
SN07509,snow_goose,12.884717,2.966426
SA04175,sandhill_crane,5.957035,9.464241
SN04683,snow_goose,17.115068,2.950138
SN01169,snow_goose,13.034572,11.273241
SA09922,sandhill_crane,12.588359,10.199235
SA01230,sandhill_crane,12.85975,2.805193
SA02025,sandhill_crane,14.30531,13.36566
SA06022,sandhill_crane,16.223797,2.921486
SA02568,sandhill_crane,1.717732,5.604159
SA01955,sandhill_crane,5.752606,10.700012
SA09870,sandhill_crane,5.432642,10.211194
SA00361,sandhill_crane,6.526896,5.866545
SN00904,snow_goose,5.009247,9.768044
SN07741,snow_goose,12.125234,2.847749
SA00527,sandhill_crane,13.689299,12.954022
SN03646,snow_goose,5.792646,10.094835
SA05902,sandhill_crane,16.339396,3.426353
SN00153,snow_goose,15.876753,3.420519
SA08516,sandhill_crane,12.407658,10.375009
SN08647,snow_goose,6.020905,10.094171
SA03241,sandhill_crane,2.21299,4.095538
SN02858,snow_goose,6.054583,5.731731
SN01379,snow_goose,5.630476,10.282955
SA00226,sandhill_crane,7.031784,5.327999
SA00288,sandhill_crane,6.165319,5.960329
SN08222,snow_goose,9.554944,1.187645
SA04905,sandhill_crane,2.661979,5.78102
SN03337,snow_goose,7.536195,4.714696
SA04650,sandhill_crane,7.89552,2.43209
SN06312,snow_goose,15.96327,3.44735
SA06664,sandhill_crane,5.421003,10.164239
SA05884,sandhill_crane,11.462232,2.798305
SN04543,snow_goose,12.229329,3.010488
SN07348,snow_goose,2.978775,5.265492
SN00282,snow_goose,15.641253,3.265333
SN09682,snow_goose,6.796828,5.866937
SA08259,sandhill_crane,8.65633,2.834073
SN06168,snow_goose,16.913393,2.751972
SA09232,sandhill_crane,12.581418,10.958927
SN09716,snow_goose,6.293582,5.86896
SA06272,sandhill_crane,5.833807,10.075646
SA04412,sandhill_crane,8.317078,2.818344
SA05897,sandhill_crane,9.546635,2.655567
SA09291,sandhill_crane,2.716893,4.573437
SA06827,sandhill_crane,8.580097,2.564156
SN07035,snow_goose,12.097295,11.645379
SN06281,snow_goose,14.055133,12.357196
SA03352,sandhill_crane,2.854325,5.044072
SA09730,sandhill_crane,2.370036,5.577227
SN03035,snow_goose,14.306833,12.712256
SA02697,sandhill_crane,6.248165,9.436839
SN07153,snow_goose,5.710127,5.984528
SN04762,snow_goose,6.297851,5.201704
SA06971,sandhill_crane,6.250899,11.199398
SN04005,snow_goose,8.785267,2.182923
SN06473,snow_goose,9.344313,2.838903
SA08825,sandhill_crane,2.392649,3.944836
SA05939,sandhill_crane,17.295151,2.945723
SA06073,sandhill_crane,16.75037,2.788912
SN09931,snow_goose,5.841524,5.177292
SA07885,sandhill_crane,6.654204,10.081801
SN04574,snow_goose,12.416218,3.243747
SN03669,snow_goose,2.386063,5.889384
SN03975,snow_goose,11.456482,3.113703
SN07377,snow_goose,13.574104,3.056881
SA02813,sandhill_crane,9.114362,2.263096
SA06471,sandhill_crane,16.313194,4.206121
SA03301,sandhill_crane,6.692529,4.720568
SN08974,snow_goose,2.823714,5.750108
SN03649,snow_goose,12.167699,9.90245
SN09735,snow_goose,16.65898,3.492102
SA00132,sandhill_crane,5.669722,10.986604
SN01566,snow_goose,11.054998,2.663305
SA06366,sandhill_crane,14.533455,12.685485
SA01091,sandhill_crane,2.317161,4.916793
SA00960,sandhill_crane,1.673158,4.863832
SN04840,snow_goose,17.075131,2.990923
SA09845,sandhill_crane,12.244354,1.339683
SN01102,snow_goose,16.320041,3.396127
SA08578,sandhill_crane,12.281404,10.37843
SA07615,sandhill_crane,16.231557,4.111015
SN01861,snow_goose,8.240855,2.402268
SA05918,sandhill_crane,1.655531,5.797665
SN02772,snow_goose,2.68321,5.079376
SA02467,sandhill_crane,11.805344,11.573016
SA07266,sandhill_crane,11.992204,11.363337
SA07695,sandhill_crane,13.309979,13.151898
SA09610,sandhill_crane,12.007429,2.077053
SN02788,snow_goose,2.806709,6.002464
SA02500,sandhill_crane,6.784176,5.724257
SN01143,snow_goose,5.822992,5.907877
SA07400,sandhill_crane,12.841968,11.670631
SN03507,snow_goose,3.241789,5.285445
SN07809,snow_goose,17.155749,3.426796
SA08094,sandhill_crane,2.191435,5.559999
SN09221,snow_goose,13.166864,2.125976
SN01343,snow_goose,5.714922,9.430683
SN00782,snow_goose,16.503973,4.194348
SA06666,sandhill_crane,5.854771,6.381074
SA09169,sandhill_crane,11.882811,1.813815
SA01252,sandhill_crane,5.372264,10.654522
SA05593,sandhill_crane,13.813135,12.464594
SA03333,sandhill_crane,14.352623,12.817241
SA07267,sandhill_crane,7.629397,2.166756
SN03936,snow_goose,8.414341,1.978651
SA04601,sandhill_crane,12.862404,3.374246
SN08033,snow_goose,7.567654,5.172925
SN07066,snow_goose,2.491229,6.119108
SN03180,snow_goose,6.189871,5.844902
SA09959,sandhill_crane,5.408819,10.553959
SA08812,sandhill_crane,13.694317,13.30573
SN04016,snow_goose,9.402978,2.056083
SN02961,snow_goose,8.88538,2.589949
SA01875,sandhill_crane,1.427185,5.860499
SN03892,snow_goose,13.131735,2.441271
SN09986,snow_goose,5.368499,10.02315
SA07477,sandhill_crane,5.759555,4.894938
SA04996,sandhill_crane,16.234677,3.701626
SN06165,snow_goose,12.85371,2.47123
SN00985,snow_goose,5.127533,10.214863
SA01519,sandhill_crane,8.392699,3.32503
SN07164,snow_goose,13.31393,13.055324
SN05340,snow_goose,12.663002,10.154513
SA04533,sandhill_crane,2.060848,4.725828
SA08364,sandhill_crane,6.386226,5.295045
SA01609,sandhill_crane,16.487918,3.705784
SN08827,snow_goose,2.441036,4.20518
SA02527,sandhill_crane,8.770985,2.686945
SA00130,sandhill_crane,16.489921,3.019172
SN01543,snow_goose,12.254893,10.650061
SA06563,sandhill_crane,8.74009,2.861211
SN06610,snow_goose,12.264119,10.745887
SA08088,sandhill_crane,16.684156,2.926898
SA04943,sandhill_crane,12.249416,10.01539
SA00714,sandhill_crane,6.070911,6.472285
SA01956,sandhill_crane,13.300236,13.453456
SN07724,snow_goose,12.782419,10.664196
SA00980,sandhill_crane,13.447966,12.89203
SA09828,sandhill_crane,13.163155,12.852872
SA02244,sandhill_crane,16.101662,3.609142
SN00074,snow_goose,5.808156,9.950878
SA08184,sandhill_crane,16.812143,4.250265
SN02380,snow_goose,13.281864,10.9566
SN06520,snow_goose,8.976868,1.795855
SA05298,sandhill_crane,16.172235,3.339397
SN07470,snow_goose,5.494459,9.796443
SA01379,sandhill_crane,13.731609,13.646416
SA05108,sandhill_crane,2.143728,4.800891
SN07149,snow_goose,16.127192,3.108094
SN00266,snow_goose,1.867588,5.665783
SA04722,sandhill_crane,12.429187,11.174742
SA02593,sandhill_crane,11.504659,11.340193
SA08134,sandhill_crane,12.370315,10.061577
SA02862,sandhill_crane,11.46164,11.123079
SA00884,sandhill_crane,8.993183,2.305766
SA05485,sandhill_crane,12.457433,2.111415
SN07333,snow_goose,3.303803,4.918631
SA01901,sandhill_crane,5.417115,10.65975
SN02836,snow_goose,3.277174,6.10569
SN06167,snow_goose,6.402556,5.554998
SN02197,snow_goose,15.119972,2.722166
SA09192,sandhill_crane,13.013927,10.657632
SA08807,sandhill_crane,8.958928,2.028341
SA05015,sandhill_crane,1.935175,5.026157
SA01398,sandhill_crane,12.778533,3.71651
SN00352,snow_goose,2.133183,5.647449
SN08573,snow_goose,8.577372,2.296558
SN09058,snow_goose,3.198648,3.817296
SN07808,snow_goose,17.294113,3.418569
SA00419,sandhill_crane,12.95435,2.002962
SN05294,snow_goose,12.715025,11.231621
SN09473,snow_goose,8.479931,2.74126
SN05277,snow_goose,7.568778,2.243212
SN03921,snow_goose,5.577529,5.686965
SA02223,sandhill_crane,10.792724,2.635331
SN05992,snow_goose,13.867891,13.081196
SN00828,snow_goose,6.334282,5.021573
SA07260,sandhill_crane,17.181862,3.642756
SN02572,snow_goose,5.844488,10.797508
SN00079,snow_goose,9.062637,2.819328
SA02140,sandhill_crane,5.193355,9.805121
SA05025,sandhill_crane,2.044848,4.566125
SN04988,snow_goose,16.198825,3.656314
SA02264,sandhill_crane,16.367562,4.308188
SA03905,sandhill_crane,8.656125,2.212934
SA07046,sandhill_crane,7.390957,5.461107
SA07784,sandhill_crane,16.443563,4.362247
SN08285,snow_goose,15.292515,3.145906
SN01521,snow_goose,8.253041,2.135015
SA06077,sandhill_crane,7.104754,6.606914
SA02902,sandhill_crane,5.850788,10.209404
SN05404,snow_goose,11.032678,2.038119
SA04879,sandhill_crane,12.175475,2.309003
SN02048,snow_goose,14.587434,12.979096
SN00391,snow_goose,14.003403,12.169171
SN08542,snow_goose,13.041885,12.733435
SA07506,sandhill_crane,13.550725,12.806628
SN06204,snow_goose,15.852063,3.298247
SN09052,snow_goose,12.591128,10.723828
SN07799,snow_goose,5.955063,5.296257
SN08614,snow_goose,2.4891,5.98732
SN04983,snow_goose,2.001176,4.690201
SA00333,sandhill_crane,12.087584,9.776245
SA07617,sandhill_crane,13.038591,11.147567
SA02229,sandhill_crane,6.462306,5.826431
SA09171,sandhill_crane,12.432719,10.216619
SN06241,snow_goose,12.73157,9.909343
SN01941,snow_goose,13.56599,12.626395
SN02344,snow_goose,1.636384,5.305085
SN05716,snow_goose,12.233061,1.538966
SA09720,sandhill_crane,6.023305,5.46025
SN06686,snow_goose,1.735882,5.392976
SA05738,sandhill_crane,6.039331,5.791027
SN09800,snow_goose,12.410326,10.789292
SA01274,sandhill_crane,2.322539,3.948805
SA02107,sandhill_crane,13.789272,12.037817
SA03382,sandhill_crane,15.535433,4.045868
SA09691,sandhill_crane,8.738948,2.149494
SA01971,sandhill_crane,13.163843,12.538102
SN00534,snow_goose,16.125374,3.625966
SA06463,sandhill_crane,12.321153,9.799101
SN08757,snow_goose,13.188951,13.500224
SN06276,snow_goose,2.567874,4.981332
SN05939,snow_goose,9.575215,2.332194
SA04036,sandhill_crane,16.24333,3.734758
SA01934,sandhill_crane,2.527806,5.162343
SN09775,snow_goose,13.237668,10.769903
SA07798,sandhill_crane,6.341288,6.320477
SN07622,snow_goose,2.279935,5.117253
SA09980,sandhill_crane,4.686318,10.755673
SA01500,sandhill_crane,11.413667,2.771209
SN07444,snow_goose,13.388559,13.283134
SA01367,sandhill_crane,6.907767,5.503079
SA06736,sandhill_crane,16.095375,4.088066
SA07492,sandhill_crane,13.440656,12.294168
SA01840,sandhill_crane,6.11945,10.824193
SN07682,snow_goose,13.216276,10.785255
SN08398,snow_goose,6.818345,5.545467
SA02436,sandhill_crane,12.409027,11.21788
SA07354,sandhill_crane,15.995233,3.30209
SA06061,sandhill_crane,5.544808,10.573764
SA09653,sandhill_crane,12.472677,10.809517
SA07887,sandhill_crane,8.581648,2.278643
SN06227,snow_goose,12.881224,11.167487
SA04632,sandhill_crane,8.271432,3.162757
SN07585,snow_goose,13.960473,13.041087
SN02942,snow_goose,15.806131,3.81387
SN09543,snow_goose,7.610506,2.369699
SA00656,sandhill_crane,12.130766,10.7413
SN08912,snow_goose,12.203648,10.76825
SA02974,sandhill_crane,5.145059,10.54619
SA08401,sandhill_crane,15.684364,3.221512
SA09992,sandhill_crane,12.665192,10.435113
SA06444,sandhill_crane,12.86778,11.163563
SA07138,sandhill_crane,16.231734,3.749267
SN01356,snow_goose,2.121958,5.581158
SN05683,snow_goose,13.439351,12.273434
SN09966,snow_goose,4.983551,9.711602
SN01845,snow_goose,13.876424,12.670923
SN04381,snow_goose,12.667709,10.152833
SA01457,sandhill_crane,5.433627,10.618273
SN02065,snow_goose,11.77747,2.768626
SN06147,snow_goose,12.333661,11.283147
SA09595,sandhill_crane,5.980217,9.697155
SN03107,snow_goose,11.39032,2.304733
SA03046,sandhill_crane,16.774975,2.717486
SA09190,sandhill_crane,6.027859,10.419215
SN08665,snow_goose,2.701278,5.170043
SN03218,snow_goose,13.416733,10.637815
SA09989,sandhill_crane,12.854072,10.712012
SN08833,snow_goose,11.671204,1.830011
SA01540,sandhill_crane,5.817361,9.603339
SA05786,sandhill_crane,14.422081,13.022051
SA02390,sandhill_crane,12.544215,2.228692
SN05285,snow_goose,8.405917,2.140878
SA07895,sandhill_crane,12.408522,2.475921
SN03241,snow_goose,16.274806,3.909861
SN08886,snow_goose,5.597009,10.153593
SA08556,sandhill_crane,6.225331,9.798236
SA05557,sandhill_crane,13.141989,11.87836
SA00857,sandhill_crane,6.319954,9.513629
SN02753,snow_goose,6.407984,5.230488
SA08319,sandhill_crane,3.406954,4.144176
SA08403,sandhill_crane,9.399186,2.580681
SN09492,snow_goose,11.531459,10.498935
SN08120,snow_goose,6.898082,5.811741
SA04893,sandhill_crane,11.378724,10.705145
SA01841,sandhill_crane,2.182742,5.106933
SA05617,sandhill_crane,12.944593,10.816052
SA00165,sandhill_crane,4.971383,10.437454
SA04529,sandhill_crane,11.952881,11.082361
SN04614,snow_goose,12.233363,11.893394
SA06548,sandhill_crane,2.543594,5.828827
SA05638,sandhill_crane,6.335358,4.928369
SN04286,snow_goose,5.626722,9.446841
SN09812,snow_goose,9.174362,2.925131
SN01736,snow_goose,11.801209,2.862171
SN05109,snow_goose,5.46174,10.401052
SN08921,snow_goose,6.119211,5.816603
SN02299,snow_goose,11.847768,1.795085
SN06301,snow_goose,4.822972,10.044663
SA04975,sandhill_crane,2.916824,5.331482
SN01402,snow_goose,0.778753,5.185561
SN04727,snow_goose,6.549979,5.738994
SA08232,sandhill_crane,5.64865,10.918383
SN09140,snow_goose,7.180943,5.965255
SA09857,sandhill_crane,12.527374,11.470228
SA02582,sandhill_crane,6.828626,6.220634
SN08730,snow_goose,15.316818,2.943843
SA04496,sandhill_crane,6.807043,6.256303
SA02631,sandhill_crane,5.033954,10.22733
SA05645,sandhill_crane,13.764708,12.352869
SN05355,snow_goose,11.847498,2.614729
SA09018,sandhill_crane,13.19211,13.517113
SA05915,sandhill_crane,14.003637,12.148616
SN00359,snow_goose,5.25048,9.634981
SN09119,snow_goose,16.27738,2.779832
SN07356,snow_goose,14.437775,13.170558
SA05262,sandhill_crane,13.121833,10.258744
SA00400,sandhill_crane,9.115295,2.334112
SA07071,sandhill_crane,8.273189,1.870134
SN05622,snow_goose,9.287517,2.22807
SN03178,snow_goose,13.72378,13.392692
SN06087,snow_goose,16.57339,2.863114
SN01693,snow_goose,6.358943,5.861137
SA08341,sandhill_crane,6.379288,5.157197
SN03278,snow_goose,13.449188,11.007531
SN08682,snow_goose,6.233692,10.795001
SN00146,snow_goose,13.734273,12.651792
SN01492,snow_goose,2.704245,5.886077
SN00577,snow_goose,8.499091,2.268361
SN01211,snow_goose,5.518387,9.457115
SN06862,snow_goose,13.944428,13.0192
SN08829,snow_goose,12.581414,1.806665
SN03214,snow_goose,13.042231,10.845727
SN06421,snow_goose,15.274446,4.186976
SA08613,sandhill_crane,8.266763,2.544891
SN01635,snow_goose,12.251737,3.029355
SA04283,sandhill_crane,12.314638,10.980603
SN03140,snow_goose,12.578416,2.184588
SA05732,sandhill_crane,9.514531,1.432831
SN07518,snow_goose,6.786144,5.133773
SN09205,snow_goose,8.710188,2.454362
SA03938,sandhill_crane,6.267599,10.175308
SN08501,snow_goose,4.851988,9.753308
SA02189,sandhill_crane,16.753654,4.082731
SN02176,snow_goose,12.82306,2.420128
SN01625,snow_goose,13.429579,13.165156
SN00710,snow_goose,16.516475,4.368031
SN07530,snow_goose,5.372521,10.453817
SN08973,snow_goose,2.268617,5.547517
SA01199,sandhill_crane,8.877043,2.973319
SA03005,sandhill_crane,1.663509,5.238394
SA07190,sandhill_crane,12.055538,2.38261
SN04690,snow_goose,7.705135,2.241255
SN00172,snow_goose,7.779995,1.975995
SN00923,snow_goose,12.298832,10.952455
SA01767,sandhill_crane,9.500561,2.954429
SN08169,snow_goose,5.482995,10.221434
SN06558,snow_goose,2.517502,5.254219
SA02240,sandhill_crane,11.901843,9.840227
SN05116,snow_goose,6.23959,5.824223
SA05750,sandhill_crane,3.046914,5.754536
SA02612,sandhill_crane,14.645181,13.709983
SN07435,snow_goose,2.689927,4.969735
SN08692,snow_goose,9.09292,2.647632
SA00128,sandhill_crane,11.75218,10.767388
SN00016,snow_goose,15.890711,2.509147
SN02532,snow_goose,12.545133,1.797195
SN01177,snow_goose,5.901399,10.409808
SN05969,snow_goose,5.191911,9.980707
SN02687,snow_goose,16.035714,2.410017
SA08586,sandhill_crane,12.143724,10.196997
SA07647,sandhill_crane,15.827723,4.405591
SA01214,sandhill_crane,2.558866,5.26304
SN09984,snow_goose,12.359312,11.221609
SA00064,sandhill_crane,17.19913,3.41305
SN00936,snow_goose,6.064111,5.38001
SN02289,snow_goose,5.428053,10.38402
SA02347,sandhill_crane,14.024317,12.931073
SA09581,sandhill_crane,12.402318,10.945394
SN02874,snow_goose,1.204236,4.997833
SN00227,snow_goose,7.225844,5.895991
SN09048,snow_goose,8.14865,2.443561
SN08781,snow_goose,5.141306,11.244323
SN09320,snow_goose,8.44597,2.79734
SA08216,sandhill_crane,11.789961,2.845425
SN06052,snow_goose,5.623419,4.911268
SA05027,sandhill_crane,12.249522,2.008103
SA08306,sandhill_crane,6.60127,5.428109
SN01483,snow_goose,11.81518,10.492371
SN05060,snow_goose,2.72172,5.735182
SA03546,sandhill_crane,16.329282,3.267343
SA08780,sandhill_crane,12.4743,10.526607
SN04322,snow_goose,2.10898,4.790913
SA07033,sandhill_crane,6.463129,5.239051
SN09469,snow_goose,15.36648,3.920959
SN03864,snow_goose,16.285102,2.537498
SN04040,snow_goose,12.168651,10.667219
SA03486,sandhill_crane,2.859513,5.600371
SA00572,sandhill_crane,12.446856,1.818397
SA07110,sandhill_crane,6.593834,6.356754
SN07502,snow_goose,6.615951,6.040897
SN07268,snow_goose,8.939311,1.451193
SA04099,sandhill_crane,11.738832,10.966185
SN00656,snow_goose,5.582219,11.104371
SN01413,snow_goose,12.774809,10.405997
SN03164,snow_goose,5.827624,6.329263
SA07406,sandhill_crane,16.251207,3.226458
SN06553,snow_goose,5.600219,10.691672
SA04275,sandhill_crane,12.565128,10.256849
SN04942,snow_goose,15.820463,3.73443
SA00310,sandhill_crane,15.7149,3.452745
SA04098,sandhill_crane,11.8193,1.313498
SN00749,snow_goose,4.842846,10.732412
SA04368,sandhill_crane,2.184949,6.22636
SA04144,sandhill_crane,8.467556,3.878319
SN03720,snow_goose,8.206018,2.275056
SN07468,snow_goose,5.271745,9.691974
SN03268,snow_goose,12.837497,10.1833
SA04290,sandhill_crane,6.575062,5.893976
SN03990,snow_goose,1.6323,4.553767
SN03304,snow_goose,2.779611,4.344244
SN05790,snow_goose,15.68083,3.641088
SA09797,sandhill_crane,7.940649,2.344724
SN06248,snow_goose,8.89706,3.381527
SN06372,snow_goose,1.734829,5.411997
SN08712,snow_goose,8.835937,2.615179
SA00059,sandhill_crane,1.784737,4.949022
SN01662,snow_goose,12.570708,2.695429
SA01494,sandhill_crane,5.755252,10.979307
SA06379,sandhill_crane,5.798123,5.383643
SA04939,sandhill_crane,1.459885,5.982219
SN07895,snow_goose,6.573117,5.780952
SA09981,sandhill_crane,2.434783,5.17023
SA01855,sandhill_crane,9.209097,3.145393
SN06933,snow_goose,12.612972,9.877406
SN07841,snow_goose,10.130066,1.97994
SA09687,sandhill_crane,11.574529,11.624234
SN00342,snow_goose,12.074918,1.317224
SA08208,sandhill_crane,12.162026,1.730023
SA03041,sandhill_crane,13.180669,10.231814
SN01493,snow_goose,13.448944,12.539454
SN02314,snow_goose,2.665663,5.161597
SA04991,sandhill_crane,6.531113,5.355164
SA03675,sandhill_crane,12.442168,2.73385
SN01229,snow_goose,17.007196,3.197572
SN01822,snow_goose,12.84618,11.146213
SA02799,sandhill_crane,16.323899,3.103652
SN00053,snow_goose,11.564066,1.124163
SA02847,sandhill_crane,12.341166,11.805987
SN04972,snow_goose,6.127536,5.096164
SA03678,sandhill_crane,16.092385,3.351297
SN03128,snow_goose,12.199903,2.467433
SN07827,snow_goose,16.954069,3.395702
SA00933,sandhill_crane,12.631239,10.636923
SA03702,sandhill_crane,12.964125,12.527835
SA05159,sandhill_crane,6.377747,9.878966
SA02030,sandhill_crane,5.937265,5.160807
SN08708,snow_goose,9.53966,1.8798
SA09142,sandhill_crane,11.799011,11.142239
SA03587,sandhill_crane,9.562603,2.433888
SN01894,snow_goose,12.608429,10.373434
SA03098,sandhill_crane,5.262112,9.455087
SN06811,snow_goose,15.904155,3.523709
SA08994,sandhill_crane,8.859463,2.676471
SN05081,snow_goose,8.815555,3.172554
SA00520,sandhill_crane,11.722893,10.940355
SN07452,snow_goose,12.146596,1.743932
SN03859,snow_goose,5.643415,9.522159
SA01088,sandhill_crane,5.763199,5.261006
SN02866,snow_goose,16.465522,3.899687
SN05232,snow_goose,14.755506,12.538801
SN08922,snow_goose,5.90228,5.898031
SN06845,snow_goose,12.15961,2.516455
SA04662,sandhill_crane,2.683365,4.703468
SN07971,snow_goose,1.75224,4.465609
SA05820,sandhill_crane,2.288845,5.247702
SA05229,sandhill_crane,6.272626,5.934682
SN00400,snow_goose,6.78091,6.343598
SN09533,snow_goose,13.818665,12.685438
SA03428,sandhill_crane,2.467609,5.569083
SA03586,sandhill_crane,13.390085,12.190741
SN00259,snow_goose,9.094744,1.915216
SN02894,snow_goose,12.388439,2.085644
SN01162,snow_goose,12.642835,2.710096
SA09072,sandhill_crane,4.853423,9.999262
SA09623,sandhill_crane,8.976011,2.472426
SN05135,snow_goose,5.604335,10.501038
SN08584,snow_goose,2.58684,5.300503
SN07385,snow_goose,12.231062,11.192053
SN09923,snow_goose,5.493107,10.097341
SA01293,sandhill_crane,4.999613,11.024895
SN03162,snow_goose,8.397045,3.205565
SN00558,snow_goose,13.025351,11.570356
SA02181,sandhill_crane,11.841848,2.445915
SA03375,sandhill_crane,1.908732,5.056217
SN03744,snow_goose,16.807464,4.439724
SA02882,sandhill_crane,1.715834,4.824655
SA05663,sandhill_crane,16.439789,3.629262
SN01773,snow_goose,14.475816,12.388662
SA01077,sandhill_crane,9.14742,2.940538
SN03306,snow_goose,6.66272,6.444076
SN06313,snow_goose,12.616065,1.905202
SA01066,sandhill_crane,3.488296,4.874104
SA07852,sandhill_crane,2.369556,5.022736
SA04302,sandhill_crane,12.267733,2.391261
SA04046,sandhill_crane,12.552741,3.251426
SN09182,snow_goose,11.996336,10.373376
SN07599,snow_goose,2.250121,5.874061
SA03989,sandhill_crane,12.509439,11.000887
SN02474,snow_goose,6.219353,5.863277
SN00882,snow_goose,12.868057,3.45985
SA09107,sandhill_crane,8.440964,2.474281
SA09652,sandhill_crane,1.437025,5.149485
SA03401,sandhill_crane,9.239478,2.156972
SA09372,sandhill_crane,8.415965,2.24625
SA04931,sandhill_crane,12.044664,10.251629
SN03262,snow_goose,16.278048,3.39381
SN03585,snow_goose,11.832896,10.753555
SN09972,snow_goose,16.289244,3.338628
SN07694,snow_goose,13.094437,10.825045
SA08786,sandhill_crane,16.622755,2.879156
SN07102,snow_goose,5.089341,10.299718
SN04363,snow_goose,16.792561,3.879156
SA01586,sandhill_crane,13.564552,13.395489
SA09588,sandhill_crane,11.931201,1.898471
SN08994,snow_goose,8.65623,2.751435
SA06078,sandhill_crane,11.216393,2.413182
SN04234,snow_goose,12.721335,10.0039
SN02356,snow_goose,14.173345,12.733289
SA06628,sandhill_crane,12.40612,10.153765
SN03106,snow_goose,6.443513,5.686035
SA03305,sandhill_crane,12.445097,10.736433
SN02040,snow_goose,5.794542,11.002871
SN09096,snow_goose,6.166415,4.13462
SA04208,sandhill_crane,5.869287,5.322048
SN07457,snow_goose,15.687594,4.136354
SA03219,sandhill_crane,9.106162,1.849524
SA00099,sandhill_crane,14.464809,13.474416
SN02908,snow_goose,2.918869,5.541638
SA07613,sandhill_crane,5.150692,9.674017
SN07026,snow_goose,12.265489,2.881009
SA04305,sandhill_crane,3.148581,5.190773
SA00819,sandhill_crane,16.937619,4.041163
SN05685,snow_goose,5.615689,9.9362
SA05169,sandhill_crane,9.616222,2.554584
SN02037,snow_goose,6.767441,5.912603
SA00915,sandhill_crane,6.067998,5.44904
SA03970,sandhill_crane,11.951609,1.817732
SA02278,sandhill_crane,6.046893,9.905404
SN01394,snow_goose,5.107028,10.524231
SN05718,snow_goose,17.543453,3.960631
SA06766,sandhill_crane,2.278542,4.918842
SA08437,sandhill_crane,13.283266,13.155313
SA07442,sandhill_crane,6.035466,6.589864
SA08235,sandhill_crane,2.6832,5.369428
SA03012,sandhill_crane,12.742778,10.505162
SA09868,sandhill_crane,11.848485,2.058449
SA05681,sandhill_crane,9.137417,2.228931
SN04138,snow_goose,8.393761,2.464202
SN00935,snow_goose,5.039244,9.001136
SN04139,snow_goose,15.864253,4.076577
SA00516,sandhill_crane,12.726585,11.087527
SA07867,sandhill_crane,7.077673,5.466381
SN07896,snow_goose,1.965095,5.123612
SA08396,sandhill_crane,1.201186,5.728018
SA06203,sandhill_crane,13.665961,13.29249
SN08088,snow_goose,5.937669,4.94674
SA00193,sandhill_crane,9.353816,2.385189
SN05792,snow_goose,2.600745,5.138845
SN04276,snow_goose,8.442692,2.142413
SA09651,sandhill_crane,5.838717,5.524596
SN02979,snow_goose,11.417088,2.055662
SN01962,snow_goose,11.841959,9.591574
SN07004,snow_goose,6.626361,9.989369
SA07026,sandhill_crane,8.24156,2.319908
SN07315,snow_goose,13.405811,12.348309
SN04060,snow_goose,12.338151,10.274118
SA01030,sandhill_crane,8.250883,3.005165
SN06683,snow_goose,2.550826,5.897049
SN06305,snow_goose,3.021384,5.561979
SA09978,sandhill_crane,6.918556,5.443993
SA03996,sandhill_crane,6.335044,4.880437
SA01570,sandhill_crane,12.481138,2.30341
SN06501,snow_goose,2.282271,4.707279
SN03800,snow_goose,15.739879,3.464424
SN02759,snow_goose,5.9255,5.553014
SA02236,sandhill_crane,2.434844,4.615631
SN06229,snow_goose,16.628027,3.473807
SA02136,sandhill_crane,12.023567,10.237125
SN07240,snow_goose,11.704352,2.140048
SN07595,snow_goose,12.785772,1.328451
SN04441,snow_goose,11.788626,2.581397
SA09394,sandhill_crane,12.106106,11.219845
SN04855,snow_goose,5.774867,5.904514
SA02550,sandhill_crane,7.223246,5.51801
SA07042,sandhill_crane,13.283009,12.051309
SA07378,sandhill_crane,13.601477,12.563865
SN03386,snow_goose,8.791034,2.076807
SA03599,sandhill_crane,4.728079,11.076852
SN01322,snow_goose,12.673629,1.97243
SA03709,sandhill_crane,14.63983,3.183445
SN05719,snow_goose,13.124183,12.79186
SN07458,snow_goose,6.241986,5.840863
SA02385,sandhill_crane,14.173242,13.242827
SA09301,sandhill_crane,5.670142,9.734354
SN07055,snow_goose,2.4006,4.251417
SN09399,snow_goose,12.764488,2.578183
SN07986,snow_goose,14.516022,12.411012
SN05871,snow_goose,13.632924,12.103221
SN06465,snow_goose,13.438856,12.335982
SA06412,sandhill_crane,15.881524,4.120569
SA04561,sandhill_crane,1.953619,5.265179
SN02486,snow_goose,12.574117,10.051123
SN00756,snow_goose,8.787486,3.208939
SN02528,snow_goose,2.879707,5.373988
SA06804,sandhill_crane,4.929697,10.073449
SA01156,sandhill_crane,13.376982,12.687311
SN06753,snow_goose,9.139109,2.377133
SN04284,snow_goose,12.543986,10.099735
SN01259,snow_goose,5.756883,11.140835
SA07558,sandhill_crane,12.796026,10.308481
SN02188,snow_goose,12.720265,12.43929
SN02199,snow_goose,11.934975,9.782431
SA09823,sandhill_crane,11.888116,10.392486
SN04971,snow_goose,5.304578,9.916037
SA02812,sandhill_crane,5.716387,10.056914
SA04478,sandhill_crane,6.36874,6.405013
SN00614,snow_goose,12.196595,2.870939
SN05304,snow_goose,2.778891,5.876577
SN05762,snow_goose,8.494927,2.279195
SN06689,snow_goose,12.321093,11.546742
SA03245,sandhill_crane,7.067751,5.663276
SA04312,sandhill_crane,17.202825,3.07076
SA06489,sandhill_crane,14.697881,13.126559
SN01713,snow_goose,13.690349,13.280671
SA07436,sandhill_crane,15.452596,3.623741
SN00382,snow_goose,13.820269,12.41548
SA08087,sandhill_crane,9.750965,2.377557
SN07525,snow_goose,3.113438,4.272467
SA05040,sandhill_crane,12.152449,10.70565
SA01281,sandhill_crane,8.823691,2.450714
SA09501,sandhill_crane,16.679086,2.142068
SA06663,sandhill_crane,12.448697,9.727408
SN05073,snow_goose,13.85919,13.284503
SN03190,snow_goose,8.85326,3.164923
SN08051,snow_goose,7.512916,5.200028
SN00387,snow_goose,11.719933,2.616624
SA03257,sandhill_crane,5.467231,4.275678
SA04737,sandhill_crane,7.048623,6.599772
SA04756,sandhill_crane,13.792176,12.610743
SN07111,snow_goose,6.462218,4.412362
SA02374,sandhill_crane,8.835584,2.443904
SA08719,sandhill_crane,12.307486,2.509047
SN05194,snow_goose,16.210926,2.895937
SA08961,sandhill_crane,6.335807,5.528621
SN06382,snow_goose,13.105254,11.164542
SA04185,sandhill_crane,13.893801,12.006224
SN02771,snow_goose,12.729873,10.910363
SA07566,sandhill_crane,9.40214,2.411667
SN07430,snow_goose,8.737924,2.252683
SA00436,sandhill_crane,12.18753,2.60334
SN03694,snow_goose,8.604488,1.665994
SA05947,sandhill_crane,8.902751,2.818106
SA08506,sandhill_crane,8.224202,2.359774
SN00179,snow_goose,12.775151,1.64676
SA04106,sandhill_crane,8.641222,2.461173
SA00012,sandhill_crane,16.02945,3.77666
SA03672,sandhill_crane,5.874689,4.92811
SA07583,sandhill_crane,12.030478,2.207391
SN05527,snow_goose,6.534401,5.276377
SN05051,snow_goose,12.450456,2.362663
SA07992,sandhill_crane,6.717764,5.794082
SA06177,sandhill_crane,2.829319,5.46281
SN01827,snow_goose,8.564046,2.227136
SN04115,snow_goose,9.038031,3.462725
SA06268,sandhill_crane,12.294561,11.286665
SA03103,sandhill_crane,5.723258,5.42397
SA09246,sandhill_crane,6.566512,5.510473
SA06441,sandhill_crane,16.347467,3.647639
SN04173,snow_goose,2.653911,5.671282
SA03016,sandhill_crane,8.483988,1.826112
SA05137,sandhill_crane,16.305768,4.104037
SN06706,snow_goose,12.307232,2.903767
SN02561,snow_goose,12.041359,2.446079
SN09583,snow_goose,12.412393,1.683538
SA02574,sandhill_crane,12.856507,10.19081
SA09544,sandhill_crane,9.334478,1.209839
SN06327,snow_goose,8.163542,2.654228
SA06287,sandhill_crane,5.646821,5.617898
SA05977,sandhill_crane,2.551669,4.374674
SN03292,snow_goose,13.868388,13.562041
SN09668,snow_goose,12.985163,2.556593
SA09468,sandhill_crane,2.066702,5.302845
SN09593,snow_goose,6.87519,4.606044
SN04786,snow_goose,8.939025,2.775328
SA01938,sandhill_crane,12.989317,2.695582
SN03340,snow_goose,12.349641,3.221152
SA05868,sandhill_crane,8.359464,2.667244
SN02192,snow_goose,12.852316,10.838085
SN03046,snow_goose,2.497024,5.516757
SN04620,snow_goose,6.20775,5.009846
SN08061,snow_goose,11.822848,2.89979
SN08805,snow_goose,5.749694,10.341403
SA03619,sandhill_crane,12.047592,10.413668
SN04323,snow_goose,13.576864,12.76276
SN09519,snow_goose,8.562052,2.554734
SN03502,snow_goose,12.464594,2.753358
SN06389,snow_goose,8.71445,1.590964
SN05868,snow_goose,14.856236,12.495593
SA05352,sandhill_crane,6.857335,6.067503
SA07605,sandhill_crane,13.837716,13.826866
SA03266,sandhill_crane,6.566796,5.819611
SA09609,sandhill_crane,13.394974,12.882286
SN07134,snow_goose,16.092288,2.402527
SA08006,sandhill_crane,5.395967,9.815712
SN01660,snow_goose,8.745548,2.664095
SA00662,sandhill_crane,12.489215,10.462729
SA01523,sandhill_crane,5.988277,10.975462
SN02838,snow_goose,12.270872,2.035041
SA08131,sandhill_crane,7.173675,5.62825
SA02680,sandhill_crane,5.192072,9.325247
SN08204,snow_goose,13.361474,12.242752
SA09815,sandhill_crane,6.039491,9.776113
SA09801,sandhill_crane,5.648102,5.418049
SN08735,snow_goose,5.952476,10.529807
SA03712,sandhill_crane,16.233461,3.631117
SN03974,snow_goose,6.363421,9.223028
SN09886,snow_goose,12.046007,3.213467
SA05845,sandhill_crane,13.969678,13.016017
SN06323,snow_goose,13.154053,3.45227
SA08592,sandhill_crane,2.922801,5.244636
SN07571,snow_goose,12.681353,11.141826
SA01518,sandhill_crane,6.396275,4.795085
SN00822,snow_goose,1.769741,5.224837
SA01268,sandhill_crane,6.857092,5.897585
SN02473,snow_goose,13.14622,13.433845
SN06575,snow_goose,6.134066,10.367001
SA03994,sandhill_crane,16.301465,2.812836
SA02447,sandhill_crane,4.959501,10.881833
SA05078,sandhill_crane,11.72839,2.083416
SA01352,sandhill_crane,9.820506,1.500138
SN00405,snow_goose,8.942749,1.83592
SN03258,snow_goose,12.050292,1.825268
SA07855,sandhill_crane,5.077065,10.028665
SN06498,snow_goose,6.399577,5.311639
SN04071,snow_goose,12.828508,2.261043
SA05373,sandhill_crane,5.143532,9.764955
SA03357,sandhill_crane,2.624043,5.45211
SN03324,snow_goose,6.153837,9.747329
SN06063,snow_goose,14.02279,13.160481
SN08617,snow_goose,1.827465,5.466221
SN02336,snow_goose,9.030015,2.548987
SA03525,sandhill_crane,1.947577,5.782151
SN02992,snow_goose,5.247337,10.171612
SA08380,sandhill_crane,16.44626,3.193136
SN07770,snow_goose,7.367978,4.941018
SA02621,sandhill_crane,16.300634,3.027187
SN00366,snow_goose,11.663665,1.936975
SN09848,snow_goose,3.008991,4.611142
SA08729,sandhill_crane,11.653147,2.669662
SN07923,snow_goose,16.506604,2.788364
SN04386,snow_goose,14.111258,12.059678
SN07925,snow_goose,12.112936,10.754599
SA07293,sandhill_crane,14.332949,14.094958
SN08144,snow_goose,9.03324,1.98244
SA01392,sandhill_crane,12.180315,2.444281
SA09807,sandhill_crane,12.120821,10.529406
SN09098,snow_goose,13.615386,13.025039
SA05311,sandhill_crane,14.004326,13.029567
SN00375,snow_goose,12.047619,2.046291
SN07964,snow_goose,8.741187,2.959514
SN08455,snow_goose,8.088132,2.55204
SN04694,snow_goose,8.932974,1.510778
SA06312,sandhill_crane,16.450409,3.853403
SA03453,sandhill_crane,5.470404,9.937758
SN07945,snow_goose,12.778474,2.632305
SA02414,sandhill_crane,5.544424,10.32023
SA07592,sandhill_crane,2.952736,4.422179
SA04836,sandhill_crane,6.077023,9.569458
SN04450,snow_goose,4.964815,9.884636
SN05777,snow_goose,10.028779,2.036806
SN05713,snow_goose,6.27336,4.54814
SA07224,sandhill_crane,5.922389,10.346441
SN01365,snow_goose,8.303985,1.255316
SN00639,snow_goose,13.141854,9.923304
SA02802,sandhill_crane,2.908459,5.531296
SN00493,snow_goose,14.048961,12.746065
SN09844,snow_goose,5.542487,9.154311
SN01181,snow_goose,13.173101,10.32034
SN03630,snow_goose,11.588694,2.659049
SA05442,sandhill_crane,8.581109,2.593538
SN09665,snow_goose,15.721391,3.21959
SN02420,snow_goose,12.496527,2.162351
SA08251,sandhill_crane,15.544167,2.724779
SN09786,snow_goose,1.861588,5.981243
SN08510,snow_goose,16.81099,3.050741
SN08646,snow_goose,16.352442,2.910645
SA03170,sandhill_crane,6.131321,6.046333
SN01236,snow_goose,7.020992,6.657596
SA04005,sandhill_crane,3.302551,5.664461
SN05364,snow_goose,11.924707,2.209013
SA01665,sandhill_crane,12.249991,1.796845
SA04277,sandhill_crane,9.080528,3.2954
SA04193,sandhill_crane,13.243494,2.276811
SN00339,snow_goose,13.751757,12.216984
SN09535,snow_goose,1.626649,5.074444
SA07322,sandhill_crane,6.385923,5.937983
SA06076,sandhill_crane,6.946318,5.317213
SA03118,sandhill_crane,12.458135,10.880975
SA00818,sandhill_crane,6.929322,5.044769
SA01414,sandhill_crane,5.448247,9.301986
SN03670,snow_goose,11.526817,10.707776
SA00981,sandhill_crane,5.539411,9.838751
SA05988,sandhill_crane,14.100067,13.377015
SA01814,sandhill_crane,5.756903,5.815954
SA01106,sandhill_crane,11.94683,3.233421
SA03804,sandhill_crane,13.576957,13.567993
SN09742,snow_goose,11.829191,10.434644
SN09042,snow_goose,2.166115,4.852456
SA03023,sandhill_crane,12.48558,1.460312
SN00811,snow_goose,16.478884,4.183074
SA00682,sandhill_crane,8.080455,2.179957
SA02988,sandhill_crane,6.117632,6.549189
SA07129,sandhill_crane,12.875372,2.250658
SN02063,snow_goose,11.991033,10.076848
SA07108,sandhill_crane,8.786543,2.148877
SA04048,sandhill_crane,15.028118,12.684612
SN01126,snow_goose,12.380191,10.751441
SN01291,snow_goose,11.935169,1.873511
SN04693,snow_goose,12.743753,10.694852
SN06197,snow_goose,13.828142,12.871729
SN09200,snow_goose,1.700331,4.565069
SA04282,sandhill_crane,2.859094,5.235845
SA04617,sandhill_crane,15.205194,3.207756
SN06335,snow_goose,4.47105,9.838147
SA04307,sandhill_crane,5.341172,10.202698
SA04539,sandhill_crane,11.417441,3.49802
SA02040,sandhill_crane,16.439166,4.163095
SA03496,sandhill_crane,15.96005,3.038517
SA09842,sandhill_crane,5.920598,10.145705
SA03783,sandhill_crane,11.74729,2.362094
SN04119,snow_goose,11.879552,2.042044
SN00396,snow_goose,6.154966,5.555177
SN00160,snow_goose,5.604336,10.517688
SN08124,snow_goose,2.725403,6.273194
SA04629,sandhill_crane,16.589194,3.19712
SA00455,sandhill_crane,16.346961,2.272217
SN05244,snow_goose,14.427621,13.052257
SA02650,sandhill_crane,12.33554,10.225407
SN07365,snow_goose,17.118812,3.236033
SA01697,sandhill_crane,2.506241,5.072753
SN02146,snow_goose,2.556329,5.587551
SA06282,sandhill_crane,16.03356,3.292081
SN05393,snow_goose,16.64368,3.495138
SA05103,sandhill_crane,5.090883,5.258378
SN04906,snow_goose,11.955335,1.908863
SN07775,snow_goose,12.071654,3.095009
SA09047,sandhill_crane,16.65859,2.86132
SN08830,snow_goose,12.259833,2.043093
SA05515,sandhill_crane,14.7221,13.37086
SN00878,snow_goose,16.473292,3.466577
SN08561,snow_goose,12.70968,11.065746
SN01354,snow_goose,5.499016,10.097643
SA06712,sandhill_crane,5.561426,9.62914
SN01456,snow_goose,14.131945,12.859518
SN09874,snow_goose,2.649147,5.188585
SN07141,snow_goose,13.835464,12.783937
SA03317,sandhill_crane,16.014705,3.325858
SA00634,sandhill_crane,15.984875,2.920616
SA04953,sandhill_crane,12.317716,10.625752
SN00869,snow_goose,13.22096,10.476946
SN09083,snow_goose,6.852349,5.21879
SA06520,sandhill_crane,12.291268,2.178168
SA05991,sandhill_crane,11.536899,10.547483
SA06851,sandhill_crane,12.353408,11.261751
SN04830,snow_goose,9.020656,2.018704
SA04755,sandhill_crane,9.164966,3.02357
SN07193,snow_goose,13.082121,10.979031
SA05552,sandhill_crane,6.199985,5.661899
SA04850,sandhill_crane,7.237677,5.089424
SN06489,snow_goose,8.156035,1.600577
SN03662,snow_goose,13.629492,10.992893
SA08605,sandhill_crane,2.309169,5.447626
SA01538,sandhill_crane,14.048581,12.043302
SN04374,snow_goose,16.310512,3.285723
SA01849,sandhill_crane,13.108839,12.885226
SN00317,snow_goose,8.603393,2.275962
SA00893,sandhill_crane,5.76818,10.096801
SA06777,sandhill_crane,5.637634,9.739907
SN08435,snow_goose,12.154599,2.128266
SN02774,snow_goose,16.132213,2.763093
SN02629,snow_goose,13.823098,12.804175
SN07722,snow_goose,15.328894,3.456454
SA00828,sandhill_crane,5.757654,9.499349
SA08891,sandhill_crane,16.232306,3.288184
SN05483,snow_goose,2.057486,4.331893
SA08189,sandhill_crane,12.817361,3.127171
SA05135,sandhill_crane,16.29857,3.002695
SN01906,snow_goose,12.782914,2.317775
SN02383,snow_goose,9.011449,2.06302
SN04842,snow_goose,13.312643,10.269259
SA09385,sandhill_crane,12.272947,2.377875
SA07614,sandhill_crane,11.561215,1.819076
SA04298,sandhill_crane,13.270628,12.780904
SA03812,sandhill_crane,13.363455,13.065333
SN07936,snow_goose,6.63397,5.211053
SA05475,sandhill_crane,13.766682,11.146279
SA08893,sandhill_crane,16.484909,3.730819
SN03141,snow_goose,3.025383,5.323681
SN06437,snow_goose,13.462654,2.580565
SA07417,sandhill_crane,5.599335,5.935102
SN03969,snow_goose,8.755639,2.40334
SA09392,sandhill_crane,2.417926,4.416351
SN03083,snow_goose,3.279592,5.243497
SN05526,snow_goose,12.342375,10.47052
SN07570,snow_goose,13.022836,13.083615
SA00532,sandhill_crane,12.341856,10.333277
SA01256,sandhill_crane,14.584145,12.291252
SA02950,sandhill_crane,3.475163,5.544808
SA05693,sandhill_crane,12.359538,2.590392
SA01327,sandhill_crane,13.102627,13.094669
SA00788,sandhill_crane,8.265135,2.312359
SA09445,sandhill_crane,1.890807,6.000768
SA02469,sandhill_crane,2.097988,5.39193
SA08520,sandhill_crane,15.567837,3.156583
SN00397,snow_goose,16.6598,3.132675
SN01790,snow_goose,8.550173,2.816069
SA09918,sandhill_crane,9.01036,1.739753
SN08590,snow_goose,5.409635,10.294614
SA02366,sandhill_crane,11.669777,10.804619
SN00500,snow_goose,13.288892,12.830163
SN01879,snow_goose,16.355306,2.95411
SA05905,sandhill_crane,7.877454,2.615692
SN06939,snow_goose,2.615731,5.452556
SA05611,sandhill_crane,1.810232,5.208181
SN02277,snow_goose,9.529906,1.882646
SN05770,snow_goose,5.46847,10.370542
SA06856,sandhill_crane,13.610583,12.612144
SN00949,snow_goose,13.101499,2.342118
SN00498,snow_goose,13.288382,12.734476
SA06914,sandhill_crane,6.207975,4.594544
SA02079,sandhill_crane,15.793201,3.910498
SA07578,sandhill_crane,8.17978,2.287937
SN02966,snow_goose,13.753517,13.044722
SA01111,sandhill_crane,11.68948,10.832607
SN00970,snow_goose,13.931157,11.870544
SN07765,snow_goose,9.541678,1.827886
SA01883,sandhill_crane,16.311896,3.144393
SA08884,sandhill_crane,3.250972,5.540255
SA08747,sandhill_crane,12.866219,2.765099
SN08218,snow_goose,9.216915,2.829289
SA06186,sandhill_crane,13.048371,10.628732
SA09293,sandhill_crane,16.516472,3.052981
SA01364,sandhill_crane,9.050573,3.110107
SA00659,sandhill_crane,16.658988,2.718185
SA00399,sandhill_crane,12.172794,10.401989
SA07680,sandhill_crane,12.908523,11.577021
SN03764,snow_goose,16.294947,2.933628
SA08326,sandhill_crane,16.407254,3.028776
SA09011,sandhill_crane,5.787665,10.357242
SA00759,sandhill_crane,12.239844,3.108723
SA07779,sandhill_crane,8.714876,2.569901
SA02201,sandhill_crane,15.861173,2.771784
SA01113,sandhill_crane,11.968504,11.040232
SA08756,sandhill_crane,12.6822,10.950136
SN02368,snow_goose,5.438825,11.275853
SA07423,sandhill_crane,10.903159,10.014147
SA06637,sandhill_crane,6.308854,5.860702
SN03041,snow_goose,2.360262,5.979178
SN02241,snow_goose,5.030269,8.889286
SA02349,sandhill_crane,12.581953,9.799181
SA05138,sandhill_crane,13.676958,13.040841
SN00044,snow_goose,6.402863,5.753245
SA02649,sandhill_crane,13.168626,12.818729
SA03688,sandhill_crane,5.63854,9.585114
SN02166,snow_goose,15.828455,3.642573
SN09318,snow_goose,5.190063,10.353237
SN07946,snow_goose,11.92496,2.412849
SN09357,snow_goose,12.545991,2.17581
SN02090,snow_goose,6.154652,5.226071
SN04070,snow_goose,12.138914,2.195886
SN04118,snow_goose,16.510456,2.862412
SN04492,snow_goose,5.79294,10.744815
SA00486,sandhill_crane,17.119982,3.218069
SA03722,sandhill_crane,16.130068,3.499708
SN00495,snow_goose,4.706815,11.016417
SN09418,snow_goose,16.360924,4.565051
SA06174,sandhill_crane,6.56088,5.299145
SA06480,sandhill_crane,9.027299,3.087643
SN01179,snow_goose,13.828963,12.816695
SN04137,snow_goose,12.007226,2.582069
SA04366,sandhill_crane,9.358539,2.000832
SA09485,sandhill_crane,8.83458,2.421965
SN07137,snow_goose,12.865995,2.67626
SN00512,snow_goose,13.621612,12.689861
SN05937,snow_goose,5.144671,9.786704
SA05933,sandhill_crane,1.938558,5.047636
SN08671,snow_goose,12.386259,2.589493
SA02928,sandhill_crane,2.020463,5.6432
SA07451,sandhill_crane,3.726185,5.774667
SA09166,sandhill_crane,6.315689,5.545443
SN05797,snow_goose,13.827569,12.155505
SN07336,snow_goose,16.59244,3.046847
SA04503,sandhill_crane,5.62032,9.829649
SN05838,snow_goose,1.733554,5.053689
SA08330,sandhill_crane,12.361179,11.132302
SA07236,sandhill_crane,1.649987,5.249389
SA03129,sandhill_crane,6.609302,5.363177
SA02934,sandhill_crane,13.085818,9.684197
SN02802,snow_goose,12.424433,10.650614
SA09540,sandhill_crane,16.776034,2.909374
SN03436,snow_goose,5.245306,9.597652
SA06355,sandhill_crane,5.61332,10.286232
SN07755,snow_goose,12.648379,1.536973
SN04615,snow_goose,7.948162,2.482432
SA02560,sandhill_crane,5.037424,10.365791
SN05619,snow_goose,9.280746,2.406461
SA04961,sandhill_crane,13.216687,12.539712
SA05841,sandhill_crane,5.937589,5.67375
SN03998,snow_goose,2.36909,5.081859
SA03477,sandhill_crane,2.56569,4.756671
SN05743,snow_goose,6.127509,5.342348
SA00297,sandhill_crane,8.563696,3.243006
SA08482,sandhill_crane,5.27731,9.829814
SN08255,snow_goose,17.121754,3.415134
SN06893,snow_goose,12.809344,2.837132
SA03485,sandhill_crane,13.13503,12.426491
SA09804,sandhill_crane,16.489796,3.041832
SA07526,sandhill_crane,13.850793,12.925266
SA07532,sandhill_crane,11.36689,2.265237
SA07542,sandhill_crane,16.099371,3.699176
SA04839,sandhill_crane,13.371547,12.148555
SN03779,snow_goose,11.795291,9.906852
SN06411,snow_goose,3.203137,5.14894
SA02528,sandhill_crane,2.53479,4.721202
SN06001,snow_goose,12.041626,10.425354
SA03501,sandhill_crane,13.182269,12.643802
SN02752,snow_goose,13.274923,11.091509
SN02275,snow_goose,14.689902,3.527138
SN03614,snow_goose,5.081227,10.668347
SA08948,sandhill_crane,16.649672,3.475307
SN09020,snow_goose,4.939067,10.420783
SN03801,snow_goose,12.601042,11.310402
SA04291,sandhill_crane,8.37786,3.178011
SN09018,snow_goose,12.919821,10.189961
SA02805,sandhill_crane,13.780046,13.25649
SN00914,snow_goose,4.696284,10.299886
SA05370,sandhill_crane,5.106026,9.780826
SN06880,snow_goose,16.684332,3.279397
SN04670,snow_goose,15.691991,3.344099
SA01656,sandhill_crane,11.980657,10.210514
SA01685,sandhill_crane,14.76148,13.628077
SN00281,snow_goose,8.41642,2.888928
SA03787,sandhill_crane,12.876293,10.042923
SA02619,sandhill_crane,2.206413,5.35979
SA04739,sandhill_crane,6.225659,6.214593
SN02172,snow_goose,16.095623,2.626726
SA04882,sandhill_crane,6.187897,5.263718
SN04890,snow_goose,15.789914,3.343139
SA00703,sandhill_crane,13.249895,9.793288
SN08520,snow_goose,14.212952,12.961005
SA06950,sandhill_crane,2.278317,5.389388
SA02910,sandhill_crane,16.173978,3.131562
SN09099,snow_goose,11.89804,3.012172
SN01506,snow_goose,7.595764,5.137672
SN05031,snow_goose,6.386731,10.194884
SN00444,snow_goose,12.845274,10.266951
SA08266,sandhill_crane,11.877126,10.59368
SN09394,snow_goose,3.074182,5.07869
SA03999,sandhill_crane,1.974975,5.44688
SN02664,snow_goose,11.556424,10.797593
SN08038,snow_goose,15.887221,3.66993
SN03231,snow_goose,12.489748,2.484124
SA07414,sandhill_crane,8.73816,2.34988
SA05872,sandhill_crane,5.993276,9.751488
SN08203,snow_goose,12.145442,2.096704
SN09116,snow_goose,5.467936,9.897322
SN08853,snow_goose,4.933224,9.578318
SA09183,sandhill_crane,5.885879,10.441781
SA07062,sandhill_crane,5.271022,9.414483
SN04733,snow_goose,13.476986,11.960242
SA03296,sandhill_crane,16.941634,3.711107
SA06963,sandhill_crane,12.173902,1.88848
SA00199,sandhill_crane,12.56197,1.426316
SA04620,sandhill_crane,6.817858,5.568627
SN06651,snow_goose,13.547843,12.853745
SN07260,snow_goose,3.128368,5.320835
SA09134,sandhill_crane,6.068139,9.850309
SA00994,sandhill_crane,16.49729,2.932017
SN00944,snow_goose,14.461912,12.977258
SA01949,sandhill_crane,12.059541,9.869245
SN07547,snow_goose,11.672737,11.395448
SN09760,snow_goose,7.86163,2.127518
SA01503,sandhill_crane,8.546809,3.035394
SA04250,sandhill_crane,8.737777,2.530304
SA04999,sandhill_crane,12.733699,2.170336
SN08686,snow_goose,12.32729,10.68773
SN00340,snow_goose,5.542601,5.700369
SA04706,sandhill_crane,16.813366,3.029025
SA08902,sandhill_crane,12.106933,10.752306
SN00310,snow_goose,5.920629,10.354891
SN00426,snow_goose,5.786131,9.398948
SN02877,snow_goose,12.442615,1.660638
SA06754,sandhill_crane,12.571872,11.073365
SA06924,sandhill_crane,12.270552,10.501845
SA06212,sandhill_crane,2.119808,4.919372
SA07437,sandhill_crane,11.882695,2.036136
SA02090,sandhill_crane,6.191029,9.931972
SN09979,snow_goose,16.181403,4.028384
SA00969,sandhill_crane,16.449191,3.224866
SA07054,sandhill_crane,2.994273,5.732405
SA01903,sandhill_crane,11.769401,2.16168
SN05097,snow_goose,1.472504,4.924306
SA08155,sandhill_crane,8.847533,2.406691
SN07003,snow_goose,2.999301,4.537714
SN03134,snow_goose,2.243115,5.581393
SA03292,sandhill_crane,13.377493,12.874156
SA03777,sandhill_crane,7.121452,5.133522
SA05162,sandhill_crane,2.029635,4.802065
SN08440,snow_goose,7.889385,2.749734
SA02325,sandhill_crane,12.068378,2.017415
SA01376,sandhill_crane,6.50298,5.233915
SA00366,sandhill_crane,11.965077,10.407438
SN06852,snow_goose,13.006498,10.339529
SA05172,sandhill_crane,12.836773,10.648176
SA09729,sandhill_crane,15.624338,2.419613
SA04693,sandhill_crane,9.01489,1.916619
SN00531,snow_goose,16.530907,2.675463
SN05699,snow_goose,14.088156,11.833456
SA04512,sandhill_crane,15.988941,2.919638
SA07676,sandhill_crane,4.760761,9.261558
SN05705,snow_goose,16.131836,2.774899
SN07829,snow_goose,6.66423,5.653514
SA05161,sandhill_crane,9.207383,1.897628
SA09146,sandhill_crane,6.294029,5.960113
SA05425,sandhill_crane,4.607161,10.222162
SN05771,snow_goose,11.661157,2.277334
SA07838,sandhill_crane,16.160172,3.715492
SN01956,snow_goose,12.619998,10.558253
SA03817,sandhill_crane,5.561658,5.497961
SA04213,sandhill_crane,12.044623,1.798903
SN08238,snow_goose,13.461999,12.802115
SN06588,snow_goose,12.08486,2.729548
SN02305,snow_goose,16.807147,2.936878
SN04345,snow_goose,9.123518,1.827303
SN08068,snow_goose,12.274001,10.67441
SN00271,snow_goose,14.561005,13.222274
SA03181,sandhill_crane,12.164048,9.596804
SA05830,sandhill_crane,15.724512,3.137072
SN09344,snow_goose,2.566542,4.51067
SA09198,sandhill_crane,14.312124,14.213268
SN03492,snow_goose,5.926849,10.537656
SN09115,snow_goose,3.155022,4.252777
SN04109,snow_goose,6.443796,5.54906
SN03145,snow_goose,3.181537,5.596105
SA00094,sandhill_crane,15.853532,3.686397
SA07816,sandhill_crane,5.185084,8.938022
SN09452,snow_goose,12.776099,10.651247
SN09484,snow_goose,12.705595,13.181105
SA09471,sandhill_crane,16.373288,3.519756
SN02818,snow_goose,12.17675,11.130617
SN09745,snow_goose,12.569441,10.836825
SA02133,sandhill_crane,5.421865,10.276794
SN08535,snow_goose,12.690542,1.578563
SN00211,snow_goose,5.726402,5.217064
SN02229,snow_goose,8.342491,2.999965
SA07447,sandhill_crane,12.302435,11.222121
SA02503,sandhill_crane,13.519597,11.8229
SN08537,snow_goose,6.257525,5.457367
SN07704,snow_goose,15.712408,3.127219
SA01501,sandhill_crane,2.960878,5.229399
SA00551,sandhill_crane,6.51459,5.841098
SA09065,sandhill_crane,12.018474,2.657082
SA06071,sandhill_crane,2.909694,3.832142
SA03327,sandhill_crane,16.01386,2.944799
SA00328,sandhill_crane,8.329288,3.033034
SA06646,sandhill_crane,12.712111,10.535205
SN08514,snow_goose,6.800817,5.378489
SA06501,sandhill_crane,12.610877,2.872014
SA00698,sandhill_crane,12.653736,2.241223
SN07139,snow_goose,8.657825,2.80956
SN08018,snow_goose,12.397898,10.943048
SN09242,snow_goose,16.69895,3.440057
SN00442,snow_goose,14.150281,12.006596
SN02207,snow_goose,13.821509,12.980528
SA02104,sandhill_crane,12.840655,10.161327
SN01902,snow_goose,12.052242,1.921564
SN09643,snow_goose,11.845133,2.964878
SN02064,snow_goose,11.427904,10.867048
SA07275,sandhill_crane,12.01161,2.447223
SN01623,snow_goose,6.207922,4.889034
SN03600,snow_goose,11.990435,2.994594
SN05021,snow_goose,8.617203,2.33479
SA08023,sandhill_crane,8.848328,1.940476
SA00836,sandhill_crane,13.651635,12.13956
SA08641,sandhill_crane,14.692728,12.322676
SN04877,snow_goose,15.511341,3.855802
SA03747,sandhill_crane,12.265743,12.211203
SN06279,snow_goose,4.571255,9.602782
SN02622,snow_goose,2.484562,4.257984
SN03706,snow_goose,5.790608,10.290221
SN09331,snow_goose,12.538439,3.095875
SN01064,snow_goose,8.319398,2.700629
SN02373,snow_goose,13.094971,10.847034
SA08158,sandhill_crane,2.473617,5.343896
SN07254,snow_goose,2.303327,3.600926
SA01137,sandhill_crane,5.373163,9.997167
SN09013,snow_goose,16.296123,2.789323
SA03714,sandhill_crane,8.047891,2.086719
SA02149,sandhill_crane,11.731705,10.484058
SN05198,snow_goose,16.92682,3.062929
SN08649,snow_goose,2.51202,5.385378
SN00361,snow_goose,8.374885,2.202192
SA05549,sandhill_crane,13.388765,12.623668
SA01833,sandhill_crane,4.991,10.724259
SA04727,sandhill_crane,5.687901,10.196658
SN03884,snow_goose,15.877278,3.762434
SA03647,sandhill_crane,9.563108,2.571924
SA07367,sandhill_crane,6.33577,10.568902
SA04011,sandhill_crane,9.338882,3.26903
SN05509,snow_goose,13.155457,11.303859
SN04845,snow_goose,5.934784,5.386775
SN02258,snow_goose,12.91614,11.187081
SA04488,sandhill_crane,13.752096,12.922654
SN06611,snow_goose,6.290639,5.613629
SN03296,snow_goose,2.443637,4.65982
SN01234,snow_goose,13.426836,11.009892
SA08379,sandhill_crane,2.483324,5.662736
SA08182,sandhill_crane,12.953516,1.800077
SN08210,snow_goose,9.166535,3.21317
SN04852,snow_goose,14.342136,12.98575
SA08246,sandhill_crane,2.334362,5.405983
SN02565,snow_goose,12.211027,10.737038
SN04287,snow_goose,16.096482,2.729058
SN00158,snow_goose,6.231964,5.360366
SN07618,snow_goose,6.569567,9.79492
SA03820,sandhill_crane,8.367994,2.412571
SN02427,snow_goose,6.924098,5.664024
SN02617,snow_goose,15.668877,3.704522
SA06439,sandhill_crane,13.329626,13.220324
SA04810,sandhill_crane,6.082148,4.710822
SA07984,sandhill_crane,9.005595,1.713923
SN02228,snow_goose,3.034063,5.592729
SN04969,snow_goose,16.072544,3.698577
SA06085,sandhill_crane,5.956493,6.83672
SN02564,snow_goose,6.331624,5.309399
SN03092,snow_goose,11.806277,1.897442
SA03281,sandhill_crane,15.215386,3.803364
SA03307,sandhill_crane,15.550867,3.332961
SN05686,snow_goose,11.583906,2.089186
SA02956,sandhill_crane,8.640434,2.653116
SA09266,sandhill_crane,2.90026,5.345199
SA07112,sandhill_crane,12.336439,2.585398
SN08804,snow_goose,12.701718,2.837702
SN06940,snow_goose,13.800369,12.966174
SN00418,snow_goose,2.539969,4.436633
SN00111,snow_goose,9.306784,3.631307
SA00719,sandhill_crane,8.697218,2.374362
SN02941,snow_goose,6.273798,11.002162
SA03751,sandhill_crane,8.243288,2.464666
SA04467,sandhill_crane,12.264102,10.675849
SA02507,sandhill_crane,6.085814,10.27505
SA05871,sandhill_crane,13.988796,12.987923
SA06552,sandhill_crane,12.194561,3.093317
SN00663,snow_goose,16.029132,4.135594
SA03283,sandhill_crane,15.767604,2.912761
SN05751,snow_goose,13.903584,12.994257
SN07125,snow_goose,13.533915,12.194353
SN04998,snow_goose,12.95449,1.193396
SN07640,snow_goose,13.500007,13.573083
SA08534,sandhill_crane,12.238928,2.419664
SN00213,snow_goose,9.075609,2.669376
SA03344,sandhill_crane,16.171203,2.733331
SN01382,snow_goose,12.509032,2.007016
SA08409,sandhill_crane,11.905445,1.718864
SA01647,sandhill_crane,12.886956,11.279241
SA08960,sandhill_crane,6.995749,5.187433
SA06398,sandhill_crane,1.616383,4.767149
SN02809,snow_goose,16.492472,3.816854
SN05587,snow_goose,8.966473,2.483612
SN01357,snow_goose,15.462841,3.300119
SN03615,snow_goose,12.76321,10.050055
SN04963,snow_goose,5.434981,5.660275
SA04949,sandhill_crane,6.159282,6.104223
SN09905,snow_goose,6.206348,5.114705
SA09753,sandhill_crane,12.510825,2.286969
SN09323,snow_goose,11.652884,2.40118
SN09574,snow_goose,6.212979,9.813333
SA06325,sandhill_crane,1.805604,4.892492
SA09302,sandhill_crane,8.821575,2.876532
SN00991,snow_goose,16.376942,3.557951
SN00379,snow_goose,11.974881,10.646741
SN04863,snow_goose,6.158916,10.334149
SA04050,sandhill_crane,12.400718,1.58675
SN05079,snow_goose,4.298779,9.540789
SN01502,snow_goose,12.453908,10.551131
SN06471,snow_goose,9.37094,3.450898
SA02980,sandhill_crane,8.83287,1.649803
SA05834,sandhill_crane,12.702621,2.064925
SA05999,sandhill_crane,2.297558,5.527984
SA07646,sandhill_crane,7.400641,5.193971
SA00326,sandhill_crane,12.613727,2.540426
SA04382,sandhill_crane,8.953506,3.03166
SA00677,sandhill_crane,6.284314,4.823792
SN03279,snow_goose,12.998533,12.987666
SA01544,sandhill_crane,6.609284,9.478734
SA06020,sandhill_crane,15.986523,3.89566
SA02301,sandhill_crane,8.60577,2.67452
SA03394,sandhill_crane,6.005209,6.022109
SN02916,snow_goose,12.56949,10.326274
SN05091,snow_goose,5.823097,9.916657
SA04078,sandhill_crane,15.820627,2.708067
SN03468,snow_goose,7.340182,5.271467
SN08769,snow_goose,12.658344,11.574053
SA00541,sandhill_crane,13.356223,13.220839
SN07433,snow_goose,5.451686,9.440983
SN05146,snow_goose,6.198068,4.996994
SA07330,sandhill_crane,8.156336,1.808017
SA09936,sandhill_crane,13.613063,12.219407
SN05255,snow_goose,12.418572,1.665839
SA00549,sandhill_crane,12.724279,2.965237
SN04884,snow_goose,12.35245,1.540445
SN02513,snow_goose,11.640594,2.505081
SN05881,snow_goose,6.121749,10.927092
SA02750,sandhill_crane,5.829561,9.521179
SN00478,snow_goose,16.050966,4.360876
SN01553,snow_goose,4.365733,9.071727
SN08306,snow_goose,13.943219,13.281221
SN08065,snow_goose,8.726251,2.636866
SA02886,sandhill_crane,6.210443,5.326832
SN01700,snow_goose,12.361624,2.502853
SA06920,sandhill_crane,11.281363,2.419858
SN05558,snow_goose,17.113798,4.245956
SN03105,snow_goose,12.678657,3.090288
SA04517,sandhill_crane,5.197519,10.174263
SA02399,sandhill_crane,12.334272,1.598122
SA05739,sandhill_crane,13.489733,12.077882
SN01037,snow_goose,13.335103,10.210353
SN09209,snow_goose,2.571828,4.914091
SA05777,sandhill_crane,13.640472,13.084374
SN01806,snow_goose,8.843886,1.714841
SN07665,snow_goose,5.784203,10.099334
SN01830,snow_goose,4.461589,10.173802
SA03491,sandhill_crane,15.989772,3.357369
SA09479,sandhill_crane,15.354198,3.409407
SA02484,sandhill_crane,5.328776,11.112326
SN03270,snow_goose,14.089125,12.162129
SA05291,sandhill_crane,8.34154,2.342178
SA04992,sandhill_crane,12.128315,11.342131
SA01969,sandhill_crane,6.512923,10.144858
SN02643,snow_goose,14.639423,12.893671
SA01490,sandhill_crane,5.715261,4.979561
SA06213,sandhill_crane,5.524411,6.398205
SA04587,sandhill_crane,5.056882,10.484431
SN07415,snow_goose,6.399898,6.104116
SA09593,sandhill_crane,11.318561,2.766465
SA09763,sandhill_crane,4.930688,10.305491
SA09318,sandhill_crane,5.582327,10.342392
SN01613,snow_goose,8.811569,2.070951
SN07879,snow_goose,3.040813,4.274829
SN02987,snow_goose,11.561115,10.214352
SA04568,sandhill_crane,12.513645,2.651652
SA00705,sandhill_crane,13.978878,13.7409
SN00481,snow_goose,2.379986,4.121598
SN09015,snow_goose,5.937188,6.698828
SN07221,snow_goose,3.283954,5.273484
SA05235,sandhill_crane,8.306137,3.534913
SA03511,sandhill_crane,6.56669,5.310946
SA09177,sandhill_crane,12.200147,10.694907
SN09402,snow_goose,12.670807,2.99466
SA04385,sandhill_crane,16.536908,4.145414
SN05193,snow_goose,11.856921,11.212087
SN02160,snow_goose,2.59244,4.045908
SN06151,snow_goose,12.133701,11.425703
SA00074,sandhill_crane,12.509202,10.739158
SA05182,sandhill_crane,5.318909,9.850515
SA05968,sandhill_crane,2.521086,4.655165
SN04081,snow_goose,9.341451,2.951675
SA06229,sandhill_crane,14.278223,12.210484
SA09748,sandhill_crane,8.570057,2.96981
SN04924,snow_goose,16.751114,3.92921
SA08538,sandhill_crane,11.961253,10.864619
SA09019,sandhill_crane,11.545949,2.089499
SA08894,sandhill_crane,15.949858,3.987347
SA00936,sandhill_crane,12.505514,1.44044
SN07691,snow_goose,6.604912,4.901635
SA07136,sandhill_crane,12.239369,2.119398
SA07152,sandhill_crane,5.50262,9.872841
SN09663,snow_goose,8.452611,2.440271
SN03677,snow_goose,12.649679,2.801253
SN01172,snow_goose,6.687595,5.656314
SN05860,snow_goose,16.774823,2.992794
SN06655,snow_goose,9.318825,3.342928
SA04418,sandhill_crane,12.64273,13.134861
SA07862,sandhill_crane,5.847423,10.459875
SN03807,snow_goose,1.956304,4.835058
SA02941,sandhill_crane,12.477664,11.055944
SA07092,sandhill_crane,6.371935,4.8286
SA06959,sandhill_crane,1.959473,5.669526
SA07948,sandhill_crane,2.034136,5.335837
SN07719,snow_goose,5.755536,10.194389
SN00823,snow_goose,8.413978,2.127865
SA07836,sandhill_crane,2.448021,4.885774
SA05368,sandhill_crane,6.550622,5.499929
SA04002,sandhill_crane,1.423282,6.293418
SA05151,sandhill_crane,2.696879,5.409507
SN00682,snow_goose,16.269906,3.300734
SN03476,snow_goose,8.951332,2.615915
SA04532,sandhill_crane,5.97726,10.221746
SA00491,sandhill_crane,11.017014,9.856406
SA06298,sandhill_crane,16.463716,3.609053
SN09340,snow_goose,5.803981,6.114871
SN04685,snow_goose,12.533307,1.721594
SA08305,sandhill_crane,2.680199,5.838875
SA06223,sandhill_crane,5.097135,10.85023
SN03638,snow_goose,16.892824,3.19663
SN05959,snow_goose,2.708308,4.781745
SN00154,snow_goose,12.843232,10.801144
SN05065,snow_goose,5.116861,10.333021
SA01957,sandhill_crane,12.45034,1.66356
SA09951,sandhill_crane,11.741015,3.164592
SN05723,snow_goose,14.096234,12.829587
SN00636,snow_goose,12.900689,10.820617
SA00255,sandhill_crane,3.214468,5.206618
SA06759,sandhill_crane,8.098385,2.085899
SA05014,sandhill_crane,13.728222,13.45686
SN08333,snow_goose,5.202794,9.652789
SN09283,snow_goose,17.025562,3.348443
SA04680,sandhill_crane,12.710815,10.36712
SA01895,sandhill_crane,5.527229,10.562716
SA08833,sandhill_crane,12.346724,1.893163
SA05634,sandhill_crane,2.098085,5.053077
SA01433,sandhill_crane,13.967482,12.939233
SN05740,snow_goose,11.845044,1.550285
SA09569,sandhill_crane,6.235575,6.078397
SA00435,sandhill_crane,12.462402,11.665045
SA00831,sandhill_crane,5.15523,9.479297
SN08317,snow_goose,9.171091,1.808019
SA02157,sandhill_crane,5.810764,4.923568
SA06787,sandhill_crane,16.895578,3.473243
SN09133,snow_goose,11.807606,10.378904
SA06558,sandhill_crane,9.014747,2.135548
SN01454,snow_goose,6.348675,5.824562
SN04142,snow_goose,14.584743,13.838453
SA02590,sandhill_crane,11.683099,2.24941
SN02613,snow_goose,17.746337,3.890759
SN08126,snow_goose,2.184071,5.754948
SA07775,sandhill_crane,6.10692,5.861389
SN09531,snow_goose,14.004337,13.230111
SA02348,sandhill_crane,6.141088,6.145145
SA01322,sandhill_crane,8.185195,3.488769
SA04341,sandhill_crane,2.81902,4.748004
SN05055,snow_goose,14.463332,12.365473
SA09783,sandhill_crane,5.779425,10.02691
SA08519,sandhill_crane,6.703825,5.587747
SN00238,snow_goose,2.052341,5.826364
SN07738,snow_goose,6.08215,6.527258
SN00496,snow_goose,11.635465,1.937792
SA04574,sandhill_crane,5.85762,5.346489
SA04847,sandhill_crane,14.251214,12.612198
SA06114,sandhill_crane,11.645848,9.792432
SN01115,snow_goose,6.343605,5.489298
SA02222,sandhill_crane,12.017458,2.762837
SA00497,sandhill_crane,16.710506,3.190675
SA00097,sandhill_crane,14.170007,12.327713
SN06989,snow_goose,16.987719,3.228693
SA06526,sandhill_crane,14.081672,13.598833
SN08305,snow_goose,16.427573,3.509393
SA01430,sandhill_crane,2.527259,5.597338
SN03612,snow_goose,16.459686,3.765955
SA08382,sandhill_crane,12.349914,10.776452
SN01215,snow_goose,6.021339,5.940171
SN02193,snow_goose,12.162433,10.783136
SN02104,snow_goose,16.521663,3.604655
SN02436,snow_goose,6.436908,5.396226
SA05302,sandhill_crane,13.322316,2.312662
SN00152,snow_goose,1.633501,4.98769
SA05471,sandhill_crane,6.45288,6.242464
SN01178,snow_goose,6.476356,5.029506
SN04626,snow_goose,12.844627,10.657976
SA05323,sandhill_crane,13.48108,13.249878
SN07966,snow_goose,1.827968,4.299757
SN06021,snow_goose,6.586548,5.966029
SA05780,sandhill_crane,5.626926,5.93264
SN02983,snow_goose,5.507516,9.281534
SA03443,sandhill_crane,15.987632,3.154021
SN02722,snow_goose,9.480914,2.404908
SN06917,snow_goose,8.683664,2.821239
SN03737,snow_goose,16.722976,3.922896
SN01141,snow_goose,14.368649,13.330472
SA02183,sandhill_crane,1.959365,4.824058
SN07996,snow_goose,13.99878,12.771093
SA09825,sandhill_crane,6.179977,5.111143
SA01988,sandhill_crane,12.545802,11.708987
SA03877,sandhill_crane,2.511144,4.979521
SA05784,sandhill_crane,12.166729,10.746215
SN00336,snow_goose,6.339879,5.47448
SN01634,snow_goose,11.880815,10.873821
SN03547,snow_goose,12.228379,13.11886
SN07337,snow_goose,11.876598,11.302829
SA01050,sandhill_crane,2.465456,5.313309
SA05186,sandhill_crane,8.888899,2.92756
SA06107,sandhill_crane,3.158949,5.437359
SN05436,snow_goose,12.485291,10.298507
SA02877,sandhill_crane,16.977677,3.636444
SA08290,sandhill_crane,16.707054,3.800389
SN07667,snow_goose,5.76406,5.239746
SN09258,snow_goose,13.090795,12.975005
SA06538,sandhill_crane,7.682061,2.485839
SA03903,sandhill_crane,8.950368,2.316505
SA02081,sandhill_crane,11.933729,10.675286
SN01608,snow_goose,11.687362,2.329263
SN09606,snow_goose,12.460778,11.641981
SN01778,snow_goose,12.407104,10.203079
SN09702,snow_goose,2.53208,4.834609
SN04430,snow_goose,2.620793,4.593975
SN00180,snow_goose,5.967045,5.763725
SN07043,snow_goose,2.261985,5.336853
SN07434,snow_goose,13.049174,2.959697
SA05602,sandhill_crane,5.982822,9.559519
SN00145,snow_goose,6.634462,5.848409
SN03994,snow_goose,2.741961,4.451537
SN01860,snow_goose,12.277772,10.401344
SN00668,snow_goose,5.483604,5.362581
SA02851,sandhill_crane,8.790292,2.469613
SN07347,snow_goose,8.107683,2.32218
SA02777,sandhill_crane,8.909187,2.48229
SA04445,sandhill_crane,12.22805,10.664946
SA09832,sandhill_crane,14.011043,12.284339
SA09881,sandhill_crane,13.954922,13.201489
SN03925,snow_goose,6.400997,5.951225
SA06118,sandhill_crane,12.48138,1.968405
SN09871,snow_goose,14.173123,13.535967
SA02651,sandhill_crane,11.960616,2.60511
SN08006,snow_goose,13.942095,12.39636
SA06947,sandhill_crane,5.784502,5.104291
SA06336,sandhill_crane,12.977169,10.845668
SA00414,sandhill_crane,13.635453,12.256798
SA04439,sandhill_crane,1.715529,5.02993
SN03515,snow_goose,12.230979,11.479894
SN06915,snow_goose,15.884328,3.000965
SN07257,snow_goose,2.124992,4.326915
SN04426,snow_goose,12.505397,11.221885
SA00313,sandhill_crane,8.338558,2.350178
SN04777,snow_goose,2.461869,5.193244
SA00167,sandhill_crane,5.236201,9.582844
SN02309,snow_goose,13.164894,12.747183
SN09893,snow_goose,5.685079,9.980477
SN01782,snow_goose,6.928749,5.752328
SA07813,sandhill_crane,12.273663,10.882348
SN08862,snow_goose,6.875159,5.030653
SA00946,sandhill_crane,12.567512,11.056551
SN04442,snow_goose,3.029751,5.259932
SN00735,snow_goose,6.299686,4.939069
SA05357,sandhill_crane,8.116011,2.175726
SN08691,snow_goose,13.282349,10.138689
SA05773,sandhill_crane,12.727775,10.568508
SA05553,sandhill_crane,5.08976,10.619831
SN00982,snow_goose,12.922717,11.358399
SA08535,sandhill_crane,12.077705,10.790807
SN08585,snow_goose,5.404121,10.001919
SA03185,sandhill_crane,8.228508,2.75031
SN04553,snow_goose,6.515748,4.947032
SN00626,snow_goose,16.019177,3.265355
SN07590,snow_goose,9.14193,2.556356
SN04802,snow_goose,4.973442,10.745948
SA08200,sandhill_crane,5.10557,10.206177
SN03927,snow_goose,8.767257,2.211538
SN06801,snow_goose,1.861735,5.098197
SA09051,sandhill_crane,16.534883,3.521086
SN00858,snow_goose,13.793543,13.546347
SA08439,sandhill_crane,14.536252,13.121856
SA09434,sandhill_crane,6.04602,4.768338
SN02998,snow_goose,7.490527,2.092213
SA04841,sandhill_crane,11.670292,1.92354
SN04932,snow_goose,6.138053,6.017723
SN06609,snow_goose,5.56947,9.56631
SN04493,snow_goose,12.045673,11.071548
SN07998,snow_goose,14.349798,12.462096
SA04924,sandhill_crane,15.834345,3.405644
SA08988,sandhill_crane,3.152276,4.745067
SN05735,snow_goose,11.423452,10.731147
SN01096,snow_goose,12.273513,11.556032
SN05477,snow_goose,8.836235,1.791439
SA00077,sandhill_crane,11.879454,11.312678
SN05300,snow_goose,6.4127,6.127923
SN00198,snow_goose,8.748513,2.730299
SA05194,sandhill_crane,12.854366,11.037362
SN08479,snow_goose,11.711317,10.708784
SA04243,sandhill_crane,11.674984,10.603858
SN01112,snow_goose,14.347097,13.37788
SN08254,snow_goose,6.029746,10.239392
SA02253,sandhill_crane,5.474303,9.928533
SA05328,sandhill_crane,11.952092,2.977783
SN05564,snow_goose,12.013715,11.176657
SA01318,sandhill_crane,11.398456,11.122315
SN09868,snow_goose,2.57163,5.992285
SA09721,sandhill_crane,16.377338,2.263859
SN09599,snow_goose,13.551852,13.282488
SA03253,sandhill_crane,11.970071,2.797751
SA00306,sandhill_crane,8.044494,3.209193
SA00036,sandhill_crane,12.446167,1.790271
SN02648,snow_goose,1.72707,4.762486
SA09331,sandhill_crane,6.582813,10.506582
SA09160,sandhill_crane,12.686132,10.405573
SN00967,snow_goose,5.789952,9.920237
SA08137,sandhill_crane,6.517587,5.493575
SA02213,sandhill_crane,12.89007,1.707761
SN05349,snow_goose,8.65979,2.733886
SN03765,snow_goose,12.13262,11.197346
SA00786,sandhill_crane,12.311858,10.698395
SA08362,sandhill_crane,2.482544,5.496028
SA07448,sandhill_crane,2.469642,4.644227
SN07974,snow_goose,12.81596,1.698962
SN08541,snow_goose,3.029012,4.837407
SA01134,sandhill_crane,5.741848,5.925824
SA05558,sandhill_crane,1.532307,5.642132
SN03442,snow_goose,15.908939,3.56171
SN03221,snow_goose,8.697996,2.611668
SN03983,snow_goose,9.195764,1.797659
SA08485,sandhill_crane,12.589408,11.004518
SN08914,snow_goose,3.574823,5.356025
SA00085,sandhill_crane,13.37168,12.850392
SA01991,sandhill_crane,5.487715,10.130648
SN09060,snow_goose,6.353281,5.985676
SN04004,snow_goose,12.49126,10.286061
SA00952,sandhill_crane,8.793584,2.036402
SA01798,sandhill_crane,12.358078,10.920273
SA09108,sandhill_crane,12.704175,10.666274
SA02245,sandhill_crane,11.81979,10.619414
SA04686,sandhill_crane,14.187123,12.376027
SN09282,snow_goose,5.959126,5.994162
SA01932,sandhill_crane,15.775961,3.53348
SA02259,sandhill_crane,1.844898,5.230757
SA09068,sandhill_crane,8.755851,2.912968
SA06333,sandhill_crane,4.999597,10.023611
SN00424,snow_goose,2.966012,5.750416
SA08333,sandhill_crane,11.813734,2.346679
SN04993,snow_goose,12.036727,2.159645
SN04038,snow_goose,16.460563,2.760124
SA07536,sandhill_crane,17.502395,3.406209
SN02301,snow_goose,7.840231,2.982505
SA08187,sandhill_crane,13.703841,12.648201
SA00083,sandhill_crane,13.399786,12.829263
SA05978,sandhill_crane,8.470287,2.938759
SN05385,snow_goose,12.247527,10.606795
SN09290,snow_goose,2.179426,5.038765
SN01669,snow_goose,12.445756,2.037301
SN05353,snow_goose,5.427813,10.114756
SN03148,snow_goose,7.050832,4.58905
SA02122,sandhill_crane,12.30022,2.882835
SA08394,sandhill_crane,12.898282,3.257888
SN02128,snow_goose,12.631297,1.781859
SA08979,sandhill_crane,16.115661,3.553218
SN07559,snow_goose,13.811733,12.24184
SA00680,sandhill_crane,11.708835,3.156136
SN08962,snow_goose,11.895644,1.826782
SN01867,snow_goose,5.669483,4.894197
SA03290,sandhill_crane,2.577553,4.741567
SN03253,snow_goose,12.509943,10.540929
SA09257,sandhill_crane,6.009129,10.112416
SN01518,snow_goose,15.954901,3.256964
SA02048,sandhill_crane,1.951631,4.964647
SA00049,sandhill_crane,13.360259,12.679178
SN04124,snow_goose,2.335452,5.582402
SN00107,snow_goose,16.399225,4.114893
SA02830,sandhill_crane,13.381465,13.439194
SA07008,sandhill_crane,12.708529,10.490951
SN08681,snow_goose,8.499339,2.720751
SA04497,sandhill_crane,12.624056,10.632064
SN06032,snow_goose,6.247663,5.616376
SA05155,sandhill_crane,12.159622,10.19559
SA04133,sandhill_crane,14.1994,12.599135
SA06685,sandhill_crane,12.6411,2.049807
SN08311,snow_goose,13.307604,11.890177
SA02418,sandhill_crane,8.276466,2.511737
SN03574,snow_goose,5.936448,10.987583
SA03255,sandhill_crane,8.851757,3.223247
SN00908,snow_goose,12.256604,2.391974
SN04667,snow_goose,14.656887,12.868041
SN09154,snow_goose,5.108742,10.661092
SA03674,sandhill_crane,5.911395,5.290315
SN02190,snow_goose,16.504741,3.905641
SN01275,snow_goose,6.7076,6.181429
SA01307,sandhill_crane,12.874153,10.870505
SA01391,sandhill_crane,11.763941,10.272015
SN08179,snow_goose,6.031703,5.722912
SA06540,sandhill_crane,7.229176,2.724408
SN05460,snow_goose,9.179929,1.906947
SA00281,sandhill_crane,5.887088,9.603528
SN04540,snow_goose,17.063364,2.244828
SN03129,snow_goose,5.644289,10.716328
SA06262,sandhill_crane,13.085691,12.647929
SA02603,sandhill_crane,5.431382,10.340825
SA06889,sandhill_crane,14.00038,12.619444
SA01931,sandhill_crane,17.098692,3.727487
SA01536,sandhill_crane,16.453322,3.530966
SA01227,sandhill_crane,13.243896,12.127853
SN09571,snow_goose,6.004574,5.719235
SN03457,snow_goose,5.77127,9.306411
SN08906,snow_goose,6.115199,9.586764
SN03978,snow_goose,12.4171,10.362903
SA03267,sandhill_crane,6.487389,5.266102
SN09632,snow_goose,13.161055,13.598145
SA09213,sandhill_crane,5.651364,10.589631
SN08556,snow_goose,7.138413,5.544047
SA07719,sandhill_crane,6.413602,5.191502
SA08609,sandhill_crane,3.470516,4.35062
SN02002,snow_goose,6.875599,4.542346
SA05016,sandhill_crane,9.387995,1.529352
SA04554,sandhill_crane,5.288575,9.826746
SN01240,snow_goose,1.707395,4.237852
SA09866,sandhill_crane,15.278889,3.620525
SN07976,snow_goose,8.784814,3.337308
SN03299,snow_goose,4.746663,9.491043
SN06497,snow_goose,14.010441,13.201048
SN00602,snow_goose,13.022674,10.676223
SN01025,snow_goose,8.4088,3.206414
SA08843,sandhill_crane,12.650316,12.617421
SA09947,sandhill_crane,14.790931,12.184416
SN01589,snow_goose,13.520868,13.408983
SN00207,snow_goose,6.85572,5.102885
SN09662,snow_goose,2.679695,3.918459
SA03866,sandhill_crane,2.534067,4.828236
SN02465,snow_goose,3.03302,6.569322
SA06199,sandhill_crane,11.785236,2.793685
SN04046,snow_goose,12.682243,2.053827
SN02122,snow_goose,8.86124,2.348043
SN09080,snow_goose,1.727514,4.938293
SA05994,sandhill_crane,13.700687,14.062232
SN04910,snow_goose,5.539752,10.857666
SA07958,sandhill_crane,1.133751,5.016677
SA09490,sandhill_crane,12.32443,11.233472
SN02740,snow_goose,13.505359,12.429807
SA06607,sandhill_crane,12.565502,2.663278
SN02886,snow_goose,11.824647,2.313215
SA03325,sandhill_crane,13.841254,12.286223
SA00706,sandhill_crane,6.530843,5.728821
SA00146,sandhill_crane,11.964027,3.051615
SA05381,sandhill_crane,12.102417,10.628715
SN03723,snow_goose,6.12726,5.78124
SA07149,sandhill_crane,2.851819,4.190128
SA01760,sandhill_crane,15.447322,12.317343
SA04857,sandhill_crane,15.94771,3.667857
SN05923,snow_goose,4.129964,10.765275
SA08928,sandhill_crane,5.970622,5.538724
SN07790,snow_goose,6.872419,5.94561
SN00159,snow_goose,12.559591,11.072044
SA09239,sandhill_crane,13.529467,12.586689
SA00843,sandhill_crane,11.643385,3.378509
SN02587,snow_goose,2.5063,5.524351
SA09463,sandhill_crane,8.192706,3.194927
SN08697,snow_goose,1.458214,5.445736
SN03342,snow_goose,16.35141,3.206644
SN09758,snow_goose,5.812127,10.025941
SA00276,sandhill_crane,8.661138,2.138215
SA04355,sandhill_crane,9.005551,2.770817
SN04558,snow_goose,2.528707,5.29944
SA01787,sandhill_crane,11.822867,11.216048
SA03078,sandhill_crane,13.380292,2.164189
SA07516,sandhill_crane,14.311431,13.887079
SA05689,sandhill_crane,9.439655,3.192945
SA08140,sandhill_crane,12.144415,11.500005
SA07346,sandhill_crane,12.629832,1.606025
SA02282,sandhill_crane,6.010265,5.728469
SN00797,snow_goose,12.999122,11.41413
SN03995,snow_goose,11.725218,3.121465
SN05668,snow_goose,11.803128,10.441827
SN05187,snow_goose,11.753632,11.162873
SA01246,sandhill_crane,6.003668,4.978257
SA09130,sandhill_crane,16.344362,3.440578
SA04194,sandhill_crane,9.267025,2.698184
SA05680,sandhill_crane,4.869212,9.344994
SN05861,snow_goose,13.43282,11.588491
SN00595,snow_goose,8.439211,3.126393
SN00128,snow_goose,16.108562,3.075498
SA03707,sandhill_crane,6.077587,5.53823
SA09348,sandhill_crane,15.459507,4.00794
SN02666,snow_goose,11.783244,1.639838
SN01817,snow_goose,12.90517,2.097701
SN02010,snow_goose,2.654939,5.244449
SN08420,snow_goose,11.958296,11.279986
SA00889,sandhill_crane,12.031497,3.514777
SA08154,sandhill_crane,14.117285,12.666807
SN07275,snow_goose,15.352418,3.557837
SN05552,snow_goose,11.617362,2.291299
SN07277,snow_goose,2.262979,5.546255
SA00362,sandhill_crane,1.89928,5.408856
SA01333,sandhill_crane,13.035576,12.130102
SN05449,snow_goose,5.121663,9.760908
SN05973,snow_goose,13.970353,13.303338
SA03230,sandhill_crane,13.79627,12.667992
SA01048,sandhill_crane,9.227991,2.582491
SN05690,snow_goose,13.971779,12.664153
SA01078,sandhill_crane,5.796221,9.59251
SN07128,snow_goose,8.732463,2.797052
SA06389,sandhill_crane,13.561664,12.419291
SN05843,snow_goose,13.155559,12.504165
SA05554,sandhill_crane,12.354031,2.837566
SN09681,snow_goose,6.958937,5.845797
SA04087,sandhill_crane,5.568239,6.559562
SN02379,snow_goose,15.764421,3.268352
SN07074,snow_goose,13.462013,12.036103
SN01062,snow_goose,13.731075,12.788496
SN07431,snow_goose,14.288699,12.91473
SN00222,snow_goose,12.305142,11.069765
SN05975,snow_goose,8.444006,2.560631
SN04260,snow_goose,1.381555,5.424033
SN07710,snow_goose,9.33519,2.92007
SN07028,snow_goose,11.8999,1.878193
SA02505,sandhill_crane,12.198931,10.470181
SA09772,sandhill_crane,12.826672,10.869355
SA09993,sandhill_crane,6.25906,5.358365
SA06831,sandhill_crane,6.048302,9.66956
SN00193,snow_goose,12.044706,10.258027
SN07443,snow_goose,15.984415,3.241006
SN04564,snow_goose,12.088734,2.99695
SN04236,snow_goose,8.673391,1.811902
SN02049,snow_goose,6.284044,5.572736
SA04399,sandhill_crane,16.68396,4.564554
SN02480,snow_goose,5.27883,10.567898
SA02586,sandhill_crane,13.222278,10.085606
SA03166,sandhill_crane,12.17228,10.865405
SA05098,sandhill_crane,13.46168,12.431045
SA04389,sandhill_crane,13.666164,12.83803
SN00847,snow_goose,13.426519,12.877545
SN02927,snow_goose,6.493743,9.565122
SN06556,snow_goose,13.907608,12.162974
SA05656,sandhill_crane,13.054179,10.494593
SN03169,snow_goose,12.669054,10.927932
SN07285,snow_goose,6.109714,6.185193
SA08102,sandhill_crane,14.132461,12.585958
SN00924,snow_goose,5.830947,10.010506
SA08755,sandhill_crane,14.669506,13.706259
SA06643,sandhill_crane,2.29785,4.876393
SA01512,sandhill_crane,5.158721,10.070215
SA07359,sandhill_crane,5.970639,6.197742
SA07262,sandhill_crane,13.34164,11.350696
SA00087,sandhill_crane,6.572157,5.84258
SN00035,snow_goose,7.327281,5.128818
SA09211,sandhill_crane,13.742375,12.304865
SA07999,sandhill_crane,14.256275,12.598266
SN06066,snow_goose,5.201167,10.762694
SA04835,sandhill_crane,8.61997,2.206004
SN01263,snow_goose,12.278392,10.565322
SA03910,sandhill_crane,4.615436,10.46185
SN04134,snow_goose,11.124714,1.889813
SA00684,sandhill_crane,1.644328,5.158998
SA08107,sandhill_crane,16.231312,2.687487
SA03940,sandhill_crane,5.29246,9.702237
SA02863,sandhill_crane,8.058224,2.294498
SN02683,snow_goose,12.45751,11.29162
SN01297,snow_goose,5.917263,5.520596
SA09419,sandhill_crane,12.701204,1.831211
SN07403,snow_goose,5.366423,10.885406
SN06768,snow_goose,13.651164,12.654034
SA05752,sandhill_crane,8.303396,2.942676
SN07684,snow_goose,7.052973,5.212637
SN08838,snow_goose,14.057404,13.104139
SN01677,snow_goose,6.032199,5.578188
SN00522,snow_goose,8.966065,2.163892
SN02888,snow_goose,13.670324,13.704111
SA09469,sandhill_crane,5.157267,9.404341
SA08212,sandhill_crane,16.115316,2.928
SN04032,snow_goose,1.694425,4.430262
SA02323,sandhill_crane,11.954182,10.710011
SA05260,sandhill_crane,12.802577,3.233022
SN05136,snow_goose,5.433616,10.31526
SN03616,snow_goose,14.707106,13.044207
SN04480,snow_goose,6.396514,5.966487
SN07081,snow_goose,9.281517,1.168014
SN09442,snow_goose,15.826367,2.76685
SN09078,snow_goose,5.865101,10.015096
SN00856,snow_goose,6.563855,5.768904
SN09763,snow_goose,13.670743,13.019754
SA09283,sandhill_crane,8.720857,2.751985
SA01806,sandhill_crane,11.792126,2.306668
SN08599,snow_goose,6.75467,5.496949
SA04170,sandhill_crane,16.46571,3.403125
SN08993,snow_goose,5.933036,9.284363
SA02749,sandhill_crane,5.98622,10.281104
SN06800,snow_goose,12.642224,11.226748
SN03840,snow_goose,2.582837,5.243278
SA01384,sandhill_crane,12.939282,2.345697
SN05262,snow_goose,12.349302,2.073436
SA01802,sandhill_crane,6.12124,5.807772
SA04461,sandhill_crane,17.525489,3.519366
SN00570,snow_goose,16.705643,3.442521
SA08234,sandhill_crane,5.955487,5.587278
SA03298,sandhill_crane,2.928618,4.707233
SA03250,sandhill_crane,2.139669,5.546348
SA00675,sandhill_crane,16.881522,3.719944
SN07459,snow_goose,2.930181,5.123448
SA04639,sandhill_crane,11.735689,2.584489
SA08722,sandhill_crane,2.68863,5.043643
SN06026,snow_goose,15.458052,3.648673
SA01834,sandhill_crane,6.936308,6.556364
SA00166,sandhill_crane,2.428198,5.048113
SN00649,snow_goose,12.241768,2.586482
SN08080,snow_goose,5.800987,10.306041
SA00293,sandhill_crane,6.279974,10.159053
SA00838,sandhill_crane,9.062009,2.41227
SN02183,snow_goose,12.813514,2.321038
SA00906,sandhill_crane,12.118138,10.827853
SN02489,snow_goose,5.355638,9.492056
SN04700,snow_goose,7.812961,3.026793
SA01953,sandhill_crane,16.82721,3.22961
SA08669,sandhill_crane,17.15615,3.201165
SA01726,sandhill_crane,8.291772,2.238565
SN05403,snow_goose,8.210035,2.111531
SN01526,snow_goose,14.092047,13.19261
SN00996,snow_goose,12.248351,10.209376
SA05384,sandhill_crane,11.735812,2.152765
SN09744,snow_goose,4.984227,10.578427
SA03368,sandhill_crane,8.051198,1.85305
SA07011,sandhill_crane,14.740169,12.570868
SA04359,sandhill_crane,12.666985,13.208767
SN05566,snow_goose,6.270661,5.331826
SN07558,snow_goose,4.56695,11.613208
SA01592,sandhill_crane,12.025823,1.91192
SN07133,snow_goose,15.708717,2.846163
SA01610,sandhill_crane,6.034872,10.630123
SN08449,snow_goose,2.066474,4.140663
SA08058,sandhill_crane,8.962604,1.925007
SA08024,sandhill_crane,2.984659,4.217138
SN06464,snow_goose,6.292547,5.305078
SN04525,snow_goose,16.703273,2.997781
SN03477,snow_goose,8.274371,2.740231
SA09769,sandhill_crane,11.839438,2.487258
SN07340,snow_goose,3.262125,4.976045
SA00285,sandhill_crane,6.081096,5.562453
SN05811,snow_goose,12.938282,2.535069
SN08995,snow_goose,14.519254,13.987631
SA01168,sandhill_crane,5.312577,9.4666
SA02890,sandhill_crane,6.308756,6.677363
SN00335,snow_goose,12.916964,12.603442
SN09366,snow_goose,8.793068,2.480513
SN01359,snow_goose,4.969729,10.837884
SN03750,snow_goose,13.809357,13.626869
SN04737,snow_goose,12.635001,2.467178
SA05700,sandhill_crane,2.769986,4.39634
SA09109,sandhill_crane,12.374533,11.792445
SN07489,snow_goose,6.297451,6.253102
SA04832,sandhill_crane,5.252891,10.774945
SN04103,snow_goose,2.380746,4.573758
SA04042,sandhill_crane,2.723463,4.350284
SA00558,sandhill_crane,11.808108,11.320172
SA08527,sandhill_crane,15.721296,3.088839
SN08357,snow_goose,13.497099,12.682936
SA02711,sandhill_crane,16.058994,3.330167
SA02684,sandhill_crane,5.158272,10.187157
SA08190,sandhill_crane,5.177669,9.997537
SA05364,sandhill_crane,8.764869,1.923948
SA09378,sandhill_crane,9.249906,2.685391
SA03745,sandhill_crane,8.646774,2.567594
SA09774,sandhill_crane,16.522437,4.276253
SA02741,sandhill_crane,11.447985,2.868681
SA09551,sandhill_crane,8.229755,1.70364
SN09322,snow_goose,2.530286,5.618644
SN06353,snow_goose,16.816446,2.967866
SA02373,sandhill_crane,13.882857,12.85704
SA06838,sandhill_crane,6.219815,10.33631
SA04363,sandhill_crane,15.842579,4.115218
SA08262,sandhill_crane,12.245158,2.49994
SA00070,sandhill_crane,12.608016,10.864959
SN03834,snow_goose,16.478609,2.728392
SA09894,sandhill_crane,7.087261,5.571653
SA07059,sandhill_crane,16.141391,3.549561
SA02571,sandhill_crane,12.225473,11.437353
SA09822,sandhill_crane,6.867182,4.283679
SA09722,sandhill_crane,2.693462,5.745775
SA08496,sandhill_crane,12.597581,4.120916
SN09950,snow_goose,8.271004,2.350678
SA00088,sandhill_crane,5.485469,10.229725
SA04548,sandhill_crane,2.033843,5.197822
SN09127,snow_goose,9.122915,2.511819
SN05597,snow_goose,12.216994,2.041266
SN02661,snow_goose,6.604513,5.349555
SA00814,sandhill_crane,16.23646,3.103842
SN05608,snow_goose,12.449954,10.205216
SN01614,snow_goose,13.174626,13.14978
SA09668,sandhill_crane,5.660401,5.207739
SA02930,sandhill_crane,5.414355,10.270314
SA04483,sandhill_crane,16.834522,3.926489
SN02995,snow_goose,2.541123,6.882159
SA00245,sandhill_crane,13.187951,12.905442
SA01377,sandhill_crane,8.107246,2.557609
SN03371,snow_goose,12.454817,1.806239
SA09934,sandhill_crane,8.057081,2.396373
SA09268,sandhill_crane,1.575441,4.475174
SN07286,snow_goose,7.739622,3.559017
SA04906,sandhill_crane,12.740341,2.218799
SA03436,sandhill_crane,6.924917,6.068313
SN08550,snow_goose,6.135223,6.011721
SA00793,sandhill_crane,2.181818,5.227681
SA08478,sandhill_crane,16.751476,4.043861
SN00832,snow_goose,8.406711,3.03616
SN01808,snow_goose,8.834003,1.992659
SN08843,snow_goose,13.548845,12.876932
SN03398,snow_goose,9.027463,2.82474
SA09480,sandhill_crane,12.238359,2.490524
SN07381,snow_goose,6.068398,6.199519
SA05020,sandhill_crane,12.636456,10.806031
SA05803,sandhill_crane,12.362503,10.34995
SN05691,snow_goose,2.149428,5.401604
SA07453,sandhill_crane,5.087562,9.833492
SN01826,snow_goose,5.983579,10.354337
SN00328,snow_goose,7.285329,5.277771
SN04123,snow_goose,14.144497,12.693391
SA07165,sandhill_crane,12.486294,10.656094
SN08396,snow_goose,6.67896,6.104529
SA04326,sandhill_crane,12.869969,10.826898
SA03319,sandhill_crane,16.228647,2.962368
SN00320,snow_goose,13.415179,13.137243
SA09597,sandhill_crane,13.263177,13.391568
SA08042,sandhill_crane,6.749684,5.683517
SN02453,snow_goose,5.159911,11.367625
SA09222,sandhill_crane,13.040601,2.126794
SN00853,snow_goose,13.039044,13.121421
SN03216,snow_goose,16.702639,3.158115
SN04121,snow_goose,6.239865,5.383097
SN03313,snow_goose,13.868581,12.415075
SN06357,snow_goose,9.032654,2.680774
SN02614,snow_goose,16.492487,3.610175
SA09167,sandhill_crane,5.489978,10.157801
SA00573,sandhill_crane,6.146637,10.15345
SA01524,sandhill_crane,1.947856,5.19484
SN03225,snow_goose,12.651267,10.594537
SA00102,sandhill_crane,12.658012,11.008875
SA05616,sandhill_crane,12.234061,1.177901
SN00032,snow_goose,6.689651,5.265428
SN06889,snow_goose,1.448907,5.35816
SA00044,sandhill_crane,14.066414,13.619487
SN09754,snow_goose,7.385281,5.567402
SA09487,sandhill_crane,2.205829,5.567718
SA07461,sandhill_crane,6.379887,5.735457
SN01650,snow_goose,7.88069,2.906023
SA05958,sandhill_crane,14.18218,13.049314
SN08752,snow_goose,5.505384,10.334383
SA03271,sandhill_crane,16.351574,2.684669
SN01751,snow_goose,1.906783,5.005757
SN03813,snow_goose,12.084428,10.727368
SN06331,snow_goose,11.951587,2.269482
SN09622,snow_goose,15.883154,2.387275
SA07490,sandhill_crane,9.883277,2.490464
SA02768,sandhill_crane,11.946051,2.279106
SN04290,snow_goose,2.42542,4.482432
SA01688,sandhill_crane,5.338435,9.914989
SN02475,snow_goose,12.454466,11.627826
SN02500,snow_goose,5.644831,9.67441
SN03862,snow_goose,14.074405,11.904277
SA08815,sandhill_crane,3.365626,5.999196
SA07168,sandhill_crane,12.532153,2.172743
SA08869,sandhill_crane,5.550107,10.681869
SA05652,sandhill_crane,13.474808,11.736207
SN08547,snow_goose,8.690288,2.090559
SN04781,snow_goose,13.718424,13.132472
SN06717,snow_goose,16.77062,3.286669
SA09933,sandhill_crane,14.233616,13.59885
SN05240,snow_goose,6.208602,5.415273
SN01757,snow_goose,12.596544,10.670428
SN07251,snow_goose,12.110815,10.233289
SN08046,snow_goose,16.046681,3.089485
SN01367,snow_goose,11.954378,9.750936
SN07989,snow_goose,14.15737,12.273654
SN04912,snow_goose,12.861386,13.029168
SN07207,snow_goose,6.157668,9.612034
SN05598,snow_goose,13.011334,10.932194
SA07257,sandhill_crane,13.945907,13.529348
SN00484,snow_goose,9.005272,1.712224
SA07261,sandhill_crane,2.001886,5.259159
SN05112,snow_goose,8.898697,2.822743
SN07237,snow_goose,11.896068,3.456965
SA05066,sandhill_crane,16.413391,3.002264
SA08522,sandhill_crane,5.322001,9.649455
SA07565,sandhill_crane,12.316357,3.30753
SA08367,sandhill_crane,12.497529,11.129589
SN04980,snow_goose,2.92372,4.647049
SA03749,sandhill_crane,14.408451,12.97576
SA01396,sandhill_crane,13.736954,12.504989
SA09410,sandhill_crane,11.729902,2.736302
SN09732,snow_goose,11.264804,10.30147
SA01826,sandhill_crane,11.907114,1.625318
SA06677,sandhill_crane,14.096986,12.571317
SA03091,sandhill_crane,6.497894,5.895918
SN07140,snow_goose,8.559522,2.483193
SN01717,snow_goose,2.451378,5.554141
SN03185,snow_goose,13.273625,12.48509
SA09932,sandhill_crane,5.738367,9.290433
SN09362,snow_goose,8.034618,2.760496
SN04657,snow_goose,5.247288,9.477473
SA06624,sandhill_crane,8.563273,1.794559
SA06417,sandhill_crane,12.447965,10.073053
SA05416,sandhill_crane,2.476584,6.007159
SA09309,sandhill_crane,5.936396,9.744183
SN07695,snow_goose,12.170701,10.468749
SA07209,sandhill_crane,5.888628,5.688365
SA01542,sandhill_crane,16.850275,2.772106
SA04093,sandhill_crane,1.835647,5.622974
SN06856,snow_goose,11.597426,2.943142
SA06884,sandhill_crane,12.299638,10.561423
SN07728,snow_goose,11.985906,3.056724
SN06388,snow_goose,8.294269,3.509937
SA07164,sandhill_crane,8.809888,2.822377
SN09364,snow_goose,13.557295,13.094505
SA01887,sandhill_crane,9.856934,2.09529
SA06335,sandhill_crane,16.106778,3.68258
SA02901,sandhill_crane,12.436465,11.420993
SA01589,sandhill_crane,13.637139,12.497382
SN00796,snow_goose,13.048272,1.479075
SN01940,snow_goose,12.474691,2.728555
SA01302,sandhill_crane,6.908018,5.128393
SN06966,snow_goose,6.811188,5.456467
SN00075,snow_goose,5.533857,10.586327
SA00466,sandhill_crane,6.211719,5.953652
SA01444,sandhill_crane,5.15444,10.176839
SA07687,sandhill_crane,6.13064,9.784511
SN09671,snow_goose,7.937139,2.38817
SA07780,sandhill_crane,16.092413,4.004374
SN02009,snow_goose,7.162753,5.976424
SN06309,snow_goose,4.913499,10.926398
SA04495,sandhill_crane,8.766904,2.363717
SA00823,sandhill_crane,2.225442,4.908707
SN01074,snow_goose,2.021844,4.542101
SN02972,snow_goose,2.884456,5.957062
SA01517,sandhill_crane,5.800655,6.106284
SA08373,sandhill_crane,6.007936,5.90465
SN01127,snow_goose,7.192057,5.04697
SA09969,sandhill_crane,6.782763,10.274622
SA02357,sandhill_crane,8.511116,1.9373
SA02618,sandhill_crane,13.86759,13.94601
SA05647,sandhill_crane,5.004705,10.064371
SN00438,snow_goose,12.435247,11.086889
SN08566,snow_goose,5.841613,9.744585
SN09106,snow_goose,6.537748,5.735867
SA06533,sandhill_crane,2.947904,5.348049
SA08489,sandhill_crane,16.264434,3.339131
SA09110,sandhill_crane,14.477959,13.196481
SA02444,sandhill_crane,6.139939,5.473885
SA08706,sandhill_crane,2.652183,6.218451
SN03344,snow_goose,5.070557,10.676889
SA06702,sandhill_crane,16.840599,3.64566
SN07742,snow_goose,12.304062,10.168952
SA04802,sandhill_crane,4.874862,11.353984
SA02314,sandhill_crane,5.477228,4.948918
SN00024,snow_goose,12.415929,2.179556
SA09862,sandhill_crane,12.205543,2.446192
SN04092,snow_goose,2.455793,4.464246
SA00141,sandhill_crane,15.950416,3.589294
SN09441,snow_goose,12.461054,1.900645
SA09384,sandhill_crane,5.560772,9.511818
SN04327,snow_goose,16.129402,3.410613
SA05928,sandhill_crane,12.243079,3.909592
SN05737,snow_goose,5.469028,9.943192
SA02452,sandhill_crane,13.608306,12.319298
SN06130,snow_goose,2.452359,4.380321
SA08963,sandhill_crane,5.883037,10.517798
SN01979,snow_goose,13.684093,14.073063
SN02574,snow_goose,6.068609,5.843746
SA08014,sandhill_crane,1.710736,4.780457
SN01496,snow_goose,14.018843,12.587389
SA03990,sandhill_crane,13.520042,13.67663
SN08742,snow_goose,2.837787,4.216485
SA04962,sandhill_crane,2.177687,5.265415
SN05191,snow_goose,13.061842,13.514276
SA08523,sandhill_crane,6.066492,10.243361
SA03274,sandhill_crane,11.481899,1.512491
SA08770,sandhill_crane,8.081085,2.985988
SA07450,sandhill_crane,12.735361,10.968391
SN00984,snow_goose,6.724504,4.901021
SN08131,snow_goose,15.982528,3.599062
SA05836,sandhill_crane,5.741845,5.139229
SA02685,sandhill_crane,5.732976,5.925997
SA01358,sandhill_crane,6.336579,4.535455
SN05802,snow_goose,13.840108,13.691432
SA06595,sandhill_crane,5.939377,6.210736
SN04885,snow_goose,13.908068,12.952926
SA08124,sandhill_crane,2.422261,4.352223
SN06073,snow_goose,6.505286,6.184107
SA03432,sandhill_crane,13.511654,12.970832
SN09311,snow_goose,6.424391,5.333789
SN09032,snow_goose,13.593058,10.746922
SN09791,snow_goose,13.239556,12.819859
SN00402,snow_goose,11.964654,9.780544
SA06399,sandhill_crane,8.392699,2.605562
SN07201,snow_goose,16.73964,2.97392
SN07227,snow_goose,14.521837,13.042805
SA04926,sandhill_crane,12.406881,2.78535
SA01663,sandhill_crane,5.430415,10.607903
SN03996,snow_goose,11.853424,10.448609
SA03759,sandhill_crane,11.460087,2.782911
SA08725,sandhill_crane,13.535699,13.062046
SA02336,sandhill_crane,12.857883,11.491882
SN02778,snow_goose,6.194533,5.103733
SN03654,snow_goose,4.679226,10.145951
SA00244,sandhill_crane,12.922859,1.644202
SN02999,snow_goose,5.849747,5.575136
SA03172,sandhill_crane,11.962906,10.688939
SA06778,sandhill_crane,2.978002,5.033938
SA09435,sandhill_crane,6.126876,5.620396
SN08491,snow_goose,6.785949,4.955695
SA03270,sandhill_crane,12.983804,10.625088
SN09963,snow_goose,11.427366,10.178925
SN07717,snow_goose,2.175213,5.380103
SA09771,sandhill_crane,16.258118,3.445553
SN08382,snow_goose,11.974591,10.580329
SA02215,sandhill_crane,5.598456,9.03557
SN03569,snow_goose,4.481064,9.88711
SN02494,snow_goose,8.317253,2.697554
SA05401,sandhill_crane,6.336412,5.473154
SN00041,snow_goose,3.545624,4.926102
SA04567,sandhill_crane,12.395242,3.000994
SA02828,sandhill_crane,5.824103,5.214039
SN04054,snow_goose,6.363316,9.075784
SN05450,snow_goose,6.75746,5.764907
SN06678,snow_goose,4.983833,9.62769
SA06847,sandhill_crane,7.912545,2.995966
SN05035,snow_goose,3.115128,4.89065
SN09773,snow_goose,14.628459,12.693867
SN01587,snow_goose,12.792799,13.29291
SN06150,snow_goose,1.784791,5.244188
SN02039,snow_goose,15.032331,13.364897
SA05079,sandhill_crane,11.711081,2.023556
SA05152,sandhill_crane,12.053709,9.81043
SN04431,snow_goose,12.225792,2.650309
SA02889,sandhill_crane,12.284953,12.305703
SN02083,snow_goose,2.636595,5.85933
SA01346,sandhill_crane,16.752214,2.528346
SN01054,snow_goose,12.842418,11.627133
SA02395,sandhill_crane,16.291258,3.573047
SN04174,snow_goose,15.715698,3.877971
SN09384,snow_goose,17.017437,3.311315
SA08177,sandhill_crane,8.654418,2.530577
SN00407,snow_goose,12.864425,10.831338
SN00108,snow_goose,1.952692,6.06241
SN03052,snow_goose,1.582545,5.057946
SN08248,snow_goose,11.822738,2.183713
SN05529,snow_goose,16.605739,3.143383
SN05270,snow_goose,12.593952,2.843894
SN04639,snow_goose,14.133526,12.548168
SA05603,sandhill_crane,15.901358,4.209092
SA02249,sandhill_crane,12.357528,11.1197
SA08626,sandhill_crane,14.047514,12.448515
SN01135,snow_goose,12.503233,2.416747
SN04318,snow_goose,14.136151,13.322726
SA03964,sandhill_crane,16.735479,2.604316
SN02000,snow_goose,16.711471,2.615125
SA08849,sandhill_crane,2.267056,5.961244
SA00668,sandhill_crane,13.922825,13.545826
SA08418,sandhill_crane,6.377553,5.419614
SN00374,snow_goose,6.616571,5.376815
SN01351,snow_goose,12.086905,10.844626
SN03069,snow_goose,2.403422,5.140959
SA07961,sandhill_crane,13.269711,13.003901
SN01052,snow_goose,2.255022,4.98808
SN02280,snow_goose,7.261694,5.433079
SA01115,sandhill_crane,5.224608,10.662491
SN00902,snow_goose,11.948684,2.704744
SN05130,snow_goose,7.162139,4.835579
SA09516,sandhill_crane,15.044508,3.482116
SA07098,sandhill_crane,8.207959,2.308115
SA08704,sandhill_crane,12.854746,3.025011
SN01978,snow_goose,12.539231,11.592753
SN04170,snow_goose,12.104072,11.617987
SA06786,sandhill_crane,16.247149,3.088641
SN01107,snow_goose,4.801573,10.394107
SA08783,sandhill_crane,12.777889,2.308561
SN06949,snow_goose,7.591907,5.316807
SA06509,sandhill_crane,4.763335,10.165515
SA04338,sandhill_crane,6.011348,10.135881
SA03622,sandhill_crane,1.628607,4.448514
SA07792,sandhill_crane,11.926551,9.808135
SN05548,snow_goose,11.799263,2.87575
SA05842,sandhill_crane,2.416492,4.948956
SA08679,sandhill_crane,3.01474,4.857071
SN05949,snow_goose,12.340058,10.372781
SA06349,sandhill_crane,13.150548,12.9857
SN07785,snow_goose,12.693769,10.258348
SN02624,snow_goose,6.463223,4.445052
SN04494,snow_goose,9.255911,2.248605
SA06057,sandhill_crane,6.87814,5.070539
SA09855,sandhill_crane,9.15625,1.703297
SA05736,sandhill_crane,9.303711,2.259828
SN02912,snow_goose,9.189558,3.025436
SN06362,snow_goose,13.194846,10.861523
SN01799,snow_goose,12.907987,2.124683
SN08469,snow_goose,9.306808,1.842274
SA05245,sandhill_crane,8.31788,1.780425
SA09831,sandhill_crane,12.295089,9.552037
SA07860,sandhill_crane,13.326971,12.843663
SA02252,sandhill_crane,12.457731,2.281493
SN01398,snow_goose,16.588348,2.656396
SA00816,sandhill_crane,13.106314,2.247403
SA00966,sandhill_crane,15.962231,2.942481
SN03368,snow_goose,6.462919,9.576437
SA02015,sandhill_crane,15.675932,3.487343
SA07342,sandhill_crane,16.226298,2.928138
SN02392,snow_goose,5.807683,11.31093
SA04800,sandhill_crane,12.508651,2.081644
SN02254,snow_goose,9.242268,2.593183
SN04204,snow_goose,2.90062,5.156559
SN06113,snow_goose,2.708959,5.655541
SN04517,snow_goose,16.474186,3.099252
SA09307,sandhill_crane,11.989959,11.233913
SN02164,snow_goose,13.474561,12.969495
SN04021,snow_goose,5.006153,9.982728
SA04627,sandhill_crane,11.204698,10.595756
SN09657,snow_goose,12.545294,1.909639
SN08402,snow_goose,5.552061,10.405595
SA01321,sandhill_crane,13.919968,12.297881
SA03543,sandhill_crane,6.614652,5.195982
SN02765,snow_goose,6.321524,5.442332
SA05441,sandhill_crane,11.925539,10.295654
SA06605,sandhill_crane,12.785468,2.57057
SN08009,snow_goose,5.169727,11.28476
SA05668,sandhill_crane,14.145674,13.570969
SN01182,snow_goose,13.673143,12.53878
SN06763,snow_goose,13.828457,12.779103
SA03814,sandhill_crane,8.231823,2.058331
SN07521,snow_goose,8.057061,2.104755
SN02631,snow_goose,2.899533,5.092322
SN00907,snow_goose,12.279998,2.858681
SN04634,snow_goose,2.204744,5.191564
SA03242,sandhill_crane,12.987689,11.534148
SN00242,snow_goose,6.140349,10.658451
SA03208,sandhill_crane,12.03587,9.859473
SN08338,snow_goose,14.325988,11.073067
SN00818,snow_goose,6.948807,6.197998
SN03439,snow_goose,8.593579,2.483382
SN05730,snow_goose,4.801881,9.718262
SN01545,snow_goose,2.463991,4.920073
SA01910,sandhill_crane,1.485239,4.931174
SN02787,snow_goose,12.808771,3.463241
SA04072,sandhill_crane,13.542925,13.192031
SN00353,snow_goose,2.369276,4.752073
SN04783,snow_goose,6.004748,5.332333
SA07302,sandhill_crane,16.19443,2.873975
SN01308,snow_goose,14.180763,13.276182
SA08051,sandhill_crane,6.933952,5.597807
SA05331,sandhill_crane,3.310331,4.718679
SN06598,snow_goose,2.581755,4.980136
SN06092,snow_goose,13.666323,12.30497
SA04468,sandhill_crane,2.952777,5.232736
SA02358,sandhill_crane,2.574971,4.346452
SA01124,sandhill_crane,15.850519,2.899895
SN03031,snow_goose,8.817635,2.628895
SN09841,snow_goose,13.041982,10.3312
SA00030,sandhill_crane,15.976243,2.746825
SA01682,sandhill_crane,11.85205,2.26522
SN08837,snow_goose,1.974423,3.94272
SN00844,snow_goose,13.28009,12.49112
SN03264,snow_goose,5.46776,5.726663
SA03534,sandhill_crane,12.647111,11.15531
SN00476,snow_goose,7.254258,2.331656
SN06910,snow_goose,1.916567,5.051523
SA01220,sandhill_crane,6.584571,10.713365
SN01924,snow_goose,5.795193,5.686189
SA03538,sandhill_crane,13.792408,12.644917
SA02808,sandhill_crane,16.739345,2.857098
SN03112,snow_goose,6.032965,6.086989
SN03094,snow_goose,6.719084,5.825242
SN02719,snow_goose,5.954046,10.736033
SA05362,sandhill_crane,14.433401,12.79216
SA03838,sandhill_crane,11.912244,10.770313
SA08185,sandhill_crane,8.64793,2.826066
SA08017,sandhill_crane,8.528459,2.198885
SA05628,sandhill_crane,1.687567,5.862452
SN08773,snow_goose,2.334073,5.41121
SN09995,snow_goose,8.141395,2.494491
SA04437,sandhill_crane,8.843625,2.711609
SA05864,sandhill_crane,5.830157,10.135042
SA00588,sandhill_crane,7.055365,4.879657
SN05783,snow_goose,11.996846,10.989336
SA00335,sandhill_crane,5.521158,9.66272
SA06842,sandhill_crane,6.114528,10.986267
SA05956,sandhill_crane,14.532324,13.360834
SN06599,snow_goose,12.407316,11.172248
SA07563,sandhill_crane,6.225071,5.019877
SA02769,sandhill_crane,6.307218,4.856867
SN04513,snow_goose,5.522012,9.779565
SN09937,snow_goose,12.453531,10.748076
SA01918,sandhill_crane,5.949452,5.958022
SN02418,snow_goose,2.310992,5.927785
SA06931,sandhill_crane,12.386001,2.247851
SA02891,sandhill_crane,5.66874,10.202975
SN06709,snow_goose,13.679676,13.188559
SA00519,sandhill_crane,2.383444,5.293635
SA03772,sandhill_crane,2.681707,5.243188
SA05175,sandhill_crane,9.398613,2.682154
SN08143,snow_goose,12.121588,11.188955
SA00266,sandhill_crane,16.376447,3.338777
SN03836,snow_goose,16.702291,4.06845
SA05024,sandhill_crane,7.631451,5.97525
SA06698,sandhill_crane,8.220034,2.267442
SA09133,sandhill_crane,5.902399,6.246869
SN08138,snow_goose,13.601727,12.728708
SN00886,snow_goose,6.290059,6.925352
SN03372,snow_goose,9.493778,1.561319
SN00036,snow_goose,8.775332,2.847144
SA01898,sandhill_crane,12.699386,10.434986
SA03067,sandhill_crane,12.62226,11.091554
SN03967,snow_goose,9.072569,2.867967
SN06810,snow_goose,12.534517,2.122806
SA05252,sandhill_crane,13.009312,11.231362
SA07065,sandhill_crane,12.287724,10.532
SA07655,sandhill_crane,9.79494,2.662801
SA06674,sandhill_crane,15.7821,2.779339
SA08718,sandhill_crane,8.825665,2.320216
SN09527,snow_goose,12.65142,2.55439
SN03219,snow_goose,13.711139,13.577537
SN09069,snow_goose,13.402415,13.164363
SA07790,sandhill_crane,2.215972,4.605084
SN00559,snow_goose,13.459344,13.435181
SA04300,sandhill_crane,16.586785,3.616545
SA04178,sandhill_crane,14.162204,12.156689
SA00594,sandhill_crane,8.937345,1.803766
SN07835,snow_goose,12.768315,11.018828
SN06007,snow_goose,12.395368,3.177102
SN00331,snow_goose,13.861567,12.497423
SA00488,sandhill_crane,11.916402,1.665595
SN02770,snow_goose,2.248718,4.940092
SA04221,sandhill_crane,12.751898,10.475877
SA05538,sandhill_crane,4.496309,10.067301
SN05747,snow_goose,12.419322,2.174065
SN03245,snow_goose,4.738261,10.067464
SA07933,sandhill_crane,8.975908,3.06557
SA05690,sandhill_crane,9.508945,2.384743
SA08691,sandhill_crane,8.368541,2.772198
SN09821,snow_goose,12.384302,2.921262
SA06235,sandhill_crane,5.439162,9.834839
SA05292,sandhill_crane,14.180984,12.836967
SA07740,sandhill_crane,5.820558,10.531337
SN04875,snow_goose,6.012311,6.031867
SN08003,snow_goose,13.523775,13.01318
SN00859,snow_goose,15.63574,3.168167
SN03205,snow_goose,13.810636,11.963674
SN01415,snow_goose,13.054569,11.939443
SN05862,snow_goose,11.91572,9.888851
SA00018,sandhill_crane,6.391958,9.504152
SA08559,sandhill_crane,15.487734,2.500175
SN01952,snow_goose,5.246371,9.751391
SN04165,snow_goose,16.341965,3.709542
SA08577,sandhill_crane,12.39668,1.636177
SA08699,sandhill_crane,6.362963,9.788501
SA00847,sandhill_crane,9.151532,2.229659
SA08404,sandhill_crane,6.593164,6.034459
SN00968,snow_goose,13.614817,13.090273
SA05309,sandhill_crane,13.910787,13.023209
SN08050,snow_goose,6.180462,6.033672
SA00515,sandhill_crane,12.443883,10.513831
SN05027,snow_goose,12.017656,10.862308
SA06013,sandhill_crane,16.28364,3.720884
SA06339,sandhill_crane,5.865671,9.213423
SA05970,sandhill_crane,11.668139,10.894373
SN07411,snow_goose,2.696704,5.365738
SN03845,snow_goose,8.176772,2.18843
SN00571,snow_goose,13.495134,13.002782
SN00769,snow_goose,7.286625,6.363268
SA09132,sandhill_crane,7.094507,5.477769
SN02943,snow_goose,11.489333,10.531009
SN08172,snow_goose,5.497405,9.603745
SN06577,snow_goose,5.110828,8.966156
SN01801,snow_goose,6.983766,5.923227
SN03878,snow_goose,6.196912,5.956051
SA09354,sandhill_crane,9.160466,2.169166
SA03790,sandhill_crane,12.513544,2.888441
SA06397,sandhill_crane,16.560957,3.245162
SN03381,snow_goose,11.874492,10.844003
SN03882,snow_goose,13.268063,11.568558
SN03893,snow_goose,2.647516,5.126498
SA06616,sandhill_crane,2.875218,4.762948
SA03874,sandhill_crane,14.281539,12.780522
SN06819,snow_goose,8.634109,2.191547
SA08684,sandhill_crane,3.030051,4.382654
SA03164,sandhill_crane,13.022865,13.076555
SA07134,sandhill_crane,12.40124,10.978355
SA06305,sandhill_crane,1.432291,5.253229
SA09761,sandhill_crane,2.389756,4.999473
SA00502,sandhill_crane,3.142296,6.133634
SN04665,snow_goose,12.69674,11.048884
SN01651,snow_goose,7.143055,2.218069
SA09036,sandhill_crane,6.197107,10.176514
SA06599,sandhill_crane,16.285558,2.466436
SN00564,snow_goose,1.652628,4.73333
SN07907,snow_goose,2.375878,4.714883
SN02376,snow_goose,13.611632,13.308351
SA09710,sandhill_crane,14.004967,12.942491
SN06707,snow_goose,8.635323,2.155245
SA04566,sandhill_crane,14.372155,13.046325
SN09822,snow_goose,8.868751,2.821508
SN03609,snow_goose,9.4895,2.734026
SN02139,snow_goose,12.304522,9.580446
SN08337,snow_goose,12.319251,2.295584
SN09055,snow_goose,8.000004,1.962968
SA00004,sandhill_crane,2.902967,4.709752
SN08395,snow_goose,17.234525,3.257978
SN05242,snow_goose,14.002365,13.021484
SA04214,sandhill_crane,2.759115,4.446044
SA03951,sandhill_crane,13.933574,12.030541
SN05332,snow_goose,6.743572,6.034007
SN06956,snow_goose,13.178433,13.454218
SA06547,sandhill_crane,9.02007,2.831652
SN02006,snow_goose,6.570825,6.542345
SA00154,sandhill_crane,16.196651,3.238387
SN04212,snow_goose,12.221339,2.302144
SN09853,snow_goose,2.4382,5.821522
SA03922,sandhill_crane,14.156442,12.010991
SN07486,snow_goose,17.171412,3.522191
SN07397,snow_goose,16.703527,2.631142
SN02815,snow_goose,2.511135,5.598894
SA06820,sandhill_crane,7.070433,4.782364
SA04698,sandhill_crane,13.356334,12.860436
SA01306,sandhill_crane,12.653713,9.964468
SN08987,snow_goose,3.026517,5.349921
SA07771,sandhill_crane,6.184253,5.827599
SA05565,sandhill_crane,2.324843,6.659228
SN00997,snow_goose,13.366699,12.494023
SN01255,snow_goose,5.570416,10.065878
SA03728,sandhill_crane,8.562488,2.439918
SN06371,snow_goose,11.950013,2.444846
SN04858,snow_goose,6.334696,10.245036
SN06185,snow_goose,12.923333,2.537829
SN08825,snow_goose,12.100201,10.683529
SN03348,snow_goose,15.460164,3.416987
SA02124,sandhill_crane,11.82533,10.564213
SA06209,sandhill_crane,8.631814,2.801104
SA01920,sandhill_crane,6.687809,5.836868
SN08984,snow_goose,9.233325,2.838084
SA07405,sandhill_crane,8.775687,2.397398
SA03112,sandhill_crane,2.901727,4.952747
SN06408,snow_goose,2.654619,5.235952
SN04144,snow_goose,12.006541,2.19327
SA09971,sandhill_crane,2.378395,5.000786
SN00256,snow_goose,14.047578,12.523982
SA09602,sandhill_crane,12.465633,10.415341
SN03285,snow_goose,13.633345,13.661735
SA05523,sandhill_crane,17.277303,3.98607
SA05406,sandhill_crane,2.598915,5.723033
SN09256,snow_goose,6.388774,4.761743
SA08410,sandhill_crane,13.301005,10.866908
SA06401,sandhill_crane,6.816238,5.352803
SA07020,sandhill_crane,6.090617,5.759323
SA04514,sandhill_crane,13.782031,12.993483
SN01996,snow_goose,6.041009,10.458742
SN09592,snow_goose,12.037603,2.300378
SA08541,sandhill_crane,12.198739,10.596106
SA05453,sandhill_crane,5.761044,10.130806
SA09991,sandhill_crane,2.606611,4.737861
SN01180,snow_goose,11.727853,2.225397
SN05659,snow_goose,6.863006,5.580104
SA09985,sandhill_crane,9.489177,2.535806
SA00513,sandhill_crane,13.330597,12.748488
SA09546,sandhill_crane,8.281289,3.34512
SA01035,sandhill_crane,2.87091,5.316778
SA05072,sandhill_crane,17.027985,3.092233
SA00955,sandhill_crane,2.402369,5.508446
SA01052,sandhill_crane,16.477668,3.464911
SN00209,snow_goose,12.215341,3.394661
SA07418,sandhill_crane,16.220342,3.313318
SN08374,snow_goose,12.176048,10.748447
SA03161,sandhill_crane,2.81886,5.137083
SN08756,snow_goose,2.451587,4.757695
SN01067,snow_goose,2.372209,5.15066
SA09475,sandhill_crane,5.34889,9.882509
SA01703,sandhill_crane,8.556943,3.227729
SN04810,snow_goose,9.414354,2.525618
SN09674,snow_goose,5.956749,5.693154
SA07018,sandhill_crane,8.71757,2.919302
SA04851,sandhill_crane,12.41308,2.402286
SA04006,sandhill_crane,16.469468,3.794466
SA05354,sandhill_crane,16.196597,2.767397
SN00106,snow_goose,11.855023,11.469999
SN05188,snow_goose,12.53801,11.002032
SA01998,sandhill_crane,16.87319,3.300098
SN07189,snow_goose,13.354733,13.493518
SN01871,snow_goose,12.103172,10.72367
SA07154,sandhill_crane,1.61444,5.623702
SA05687,sandhill_crane,14.077004,12.025111
SN08988,snow_goose,6.605954,5.2878
SA02055,sandhill_crane,8.079442,1.831152
SN02252,snow_goose,2.484256,5.201177
SN06426,snow_goose,2.202609,5.664391
SA05084,sandhill_crane,5.281726,9.923584
SN03846,snow_goose,12.417704,11.370824
SA05967,sandhill_crane,12.896157,10.886133
SN08699,snow_goose,8.821582,2.914026
SA04866,sandhill_crane,6.054409,9.915052
SA01222,sandhill_crane,8.610028,3.440639
SN08256,snow_goose,5.403345,10.710814
SN04784,snow_goose,15.549638,3.629979
SN00370,snow_goose,3.169098,5.529382
SA07298,sandhill_crane,6.28714,9.62652
SA00309,sandhill_crane,8.674194,1.565483
SA08655,sandhill_crane,3.059844,5.232133
SN04447,snow_goose,17.124869,2.825897
SA09353,sandhill_crane,6.562038,5.4092
SN07032,snow_goose,16.811552,2.797121
SA04177,sandhill_crane,13.526199,12.90311
SA02037,sandhill_crane,11.952014,2.959217
SA06864,sandhill_crane,7.915599,2.478971
SN05651,snow_goose,5.897441,10.16703
SA03506,sandhill_crane,16.242368,3.28173
SA05839,sandhill_crane,12.58393,10.533864
SA07251,sandhill_crane,12.638465,11.179215
SA00224,sandhill_crane,11.974518,11.444511
SA07281,sandhill_crane,9.47334,2.546054
SA01575,sandhill_crane,12.477223,1.994411
SN03230,snow_goose,12.215905,11.217189
SA09770,sandhill_crane,12.536941,10.36536
SN03412,snow_goose,5.550285,10.517335
SN06623,snow_goose,14.035094,12.628248
SA08444,sandhill_crane,8.103686,2.674484
SA06888,sandhill_crane,16.397356,3.457372
SA02667,sandhill_crane,9.089756,2.697704
SN08207,snow_goose,16.420474,3.726486
SA04335,sandhill_crane,13.371675,13.103118
SA08989,sandhill_crane,13.785934,12.920508
SA00552,sandhill_crane,16.154556,3.854988
SA03734,sandhill_crane,12.409829,1.358873
SN01862,snow_goose,13.677146,12.738568
SA02968,sandhill_crane,2.462149,4.311649
SA07441,sandhill_crane,8.046827,2.6067
SA09750,sandhill_crane,11.556001,2.29495
SN04095,snow_goose,2.234214,5.263582
SA04155,sandhill_crane,2.408385,5.406558
SN03260,snow_goose,13.647905,13.236803
SN00920,snow_goose,5.149422,10.192367
SA08435,sandhill_crane,15.418972,3.848927
SN08493,snow_goose,8.395526,2.170931
SN07707,snow_goose,4.929149,9.6753
SN02859,snow_goose,12.119305,11.041095
SA00849,sandhill_crane,11.990857,10.764227
SN00831,snow_goose,15.833594,3.40568
SN06712,snow_goose,16.952892,4.047645
SA09713,sandhill_crane,12.099796,10.543247
SA04826,sandhill_crane,12.152046,1.943583
SA07316,sandhill_crane,12.672677,3.1639
SN03284,snow_goose,4.540994,10.334781
SA07679,sandhill_crane,13.035764,12.590451
SA05454,sandhill_crane,6.734115,5.058896
SA01288,sandhill_crane,8.119079,2.744636
SN09434,snow_goose,6.604426,5.714087
SN08915,snow_goose,12.21046,1.730183
SN00833,snow_goose,12.650724,9.68994
SN03154,snow_goose,8.861006,2.377462
SA04211,sandhill_crane,13.005517,14.238712
SA02438,sandhill_crane,14.086783,12.14708
SN00452,snow_goose,17.412462,3.59463
SA06303,sandhill_crane,16.473915,3.262054
SN05259,snow_goose,16.12897,2.935896
SN02271,snow_goose,11.985343,2.701562
SN05269,snow_goose,7.062757,5.010045
SA05528,sandhill_crane,12.23586,1.839479
SA02519,sandhill_crane,14.063477,12.944407
SN02990,snow_goose,16.953426,2.78825
SA00264,sandhill_crane,6.532183,5.19247
SA07514,sandhill_crane,8.032543,2.282973
SN09843,snow_goose,5.795367,10.128657
SA06899,sandhill_crane,5.157706,9.945672
SA01626,sandhill_crane,13.521186,11.962069
SA08730,sandhill_crane,12.700966,11.182919
SN05500,snow_goose,12.219641,10.110671
SA07022,sandhill_crane,1.694737,4.551446
SA07170,sandhill_crane,16.525026,3.779308
SN05816,snow_goose,8.608171,2.788161
SA03548,sandhill_crane,14.586373,13.013687
SN05822,snow_goose,6.15462,9.431841
SA03623,sandhill_crane,12.317028,1.136586
SN07796,snow_goose,6.25615,5.592846
SA06049,sandhill_crane,2.100091,4.666383
SA07143,sandhill_crane,4.972382,9.082551
SA02543,sandhill_crane,2.081842,4.991053
SN08631,snow_goose,12.895942,11.922554
SA01872,sandhill_crane,9.280274,2.165195
SN04791,snow_goose,8.748461,2.375518
SN04672,snow_goose,2.490672,5.197688
SN06390,snow_goose,12.63002,10.913249
SA09186,sandhill_crane,11.705086,10.131171
SN07191,snow_goose,14.004309,12.685121
SN00323,snow_goose,2.800295,5.030053
SA06108,sandhill_crane,5.476235,9.473137
SN03163,snow_goose,16.9894,3.855888
SA02459,sandhill_crane,11.642864,10.979477
SN09604,snow_goose,2.047618,4.194991
SN01014,snow_goose,3.080733,5.059246
SA05708,sandhill_crane,8.927475,2.303653
SA01530,sandhill_crane,16.028323,3.519548
SA05183,sandhill_crane,14.222051,13.931283
SN08616,snow_goose,14.538308,12.173117
SA04772,sandhill_crane,6.684522,4.764198
SN09505,snow_goose,14.741122,12.788277
SN08876,snow_goose,6.693063,5.335254
SA05556,sandhill_crane,9.379624,3.448114
SA01836,sandhill_crane,14.296785,13.599136
SA02411,sandhill_crane,6.075054,5.873047
SN08445,snow_goose,1.966716,6.023889
SN06211,snow_goose,16.907929,3.059066
SA09021,sandhill_crane,12.256828,10.6482
SN08786,snow_goose,12.318414,1.939761
SN08213,snow_goose,6.175207,10.116856
SN01990,snow_goose,4.533588,10.619831
SN04516,snow_goose,8.845013,2.236692
SA05051,sandhill_crane,16.197441,3.423954
SA02000,sandhill_crane,15.621512,4.018909
SA06111,sandhill_crane,11.922123,2.192535
SN05551,snow_goose,2.793215,5.756722
SN04806,snow_goose,15.66932,3.518081
SA00384,sandhill_crane,13.718061,13.464697
SN07212,snow_goose,12.724556,2.421431
SN08029,snow_goose,12.182951,2.519422
SA09818,sandhill_crane,12.020946,2.555738
SN07761,snow_goose,14.493671,12.538285
SA03992,sandhill_crane,6.217214,5.479218
SA05987,sandhill_crane,14.582305,12.865911
SN04444,snow_goose,12.921668,10.831041
SA07907,sandhill_crane,13.102525,11.127082
SN05062,snow_goose,12.451474,11.243218
SA06951,sandhill_crane,11.517824,10.524076
SN06496,snow_goose,4.057577,6.120674
SN03795,snow_goose,9.023328,2.653023
SA01076,sandhill_crane,13.364716,12.554289
SN06039,snow_goose,8.751658,3.115285
SA09373,sandhill_crane,11.915418,11.218615
SN02307,snow_goose,2.588517,4.162907
SN06162,snow_goose,14.553389,13.534518
SA06080,sandhill_crane,6.855257,5.426525
SN07123,snow_goose,14.133608,13.410247
SN00799,snow_goose,12.190962,10.733799
SN05015,snow_goose,2.839321,4.908365
SA08240,sandhill_crane,12.48535,2.988758
SN08883,snow_goose,14.123823,12.949616
SA08450,sandhill_crane,12.582904,2.055056
SN07553,snow_goose,5.80744,6.405647
SA02117,sandhill_crane,11.54999,10.843076
SA09931,sandhill_crane,8.675695,2.637054
SA04687,sandhill_crane,6.677862,5.196004
SA05259,sandhill_crane,11.060537,2.067914
SA00096,sandhill_crane,11.827161,11.271522
SA07957,sandhill_crane,12.702546,11.025593
SA09916,sandhill_crane,1.523666,5.507815
SA09914,sandhill_crane,5.125389,10.441403
SN02387,snow_goose,6.789764,4.868467
SA09739,sandhill_crane,6.274293,6.432568
SN07916,snow_goose,13.997662,13.314217
SN05514,snow_goose,16.025689,3.227578
SN03165,snow_goose,15.835834,2.70417
SA07602,sandhill_crane,12.7004,12.930988
SN01446,snow_goose,2.59157,4.870398
SN00542,snow_goose,5.60694,10.359478
SA03533,sandhill_crane,9.092603,2.783327
SN06049,snow_goose,6.055609,10.126888
SA02147,sandhill_crane,2.771382,4.869167
SN06622,snow_goose,2.223673,4.715128
SA01213,sandhill_crane,6.510174,10.822186
SN04111,snow_goose,6.965818,9.941389
SN09446,snow_goose,12.258154,10.489971
SN09450,snow_goose,6.345879,5.301263
SN09422,snow_goose,2.429841,5.132645
SA08836,sandhill_crane,6.281588,5.909302
SN02008,snow_goose,16.413168,3.538696
SA04433,sandhill_crane,16.600633,3.78597
SA07559,sandhill_crane,6.299557,10.764731
SN06698,snow_goose,12.115665,3.014512
SN03325,snow_goose,12.248387,2.593938
SN00642,snow_goose,14.282696,12.804742
SA07475,sandhill_crane,8.93775,2.864396
SN09101,snow_goose,11.793983,1.641966
SA07610,sandhill_crane,12.173735,10.806695
SA03473,sandhill_crane,12.523527,10.725293
SN07792,snow_goose,2.916833,5.603559
SA09397,sandhill_crane,16.559393,3.171918
SA03385,sandhill_crane,6.29581,6.181831
SN09268,snow_goose,8.83677,2.05244
SN07247,snow_goose,6.073118,9.727628
SN03110,snow_goose,6.235228,4.397431
SA03402,sandhill_crane,7.179926,5.569697
SA00314,sandhill_crane,2.043314,5.274596
SA04572,sandhill_crane,11.821562,2.185766
SA06311,sandhill_crane,8.1018,2.863184
SA04336,sandhill_crane,9.130896,2.50077
SA07706,sandhill_crane,14.004465,12.246667
SA01073,sandhill_crane,6.574015,4.471777
SA08220,sandhill_crane,8.592731,2.597423
SA04986,sandhill_crane,7.056233,6.070099
SN07197,snow_goose,5.042378,10.413315
SA08975,sandhill_crane,3.094856,5.333787
SA01368,sandhill_crane,12.203836,10.479059
SN07855,snow_goose,4.683135,9.509981
SN06488,snow_goose,8.445186,3.220303
SN08849,snow_goose,14.561872,12.389094
SA08454,sandhill_crane,11.5716,3.493663
SA06596,sandhill_crane,16.662477,4.327324
SA07764,sandhill_crane,6.321127,5.588326
SN04475,snow_goose,5.294036,10.670052
SA09284,sandhill_crane,15.191956,3.797011
SN07921,snow_goose,13.103452,12.604814
SA00839,sandhill_crane,16.583439,3.734729
SA09886,sandhill_crane,6.534461,6.214038
SN08276,snow_goose,8.258253,3.455386
SN07713,snow_goose,6.386966,9.400903
SN08275,snow_goose,2.028219,4.977929
SA05033,sandhill_crane,8.942915,1.07095
SA07089,sandhill_crane,5.476768,10.131806
SN08422,snow_goose,2.54395,5.146398
SN08110,snow_goose,13.741779,11.977395
SN01038,snow_goose,11.764947,3.156512
SA04453,sandhill_crane,2.094317,4.921884
SN03668,snow_goose,2.276644,5.259779
SA00109,sandhill_crane,5.720418,10.069652
SA08025,sandhill_crane,16.650483,3.796869
SN05257,snow_goose,5.781575,10.05347
SA05676,sandhill_crane,6.994344,5.178192
SN05119,snow_goose,12.925277,11.801917
SA01130,sandhill_crane,6.723092,6.004105
SA05145,sandhill_crane,1.741343,4.844539
SN07848,snow_goose,12.265567,1.950219
SN02388,snow_goose,8.99902,2.23851
SN02136,snow_goose,14.393544,12.471029
SN02636,snow_goose,4.920192,10.050747
SN08386,snow_goose,6.071498,5.893026
SN08502,snow_goose,13.973378,13.186018
SA06695,sandhill_crane,16.176854,3.579752
SN07793,snow_goose,12.626531,10.281779
SN00750,snow_goose,1.657649,6.051139
SN04658,snow_goose,12.163225,10.820139
SN09009,snow_goose,14.398489,12.3079
SA04954,sandhill_crane,11.756793,10.246109
SA07226,sandhill_crane,12.41341,2.365708
SN00611,snow_goose,12.623495,12.992632
SA02662,sandhill_crane,13.507768,13.333907
SN02217,snow_goose,1.788203,5.276301
SN01137,snow_goose,8.910294,2.324031
SN00185,snow_goose,6.30152,6.109756
SA09234,sandhill_crane,13.040097,10.729975
SN00550,snow_goose,3.033987,5.384325
SA02931,sandhill_crane,15.535955,4.177576
SN05572,snow_goose,12.062012,11.293462
SN02185,snow_goose,9.070901,2.252627
SA04530,sandhill_crane,3.032662,5.260701
SA09892,sandhill_crane,5.61546,5.003183
SN07408,snow_goose,6.908822,6.140827
SN02398,snow_goose,12.179165,10.307062
SN06847,snow_goose,16.395911,3.878604
SN06633,snow_goose,12.40759,1.823424
SA00664,sandhill_crane,5.558883,5.92389
SA00045,sandhill_crane,12.525492,10.465074
SN09864,snow_goose,5.677718,10.619678
SN00652,snow_goose,12.432533,11.067347
SN02120,snow_goose,2.472025,5.414273
SN03441,snow_goose,13.923695,12.78505
SN03055,snow_goose,1.714195,5.835482
SA06246,sandhill_crane,14.215209,13.549886
SN02108,snow_goose,12.183261,3.300939
SA08552,sandhill_crane,5.927146,5.968618
SA08873,sandhill_crane,7.522776,5.653014
SA06510,sandhill_crane,6.952939,5.704592
SN07810,snow_goose,5.801367,11.117266
SA08304,sandhill_crane,5.131321,10.839673
SN07880,snow_goose,1.73318,4.69045
SA04235,sandhill_crane,12.790235,10.330084
SN00933,snow_goose,13.912466,12.950497
SA01173,sandhill_crane,2.374548,4.581266
SA00148,sandhill_crane,15.165525,3.177121
SA09672,sandhill_crane,2.486764,4.764613
SA08503,sandhill_crane,1.62603,5.185301
SA07726,sandhill_crane,11.912193,2.085954
SN06697,snow_goose,9.022946,2.227874
SN01436,snow_goose,9.232626,2.166354
SN09850,snow_goose,2.208974,4.898962
SN07591,snow_goose,12.136489,1.771608
SN06033,snow_goose,12.363344,10.850015
SN02463,snow_goose,16.331018,4.203475
SN03480,snow_goose,5.242737,9.347567
SA05055,sandhill_crane,5.977441,6.14086
SN07660,snow_goose,14.767744,3.63129
SN00843,snow_goose,6.96958,5.575256
SN05935,snow_goose,1.96995,6.58933
SN08586,snow_goose,12.25774,1.863799
SN09135,snow_goose,13.363213,13.832622
SN08569,snow_goose,5.442971,10.162197
SN04925,snow_goose,16.770312,3.515614
SN05943,snow_goose,16.281853,3.018477
SN00248,snow_goose,7.093994,5.69857
SA06279,sandhill_crane,16.479016,2.987402
SA04053,sandhill_crane,2.572991,5.04298
SA04827,sandhill_crane,6.475775,5.532524
SN09226,snow_goose,5.177104,10.775461
SA08867,sandhill_crane,13.988433,12.421237
SA01394,sandhill_crane,6.360976,5.625732
SN05894,snow_goose,12.197874,10.968239
SN07061,snow_goose,12.549813,2.775407
SN05094,snow_goose,8.603477,2.614275
SA01140,sandhill_crane,8.745013,3.408306
SN09297,snow_goose,2.307764,5.451054
SN04383,snow_goose,13.476625,13.471923
SN05727,snow_goose,13.125158,10.661401
SN09389,snow_goose,11.921686,1.587625
SA07505,sandhill_crane,13.911808,13.104205
SA02677,sandhill_crane,5.768429,10.079529
SN04523,snow_goose,13.750029,12.335748
SA06157,sandhill_crane,12.764851,2.267979
SN03455,snow_goose,8.982574,2.617546
SA00069,sandhill_crane,17.08324,3.766011
SA08943,sandhill_crane,6.945557,5.641194
SA02626,sandhill_crane,7.051367,5.271791
SN03959,snow_goose,13.708447,12.411627
SA07409,sandhill_crane,14.035055,11.926021
SA04354,sandhill_crane,13.026736,11.957644
SA05735,sandhill_crane,8.62296,1.43703
SN02551,snow_goose,13.512704,12.987243
SN06194,snow_goose,6.195546,5.982408
SN04066,snow_goose,13.76147,13.161055
SA00194,sandhill_crane,8.79655,2.36403
SA06989,sandhill_crane,13.619372,13.417864
SA03899,sandhill_crane,2.310771,5.100164
SN05154,snow_goose,12.214324,11.69815
SN01266,snow_goose,16.8371,3.799746
SA00743,sandhill_crane,2.480218,4.98948
SN08505,snow_goose,13.273952,12.892878
SN05420,snow_goose,6.583327,5.657957
SN06727,snow_goose,8.468482,2.52428
SN06703,snow_goose,6.249148,9.581312
SN06235,snow_goose,6.214595,5.818524
SA09861,sandhill_crane,5.716728,9.363652
SA09572,sandhill_crane,6.2023,6.087934
SN00870,snow_goose,12.159737,2.356691
SA04405,sandhill_crane,8.442515,2.960587
SN09112,snow_goose,16.625031,3.565508
SA05761,sandhill_crane,14.104031,12.469848
SA08253,sandhill_crane,6.86145,4.800561
SN04030,snow_goose,11.854312,11.04288
SA02834,sandhill_crane,5.395686,10.033316
SN04489,snow_goose,5.655491,10.620336
SN00608,snow_goose,16.719152,4.269711
SN04780,snow_goose,15.391658,3.925377
SA06474,sandhill_crane,15.188098,2.283912
SN04191,snow_goose,17.004908,3.280678
SN05837,snow_goose,6.442711,5.223635
SA05760,sandhill_crane,15.453314,2.83385
SA08218,sandhill_crane,13.326838,12.975866
SN01238,snow_goose,16.62218,2.996834
SN07851,snow_goose,5.651144,6.137927
SN08822,snow_goose,14.068126,12.566166
SA07893,sandhill_crane,5.932357,5.377808
SA00830,sandhill_crane,6.519321,5.363061
SN08989,snow_goose,13.150611,12.875818
SA07484,sandhill_crane,8.76315,2.074547
SA00006,sandhill_crane,2.224823,5.395251
SA04332,sandhill_crane,12.673669,2.525203
SA02426,sandhill_crane,5.879992,10.175802
SA07311,sandhill_crane,1.930849,5.071552
SA03134,sandhill_crane,12.158495,10.552239
SA07045,sandhill_crane,4.622936,10.142975
SN07284,snow_goose,11.933628,10.677542
SA09328,sandhill_crane,12.770511,2.52568
SA09306,sandhill_crane,11.951275,2.644569
SN00028,snow_goose,12.126213,2.17682
SN01565,snow_goose,16.443944,2.718313
SN08202,snow_goose,11.965633,10.066332
SA00699,sandhill_crane,12.224223,2.981414
SA06536,sandhill_crane,13.004481,10.556576
SA09088,sandhill_crane,2.968686,4.751274
SN05339,snow_goose,14.337023,12.91952
SN07161,snow_goose,8.713924,2.212966
SN02351,snow_goose,13.610505,12.199204
SA07529,sandhill_crane,14.398106,12.429402
SA06994,sandhill_crane,2.730113,5.110987
SA07401,sandhill_crane,4.504983,11.079173
SA05802,sandhill_crane,16.214626,3.222843
SA00421,sandhill_crane,12.060248,2.597048
SN08476,snow_goose,5.632529,10.604345
SN09849,snow_goose,1.871593,4.530667
SA00851,sandhill_crane,16.790712,3.502668
SA00451,sandhill_crane,6.605573,5.534208
SA05372,sandhill_crane,9.647773,2.842361
SN02425,snow_goose,6.687547,5.406417
SN00494,snow_goose,12.580257,10.759528
SA00476,sandhill_crane,12.050999,2.183385
SA05418,sandhill_crane,12.668247,1.726726
SA01123,sandhill_crane,16.980353,2.766707
SA03762,sandhill_crane,1.776296,5.623964
SN03391,snow_goose,17.009511,3.686234
SN07465,snow_goose,5.596163,10.585115
SN09416,snow_goose,9.611642,2.694048
SA02955,sandhill_crane,12.359352,2.395246
SA02448,sandhill_crane,5.45953,10.349479
SA05705,sandhill_crane,12.272756,10.569737
SA09364,sandhill_crane,13.641569,13.183743
SN02284,snow_goose,8.530616,1.658703
SN06875,snow_goose,5.331016,5.863644
SN07413,snow_goose,12.604812,10.672909
SA04610,sandhill_crane,12.102853,10.715284
SA00618,sandhill_crane,13.750738,12.402763
SA02845,sandhill_crane,5.07103,10.200269
SA02470,sandhill_crane,12.60862,2.159835
SA09099,sandhill_crane,13.162016,2.548976
SA04628,sandhill_crane,6.019898,6.037851
SN01659,snow_goose,16.609162,3.41479
SN06993,snow_goose,5.072376,5.60201
SA02609,sandhill_crane,6.597592,5.243793
SA03681,sandhill_crane,12.205136,9.836119
SA08317,sandhill_crane,1.812823,6.034926
SN01716,snow_goose,8.255366,2.373369
SN03054,snow_goose,5.796209,10.688176
SA04735,sandhill_crane,16.638383,3.300112
SN01344,snow_goose,12.918224,3.494517
SA03699,sandhill_crane,9.226167,2.117762
SA02067,sandhill_crane,8.385129,2.968787
SA05173,sandhill_crane,12.167964,3.351962
SN03403,snow_goose,16.488093,2.832429
SA03440,sandhill_crane,6.398334,9.987288
SN08732,snow_goose,11.527376,10.172119
SA03190,sandhill_crane,12.280651,10.55338
SN00896,snow_goose,5.471393,10.285246
SA04362,sandhill_crane,11.676303,10.394913
SN03656,snow_goose,15.964753,3.724893
SN01152,snow_goose,11.973121,11.338185
SA03718,sandhill_crane,13.183874,12.141391
SA03056,sandhill_crane,13.170903,12.871252
SA04151,sandhill_crane,11.312236,10.208722
SA02344,sandhill_crane,6.035862,10.199626
SN02027,snow_goose,5.670634,10.255136
SN01719,snow_goose,5.697822,10.828878
SA08700,sandhill_crane,12.72502,11.664173
SA02666,sandhill_crane,12.00391,9.52353
SA02434,sandhill_crane,12.525655,10.481836
SN09957,snow_goose,6.252598,5.518798
SA01539,sandhill_crane,2.773203,4.874989
SN03467,snow_goose,12.330482,11.044796
SA07839,sandhill_crane,16.88956,2.952714
SA08903,sandhill_crane,11.826151,3.460659
SA04187,sandhill_crane,4.246364,10.444784
SA05369,sandhill_crane,11.905592,4.004462
SN05725,snow_goose,17.071007,4.297156
SN09458,snow_goose,12.582619,11.132186
SA00106,sandhill_crane,1.757827,4.868062
SA02206,sandhill_crane,6.126087,10.351013
SN04482,snow_goose,15.855479,4.393685
SN04130,snow_goose,6.471795,4.668091
SA01208,sandhill_crane,8.543304,1.464149
SN07524,snow_goose,12.606663,2.921049
SA09106,sandhill_crane,7.065265,6.036364
SN04388,snow_goose,2.751661,5.378872
SN03601,snow_goose,6.048291,6.11528
SN01023,snow_goose,3.09256,5.539763
SA04965,sandhill_crane,11.701896,10.855756
SA02425,sandhill_crane,7.742253,2.819938
SA09924,sandhill_crane,13.330942,10.505073
SN08674,snow_goose,14.54129,11.965943
SA00422,sandhill_crane,5.944264,5.488069
SA03847,sandhill_crane,13.103595,12.661269
SA04775,sandhill_crane,5.168177,10.098962
SA05178,sandhill_crane,12.04287,2.293943
SN01609,snow_goose,12.500941,2.139335
SN09660,snow_goose,5.476681,9.617048
SN09365,snow_goose,12.207097,10.189675
SN05541,snow_goose,3.156419,5.05341
SA07244,sandhill_crane,6.359857,10.322107
SN08872,snow_goose,12.064252,3.366197
SN05732,snow_goose,12.723943,2.909543
SN05817,snow_goose,8.729492,2.166155
SA04636,sandhill_crane,12.537961,10.312975
SN05952,snow_goose,12.926103,11.274864
SN08246,snow_goose,13.351426,12.673199
SN03749,snow_goose,6.716136,4.671344
SN05617,snow_goose,15.690644,4.345808
SN05290,snow_goose,12.338088,1.513375
SN00655,snow_goose,4.737701,9.683171
SN06387,snow_goose,12.556145,10.916361
SN02202,snow_goose,6.550629,5.324517
SN06629,snow_goose,1.666402,5.297153
SA01027,sandhill_crane,2.100354,5.447611
SA01896,sandhill_crane,3.127584,5.370247
SN04695,snow_goose,2.010398,5.015142
SA06720,sandhill_crane,5.504204,5.604358
SN05888,snow_goose,6.758516,4.452266
SN04697,snow_goose,4.767543,9.120852
SN01997,snow_goose,14.385777,12.876103
SA08692,sandhill_crane,14.110849,13.083382
SA09650,sandhill_crane,5.636932,10.257204
SA08338,sandhill_crane,2.257197,6.070049
SN04187,snow_goose,9.266857,2.859211
SN08985,snow_goose,13.86621,12.238441
SA08465,sandhill_crane,12.605292,1.635169
SN06232,snow_goose,6.260727,5.228651
SN01035,snow_goose,3.443188,5.434648
SN07244,snow_goose,12.569926,3.00421
SA02432,sandhill_crane,6.992081,4.574218
SN06738,snow_goose,6.195378,5.455435
SA00495,sandhill_crane,9.659559,2.035608
SN02584,snow_goose,2.659841,5.086408
SN02960,snow_goose,12.549224,9.963217
SA02708,sandhill_crane,8.666263,3.146995
SA08245,sandhill_crane,12.153024,2.115254
SA05858,sandhill_crane,2.105814,4.85844
SN07789,snow_goose,16.043161,3.414787
SA07171,sandhill_crane,9.383739,2.33663
SA01929,sandhill_crane,9.374943,2.929783
SN03265,snow_goose,11.515652,11.442487
SA08196,sandhill_crane,8.901773,3.420718
SA03902,sandhill_crane,13.813149,12.746772
SA05866,sandhill_crane,3.144712,4.12968
SN03074,snow_goose,15.902557,3.057471
SA04725,sandhill_crane,5.179751,10.049728
SA01635,sandhill_crane,2.172538,5.561122
SN03004,snow_goose,12.236869,10.496219
SN05254,snow_goose,8.848006,2.671053
SN09580,snow_goose,14.57308,13.346046
SA00190,sandhill_crane,16.212627,2.912866
SN04588,snow_goose,6.87972,6.196803
SA09370,sandhill_crane,6.621937,5.220354
SA08758,sandhill_crane,16.773946,3.327403
SN07887,snow_goose,12.562997,3.03708
SN04991,snow_goose,12.800011,11.31039
SN03421,snow_goose,13.155121,12.501948
SA09643,sandhill_crane,2.637948,5.145943
SN09471,snow_goose,2.652412,5.681766
SN08252,snow_goose,2.353191,5.516764
SN03634,snow_goose,13.238069,2.213048
SA04404,sandhill_crane,11.77503,3.114962
SA07690,sandhill_crane,1.895805,5.28429
SA08171,sandhill_crane,13.901718,13.307453
SN05882,snow_goose,6.493664,6.055809
SA05312,sandhill_crane,8.55252,2.589175
SA00375,sandhill_crane,5.679582,9.610988
SA01239,sandhill_crane,13.466481,12.857094
SA02753,sandhill_crane,7.031266,6.237928
SA07857,sandhill_crane,12.039211,11.015438
SA00393,sandhill_crane,5.252625,9.597809
SA06644,sandhill_crane,6.115306,9.122481
SN02708,snow_goose,17.075548,2.245953
SN07246,snow_goose,12.65021,1.147869
SA06553,sandhill_crane,6.23426,5.283683
SA08553,sandhill_crane,11.854585,2.412571
SN03044,snow_goose,12.503114,3.763345
SN09554,snow_goose,12.422765,3.631474
SN04902,snow_goose,5.546449,9.08386
SN06840,snow_goose,12.666981,10.581029
SA03536,sandhill_crane,6.489199,5.532435
SA01677,sandhill_crane,12.547245,11.294263
SN02677,snow_goose,9.545906,2.224247
SA09808,sandhill_crane,11.986157,2.493158
SA07644,sandhill_crane,11.774726,10.455204
SA00992,sandhill_crane,12.121533,2.07908
SN01477,snow_goose,7.042946,9.368823
SA00524,sandhill_crane,6.871816,5.484322
SN04094,snow_goose,16.087796,4.067191
SA08584,sandhill_crane,15.601324,2.723949
SA05295,sandhill_crane,14.169003,13.528989
SN05206,snow_goose,15.768961,4.462577
SN00990,snow_goose,2.883797,5.521385
SA07121,sandhill_crane,15.661173,3.46397
SA07544,sandhill_crane,12.478603,2.966362
SA03033,sandhill_crane,13.854791,12.460546
SN04244,snow_goose,8.826054,2.849319
SN04638,snow_goose,5.390501,9.900768
SA02371,sandhill_crane,13.922356,13.385736
SN07637,snow_goose,16.233988,2.316584
SA04763,sandhill_crane,15.475501,3.332648
SA04527,sandhill_crane,15.691871,2.809594
SA03030,sandhill_crane,2.802175,5.712784
SA00590,sandhill_crane,13.466721,13.108819
SN04330,snow_goose,3.269953,5.284184
SA05874,sandhill_crane,12.606978,2.126399
SA07010,sandhill_crane,5.205227,10.421332
SN01423,snow_goose,9.473621,2.192845
SA08717,sandhill_crane,3.308829,4.897884
SA05779,sandhill_crane,9.023747,3.30119
SA06264,sandhill_crane,15.919734,3.82031
SN02374,snow_goose,12.076338,3.677281
SA08656,sandhill_crane,11.659939,2.092538
SN01086,snow_goose,5.470544,10.502027
SA08473,sandhill_crane,8.404228,2.739393
SN07358,snow_goose,8.927682,2.332692
SA09121,sandhill_crane,16.326187,3.535568
SN08881,snow_goose,9.394409,2.564811
SN06930,snow_goose,8.771961,2.913897
SA02038,sandhill_crane,11.880908,3.039523
SN03689,snow_goose,12.828367,10.831373
SA04881,sandhill_crane,12.889132,10.685029
SN09576,snow_goose,6.219931,10.9972
SN09131,snow_goose,2.797843,4.145497
SA08908,sandhill_crane,16.519333,2.432246
SA02092,sandhill_crane,12.908929,3.483663
SN00449,snow_goose,13.262422,9.953526
SA02318,sandhill_crane,15.119159,3.648824
SA03198,sandhill_crane,11.329464,1.999538
SA09961,sandhill_crane,6.860144,4.790886
SA04225,sandhill_crane,11.847349,10.773234
SA06727,sandhill_crane,5.371072,9.456612
SA04702,sandhill_crane,2.878269,5.866067
SN00196,snow_goose,11.964885,10.567758
SA01411,sandhill_crane,16.104741,2.797686
SN04416,snow_goose,12.344952,10.8328
SA04059,sandhill_crane,2.404792,5.17934
SN00938,snow_goose,12.478107,10.514489
SA03228,sandhill_crane,14.530342,13.119265
SA05536,sandhill_crane,9.093432,2.049646
SN07112,snow_goose,1.668062,5.510316
SA00284,sandhill_crane,12.923442,12.30471
SA04843,sandhill_crane,5.869374,5.583879
SN02045,snow_goose,3.021169,5.134537
SA02115,sandhill_crane,16.520597,3.295826
SN09375,snow_goose,11.68551,3.240659
SA07028,sandhill_crane,6.062798,9.763063
SN02712,snow_goose,12.027777,11.561462
SA02415,sandhill_crane,11.916239,11.058052
SN01891,snow_goose,13.224138,12.528202
SA07682,sandhill_crane,6.545485,10.406531
SN03153,snow_goose,13.152068,1.995387
SN05295,snow_goose,11.321319,2.303508
SN04681,snow_goose,5.387519,5.734956
SA04528,sandhill_crane,13.37697,12.201511
SN08260,snow_goose,1.821767,5.466454
SA00447,sandhill_crane,5.545432,10.126139
SA09357,sandhill_crane,14.029978,13.064854
SN03099,snow_goose,16.088819,2.943149
SA06797,sandhill_crane,16.382773,3.488728
SA05289,sandhill_crane,7.170717,5.483866
SN07978,snow_goose,15.875411,2.787971
SA01731,sandhill_crane,14.222803,12.780367
SA09956,sandhill_crane,8.775621,0.79167
SA03513,sandhill_crane,16.847277,2.733397
SN09965,snow_goose,6.633252,4.681312
SN02681,snow_goose,5.968181,10.134972
SN06306,snow_goose,8.392874,2.592135
SN08488,snow_goose,9.400773,2.872206
SA09502,sandhill_crane,7.193279,6.124593
SN04811,snow_goose,7.117062,5.532232
SN01730,snow_goose,11.910581,10.622061
SA00991,sandhill_crane,12.527916,10.398386
SN01282,snow_goose,2.568131,6.029291
SN04503,snow_goose,5.821715,6.259138
SA07403,sandhill_crane,5.836054,9.765323
SN07706,snow_goose,6.503529,5.945132
SN00155,snow_goose,2.269837,4.235924
SA00323,sandhill_crane,1.846089,5.876688
SN03003,snow_goose,10.130952,2.356285
SA00219,sandhill_crane,8.595629,1.932448
SA04758,sandhill_crane,15.720305,2.700619
SA08705,sandhill_crane,16.817991,2.705887
SN08182,snow_goose,9.246606,1.601961
SN02236,snow_goose,8.914792,2.305584
SA04280,sandhill_crane,12.155399,2.308767
SN02282,snow_goose,6.525266,5.788722
SN09309,snow_goose,9.569546,2.134689
SA05419,sandhill_crane,16.135445,3.117097
SA05337,sandhill_crane,6.272631,10.318009
SN02544,snow_goose,9.209814,3.942796
SN03000,snow_goose,14.055169,12.707729
SN04116,snow_goose,8.690409,2.515474
SA08946,sandhill_crane,2.036801,4.499189
SN04176,snow_goose,13.370501,12.319931
SN05614,snow_goose,2.480679,5.494481
SN01682,snow_goose,14.199618,13.882183
SA07651,sandhill_crane,6.1461,5.366702
SA01708,sandhill_crane,2.43908,5.483159
SN07813,snow_goose,16.268851,3.580894
SA08967,sandhill_crane,12.530534,10.757009
SN04012,snow_goose,16.202671,4.171569
SN00930,snow_goose,8.653148,4.002563
SN04520,snow_goose,7.838841,2.870059
SA06488,sandhill_crane,5.736416,5.163823
SN05431,snow_goose,1.957659,5.396334
SN05107,snow_goose,6.929361,6.504325
SN01292,snow_goose,4.645375,10.808593
SA05128,sandhill_crane,16.388264,3.592134
SN08865,snow_goose,5.425521,11.263725
SA07105,sandhill_crane,13.847991,12.946278
SA02091,sandhill_crane,12.870552,9.920593
SN02169,snow_goose,4.872148,9.726482
SN04339,snow_goose,8.525451,2.860538
SA07805,sandhill_crane,6.383084,5.853637
SN01331,snow_goose,12.009921,2.28234
SA00144,sandhill_crane,3.378804,5.849798
SA02712,sandhill_crane,15.572647,3.641909
SA05982,sandhill_crane,7.659684,3.044531
SN02530,snow_goose,12.124414,10.39236
SN01794,snow_goose,13.755309,12.894424
SA07085,sandhill_crane,5.689106,10.50852
SN00468,snow_goose,12.114271,2.546423
SN07122,snow_goose,12.309649,2.184272
SN01113,snow_goose,11.724613,2.905165
SA05447,sandhill_crane,1.698016,5.508316
SA02709,sandhill_crane,15.953919,3.307943
SA06370,sandhill_crane,16.018207,2.611741
SN03415,snow_goose,7.026066,5.199458
SN06777,snow_goose,12.769177,10.100189
SN06016,snow_goose,5.732397,9.624919
SN02240,snow_goose,12.099877,11.584922
SN02550,snow_goose,8.029246,3.065356
SN04155,snow_goose,5.565483,10.491289
SN06479,snow_goose,12.115803,10.509516
SN09953,snow_goose,13.651485,12.115155
SN00591,snow_goose,2.151263,5.67639
SN08020,snow_goose,12.028312,11.090992
SA08488,sandhill_crane,16.591121,3.369422
SN07627,snow_goose,5.358648,10.13687
SN04084,snow_goose,12.965904,10.445802
SN05124,snow_goose,5.937229,5.388186
SN04944,snow_goose,2.737286,6.04498
SN07362,snow_goose,12.551869,10.336872
SA02429,sandhill_crane,13.065868,12.308558
SN06207,snow_goose,6.872504,6.383736
SN05829,snow_goose,7.559039,5.751788
SA04222,sandhill_crane,8.782042,2.318666
SN07740,snow_goose,16.120267,3.953286
SA03043,sandhill_crane,6.442112,4.152321
SA01002,sandhill_crane,12.402831,1.605724
SN00157,snow_goose,1.806667,4.778879
SN03691,snow_goose,5.367752,6.518058
SN02306,snow_goose,12.059298,9.729944
SN01646,snow_goose,8.504067,2.930803
SA05426,sandhill_crane,12.65453,1.129245
SN09750,snow_goose,11.577043,2.451042
SA08622,sandhill_crane,11.784865,10.925624
SN03187,snow_goose,11.464809,1.395204
SN07040,snow_goose,5.840158,5.167044
SA02611,sandhill_crane,2.685963,5.082874
SA06260,sandhill_crane,13.419951,11.751232
SN08868,snow_goose,12.178944,1.86185
SA05531,sandhill_crane,5.763922,9.687258
SN07019,snow_goose,16.975385,2.828074
SN08824,snow_goose,5.942917,9.547627
SA08561,sandhill_crane,12.388995,2.519072
SA03916,sandhill_crane,6.600959,5.588914
SA09227,sandhill_crane,13.127627,13.058944
SN03942,snow_goose,14.90933,13.587979
SA03069,sandhill_crane,6.359844,10.51093
SN00386,snow_goose,6.392626,10.520901
SN01536,snow_goose,11.759466,1.872994
SN03812,snow_goose,13.346412,12.861372
SA09633,sandhill_crane,4.505429,10.641411
SN05964,snow_goose,2.82822,4.71959
SN06077,snow_goose,13.880207,12.354589
SA09421,sandhill_crane,5.005294,9.804543
SA00108,sandhill_crane,2.815705,5.262303
SA04179,sandhill_crane,9.425918,1.533628
SN03116,snow_goose,8.977099,2.421467
SN07702,snow_goose,16.394891,3.40739
SN00647,snow_goose,5.679639,10.353091
SN08115,snow_goose,12.369206,2.637113
SN09628,snow_goose,4.358884,10.623057
SN09467,snow_goose,16.232066,3.635071
SA09784,sandhill_crane,16.55469,3.195269
SN06879,snow_goose,16.485145,3.354291
SN03891,snow_goose,7.548704,2.410715
SA07760,sandhill_crane,6.501658,5.593967
SN09856,snow_goose,9.091326,2.925271
SA02219,sandhill_crane,13.083939,12.903402
SN07101,snow_goose,5.594704,5.993731
SA07052,sandhill_crane,13.755133,13.073783
SA07499,sandhill_crane,13.786851,13.430893
SA07314,sandhill_crane,14.3507,13.474241
SA05105,sandhill_crane,2.916076,4.976953
SN09508,snow_goose,16.436705,3.135075
SA04063,sandhill_crane,5.798141,10.510975
SA02984,sandhill_crane,12.041632,10.07933
SA01383,sandhill_crane,2.823689,5.022714
SA02551,sandhill_crane,13.816886,12.32406
SA08841,sandhill_crane,16.859124,3.710656
SN02167,snow_goose,15.127843,13.072907
SN05607,snow_goose,13.449283,12.599485
SN01708,snow_goose,14.228726,12.296538
SA08475,sandhill_crane,6.302114,5.2048
SA07204,sandhill_crane,7.102641,5.603272
SN02569,snow_goose,13.61419,13.422009
SN04768,snow_goose,2.659891,5.441524
SA03002,sandhill_crane,9.218913,2.399341
SA08897,sandhill_crane,2.402788,4.699013
SA01595,sandhill_crane,17.417206,2.748723
SN01846,snow_goose,6.907008,6.013327
SN03968,snow_goose,13.859472,13.09374
SA09085,sandhill_crane,12.55946,1.776993
SN07030,snow_goose,6.404746,10.66534
SA08809,sandhill_crane,5.648264,9.657526
SA05821,sandhill_crane,1.758992,4.839215
SN05767,snow_goose,7.518227,6.26564
SN06024,snow_goose,8.492421,1.397411
SN01937,snow_goose,11.773399,10.887839
SN07762,snow_goose,1.60383,5.18777
SN07769,snow_goose,8.137714,1.889135
SA07928,sandhill_crane,15.667806,4.145089
SA06821,sandhill_crane,12.548327,10.724132
SA02689,sandhill_crane,6.838848,5.653232
SA04113,sandhill_crane,12.000486,11.034185
SN04563,snow_goose,12.675008,2.599297
SN02542,snow_goose,12.842864,12.10967
SA01172,sandhill_crane,5.868245,10.618905
SA04608,sandhill_crane,2.520569,5.208785
SN02424,snow_goose,16.794949,3.318988
SA00389,sandhill_crane,8.347065,1.024673
SA05448,sandhill_crane,5.327308,9.784669
SA09517,sandhill_crane,2.007867,5.557533
SN01024,snow_goose,16.977188,3.37897
SN00605,snow_goose,5.78777,10.55817
SN04059,snow_goose,13.846301,12.722185
SA06561,sandhill_crane,5.783826,5.525223
SA05022,sandhill_crane,1.797223,4.644521
SN04039,snow_goose,7.269884,5.467146
SA03811,sandhill_crane,2.05407,5.043804
SA07713,sandhill_crane,11.504637,2.517185
SN06659,snow_goose,2.484948,5.164008
SN05555,snow_goose,11.769875,2.884924
SN02315,snow_goose,12.441869,2.074826
SN07473,snow_goose,9.202909,2.819625
SN02891,snow_goose,4.951987,11.165039
SA06845,sandhill_crane,5.114845,10.262359
SA04278,sandhill_crane,2.226885,4.958639
SA04008,sandhill_crane,9.49275,2.822876
SN06311,snow_goose,11.719508,1.594184
SN02308,snow_goose,6.839574,5.675247
SN08377,snow_goose,13.486163,13.208873
SN04521,snow_goose,2.081714,5.302012
SN01637,snow_goose,6.45278,10.309922
SA06134,sandhill_crane,2.458821,5.091673
SA06597,sandhill_crane,7.816488,2.264762
SA09252,sandhill_crane,0.538033,4.961791
SN06621,snow_goose,13.368459,12.654885
SA01867,sandhill_crane,12.390558,11.10452
SA02308,sandhill_crane,12.362378,1.561991
SN01000,snow_goose,8.526982,2.12121
SN04833,snow_goose,13.360389,11.858718
SN05657,snow_goose,9.423388,2.292254
SN00423,snow_goose,14.156843,12.611914
SA03632,sandhill_crane,8.770534,3.916712
SA09080,sandhill_crane,6.246086,5.41514
SA07732,sandhill_crane,12.892178,10.462114
SN03466,snow_goose,13.46323,12.858471
SN04864,snow_goose,11.94397,0.935176
SA08910,sandhill_crane,16.81759,3.193179
SN07070,snow_goose,12.653124,1.88696
SN00807,snow_goose,6.33645,4.846054
SA05371,sandhill_crane,5.996897,5.199715
SN05796,snow_goose,7.833735,2.430359
SN06543,snow_goose,12.54185,10.376966
SA00648,sandhill_crane,17.483639,2.888498
SN01661,snow_goose,8.308732,2.458166
SA02958,sandhill_crane,5.999734,5.376069
SA07041,sandhill_crane,15.530708,3.060356
SN06858,snow_goose,13.529298,12.101387
SN05834,snow_goose,11.768655,9.690833
SA08637,sandhill_crane,5.650604,9.515001
SN05962,snow_goose,6.178957,10.625027
SA03229,sandhill_crane,5.718163,9.883264
SN01046,snow_goose,14.503912,13.142246
SN01311,snow_goose,12.813762,1.842393
SA01047,sandhill_crane,15.949967,2.970222
SN04126,snow_goose,16.88005,3.195266
SN03809,snow_goose,9.153249,2.349978
SA08660,sandhill_crane,12.625505,10.802666
SA06021,sandhill_crane,14.92816,3.561818
SA01221,sandhill_crane,5.313536,10.191654
SA00687,sandhill_crane,6.279808,10.471388
SN09542,snow_goose,5.446085,10.134561
SA05318,sandhill_crane,11.526505,1.992752
SA05877,sandhill_crane,6.234742,10.345048
SN03359,snow_goose,12.497399,10.688903
SA01824,sandhill_crane,5.459587,10.466718
SN06537,snow_goose,12.893334,11.335387
SN08312,snow_goose,2.440244,5.680286
SA05954,sandhill_crane,11.496503,10.014734
SA05389,sandhill_crane,9.392647,3.026702
SA01286,sandhill_crane,8.255774,2.778537
SA04782,sandhill_crane,2.270418,5.740876
SA04081,sandhill_crane,11.845582,1.596147
SA09942,sandhill_crane,9.203398,2.34358
SN09239,snow_goose,11.714772,10.736563
SN03419,snow_goose,8.880638,2.038488
SN05524,snow_goose,1.950535,5.298968
SA07829,sandhill_crane,14.310164,13.014486
SA06321,sandhill_crane,16.959986,3.453799
SA06258,sandhill_crane,6.23941,5.062623
SN03410,snow_goose,12.263677,11.01971
SN07039,snow_goose,14.512895,13.01948
SN00965,snow_goose,12.537724,2.595631
SN06142,snow_goose,5.091628,10.222844
SA07914,sandhill_crane,8.107742,2.441511
SN04660,snow_goose,12.133607,10.323514
SN07992,snow_goose,6.002313,5.784721
SA00254,sandhill_crane,11.216678,2.652646
SN04003,snow_goose,5.871131,10.023203
SN04602,snow_goose,13.202691,13.114414
SN09710,snow_goose,9.268396,1.819126
SA09304,sandhill_crane,2.538226,5.742736
SN05048,snow_goose,8.515497,3.104116
SA03037,sandhill_crane,12.774802,0.891376
SA00613,sandhill_crane,12.5206,2.752597
SA05286,sandhill_crane,13.841735,13.462872
SN03593,snow_goose,5.741945,9.903247
SA00691,sandhill_crane,16.656732,2.540051
SA06972,sandhill_crane,16.524306,3.675019
SN08749,snow_goose,12.711298,2.501267
SA04460,sandhill_crane,14.191578,12.825121
SN05482,snow_goose,13.65895,12.835592
SA06895,sandhill_crane,6.821643,4.674277
SA06648,sandhill_crane,8.482593,3.155458
SN08067,snow_goose,2.395633,4.575662
SA03381,sandhill_crane,16.812904,2.669968
SA07337,sandhill_crane,6.37984,6.059364
SA00268,sandhill_crane,5.637659,10.70959
SA00695,sandhill_crane,6.907895,5.654716
SN03822,snow_goose,13.507597,13.363077
SN00866,snow_goose,13.39241,2.304218
SN00820,snow_goose,13.703373,12.572725
SA00879,sandhill_crane,12.289559,9.703521
SN01257,snow_goose,1.245611,4.901083
SA04441,sandhill_crane,5.574267,11.395745
SA07049,sandhill_crane,16.390949,3.392918
SN07194,snow_goose,9.30473,2.726437
SN01520,snow_goose,2.557387,5.181566
SN09395,snow_goose,11.948004,10.404371
SA08871,sandhill_crane,16.096424,3.584491
SN04640,snow_goose,12.438059,2.395374
SN03327,snow_goose,1.862954,4.783264
SN04231,snow_goose,7.285723,5.592741
SN03321,snow_goose,8.677587,2.371632
SA05379,sandhill_crane,12.687926,12.506322
SN00589,snow_goose,16.310134,4.134551
SN07341,snow_goose,16.208558,3.128149
SA00347,sandhill_crane,16.09407,3.26443
SA06088,sandhill_crane,2.118001,5.050996
SN05592,snow_goose,6.168882,9.834524
SN01892,snow_goose,17.118952,3.90082
SN05756,snow_goose,11.65445,2.920253
SA06251,sandhill_crane,5.74061,9.466099
SN08638,snow_goose,16.415927,3.810093
SA02614,sandhill_crane,8.887563,2.615816
SA05742,sandhill_crane,8.77227,3.360518
SN02884,snow_goose,8.634574,2.809847
SN02804,snow_goose,13.186936,12.903871
SA06146,sandhill_crane,16.250714,3.076296
SN07109,snow_goose,12.018616,10.49933
SA09754,sandhill_crane,16.484775,2.98699
SA00061,sandhill_crane,13.605768,12.963071
SN09230,snow_goose,17.359785,3.527192
SA04695,sandhill_crane,2.116429,4.177345
SN02557,snow_goose,16.707233,3.111798
SA00745,sandhill_crane,11.83049,10.750817
SA08743,sandhill_crane,12.720433,2.457139
SA06542,sandhill_crane,6.568,6.333701
SN01088,snow_goose,6.07657,5.628489
SA07831,sandhill_crane,12.021396,1.898146
SA00832,sandhill_crane,8.715878,2.750921
SA00204,sandhill_crane,2.966836,4.556653
SN00876,snow_goose,4.949688,10.535229
SN08323,snow_goose,14.777054,12.968764
SN00928,snow_goose,14.100888,13.031996
SN01471,snow_goose,16.636553,3.329709
SN04813,snow_goose,16.105745,3.247901
SA05391,sandhill_crane,15.78118,3.855346
SA08629,sandhill_crane,16.825134,4.084094
SN00087,snow_goose,5.702047,10.764902
SA01990,sandhill_crane,2.026037,5.537786
SN07304,snow_goose,2.063102,4.600963
SA08819,sandhill_crane,8.849212,2.621598
SA05090,sandhill_crane,16.329642,3.075047
SN09093,snow_goose,5.466461,10.123757
SA06762,sandhill_crane,6.278403,5.76046
SN09072,snow_goose,12.546197,12.323752
SA08817,sandhill_crane,15.590501,4.467365
SA02216,sandhill_crane,16.80975,2.846958
SA00229,sandhill_crane,13.996168,13.341466
SA00888,sandhill_crane,12.272347,1.999807
SN06864,snow_goose,2.504606,4.33444
SN07872,snow_goose,12.865411,2.782823
SA05153,sandhill_crane,5.91975,5.793624
SN07931,snow_goose,2.120744,5.736865
SA07640,sandhill_crane,2.835265,5.570026
SN04528,snow_goose,5.621663,10.243846
SA09599,sandhill_crane,2.049133,5.232403
SA05550,sandhill_crane,1.947339,5.969419
SA08376,sandhill_crane,13.219167,12.563745
SN00013,snow_goose,8.524632,1.752765
SN03718,snow_goose,13.325324,12.373188
SN03913,snow_goose,13.83086,12.899899
SN00549,snow_goose,5.53971,9.610205
SA03312,sandhill_crane,13.492637,11.72537
SN07670,snow_goose,12.037301,2.146994
SN08343,snow_goose,5.676383,5.348023
SA08901,sandhill_crane,15.951435,2.902398
SN04065,snow_goose,2.851151,4.776077
SA08029,sandhill_crane,5.552887,5.54821
SN05968,snow_goose,16.640324,3.257845
SN01590,snow_goose,6.785086,6.447083
SN03815,snow_goose,11.980045,11.356165
SA09150,sandhill_crane,12.420224,10.356617
SN01593,snow_goose,8.937159,2.740076
SA02013,sandhill_crane,5.695553,10.168022
SN05573,snow_goose,13.138059,10.977046
SA07889,sandhill_crane,6.005683,5.181214
SA01924,sandhill_crane,13.606605,12.770663
SN02196,snow_goose,8.070637,2.191295
SA03504,sandhill_crane,6.432328,5.543069
SA02521,sandhill_crane,14.286587,13.544642
SN06649,snow_goose,13.456935,12.921097
SA03753,sandhill_crane,2.256994,4.635014
SA04184,sandhill_crane,5.370476,10.258853
SA03760,sandhill_crane,9.21132,2.709438
SN06386,snow_goose,12.944172,10.235234
SA08752,sandhill_crane,1.026162,5.975986
SA08432,sandhill_crane,8.492284,2.841371
SN03526,snow_goose,2.253583,5.602006
SA03975,sandhill_crane,8.01873,2.97955
SA09562,sandhill_crane,13.454953,13.284788
SN06163,snow_goose,12.371811,2.635265
SN05870,snow_goose,8.743926,2.765811
SN01002,snow_goose,12.66751,11.107956
SA07331,sandhill_crane,7.884906,2.733631
SA00142,sandhill_crane,13.803446,12.438343
SN09774,snow_goose,12.385113,2.115768
SA06779,sandhill_crane,12.21891,1.770193
SN09609,snow_goose,14.677458,3.365919
SN00475,snow_goose,16.602923,3.104689
SA03808,sandhill_crane,3.334794,4.172317
SA05130,sandhill_crane,5.796771,10.268843
SN09024,snow_goose,16.995644,3.946971
SA01902,sandhill_crane,12.483058,10.611309
SA08526,sandhill_crane,12.109014,2.504892
SN01968,snow_goose,6.624149,6.593
SA08431,sandhill_crane,15.814461,3.177225
SN09496,snow_goose,4.7815,10.406538
SN00113,snow_goose,5.439903,9.655796
SA01986,sandhill_crane,2.735861,4.984639
SA00873,sandhill_crane,11.957493,10.55473
SA04254,sandhill_crane,2.064958,4.908351
SA01456,sandhill_crane,12.811034,3.12168
SA03593,sandhill_crane,16.170908,3.865859
SA00149,sandhill_crane,1.291974,5.516719
SN06129,snow_goose,11.852282,11.196408
SA03031,sandhill_crane,5.012795,9.95555
SN08360,snow_goose,15.900184,3.024981
SN07481,snow_goose,15.651684,2.835233
SN05525,snow_goose,12.733665,2.081243
SA03677,sandhill_crane,8.704729,2.131892
SA07963,sandhill_crane,15.696466,3.325979
SA06044,sandhill_crane,2.665467,5.315935
SN01032,snow_goose,5.780103,9.813857
SA00104,sandhill_crane,12.896135,1.955993
SA01534,sandhill_crane,12.508175,1.885428
SA03885,sandhill_crane,8.475756,1.843037
SA09678,sandhill_crane,3.3368,4.269281
SA04645,sandhill_crane,2.711963,5.312169
SN05058,snow_goose,7.164772,4.837031
SN06817,snow_goose,5.483984,9.598234
SN08139,snow_goose,12.686213,11.245699
SN04653,snow_goose,12.570733,10.952632
SA01204,sandhill_crane,1.815829,5.750735
SN09425,snow_goose,4.813004,9.994899
SN03088,snow_goose,16.094976,3.983427
SA01310,sandhill_crane,16.12735,3.232424
SN02266,snow_goose,13.489818,12.5449
SN06320,snow_goose,15.759905,4.264762
SN05416,snow_goose,5.795714,5.046944
SA04626,sandhill_crane,5.742911,4.969491
SA02881,sandhill_crane,8.858965,3.413674
SN05933,snow_goose,13.62042,13.005314
SN05929,snow_goose,6.878552,5.137622
SN01528,snow_goose,5.814295,5.293345
SA06326,sandhill_crane,15.669627,2.323973
SA07458,sandhill_crane,13.751387,12.890642
SN05373,snow_goose,2.142976,5.433686
SA01211,sandhill_crane,16.266948,3.771437
SA03829,sandhill_crane,5.237943,10.556586
SN07648,snow_goose,5.311433,9.71535
SN08129,snow_goose,16.678628,3.398607
SA08297,sandhill_crane,5.224589,5.315129
SA07038,sandhill_crane,6.139708,5.436729
SA07880,sandhill_crane,5.216211,10.953146
SA07093,sandhill_crane,12.676756,2.123488
SN06330,snow_goose,11.788913,2.648975
SA02757,sandhill_crane,6.880443,10.182889
SN08399,snow_goose,2.74677,5.380577
SA05160,sandhill_crane,14.470549,13.381266
SA05717,sandhill_crane,6.200666,9.481773
SA05214,sandhill_crane,11.340438,11.208645
SN06872,snow_goose,13.142335,12.865357
SA00151,sandhill_crane,12.45509,10.843101
SA07912,sandhill_crane,6.743513,5.431371
SN02461,snow_goose,11.107553,2.428899
SA03079,sandhill_crane,11.524647,2.432971
SN02033,snow_goose,2.495841,5.35746
SA06881,sandhill_crane,2.327026,3.653294
SA01240,sandhill_crane,5.342676,5.233073
SN09369,snow_goose,3.353191,5.741752
SA03939,sandhill_crane,13.704872,12.684358
SA00401,sandhill_crane,2.684021,5.029039
SA08172,sandhill_crane,6.786226,5.914945
SN04226,snow_goose,6.790152,6.154524
SN08122,snow_goose,6.105297,5.868057
SA06999,sandhill_crane,6.149618,5.554306
SN00119,snow_goose,8.529149,2.091669
SA07268,sandhill_crane,16.306535,3.801652
SA04790,sandhill_crane,16.792729,3.358535
SN00139,snow_goose,2.730051,4.630422
SN01676,snow_goose,5.398848,9.700315
SA02992,sandhill_crane,15.688906,3.68526
SA06517,sandhill_crane,8.844654,2.084233
SA06775,sandhill_crane,16.432728,3.474763
SN06261,snow_goose,5.968414,9.146651
SA07534,sandhill_crane,13.700911,11.996618
SN01499,snow_goose,9.087208,2.583945
SN07105,snow_goose,15.913963,3.15965
SA00445,sandhill_crane,11.997888,1.946863
SA02261,sandhill_crane,15.412758,3.692031
SA04489,sandhill_crane,2.39911,5.051414
SA02835,sandhill_crane,5.801007,9.644407
SA05961,sandhill_crane,2.456057,5.536928
SA05911,sandhill_crane,6.223087,6.223425
SA08781,sandhill_crane,16.428952,3.564939
SN09264,snow_goose,8.964773,1.175381
SN04034,snow_goose,5.627044,9.716411
SA01233,sandhill_crane,5.521257,10.134973
SA00075,sandhill_crane,12.210302,1.514586
SA08406,sandhill_crane,4.209122,10.524451
SN06734,snow_goose,12.513687,3.12862
SN09755,snow_goose,16.883804,3.633668
SA03673,sandhill_crane,13.062053,2.025535
SA05969,sandhill_crane,15.824549,3.563775
SN00711,snow_goose,12.248076,11.844691
SA09594,sandhill_crane,11.60436,3.645865
SN01527,snow_goose,16.372221,4.298614
SA01571,sandhill_crane,7.827294,3.101231
SN01444,snow_goose,5.887477,11.043647
SN08867,snow_goose,1.929849,4.721231
SA04732,sandhill_crane,8.506964,3.063073
SA05264,sandhill_crane,4.514172,10.407254
SA01643,sandhill_crane,13.702232,12.732455
SA07181,sandhill_crane,6.452941,5.582568
SA00511,sandhill_crane,13.365052,11.026249
SA00187,sandhill_crane,12.55445,10.282602
SA06655,sandhill_crane,12.052534,2.312275
SA03099,sandhill_crane,8.38637,2.851197
SA05878,sandhill_crane,2.193558,5.647642
SA04408,sandhill_crane,13.912144,13.639002
SN03160,snow_goose,1.940091,4.618429
SA06384,sandhill_crane,12.323104,10.673451
SA04126,sandhill_crane,12.370439,11.167794
SN04650,snow_goose,5.906369,9.957881
SN04747,snow_goose,6.183961,5.239969
SA01464,sandhill_crane,13.393842,12.483509
SA09667,sandhill_crane,12.301792,2.287305
SA06724,sandhill_crane,13.630339,12.957774
SA09029,sandhill_crane,11.867369,2.106146
SA06477,sandhill_crane,12.355641,13.402895
SN00931,snow_goose,13.168592,2.109075
SA03489,sandhill_crane,15.966548,3.151199
SA06451,sandhill_crane,12.484105,1.854184
SN08013,snow_goose,5.334668,5.728962
SA02501,sandhill_crane,6.14702,6.084004
SA03203,sandhill_crane,8.91164,2.2672
SA04330,sandhill_crane,9.261332,2.014851
SN05680,snow_goose,5.46389,11.155436
SN06750,snow_goose,16.890726,2.81725
SA04035,sandhill_crane,11.998767,3.327854
SN03019,snow_goose,5.124646,10.654973
SA05313,sandhill_crane,16.381389,3.854987
SA06590,sandhill_crane,4.897645,9.477495
SA03464,sandhill_crane,7.965533,5.292748
SN05395,snow_goose,12.629909,2.146942
SN07328,snow_goose,13.934597,14.16619
SN09772,snow_goose,2.461824,4.439188
SA05141,sandhill_crane,13.131712,12.522405
SA00370,sandhill_crane,8.515758,2.283881
SA02604,sandhill_crane,2.290841,4.406563
SA02179,sandhill_crane,13.86635,12.736128
SA09582,sandhill_crane,13.965432,12.428405
SA01532,sandhill_crane,12.948191,2.670189
SA07842,sandhill_crane,2.400735,5.755024
SA05770,sandhill_crane,13.934602,12.976991
SA08857,sandhill_crane,5.477372,11.291466
SN05627,snow_goose,13.098396,10.37335
SN08924,snow_goose,6.552167,9.610573
SA05088,sandhill_crane,16.37241,3.51842
SA06995,sandhill_crane,11.742685,2.383457
SN06023,snow_goose,4.865216,10.641784
SN05204,snow_goose,13.809196,13.127926
SN09967,snow_goose,6.985273,4.720306
SN02871,snow_goose,9.406338,1.945324
SA08631,sandhill_crane,7.358272,5.75533
SN08261,snow_goose,8.25689,2.613579
SN06935,snow_goose,2.610038,4.828819
SN06805,snow_goose,12.662124,1.465231
SA09683,sandhill_crane,2.779586,5.269986
SA05494,sandhill_crane,6.08234,9.530339
SN06653,snow_goose,12.171531,10.832876
SA06998,sandhill_crane,2.265952,5.263679
SN09152,snow_goose,14.002077,13.381819
SA06342,sandhill_crane,1.83167,5.950437
SN04964,snow_goose,2.483454,4.465052
SN01273,snow_goose,5.899458,9.698728
SN03423,snow_goose,12.490908,2.851325
SA07789,sandhill_crane,5.93333,6.011322
SA06713,sandhill_crane,6.680463,5.879622
SN01729,snow_goose,12.263518,1.665574
SN01759,snow_goose,6.421611,6.276762
SN09164,snow_goose,2.703627,5.557562
SA06100,sandhill_crane,8.505203,3.054409
SA07653,sandhill_crane,8.604882,3.035979
SN02381,snow_goose,8.577601,2.228543
SN07967,snow_goose,1.806206,5.989702
SN03309,snow_goose,12.5234,11.036204
SA04201,sandhill_crane,12.348716,11.101683
SN01537,snow_goose,12.181895,2.536673
SA06658,sandhill_crane,6.519234,5.649571
SN06300,snow_goose,13.957994,12.724039
SA08878,sandhill_crane,5.412809,9.910309
SA02022,sandhill_crane,5.796442,6.029588
SN04805,snow_goose,13.901148,13.82378
SA03620,sandhill_crane,8.152449,2.263613
SN06046,snow_goose,16.687778,3.32871
SA05707,sandhill_crane,12.622989,10.677366
SN08224,snow_goose,2.897755,4.609997
SA02144,sandhill_crane,5.656252,10.046408
SA02118,sandhill_crane,11.941876,10.847939
SN01791,snow_goose,6.378233,6.233379
SA04367,sandhill_crane,8.266266,2.793267
SA01528,sandhill_crane,12.768339,2.937243
SN05496,snow_goose,13.714462,13.20403
SN00454,snow_goose,9.241755,2.196266
SN06237,snow_goose,2.730674,5.876197
SN02560,snow_goose,2.060877,5.297215
SN05249,snow_goose,12.700748,10.582213
SA01362,sandhill_crane,9.19965,2.453117
SA08675,sandhill_crane,11.570629,10.465905
SA05209,sandhill_crane,3.085632,6.056478
SN04133,snow_goose,16.368287,2.593148
SA01182,sandhill_crane,12.59054,10.776585
SA01598,sandhill_crane,12.432718,10.600552
SN00415,snow_goose,14.544071,13.018099
SA00131,sandhill_crane,12.36925,11.391268
SA09921,sandhill_crane,16.096233,3.149576
SA05545,sandhill_crane,6.863294,5.730541
SA06450,sandhill_crane,5.779908,10.040494
SN00351,snow_goose,15.327831,3.836157
SN08371,snow_goose,11.813811,9.964371
SA05422,sandhill_crane,8.320469,1.809828
SN08307,snow_goose,3.095843,5.600203
SN07075,snow_goose,12.426554,10.071492
SA01979,sandhill_crane,9.149614,2.465754
SN04756,snow_goose,8.033916,2.101866
SN06657,snow_goose,2.102562,5.011877
SA09070,sandhill_crane,5.484052,10.007034
SN08784,snow_goose,12.498985,2.10896
SN08544,snow_goose,12.323013,11.256367
SA06812,sandhill_crane,3.387153,4.756007
SN02235,snow_goose,13.832413,13.022988
SN05863,snow_goose,3.174696,4.787504
SA06448,sandhill_crane,7.209655,5.441498
SN05106,snow_goose,12.285028,10.66653
SN00849,snow_goose,5.214297,10.397455
SA04634,sandhill_crane,6.205847,6.119296
SN01059,snow_goose,16.213482,3.90056
SN04473,snow_goose,13.804028,12.685896
SA00578,sandhill_crane,8.417636,2.155025
SN01494,snow_goose,5.965968,10.474953
SA04546,sandhill_crane,6.446315,4.9804
SA00988,sandhill_crane,5.576573,9.602562
SN07308,snow_goose,16.600348,3.383952
SA01323,sandhill_crane,12.781952,10.310366
SA05190,sandhill_crane,2.214247,4.480308
SA07725,sandhill_crane,5.934753,5.805523
SN02479,snow_goose,16.449502,3.84607
SA09760,sandhill_crane,7.989263,2.312463
SA07955,sandhill_crane,15.917431,3.482323
SA03010,sandhill_crane,13.763038,12.129896
SA04297,sandhill_crane,6.745371,5.353707
SN06054,snow_goose,7.980522,1.716968
SN05494,snow_goose,1.872394,5.397856
SA03980,sandhill_crane,12.663753,13.210509
SA04114,sandhill_crane,9.643417,2.516157
SN01474,snow_goose,16.421102,3.399235
SA04379,sandhill_crane,8.45846,3.085434
SN06158,snow_goose,6.816747,5.564156
SA06236,sandhill_crane,11.278362,2.330471
SA07325,sandhill_crane,12.34121,11.496517
SA09147,sandhill_crane,15.776945,3.592018
SN05878,snow_goose,12.246936,11.644437
SN01473,snow_goose,8.318233,2.222077
SN00473,snow_goose,13.851572,12.659976
SN02157,snow_goose,11.800648,2.708463
SA00426,sandhill_crane,5.104166,9.731987
SN01950,snow_goose,14.868805,12.457823
SA01717,sandhill_crane,12.773193,2.110239
SN01264,snow_goose,6.399036,5.902971
SA09033,sandhill_crane,13.325457,12.951635
SA07708,sandhill_crane,14.227664,13.329865
SN01125,snow_goose,11.182518,2.073058
SN04977,snow_goose,13.058515,10.685402
SA08813,sandhill_crane,12.268232,2.203442
SN05427,snow_goose,8.898382,2.082264
SN08980,snow_goose,9.226867,2.595669
SN08439,snow_goose,6.096244,9.231327
SA07540,sandhill_crane,13.172021,10.494073
SA01601,sandhill_crane,8.160601,2.550701
SN00058,snow_goose,12.749097,9.799448
SA08331,sandhill_crane,15.814259,3.744573
SA02329,sandhill_crane,11.798251,10.208952
SA04195,sandhill_crane,5.294596,9.87632
SA03806,sandhill_crane,5.984669,5.544516
SN00712,snow_goose,9.269963,2.096083
SA02465,sandhill_crane,14.192119,12.764138
SA05030,sandhill_crane,5.937516,10.115015
SA02428,sandhill_crane,9.493077,2.328107
SA09347,sandhill_crane,16.547416,3.771912
SN06758,snow_goose,2.447419,5.08891
SA09067,sandhill_crane,8.379127,2.527375
SN05350,snow_goose,5.418344,5.881697
SA04633,sandhill_crane,16.458231,3.947026
SN09202,snow_goose,16.282132,3.416815
SN06976,snow_goose,5.559776,9.976394
SN00743,snow_goose,2.080943,5.78635
SA00766,sandhill_crane,13.074173,13.067286
SA05664,sandhill_crane,2.711487,5.363729
SN02914,snow_goose,5.509646,5.328451
SA01418,sandhill_crane,13.682883,12.760589
SN06606,snow_goose,12.831021,11.408567
SA09571,sandhill_crane,12.134255,10.391135
SN06948,snow_goose,14.30165,12.863319
SA06481,sandhill_crane,2.733671,4.397946
SA09028,sandhill_crane,7.957391,2.606952
SN01955,snow_goose,12.26908,10.926212
SN04722,snow_goose,5.289926,9.825615
SA01789,sandhill_crane,5.198084,9.999767
SN02208,snow_goose,8.675751,2.628227
SA00303,sandhill_crane,13.503854,12.360666
SN03514,snow_goose,16.902616,3.258496
SN05490,snow_goose,13.672205,13.880184
SA06490,sandhill_crane,6.466202,5.598818
SN03755,snow_goose,11.362156,2.753476
SN05489,snow_goose,15.989878,3.950358
SA03365,sandhill_crane,16.794624,3.788505
SN09550,snow_goose,9.365381,2.23348
SA00747,sandhill_crane,15.715872,3.390666
SA02876,sandhill_crane,11.638466,2.47365
SA09156,sandhill_crane,5.114663,10.727185
SN02468,snow_goose,5.616316,10.119119
SN01047,snow_goose,3.067129,5.916264
SA01552,sandhill_crane,8.680243,2.523176
SA05232,sandhill_crane,15.954543,3.428254
SN02994,snow_goose,3.189509,5.37787
SA01911,sandhill_crane,6.935027,5.288394
SN01364,snow_goose,9.402841,1.833721
SN09759,snow_goose,13.141776,10.719012
SN01374,snow_goose,12.260975,11.042321
SA05139,sandhill_crane,1.18585,4.825647
SN03571,snow_goose,8.520603,1.547812
SN09613,snow_goose,5.737746,5.215688
SN00518,snow_goose,13.812842,12.566008
SN07650,snow_goose,4.779185,9.216135
SN03016,snow_goose,12.642176,10.918674
SN04616,snow_goose,3.059358,5.393344
SN01655,snow_goose,15.916729,2.045836
SA07856,sandhill_crane,13.203941,13.608883
SA00394,sandhill_crane,1.995807,4.577589
SN05368,snow_goose,13.03703,12.885911
SA01478,sandhill_crane,8.751658,3.203921
SA07162,sandhill_crane,6.040658,5.626365
SN05201,snow_goose,16.216466,2.359878
SN03793,snow_goose,16.382717,4.178547
SA01705,sandhill_crane,16.02722,3.553772
SA03154,sandhill_crane,12.805522,11.04298
SA09387,sandhill_crane,11.971707,2.430862
SN08531,snow_goose,13.480104,13.00208
SA01996,sandhill_crane,2.90418,4.891579
SA09173,sandhill_crane,11.651306,10.23825
SN02303,snow_goose,5.902801,10.10579
SN06682,snow_goose,13.981224,12.673469
SA05008,sandhill_crane,16.729041,3.48682
SA07737,sandhill_crane,17.158574,2.967257
SA07524,sandhill_crane,14.122718,13.015568
SN08845,snow_goose,12.909401,13.496471
SN00603,snow_goose,12.604176,10.547005
SN04161,snow_goose,5.630966,10.578268
SN00850,snow_goose,2.547415,4.35411
SN09876,snow_goose,1.370637,5.984901
SA04670,sandhill_crane,2.732393,5.11079
SN03727,snow_goose,15.686104,3.723523
SN01043,snow_goose,6.531466,5.890091
SA08320,sandhill_crane,12.837354,9.940107
SN04860,snow_goose,12.49052,2.550759
SN09253,snow_goose,6.808146,6.004983
SN06342,snow_goose,6.061631,5.555911
SN08828,snow_goose,17.065186,2.772623
SA09584,sandhill_crane,5.912044,9.572731
SA03157,sandhill_crane,11.709646,10.539921
SA07612,sandhill_crane,9.821286,2.148467
SA06353,sandhill_crane,9.058884,3.508508
SN05052,snow_goose,8.71503,2.637689
SN04375,snow_goose,9.064909,2.402771
SN04107,snow_goose,6.269462,5.00154
SA01114,sandhill_crane,11.643545,11.667447
SA07444,sandhill_crane,9.413315,3.26333
SN07958,snow_goose,4.626094,10.114089
SA07431,sandhill_crane,6.35177,6.324474
SN07757,snow_goose,2.777092,4.395494
SN08328,snow_goose,12.403988,1.703383
SA01701,sandhill_crane,11.844452,1.884449
SA07701,sandhill_crane,5.460672,10.192662
SA04859,sandhill_crane,14.052138,13.356119
SN02793,snow_goose,5.398342,9.720615
SN01478,snow_goose,12.899879,2.663975
SN04510,snow_goose,15.796236,2.951011
SN07847,snow_goose,8.380924,2.527634
SN05938,snow_goose,8.292939,2.751606
SA02298,sandhill_crane,16.500004,3.621398
SN07608,snow_goose,11.555584,10.411707
SN08820,snow_goose,12.346772,10.356138
SN06250,snow_goose,2.059488,4.796979
SA01141,sandhill_crane,2.099973,4.980405
SA03406,sandhill_crane,2.578938,5.138876
SN03643,snow_goose,16.588834,3.106974
SN09546,snow_goose,6.691526,5.506011
SA09125,sandhill_crane,8.224116,2.012287
SN01261,snow_goose,8.859155,2.773912
SA01338,sandhill_crane,2.654063,5.824504
SA09312,sandhill_crane,9.52242,2.300267
SA05002,sandhill_crane,2.009626,5.216321
SA03509,sandhill_crane,8.691179,3.331748
SA05843,sandhill_crane,12.749208,2.285037
SA05755,sandhill_crane,1.618106,4.636614
SA00764,sandhill_crane,14.83479,13.048122
SN02491,snow_goose,8.128623,2.128673
SA06283,sandhill_crane,13.499304,13.123659
SN06675,snow_goose,11.011707,2.087716
SN04896,snow_goose,16.885495,2.813597
SN01694,snow_goose,7.095605,5.638213
SN06259,snow_goose,7.884499,1.670908
SN09150,snow_goose,12.651386,11.168256
SA05187,sandhill_crane,5.321431,9.924642
SA00647,sandhill_crane,14.057011,12.844445
SA01939,sandhill_crane,12.333671,1.931006
SA05758,sandhill_crane,12.961536,2.551633
SA08412,sandhill_crane,12.896752,13.221967
SN06378,snow_goose,11.929461,2.881955
SA06808,sandhill_crane,2.341641,5.408642
SA01549,sandhill_crane,1.171499,5.926908
SN10000,snow_goose,3.150666,5.609595
SN08802,snow_goose,12.340597,10.615442
SN00696,snow_goose,3.03679,5.227073
SA02070,sandhill_crane,13.845249,12.738822
SA01098,sandhill_crane,11.96098,2.060272
SN08567,snow_goose,15.957593,3.094667
SN04949,snow_goose,9.174825,2.928649
SA03913,sandhill_crane,2.628406,5.133355
SA08091,sandhill_crane,1.974557,6.108178
SA00769,sandhill_crane,13.770548,10.791851
SN08900,snow_goose,12.989179,11.208475
SA02906,sandhill_crane,2.508648,5.310953
SN07596,snow_goose,5.946824,11.313338
SA06857,sandhill_crane,16.202429,3.002268
SA08374,sandhill_crane,14.434676,12.400762
SA02228,sandhill_crane,16.434105,4.145373
SA06707,sandhill_crane,11.853349,3.081612
SA01757,sandhill_crane,2.538206,4.397074
SA08495,sandhill_crane,8.314988,1.71142
SN04556,snow_goose,13.845068,12.230356
SA04029,sandhill_crane,4.940433,9.467017
SN03758,snow_goose,12.166278,10.830697
SN04954,snow_goose,12.916841,13.258448
SN02203,snow_goose,5.640603,5.765286
SN06152,snow_goose,8.042072,2.200539
SN06881,snow_goose,12.588394,2.707333
SA06360,sandhill_crane,11.651059,1.566583
SA09948,sandhill_crane,5.441362,9.948227
SN09771,snow_goose,5.001326,10.215347
SA06923,sandhill_crane,13.55767,11.414935
SA07192,sandhill_crane,12.056111,10.381944
SN06914,snow_goose,11.28991,2.21833
SA01664,sandhill_crane,12.389433,10.347771
SA04892,sandhill_crane,14.110346,13.016741
SN05422,snow_goose,2.540151,5.600167
SA07837,sandhill_crane,13.508988,13.27648
SA06034,sandhill_crane,6.552061,5.555403
SA01162,sandhill_crane,5.981209,6.288662
SN06997,snow_goose,5.893745,5.246272
SN02487,snow_goose,12.950632,12.782069
SN02261,snow_goose,4.94744,10.311348
SA01607,sandhill_crane,15.924202,3.411828
SN02902,snow_goose,5.846095,5.585443
SA00496,sandhill_crane,14.230518,12.768204
SN00827,snow_goose,12.889378,1.689173
SN00825,snow_goose,5.718456,6.048457
SN06984,snow_goose,6.889379,5.36506
SA03832,sandhill_crane,12.655549,10.997059
SA05424,sandhill_crane,6.069467,5.76605
SA01672,sandhill_crane,11.896343,3.313811
SN01223,snow_goose,13.247587,13.139935
SN09680,snow_goose,8.563337,1.72047
SN01299,snow_goose,4.926579,10.132981
SN05298,snow_goose,5.340204,9.55058
SA02197,sandhill_crane,9.113276,1.588819
SN04766,snow_goose,16.371311,3.496937
SA08914,sandhill_crane,8.957092,2.75887
SN06563,snow_goose,17.268339,3.64822
SA09396,sandhill_crane,9.008817,3.220702
SA02556,sandhill_crane,8.293752,3.507208
SN04632,snow_goose,2.563671,4.997828
SA04051,sandhill_crane,7.479373,2.03351
SN01012,snow_goose,12.680209,3.028023
SA04598,sandhill_crane,11.966442,10.393439
SA01729,sandhill_crane,13.293373,13.455483
SN04514,snow_goose,2.625402,5.84368
SA03896,sandhill_crane,13.990508,12.406849
SN02723,snow_goose,14.412605,12.791832
SN05089,snow_goose,11.980166,10.295443
SN06460,snow_goose,9.09795,2.073992
SA08477,sandhill_crane,16.480923,3.155941
SN01967,snow_goose,5.304383,10.592976
SA03071,sandhill_crane,8.53563,2.520438
SN09092,snow_goose,13.573919,10.834498
SN04984,snow_goose,13.670807,13.031177
SN01571,snow_goose,6.629666,6.114229
SN02993,snow_goose,8.121839,3.233907
SN09377,snow_goose,11.821109,3.096072
SA02714,sandhill_crane,5.44957,10.201742
SA06250,sandhill_crane,6.115819,10.514263
SN04058,snow_goose,16.279989,4.069276
SA08263,sandhill_crane,6.627456,4.708891
SA09193,sandhill_crane,16.070915,4.868274
SA07785,sandhill_crane,16.191315,3.972621
SN05017,snow_goose,2.227122,5.176564
SN04239,snow_goose,14.255471,12.373733
SN06796,snow_goose,8.705075,2.6931
SA05923,sandhill_crane,9.082383,2.698444
SN08059,snow_goose,4.792464,10.351585
SN05440,snow_goose,2.628284,4.221421
SN07436,snow_goose,14.459341,13.535392
SN00278,snow_goose,3.261939,5.066721
SA04671,sandhill_crane,16.690144,3.138644
SN06059,snow_goose,14.036029,13.225152
SA00533,sandhill_crane,12.780219,10.578445
SA06143,sandhill_crane,16.594245,3.616196
SA08567,sandhill_crane,13.258225,12.730767
SA00749,sandhill_crane,5.761506,5.436824
SA03981,sandhill_crane,12.057477,11.148808
SA09558,sandhill_crane,12.157606,10.676247
SN05179,snow_goose,13.54431,11.951295
SN01632,snow_goose,12.346445,10.704568
SA03703,sandhill_crane,2.735085,5.317168
SN04477,snow_goose,11.905507,10.683592
SA01499,sandhill_crane,12.879176,10.788566
SN08118,snow_goose,2.660428,5.650897
SA09272,sandhill_crane,6.439869,5.388253
SA00373,sandhill_crane,16.919812,3.320878
SN00371,snow_goose,12.746283,2.735331
SA01886,sandhill_crane,13.588025,12.333913
SN04701,snow_goose,16.213046,2.921512
SN02149,snow_goose,4.528322,10.390812
SA01033,sandhill_crane,5.821387,9.356793
SN05214,snow_goose,13.048596,10.730051
SA08687,sandhill_crane,12.629846,2.945276
SN08113,snow_goose,12.458255,10.93862
SN06308,snow_goose,15.716746,3.061971
SN08598,snow_goose,13.444074,12.753597
SA09413,sandhill_crane,3.189593,5.31002
SN01737,snow_goose,12.871542,2.403567
SN05006,snow_goose,12.480189,10.506978
SA08492,sandhill_crane,14.18502,13.262843
SA06347,sandhill_crane,5.143728,10.550669
SN06761,snow_goose,5.481677,9.881967
SN00367,snow_goose,9.143657,2.549032
SA09563,sandhill_crane,7.483196,5.387556
SN00680,snow_goose,12.430222,10.280915
SN05010,snow_goose,8.522409,2.645587
SN06176,snow_goose,5.341037,9.255997
SN05379,snow_goose,2.325334,5.802502
SA02283,sandhill_crane,15.909987,3.697283
SA08696,sandhill_crane,11.719834,1.499837
SN01068,snow_goose,4.876491,9.832921
SA02983,sandhill_crane,6.27886,5.797923
SA00458,sandhill_crane,6.759011,5.193736
SN07718,snow_goose,13.078692,9.954906
SN00299,snow_goose,13.0349,12.047354
SA02319,sandhill_crane,17.383095,3.731209
SN03501,snow_goose,5.515334,5.563033
SN02364,snow_goose,7.098393,6.587688
SA03064,sandhill_crane,11.926749,2.318136
SN00892,snow_goose,11.747189,2.486885
SA01425,sandhill_crane,15.043691,2.813555
SA03890,sandhill_crane,16.806721,2.205685
SN07919,snow_goose,12.267,10.553061
SN08607,snow_goose,6.776645,5.450956
SN05842,snow_goose,2.782674,5.895378
SA01745,sandhill_crane,3.494382,5.541088
SA07197,sandhill_crane,5.421772,9.764673
SA06129,sandhill_crane,11.224986,10.140364
SA02275,sandhill_crane,12.226677,2.66463
SN09749,snow_goose,9.467664,2.830678
SN05503,snow_goose,12.546696,12.537386
SA06468,sandhill_crane,6.306456,5.314149
SN07405,snow_goose,16.405901,3.568575
SA09644,sandhill_crane,5.464751,9.93803
SN03353,snow_goose,7.413224,5.928796
SA09050,sandhill_crane,16.512536,4.025326
SA01277,sandhill_crane,13.451092,12.977775
SA04762,sandhill_crane,7.359329,6.217736
SN06153,snow_goose,8.586713,2.58729
SN00912,snow_goose,13.730815,12.61262
SA04049,sandhill_crane,16.690997,2.922446
SA07429,sandhill_crane,11.697412,10.618375
SN02988,snow_goose,9.151583,3.119229
SA05104,sandhill_crane,6.386226,9.643194
SA01491,sandhill_crane,9.005736,3.297201
SA05469,sandhill_crane,12.230809,3.809778
SN06375,snow_goose,15.577564,3.961101
SA04711,sandhill_crane,13.966337,12.749058
SA07002,sandhill_crane,7.247722,5.034104
SN09177,snow_goose,8.477541,2.397812
SN07893,snow_goose,6.425146,6.090593
SN02595,snow_goose,6.051497,6.160563
SA05944,sandhill_crane,11.723532,3.640016
SN00165,snow_goose,12.263335,1.178312
SN06871,snow_goose,6.099352,4.999154
SA01797,sandhill_crane,11.324024,2.311195
SN03029,snow_goose,6.164465,6.324405
SA05643,sandhill_crane,6.706235,4.424919
SN02524,snow_goose,8.700869,2.573031
SN03434,snow_goose,13.700262,12.029563
SN04816,snow_goose,13.359169,12.182942
SA00349,sandhill_crane,13.652659,12.915064
SA07317,sandhill_crane,13.566715,13.400976
SA09860,sandhill_crane,13.005428,11.42686
SN05495,snow_goose,6.653296,5.186796
SN00355,snow_goose,13.564328,12.304288
SA08667,sandhill_crane,7.522345,5.242959
SN07780,snow_goose,6.29029,6.283203
SA07100,sandhill_crane,13.365169,13.025185
SA06048,sandhill_crane,5.219072,10.128459
SN02812,snow_goose,6.004745,6.212978
SN07045,snow_goose,5.760607,10.516974
SA06848,sandhill_crane,6.261689,6.35055
SA06390,sandhill_crane,16.320492,4.065013
SA01177,sandhill_crane,13.014532,10.369071
SA06532,sandhill_crane,5.658075,6.117127
SA03727,sandhill_crane,12.991505,11.652279
SN06542,snow_goose,12.548587,2.270556
SA00512,sandhill_crane,13.273031,12.828494
SN03343,snow_goose,13.40603,12.980635
SA05748,sandhill_crane,8.811047,2.561278
SN00021,snow_goose,8.740827,1.947994
SA01250,sandhill_crane,16.259033,3.741961
SN05972,snow_goose,5.821305,10.186324
SA02207,sandhill_crane,4.279048,11.053034
SA03646,sandhill_crane,12.385794,3.46488
SN09727,snow_goose,13.857589,13.572301
SA04181,sandhill_crane,16.169905,3.674992
SN05550,snow_goose,8.291304,2.314725
SA00267,sandhill_crane,14.253079,12.303834
SA08749,sandhill_crane,14.271236,12.8311
SA06539,sandhill_crane,12.106251,2.576049
SN00960,snow_goose,14.083572,13.426242
SN01176,snow_goose,15.434484,3.623504
SA09337,sandhill_crane,5.823901,10.090964
SA07510,sandhill_crane,16.182552,3.647605
SN00233,snow_goose,12.977686,2.398166
SN08526,snow_goose,12.331835,2.585865
SA03039,sandhill_crane,11.319561,10.298672
SN04268,snow_goose,12.066701,10.985523
SA00768,sandhill_crane,15.310531,3.290305
SA08798,sandhill_crane,8.909677,2.635404
SN00854,snow_goose,14.38959,12.493488
SN09700,snow_goose,5.933753,4.914933
SN09847,snow_goose,13.537137,13.264774
SN00105,snow_goose,12.556854,11.626158
SN06729,snow_goose,13.466337,11.824874
SA09414,sandhill_crane,2.682502,5.917114
SN05812,snow_goose,5.785557,5.588057
SA01919,sandhill_crane,13.827011,13.201517
SA06084,sandhill_crane,5.628,10.37429
SN03315,snow_goose,6.41687,10.21668
SN01928,snow_goose,8.943993,2.424876
SN05465,snow_goose,2.836257,4.722631
SN04976,snow_goose,14.510186,12.512535
SA00082,sandhill_crane,14.270982,13.260227
SA09091,sandhill_crane,5.867236,9.950106
SA06584,sandhill_crane,9.176929,2.789833
SA04103,sandhill_crane,12.386918,10.347549
SA01498,sandhill_crane,5.045187,10.836961
SA00043,sandhill_crane,7.525565,2.45929
SA07509,sandhill_crane,13.86535,13.405804
SA01866,sandhill_crane,14.329484,13.249422
SA07934,sandhill_crane,6.555886,5.960004
SA02755,sandhill_crane,11.819467,2.00702
SA04936,sandhill_crane,12.791008,9.951615
SN06445,snow_goose,2.041333,5.229746
SN06584,snow_goose,15.910711,3.197071
SA09898,sandhill_crane,8.653341,2.240832
SN00383,snow_goose,7.228473,5.611618
SA01605,sandhill_crane,11.789457,10.208312
SA09451,sandhill_crane,12.546823,2.246112
SN03760,snow_goose,6.316839,5.101025
SN01929,snow_goose,13.658135,13.589701
SA05896,sandhill_crane,12.454805,3.493323
SA08545,sandhill_crane,12.163531,2.591501
SN04112,snow_goose,15.614313,4.078833
SN06290,snow_goose,7.659243,5.654024
SN05167,snow_goose,6.514956,5.998755
SA00500,sandhill_crane,7.965631,3.110159
SA07574,sandhill_crane,12.406466,2.846845
SN07115,snow_goose,6.089901,5.462354
SA07148,sandhill_crane,12.266953,2.721462
SN05040,snow_goose,2.91106,5.577276
SA06428,sandhill_crane,13.680701,12.82884
SA04122,sandhill_crane,15.768905,3.919303
SA01694,sandhill_crane,12.182796,2.043447
SA06709,sandhill_crane,2.844647,6.011543
SA08690,sandhill_crane,1.712338,4.469631
SA09366,sandhill_crane,7.494625,5.290557
SA06767,sandhill_crane,16.250205,3.392798
SN06568,snow_goose,9.044549,3.279414
SN07951,snow_goose,11.450943,3.09261
SA01893,sandhill_crane,16.287868,3.038603
SA02573,sandhill_crane,5.592224,10.330498
SN02324,snow_goose,2.580525,5.269638
SN06654,snow_goose,12.633055,10.905106
SA02254,sandhill_crane,12.755219,2.171799
SA04742,sandhill_crane,12.927103,10.725255
SA02154,sandhill_crane,5.995008,10.3829
SA01470,sandhill_crane,12.502624,10.977487
SN01187,snow_goose,1.590658,4.555079
SN07500,snow_goose,9.251076,2.512491
SA05166,sandhill_crane,5.757362,4.743763
SN00613,snow_goose,9.157136,2.356012
SN04631,snow_goose,5.738607,10.460277
SA08974,sandhill_crane,7.654142,2.771587
SN04387,snow_goose,12.167821,10.26198
SA01042,sandhill_crane,12.95974,10.705187
SA07900,sandhill_crane,8.945091,2.934646
SA01061,sandhill_crane,1.513731,4.441163
SN07960,snow_goose,8.179238,2.943364
SN02242,snow_goose,2.496659,4.979755
SA00791,sandhill_crane,8.371503,3.628691
SN05576,snow_goose,8.090458,3.155145
SN03312,snow_goose,2.88042,4.71966
SA03437,sandhill_crane,4.826375,10.182214
SN02179,snow_goose,11.891163,2.212084
SA05146,sandhill_crane,6.43074,4.833725
SN04295,snow_goose,12.413339,11.42692
SN01426,snow_goose,12.726865,2.483103
SN00455,snow_goose,13.81478,12.265387
SN03469,snow_goose,16.461423,3.39477
SN07252,snow_goose,1.759991,5.350811
SN07376,snow_goose,16.196923,4.052652
SA02638,sandhill_crane,12.405521,11.562593
SN06802,snow_goose,3.082104,4.666694
SA00822,sandhill_crane,11.854394,2.426706
SN07138,snow_goose,16.296587,3.08146
SN02654,snow_goose,1.704543,5.067537
SA06033,sandhill_crane,16.101826,2.84413
SA06309,sandhill_crane,9.175368,3.478702
SA09675,sandhill_crane,16.441634,3.002294
SA03349,sandhill_crane,9.159354,2.143887
SA03860,sandhill_crane,8.636358,3.273532
SA08508,sandhill_crane,3.243227,5.061113
SN06907,snow_goose,13.053193,12.751944
SA08238,sandhill_crane,15.490077,3.420555
SA03130,sandhill_crane,11.85286,3.327836
SA05366,sandhill_crane,2.461428,5.704991
SN03741,snow_goose,12.185017,1.36437
SN07654,snow_goose,6.1866,5.651999
SA00290,sandhill_crane,5.682079,5.204267
SA00265,sandhill_crane,12.484337,1.686339
SA01721,sandhill_crane,15.851365,3.632073
SN07011,snow_goose,9.643008,2.688239
SN08043,snow_goose,6.745694,5.857695
SA09525,sandhill_crane,17.609759,2.569942
SN03488,snow_goose,5.398067,9.970259
SA01516,sandhill_crane,8.97801,2.064299
SN09183,snow_goose,15.969133,3.068579
SA03061,sandhill_crane,6.89662,5.186633
SN09287,snow_goose,12.612274,10.660199
SN09944,snow_goose,16.18903,3.849657
SN03132,snow_goose,16.596991,3.634206
SN05758,snow_goose,2.310287,5.315984
SA04935,sandhill_crane,9.028362,2.56519
SA00787,sandhill_crane,9.616408,3.063296
SN06186,snow_goose,15.333594,3.850487
SN05166,snow_goose,6.707548,4.612195
SN07982,snow_goose,8.677004,2.635729
SA05703,sandhill_crane,16.649576,2.810913
SN04945,snow_goose,14.421028,12.582177
SN04425,snow_goose,5.180206,10.891621
SN02171,snow_goose,5.995077,10.005064
SN00226,snow_goose,14.568817,12.317774
SA06703,sandhill_crane,12.766612,12.844409
SA02807,sandhill_crane,7.060009,4.840215
SN04379,snow_goose,16.098073,2.586559
SN02644,snow_goose,1.893021,5.579634
SA09062,sandhill_crane,16.370718,4.000039
SA00358,sandhill_crane,12.053937,10.875064
SN03853,snow_goose,8.722822,3.306026
SA09899,sandhill_crane,13.224879,10.41492
SN08715,snow_goose,6.528474,5.670903
SA03782,sandhill_crane,6.021797,5.192051
SA03755,sandhill_crane,11.903524,10.848743
SN07010,snow_goose,6.345013,6.060038
SA06106,sandhill_crane,6.143487,5.448554
SA06925,sandhill_crane,16.208292,3.693436
SN07042,snow_goose,15.811863,2.394927
SN07658,snow_goose,6.165402,5.858509
SA01713,sandhill_crane,2.927681,5.367836
SA06546,sandhill_crane,8.339147,2.854654
SN03215,snow_goose,1.900491,5.819633
SA06144,sandhill_crane,13.783964,13.445089
SA09964,sandhill_crane,16.725515,3.940302
SA02027,sandhill_crane,12.198803,1.803759
SN03318,snow_goose,9.334248,2.773034
SA05862,sandhill_crane,12.800736,12.607481
SA04950,sandhill_crane,9.002081,2.715485
SN08724,snow_goose,1.940777,5.641728
SN08864,snow_goose,16.702294,2.736171
SN03487,snow_goose,12.138151,3.201877
SN00414,snow_goose,5.706802,10.062504
SA05398,sandhill_crane,12.657157,1.82046
SN08158,snow_goose,2.646247,6.266174
SA05605,sandhill_crane,16.332437,3.257191
SA02372,sandhill_crane,8.784146,1.601795
SN04151,snow_goose,8.55611,2.0222
SN03470,snow_goose,16.239877,3.254756
SA03361,sandhill_crane,12.410969,3.352748
SA07381,sandhill_crane,1.69442,5.660797
SN04196,snow_goose,13.688831,12.859728
SN03701,snow_goose,8.597751,2.475253
SA01423,sandhill_crane,8.672232,1.862576
SN09839,snow_goose,15.846027,2.90051
SA00619,sandhill_crane,14.224719,13.631896
SA08458,sandhill_crane,12.334856,3.218931
SN09167,snow_goose,13.818119,12.947018
SA06392,sandhill_crane,15.715947,3.505994
SA04664,sandhill_crane,11.912119,10.78799
SN03024,snow_goose,12.667198,2.216071
SA03571,sandhill_crane,2.275345,5.192541
SA07864,sandhill_crane,13.808754,12.519959
SA04134,sandhill_crane,9.165808,1.676002
SN04736,snow_goose,12.246738,11.113124
SA09404,sandhill_crane,12.288631,11.26347
SN04908,snow_goose,7.486469,2.373416
SN08281,snow_goose,3.27292,5.594368
SN06664,snow_goose,12.482142,10.563578
SA05561,sandhill_crane,12.055142,10.507262
SA04052,sandhill_crane,11.482884,2.231672
SN03581,snow_goose,12.128548,2.318992
SN07175,snow_goose,6.347006,6.677371
SA05031,sandhill_crane,13.825947,13.3732
SN05037,snow_goose,16.067767,3.452794
SA03209,sandhill_crane,10.970508,2.407498
SN00624,snow_goose,6.066559,10.389373
SA04555,sandhill_crane,6.131607,6.043395
SA07130,sandhill_crane,12.802742,10.633166
SA09286,sandhill_crane,6.024544,4.917148
SN02792,snow_goose,9.510708,2.738894
SN04607,snow_goose,5.957366,4.772315
SN02399,snow_goose,2.644743,4.76537
SA04813,sandhill_crane,5.063602,9.213143
SN04524,snow_goose,3.266686,5.304097
SN03637,snow_goose,14.705089,12.33817
SA08585,sandhill_crane,2.901635,4.538439
SN07052,snow_goose,12.724034,1.830309
SA04588,sandhill_crane,3.259149,4.600522
SN01781,snow_goose,5.867433,10.21685
SN01345,snow_goose,12.542678,1.523089
SA06155,sandhill_crane,6.639887,5.255567
SA08118,sandhill_crane,16.634477,3.022562
SA03337,sandhill_crane,12.050655,9.89775
SN05693,snow_goose,6.592142,9.787805
SA04207,sandhill_crane,11.676957,3.109672
SN02101,snow_goose,5.756036,4.850261
SN08875,snow_goose,16.10686,3.677683
SN03100,snow_goose,5.132441,9.678336
SA06046,sandhill_crane,5.810621,10.029629
SA02441,sandhill_crane,9.056261,2.483287
SA09369,sandhill_crane,9.24093,2.521436
SN05675,snow_goose,5.56402,10.008025
SA02477,sandhill_crane,16.501319,4.083588
SN02204,snow_goose,11.203603,11.073812
SA04364,sandhill_crane,5.743626,10.043928
SA04143,sandhill_crane,16.678656,3.23307
SA04406,sandhill_crane,6.220348,10.367388
SN03594,snow_goose,4.316495,9.96393
SA04994,sandhill_crane,3.023924,5.285861
SA03269,sandhill_crane,6.235783,5.925172
SN02951,snow_goose,12.226115,2.15052
SA02699,sandhill_crane,9.001239,3.385647
SA03779,sandhill_crane,2.501493,5.46839
SN07505,snow_goose,11.339706,2.95248
SA05560,sandhill_crane,11.949484,11.090991
SN00864,snow_goose,16.030437,3.398876
SN06952,snow_goose,13.087847,12.397933
SA09450,sandhill_crane,14.743218,13.630942
SA08395,sandhill_crane,13.604482,12.45018
SN02608,snow_goose,12.846663,1.99082
SA04956,sandhill_crane,8.421899,2.122516
SN03131,snow_goose,2.352185,5.51904
SN05633,snow_goose,11.455796,2.432406
SA09910,sandhill_crane,15.746414,2.814799
SN06356,snow_goose,12.075868,1.836846
SN05596,snow_goose,5.578655,10.274609
SN05336,snow_goose,7.794519,1.92843
SN08190,snow_goose,17.133127,3.437859
SA03034,sandhill_crane,2.103029,5.1542
SA06757,sandhill_crane,8.971229,1.746896
SN09955,snow_goose,5.994422,9.900644
SN01164,snow_goose,9.246294,2.067386
SA07580,sandhill_crane,4.121001,9.488156
SN07828,snow_goose,12.036151,2.473615
SN02714,snow_goose,12.643386,11.045367
SA03948,sandhill_crane,8.623353,3.4156
SN06700,snow_goose,13.593902,13.093461
SA05263,sandhill_crane,14.00361,12.115789
SN00462,snow_goose,16.193404,2.984199
SA08598,sandhill_crane,9.439176,2.330637
SA06168,sandhill_crane,5.594298,11.098407
SN05313,snow_goose,4.973643,9.774803
SA01762,sandhill_crane,5.263435,9.756267
SN02371,snow_goose,2.800758,5.057491
SN03473,snow_goose,14.473395,12.161942
SA04801,sandhill_crane,12.894398,10.85721
SA06064,sandhill_crane,12.124158,10.795828
SA06667,sandhill_crane,2.362706,5.050096
SA00443,sandhill_crane,12.189641,11.122858
SN02665,snow_goose,13.004875,2.712598
SN08326,snow_goose,6.169532,6.086373
SN00727,snow_goose,13.145542,13.426311
SA05996,sandhill_crane,6.449497,5.852285
SN03354,snow_goose,12.33539,11.050514
SA05835,sandhill_crane,2.009469,4.72705
SA05654,sandhill_crane,14.601735,12.349772
SN03563,snow_goose,14.13635,13.272327
SN01503,snow_goose,2.81336,4.381782
SN09430,snow_goose,11.981289,1.91912
SN04368,snow_goose,13.105443,11.016123
SA05408,sandhill_crane,12.872201,10.329893
SN01100,snow_goose,3.042008,5.199521
SA08955,sandhill_crane,13.010522,2.609974
SA08502,sandhill_crane,13.343293,12.723048
SA02655,sandhill_crane,2.679083,5.700931
SA07879,sandhill_crane,12.918436,13.084203
SN00126,snow_goose,13.562159,12.483857
SA04110,sandhill_crane,13.397723,13.200477
SN09563,snow_goose,11.800608,10.752882
SN01124,snow_goose,5.377548,9.685099
SN04761,snow_goose,8.666762,3.163781
SA07232,sandhill_crane,15.389963,3.09328
SA07814,sandhill_crane,11.606479,2.296193
SN06084,snow_goose,14.173224,12.18833
SA06387,sandhill_crane,6.80802,5.778388
SA03761,sandhill_crane,7.97534,1.484642
SN06650,snow_goose,12.146371,2.101307
SN02549,snow_goose,11.848801,11.508255
SA02656,sandhill_crane,11.615382,2.359423
SA02241,sandhill_crane,2.721226,6.004722
SN03619,snow_goose,8.955634,3.224707
SN05374,snow_goose,9.237504,2.268135
SN06735,snow_goose,6.180856,5.858824
SN03929,snow_goose,12.219199,1.503505
SN07353,snow_goose,12.269268,11.870894
SA00234,sandhill_crane,6.011741,9.789195
SN09530,snow_goose,12.528606,11.417863
SA03362,sandhill_crane,13.010747,10.951334
SA00477,sandhill_crane,13.699206,10.806863
SN08983,snow_goose,4.687112,9.990165
SA09965,sandhill_crane,4.975799,9.173812
SA02538,sandhill_crane,12.202469,2.153998
SA00273,sandhill_crane,11.910229,3.367067
SA08106,sandhill_crane,12.723089,10.15773
SN09449,snow_goose,12.952993,10.42031
SA01987,sandhill_crane,11.927736,1.435021
SN07049,snow_goose,12.150043,10.207575
SA07163,sandhill_crane,1.866139,5.474625
SA08621,sandhill_crane,9.085816,1.906378
SN03183,snow_goose,11.748227,1.747882
SA07303,sandhill_crane,12.050775,10.885297
SA05041,sandhill_crane,5.25337,9.901178
SA01970,sandhill_crane,9.086212,3.17197
SN06252,snow_goose,12.140324,2.173691
SA02683,sandhill_crane,13.229634,12.867063
SA04485,sandhill_crane,14.111222,13.253084
SA01985,sandhill_crane,6.394617,10.27317
SN09865,snow_goose,12.432105,10.88148
SN08127,snow_goose,1.525508,4.585512
SA06371,sandhill_crane,13.707466,13.163743
SN05823,snow_goose,16.735762,3.077536
SN09522,snow_goose,5.822564,9.313154
SA02895,sandhill_crane,3.175471,5.105009
SN08289,snow_goose,15.865596,3.346353
SA03251,sandhill_crane,12.55589,10.688573
SN01821,snow_goose,6.361057,5.561218
SA07289,sandhill_crane,9.506661,2.357875
SA08268,sandhill_crane,7.931234,2.446083
SN04467,snow_goose,4.969962,10.518365
SN02402,snow_goose,15.942266,3.511765
SN05755,snow_goose,1.613851,5.386824
SA05914,sandhill_crane,12.835871,2.120189
SN03865,snow_goose,2.655775,4.67154
SN04814,snow_goose,8.909184,1.876926
SA05133,sandhill_crane,13.061752,10.562117
SN00065,snow_goose,7.639065,3.060831
SN06848,snow_goose,12.344655,10.627465
SA04449,sandhill_crane,12.033859,2.450478
SA02756,sandhill_crane,12.479449,2.044554
SN08944,snow_goose,11.825029,2.950707
SA05470,sandhill_crane,12.7737,10.537809
SN04687,snow_goose,17.467326,3.701541
SA03573,sandhill_crane,6.346933,6.042975
SA07746,sandhill_crane,8.012639,3.026996
SA09519,sandhill_crane,12.948646,2.059995
SA04983,sandhill_crane,6.020046,9.778278
SN09783,snow_goose,13.424205,12.149696
SN07316,snow_goose,15.491421,3.309117
SA08427,sandhill_crane,5.212488,9.6674
SN02401,snow_goose,12.57148,2.739814
SN02095,snow_goose,13.477069,12.666539
SN09704,snow_goose,5.867976,9.484249
SN05805,snow_goose,8.364002,1.939739
SN01011,snow_goose,12.318046,11.668183
SA09458,sandhill_crane,16.478686,2.961887
SA09810,sandhill_crane,13.710617,12.384381
SA08766,sandhill_crane,12.11003,1.9405
SN03665,snow_goose,6.11663,5.148773
SN03175,snow_goose,8.076598,2.830485
SA06841,sandhill_crane,12.93443,2.086067
SN09691,snow_goose,8.867224,2.165292
SA09176,sandhill_crane,13.35672,10.852644
SN06640,snow_goose,12.050112,10.885345
SA07668,sandhill_crane,6.212327,4.776993
SN03199,snow_goose,2.267056,5.451403
SN08527,snow_goose,6.28466,9.934892
SA05823,sandhill_crane,12.692907,13.369692
SA06915,sandhill_crane,5.726205,9.740075
SN03984,snow_goose,8.466711,2.132244
SN01327,snow_goose,12.518662,10.244203
SN09918,snow_goose,13.136698,2.64741
SN02023,snow_goose,11.952398,11.215399
SA09510,sandhill_crane,4.868595,9.3666
SA08746,sandhill_crane,6.32209,5.829587
SA00113,sandhill_crane,6.861763,5.965179
SN03806,snow_goose,12.778497,10.700499
SN09781,snow_goose,11.283434,1.949707
SN08089,snow_goose,16.225056,2.715777
SN04868,snow_goose,12.257459,11.310258
SN01564,snow_goose,12.224794,2.576126
SN03508,snow_goose,14.333092,13.203484
SN01188,snow_goose,9.098498,1.9515
SA00256,sandhill_crane,5.89055,10.659232
SN03447,snow_goose,16.136688,3.152485
SA04419,sandhill_crane,12.220313,1.950365
SN06376,snow_goose,14.211156,13.02867
SA09233,sandhill_crane,14.439053,12.782148
SN05312,snow_goose,2.162725,5.291199
SN04469,snow_goose,1.914619,4.515016
SN02393,snow_goose,6.261582,10.162079
SN01061,snow_goose,11.967961,2.443336
SN06171,snow_goose,9.163495,1.762627
SA09708,sandhill_crane,7.17449,5.294097
SN00958,snow_goose,12.337951,1.189848
SN08991,snow_goose,2.583836,4.687635
SN04883,snow_goose,11.750438,10.125278
SN06203,snow_goose,2.320792,5.38117
SN05546,snow_goose,12.175778,10.659498
SA00846,sandhill_crane,12.567542,10.277468
SN08393,snow_goose,13.672978,13.097677
SA09460,sandhill_crane,5.573295,9.620918
SN05234,snow_goose,13.931209,12.031938
SA04570,sandhill_crane,14.004344,12.511232
SN05628,snow_goose,1.980933,5.716947
SN09259,snow_goose,5.108606,8.983318
SA03667,sandhill_crane,6.749274,5.390656
SA07598,sandhill_crane,7.228231,5.529157
SA00937,sandhill_crane,9.269245,2.267535
SN02154,snow_goose,16.381751,3.405025
SN00319,snow_goose,12.670831,10.962897
SN08242,snow_goose,1.790878,5.450068
SA04794,sandhill_crane,14.692119,13.179164
SA09478,sandhill_crane,8.983857,1.691032
SN08197,snow_goose,15.702607,4.45366
SA06240,sandhill_crane,12.536538,11.02994
SN06644,snow_goose,12.285819,10.273667
SA01309,sandhill_crane,2.967657,4.84794
SA03286,sandhill_crane,17.376462,3.264501
SA09786,sandhill_crane,4.908137,10.199449
SN04307,snow_goose,13.083031,12.358522
SA01459,sandhill_crane,5.311079,9.997126
SA02220,sandhill_crane,13.84864,12.157448
SN05765,snow_goose,12.755787,11.618594
SN02057,snow_goose,2.608297,5.009149
SN08960,snow_goose,12.649477,2.391721
SN02321,snow_goose,16.750608,3.761127
SA04565,sandhill_crane,13.179511,12.840595
SA00457,sandhill_crane,8.673157,1.703835
SA07468,sandhill_crane,12.304016,2.572551
SN05986,snow_goose,8.803018,2.604815
SA07943,sandhill_crane,11.757889,2.646571
SA04531,sandhill_crane,16.534341,3.170781
SA04022,sandhill_crane,12.123082,1.678414
SA03442,sandhill_crane,12.015984,11.17159
SN04454,snow_goose,6.317157,10.409894
SN01440,snow_goose,13.470498,13.294833
SN02019,snow_goose,11.450681,2.257242
SN02181,snow_goose,14.448961,13.24742
SA07480,sandhill_crane,13.527743,12.703446
SA01487,sandhill_crane,5.550985,9.53637
SA04688,sandhill_crane,16.095106,4.718692
SA01941,sandhill_crane,6.898077,5.736227
SA09098,sandhill_crane,8.095784,2.278966
SN08660,snow_goose,12.177188,10.43356
SA02994,sandhill_crane,11.763648,11.234412
SN09924,snow_goose,12.456512,2.794973
SN09525,snow_goose,14.400059,12.070192
SN02091,snow_goose,8.182228,2.731689
SA03451,sandhill_crane,6.016636,10.147887
SN06065,snow_goose,2.481194,5.462501
SA03985,sandhill_crane,14.268588,12.970248
SN07020,snow_goose,8.569347,2.869058
SN07417,snow_goose,11.602757,2.45602
SA06221,sandhill_crane,6.02904,10.479895
SA09863,sandhill_crane,14.127181,13.301019
SN00403,snow_goose,5.960221,9.556607
SN02089,snow_goose,11.983876,10.923288
SA00854,sandhill_crane,14.506585,12.642911
SN02286,snow_goose,5.360201,10.320359
SN01174,snow_goose,2.962141,5.609095
SA05677,sandhill_crane,8.902738,1.914367
SA01275,sandhill_crane,12.327012,2.602976
SA05256,sandhill_crane,13.964393,12.782669
SN06444,snow_goose,7.33995,5.218412
SA06741,sandhill_crane,8.481002,2.211447
SN07638,snow_goose,13.923078,13.409892
SA09432,sandhill_crane,6.560048,5.050893
SN06242,snow_goose,12.748755,2.784114
SN00297,snow_goose,5.561048,10.404264
SN01549,snow_goose,1.91918,6.198258
SN06298,snow_goose,15.39382,4.027253
SN05669,snow_goose,11.807321,2.716973
SA02592,sandhill_crane,5.875084,4.852722
SA03676,sandhill_crane,15.9417,3.553567
SN03719,snow_goose,2.533365,5.178549
SA02811,sandhill_crane,13.891056,12.284718
SA07755,sandhill_crane,7.59726,2.395333
SA00674,sandhill_crane,15.610947,4.277817
SN08188,snow_goose,8.658353,2.678546
SA07980,sandhill_crane,2.288844,4.065101
SN09915,snow_goose,1.984655,3.862726
SN07399,snow_goose,9.10773,2.119796
SA02341,sandhill_crane,11.688494,3.01872
SA01796,sandhill_crane,16.120414,2.905296
SA05590,sandhill_crane,12.59771,1.416168
SA08521,sandhill_crane,13.768222,13.522577
SA01189,sandhill_crane,7.778259,2.035703
SN08316,snow_goose,8.459392,1.813346
SN01897,snow_goose,14.699333,12.275876
SN05443,snow_goose,5.131058,9.805848
SN03023,snow_goose,13.090892,2.334173
SN01857,snow_goose,12.45078,10.748309
SN02803,snow_goose,1.910853,4.140504
SA05244,sandhill_crane,11.519051,2.880064
SA06860,sandhill_crane,2.960578,5.17699
SN00861,snow_goose,8.939542,3.133442
SA00693,sandhill_crane,5.317409,10.720706
SA07636,sandhill_crane,12.573449,10.625808
SN00004,snow_goose,5.889655,10.378479
SN03177,snow_goose,6.463261,6.629048
SN02731,snow_goose,14.009435,13.701667
SN07144,snow_goose,5.845082,10.440664
SA06849,sandhill_crane,8.800978,2.479396
SA07968,sandhill_crane,14.865028,12.682843
SA07107,sandhill_crane,11.687511,1.683671
SN05956,snow_goose,2.035982,5.592388
SN05724,snow_goose,15.809766,2.980757
SA08174,sandhill_crane,6.278251,5.831166
SN00994,snow_goose,2.529419,5.348704
SA08850,sandhill_crane,12.343015,10.038571
SN02435,snow_goose,11.476759,3.13188
SA01792,sandhill_crane,16.311172,4.367606
SN03843,snow_goose,6.010455,6.342252
SN05127,snow_goose,5.935584,10.128783
SN03965,snow_goose,2.170702,5.388753
SN07178,snow_goose,8.0154,1.961905
SA01282,sandhill_crane,16.811515,3.675607
SN06270,snow_goose,9.564958,2.06473
SA09631,sandhill_crane,3.429441,5.31784
SN00932,snow_goose,16.466832,3.520993
SA01290,sandhill_crane,16.999579,3.373663
SN05581,snow_goose,12.696146,2.595897
SA07323,sandhill_crane,6.767675,6.203022
SN04871,snow_goose,5.393897,10.184325
SA05646,sandhill_crane,2.412238,5.450529
SN07539,snow_goose,6.027358,5.3571
SA06270,sandhill_crane,12.104604,11.0957
SA02608,sandhill_crane,13.543388,13.522101
SA05204,sandhill_crane,9.227112,2.932047
SN02354,snow_goose,12.816397,2.239159
SA00275,sandhill_crane,12.619586,2.151892
SA09041,sandhill_crane,8.366862,2.798592
SN07526,snow_goose,4.06338,4.225768
SA09974,sandhill_crane,13.733141,2.376728
SN08695,snow_goose,5.637672,10.6128
SN06256,snow_goose,2.210512,4.826747
SN01404,snow_goose,11.615825,2.856503
SN05411,snow_goose,16.06645,2.764586
SA05812,sandhill_crane,5.896097,9.650155
SA00858,sandhill_crane,2.652969,5.211273
SA01009,sandhill_crane,9.156592,1.764708
SA07937,sandhill_crane,12.821117,9.957131
SA05511,sandhill_crane,11.83077,1.78981
SA01765,sandhill_crane,17.051312,2.951419
SA00539,sandhill_crane,16.727599,3.575494
SA03162,sandhill_crane,9.122867,2.39475
SA04309,sandhill_crane,12.695855,10.79099
SA04520,sandhill_crane,14.324333,12.882262
SA08671,sandhill_crane,16.745169,3.233412
SA05572,sandhill_crane,6.170066,5.682994
SN01963,snow_goose,2.574108,5.592286
SN05141,snow_goose,6.713752,10.445403
SN00667,snow_goose,7.256117,5.116442
SA07001,sandhill_crane,13.75174,12.678705
SN01621,snow_goose,5.107853,9.067807
SN01190,snow_goose,16.487312,4.057486
SA05184,sandhill_crane,12.64009,11.783549
SA02195,sandhill_crane,6.382526,4.83596
SN03818,snow_goose,5.556396,9.523701
SN04085,snow_goose,2.679561,4.008251
SA03472,sandhill_crane,17.751679,3.272424
SA03359,sandhill_crane,13.132515,11.338752
SN03341,snow_goose,12.317322,2.395242
SA03141,sandhill_crane,9.244576,2.105402
SA05341,sandhill_crane,13.656755,12.823582
SA09542,sandhill_crane,5.208889,9.960063
SN08734,snow_goose,13.02719,2.121086
SN05138,snow_goose,13.088874,13.604142
SN04745,snow_goose,7.061554,5.060746
SN08996,snow_goose,13.779357,13.453973
SA09718,sandhill_crane,12.816523,1.677702
SN00817,snow_goose,7.643505,1.932289
SN01690,snow_goose,9.585225,2.595413
SA08383,sandhill_crane,11.997098,2.073606
SN05907,snow_goose,11.789783,2.512285
SA02128,sandhill_crane,8.214393,2.661997
SA06615,sandhill_crane,6.074846,5.53783
SN03786,snow_goose,12.748714,1.583856
SN05642,snow_goose,8.684665,2.279163
SN09143,snow_goose,4.969998,9.869111
SA07374,sandhill_crane,8.436181,2.352568
SA03342,sandhill_crane,8.244707,2.601823
SN02411,snow_goose,14.02372,12.931774
SN03080,snow_goose,2.812223,4.595532
SA08121,sandhill_crane,6.406461,5.654775
SA07703,sandhill_crane,5.425211,10.152249
SN06883,snow_goose,14.203517,13.004281
SN08490,snow_goose,13.385501,13.018967
SA00848,sandhill_crane,8.58849,1.934269
SA09159,sandhill_crane,15.311653,3.813804
SA00405,sandhill_crane,14.430839,13.225426
SA04582,sandhill_crane,8.919537,1.607457
SA04987,sandhill_crane,12.439582,1.677603
SN04418,snow_goose,5.812318,5.881828
SA04897,sandhill_crane,2.82822,5.321229
SN02251,snow_goose,12.109809,10.547985
SA03502,sandhill_crane,11.702972,1.325061
SN02707,snow_goose,11.981905,3.019776
SA06158,sandhill_crane,8.163237,1.930417
SA09701,sandhill_crane,4.97523,9.993019
SN04918,snow_goose,5.68806,9.915058
SN01645,snow_goose,6.329,5.830491
SA08805,sandhill_crane,14.462234,13.590007
SN09161,snow_goose,6.912004,5.82593
SN07647,snow_goose,16.324397,3.665836
SA02138,sandhill_crane,2.536598,5.686274
SA07702,sandhill_crane,12.870316,12.205773
SA03949,sandhill_crane,13.053553,12.604877
SA00953,sandhill_crane,11.914175,1.704939
SA06901,sandhill_crane,2.826581,6.373327
SA01476,sandhill_crane,17.1267,3.735457
SA03737,sandhill_crane,15.962885,3.183081
SA04119,sandhill_crane,1.978477,5.13628
SN00607,snow_goose,5.662288,9.459195
SA06502,sandhill_crane,8.769346,2.23437
SN02431,snow_goose,12.494254,1.854963
SN04926,snow_goose,12.022469,1.166978
SA06082,sandhill_crane,14.447031,12.074136
SA04898,sandhill_crane,11.454441,11.409237
SN01049,snow_goose,16.471741,3.067379
SA02020,sandhill_crane,12.137128,10.855989
SA05196,sandhill_crane,16.721848,3.29171
SN03431,snow_goose,13.237892,2.903393
SN05629,snow_goose,6.613699,10.699494
SN07927,snow_goose,2.243255,5.785817
SA05216,sandhill_crane,11.779898,10.426528
SA08565,sandhill_crane,5.592784,9.897657
SA03615,sandhill_crane,10.99157,11.477882
SN02878,snow_goose,1.808317,5.200669
SN00669,snow_goose,12.144224,3.143426
SA06705,sandhill_crane,1.691966,5.481659
SN05663,snow_goose,6.00439,9.613332
SA02367,sandhill_crane,5.910876,10.026214
SN03771,snow_goose,9.261704,3.222954
SN02610,snow_goose,15.893455,3.083226
SN01832,snow_goose,17.930269,3.657099
SN08902,snow_goose,2.094842,5.330925
SA06904,sandhill_crane,12.185502,11.172705
SN04843,snow_goose,6.475618,5.322101
SA08228,sandhill_crane,11.394397,2.059177
SA03706,sandhill_crane,16.842901,3.694948
SN01994,snow_goose,12.80688,12.551995
SA09688,sandhill_crane,8.685847,2.394753
SN03322,snow_goose,2.393748,5.631612
SN01710,snow_goose,5.747788,9.081713
SN05468,snow_goose,13.689426,13.065935
SN00201,snow_goose,8.532862,1.123912
SN00149,snow_goose,12.760119,1.732937
SN07108,snow_goose,6.213567,5.174124
SA04479,sandhill_crane,16.263657,3.525492
SA09919,sandhill_crane,6.463399,6.029645
SN09212,snow_goose,11.499811,1.336101
SA09120,sandhill_crane,6.057837,10.096895
SA04784,sandhill_crane,14.736114,12.935804
SN08611,snow_goose,2.779979,4.647551
SN02628,snow_goose,5.865978,10.511695
SN09589,snow_goose,9.046301,2.192332
SA04360,sandhill_crane,13.065977,12.620806
SA08147,sandhill_crane,4.956778,9.913772
SN02514,snow_goose,14.021952,12.558357
SN06615,snow_goose,15.479696,3.485621
SN08859,snow_goose,16.674631,3.894845
SA06726,sandhill_crane,5.110217,10.74317
SA05011,sandhill_crane,15.833477,3.488354
SN06850,snow_goose,6.142683,5.49119
SN04263,snow_goose,13.90024,12.351192
SN02509,snow_goose,14.618924,12.81882
SA01366,sandhill_crane,6.12217,10.401609
SN09073,snow_goose,17.253769,3.149683
SA06855,sandhill_crane,16.363366,3.911635
SN05470,snow_goose,5.904402,8.747878
SN08012,snow_goose,6.018922,5.347017
SA07512,sandhill_crane,11.59662,2.337202
SA01209,sandhill_crane,13.617899,12.854947
SA07698,sandhill_crane,14.40289,13.950909
SA00294,sandhill_crane,8.345246,2.444845
SN01168,snow_goose,12.299346,10.254347
SA07810,sandhill_crane,14.926004,13.336044
SA09598,sandhill_crane,11.738276,11.159745
SN05700,snow_goose,13.332854,12.950263
SA07133,sandhill_crane,12.270987,2.816898
SN07461,snow_goose,12.441927,10.223783
SA06717,sandhill_crane,2.144357,4.734083
SN08441,snow_goose,6.133999,10.256008
SN00280,snow_goose,13.085579,2.654282
SA04816,sandhill_crane,8.802476,2.542928
SA05832,sandhill_crane,2.473802,5.197426
SA00185,sandhill_crane,2.282453,5.510846
SA01878,sandhill_crane,12.374502,11.001045
SA09157,sandhill_crane,6.471248,5.300548
SA08116,sandhill_crane,6.583498,5.478409
SN07366,snow_goose,12.430239,1.913641
SN06069,snow_goose,8.113076,1.412592
SA00195,sandhill_crane,16.111799,3.434426
SA08463,sandhill_crane,2.329143,4.468133
SN03986,snow_goose,6.267992,5.010322
SA09552,sandhill_crane,11.803964,1.783791
SN05444,snow_goose,13.388007,2.466817
SN04389,snow_goose,13.549258,13.236113
SN05365,snow_goose,6.35244,6.454061
SA01225,sandhill_crane,5.750747,6.075073
SN07739,snow_goose,5.758977,9.898802
SN03555,snow_goose,3.012368,4.924001
SN04195,snow_goose,6.099795,9.806937
SA08517,sandhill_crane,7.314658,6.36158
SN05247,snow_goose,6.306279,5.485657
SA06740,sandhill_crane,15.706004,3.723157
SN02260,snow_goose,13.706258,13.144601
SA06782,sandhill_crane,2.162552,5.104335
SA05275,sandhill_crane,11.838378,1.823505
SN00901,snow_goose,8.454509,3.037953
SA03895,sandhill_crane,12.691032,12.599975
SN08364,snow_goose,8.394618,2.589835
SN09877,snow_goose,12.226089,2.05886
SA08765,sandhill_crane,12.46671,2.683032
SN02976,snow_goose,7.018682,5.84037
SN06895,snow_goose,14.376269,12.403635
SA02291,sandhill_crane,11.999173,10.777816
SA08111,sandhill_crane,6.453575,6.110463
SA02806,sandhill_crane,16.69488,4.365299
SN06423,snow_goose,16.204119,3.780477
SA08389,sandhill_crane,13.072801,9.820549
SN09547,snow_goose,5.163014,10.533589
SA06494,sandhill_crane,6.184885,4.897069
SA06455,sandhill_crane,11.782617,2.204171
SA08242,sandhill_crane,11.899035,11.237521
SN01333,snow_goose,5.298706,10.214332
SN05917,snow_goose,7.969214,2.575796
SA07440,sandhill_crane,16.971538,3.441302
SN04390,snow_goose,11.805271,10.908541
SN03461,snow_goose,11.170498,2.871908
SN04076,snow_goose,13.254429,12.4442
SN08737,snow_goose,11.142923,3.121007
SN03336,snow_goose,2.188669,5.105497
SA08958,sandhill_crane,9.062407,2.471931
SN03066,snow_goose,2.908498,5.204544
SN04491,snow_goose,8.532131,2.21719
SA04752,sandhill_crane,12.444121,10.075978
SN04393,snow_goose,14.170947,12.301633
SN01395,snow_goose,15.545287,3.797546
SA07196,sandhill_crane,8.340147,2.253641
SA09909,sandhill_crane,11.756444,1.896468
SA07972,sandhill_crane,16.415156,4.317902
SA02327,sandhill_crane,13.547713,12.654489
SN08736,snow_goose,2.769009,5.830852
SN09011,snow_goose,15.951673,4.667567
SN00717,snow_goose,4.88677,10.632668
SN08982,snow_goose,6.48157,5.757029
SA08076,sandhill_crane,5.373981,10.170192
SA03836,sandhill_crane,6.179218,10.643031
SN06897,snow_goose,12.436271,10.475521
SN04009,snow_goose,16.101429,3.781457
SA08425,sandhill_crane,14.213087,13.353186
SA05948,sandhill_crane,12.338635,10.37376
SA02601,sandhill_crane,8.931554,2.49066
SA09409,sandhill_crane,13.834165,13.267691
SA06356,sandhill_crane,5.153842,8.83612
SN09582,snow_goose,6.033507,10.812214
SA09262,sandhill_crane,13.769375,12.939944
SN05867,snow_goose,17.6879,3.231896
SN09005,snow_goose,6.853705,5.108683
SN03580,snow_goose,7.343535,4.981499
SA02518,sandhill_crane,5.924841,9.74526
SN05736,snow_goose,13.705099,12.607355
SN00964,snow_goose,12.098288,10.63779
SA06447,sandhill_crane,8.705954,2.01092
SN04440,snow_goose,6.620388,5.734422
SA03828,sandhill_crane,16.124498,4.353045
SN02178,snow_goose,6.209785,10.865119
SA02180,sandhill_crane,3.056254,5.556795
SA08257,sandhill_crane,8.305257,2.31556
SN02106,snow_goose,11.900293,10.522581
SA01365,sandhill_crane,8.321767,2.886935
SA03508,sandhill_crane,6.230061,10.000506
SA00887,sandhill_crane,2.770379,4.985947
SA07307,sandhill_crane,7.142146,5.717123
SA03492,sandhill_crane,14.036982,12.947628
SA04301,sandhill_crane,12.79663,3.000503
SA00172,sandhill_crane,8.871304,2.36872
SN04644,snow_goose,6.601593,5.215145
SN02273,snow_goose,12.389451,1.974868
SA03054,sandhill_crane,11.431421,1.488208
SA08206,sandhill_crane,5.50168,10.12564
SA03223,sandhill_crane,10.208081,3.272358
SN02690,snow_goose,12.665865,11.192227
SN00941,snow_goose,1.933575,5.193355
SA03424,sandhill_crane,5.886212,5.145825
SA07983,sandhill_crane,16.008543,2.360707
SN00230,snow_goose,11.774064,10.976381
SA04579,sandhill_crane,13.998415,13.04244
SN09943,snow_goose,16.347415,3.656423
SA03810,sandhill_crane,5.42743,10.95991
SA08071,sandhill_crane,8.267087,2.484365
SA09646,sandhill_crane,8.048635,2.117218
SN03709,snow_goose,4.94926,9.939366
SN05983,snow_goose,12.748173,3.141124
SA09601,sandhill_crane,3.332114,5.355137
SN00600,snow_goose,8.79952,2.429042
SN01079,snow_goose,13.019511,10.305444
SA00792,sandhill_crane,12.758539,10.859906
SA02864,sandhill_crane,8.906535,2.923023
SA01449,sandhill_crane,7.974829,2.907721
SA05998,sandhill_crane,9.01619,2.614165
SA03427,sandhill_crane,12.465721,2.534642
SN01686,snow_goose,2.287061,4.589353
SA05597,sandhill_crane,15.851726,2.501583
SA00227,sandhill_crane,16.649302,3.052659
SN02194,snow_goose,13.941583,12.982585
SA04349,sandhill_crane,7.198316,4.399461
SN08702,snow_goose,12.407924,10.568329
SN04847,snow_goose,16.38713,3.03756
SA08384,sandhill_crane,16.622259,3.286437
SN05090,snow_goose,12.048941,1.892154
SN01005,snow_goose,12.895855,11.778667
SA02875,sandhill_crane,6.000108,6.132121
SN02034,snow_goose,12.842054,10.540342
SA04407,sandhill_crane,13.165959,13.731483
SA01272,sandhill_crane,2.19609,5.262151
SN04561,snow_goose,15.519242,3.61084
SN03250,snow_goose,15.851904,3.157375
SN00538,snow_goose,8.488913,2.562567
SA03881,sandhill_crane,3.399763,5.640304
SN00957,snow_goose,7.885473,2.29081
SA04381,sandhill_crane,15.483786,3.167153
SN03130,snow_goose,6.014724,9.70415
SA09640,sandhill_crane,2.690636,4.728881
SA05949,sandhill_crane,16.060445,4.066223
SN00597,snow_goose,12.49606,2.239306
SN09885,snow_goose,5.085622,9.596414
SA05281,sandhill_crane,12.537567,13.278917
SA03523,sandhill_crane,6.225439,4.823701
SA01851,sandhill_crane,15.868398,3.376129
SN03582,snow_goose,8.433604,2.085077
SA09781,sandhill_crane,13.58386,12.989818
SN03716,snow_goose,5.220612,10.871691
SA09911,sandhill_crane,15.837146,3.585681
SA06527,sandhill_crane,16.820979,2.939224
SN05181,snow_goose,6.87945,6.058214
SA00758,sandhill_crane,2.57006,4.387895
SN03144,snow_goose,8.621508,3.303728
SA03626,sandhill_crane,12.465393,1.228293
SA07749,sandhill_crane,1.997203,4.699163
SN09896,snow_goose,16.67023,3.332634
SA03279,sandhill_crane,12.211354,2.981
SN03124,snow_goose,5.300136,10.232837
SA06735,sandhill_crane,5.014476,10.671095
SA02272,sandhill_crane,16.171572,3.811974
SN08745,snow_goose,5.314299,9.817378
SN09089,snow_goose,2.209,4.551939
SN08447,snow_goose,11.276348,10.498903
SA02657,sandhill_crane,11.527369,2.954715
SA09702,sandhill_crane,6.476113,6.382171
SN06189,snow_goose,12.835591,12.125156
SN07195,snow_goose,1.945581,3.781557
SN08808,snow_goose,16.291344,2.727652
SN01018,snow_goose,9.700139,2.990599
SN05655,snow_goose,4.814294,9.216311
SA00580,sandhill_crane,6.931142,4.848637
SN09552,snow_goose,12.120853,2.408348
SN06578,snow_goose,13.925747,12.916742
SA08214,sandhill_crane,5.615926,9.956442
SN08141,snow_goose,12.440788,2.528844
SA09329,sandhill_crane,16.296287,3.173357
SA08448,sandhill_crane,11.499888,2.423396
SN04042,snow_goose,15.636931,3.532413
SN07151,snow_goose,14.282375,12.526274
SA03633,sandhill_crane,13.142928,13.640517
SN02562,snow_goose,11.790668,11.281284
SA02475,sandhill_crane,11.999995,2.756228
SN02887,snow_goose,14.160449,12.68354
SN00433,snow_goose,13.546481,12.661148
SA09503,sandhill_crane,5.275183,9.859985
SN07633,snow_goose,2.20374,4.984317
SA09984,sandhill_crane,12.672877,2.63901
SN07607,snow_goose,6.753454,5.404822
SN00821,snow_goose,13.558023,11.915778
SA09267,sandhill_crane,7.566531,5.740881
SA04217,sandhill_crane,13.736777,13.145733
SN01252,snow_goose,12.593766,11.012115
SA07084,sandhill_crane,8.686115,2.36306
SN01425,snow_goose,7.346061,5.972075
SA01299,sandhill_crane,6.402066,5.39069
SN08549,snow_goose,1.712618,5.012635
SA08668,sandhill_crane,6.247464,10.04403
SN09983,snow_goose,12.002986,2.536914
SA04597,sandhill_crane,5.169562,10.219746
SA00917,sandhill_crane,15.321717,3.591081
SA01021,sandhill_crane,6.716436,6.856196
SA00631,sandhill_crane,1.850341,5.580976
SN04568,snow_goose,2.430815,4.572655
SA07320,sandhill_crane,2.288097,5.499761
SA03649,sandhill_crane,13.447077,11.872874
SN04986,snow_goose,17.281611,3.08676
SA04375,sandhill_crane,6.31962,5.127564
SN06119,snow_goose,5.691038,5.54614
SN01431,snow_goose,14.509685,12.958967
SA01928,sandhill_crane,6.039499,5.21257
SA07545,sandhill_crane,8.783953,2.310257
SA02739,sandhill_crane,13.61195,10.783349
SN02213,snow_goose,14.205526,13.226478
SN08792,snow_goose,16.469913,4.013345
SN08970,snow_goose,8.487479,2.234275
SA07741,sandhill_crane,6.816596,5.376819
SN09128,snow_goose,16.420797,2.664626
SN02124,snow_goose,2.053212,5.24057
SN07749,snow_goose,8.427317,3.203326
SA00986,sandhill_crane,5.5562,9.84527
SA09737,sandhill_crane,6.041768,6.170425
SN01453,snow_goose,12.334701,2.380165
SN00715,snow_goose,2.804852,4.999163
SA04142,sandhill_crane,5.75516,4.889741
SA02599,sandhill_crane,16.824679,3.267435
SN08801,snow_goose,5.863751,5.337124
SN00463,snow_goose,11.952296,2.155204
SA04708,sandhill_crane,6.017138,5.769128
SN00533,snow_goose,13.249087,13.04033
SA04268,sandhill_crane,12.282372,13.438091
SA04491,sandhill_crane,16.470842,2.918468
SA04234,sandhill_crane,17.142175,3.475261
SN02968,snow_goose,16.137296,3.490447
SN07928,snow_goose,16.68366,3.139225
SN01421,snow_goose,12.124827,10.883059
SA03739,sandhill_crane,17.091572,3.105208
SA02964,sandhill_crane,5.187601,10.39232
SN07777,snow_goose,6.114292,5.972792
SA05396,sandhill_crane,6.613433,5.123376
SN08077,snow_goose,16.425667,2.784902
SA04604,sandhill_crane,2.307399,4.457905
SA07672,sandhill_crane,9.581398,2.434398
SA08882,sandhill_crane,2.2673,5.817159
SN01279,snow_goose,12.483027,1.79285
SN04242,snow_goose,16.646225,3.996359
SN01839,snow_goose,13.763074,12.46359
SA03530,sandhill_crane,13.34916,12.843767
SA06170,sandhill_crane,11.97608,10.932255
SN06769,snow_goose,13.883567,12.465299
SN00188,snow_goose,13.316872,12.863772
SN05066,snow_goose,12.502399,10.692135
SA08152,sandhill_crane,7.114803,5.619023
SN01530,snow_goose,12.833395,11.546147
SA04096,sandhill_crane,16.247495,3.723954
SN07018,snow_goose,12.807697,10.725994
SN06344,snow_goose,16.236314,3.04577
SN09736,snow_goose,8.548727,2.397594
SA00616,sandhill_crane,5.998994,4.872796
SN06363,snow_goose,12.687662,11.122978
SN06102,snow_goose,13.186105,2.757805
SN03839,snow_goose,12.399575,12.191709
SA06875,sandhill_crane,14.320852,12.605496
SN06782,snow_goose,13.414981,11.397528
SN07871,snow_goose,14.277361,12.892071
SA03058,sandhill_crane,7.567359,3.763763
SA05559,sandhill_crane,14.329913,13.783182
SA01158,sandhill_crane,8.985459,1.804012
SN06723,snow_goose,6.129631,5.408993
SA08714,sandhill_crane,7.051192,5.51196
SN01836,snow_goose,6.324543,10.389383
SA01335,sandhill_crane,12.944106,10.277427
SN08884,snow_goose,12.143557,2.573611
SA01178,sandhill_crane,16.021861,3.467712
SN00205,snow_goose,12.85739,2.298087
SA08921,sandhill_crane,13.469723,12.291987
SN01949,snow_goose,11.745243,2.732132
SA06148,sandhill_crane,5.05781,10.339287
SA04369,sandhill_crane,11.272205,11.020467
SA04741,sandhill_crane,12.040361,10.784463
SN07720,snow_goose,14.218876,12.809192
SA08275,sandhill_crane,12.020325,10.178277
SA08775,sandhill_crane,12.612553,10.282793
SN03910,snow_goose,11.716847,3.313478
SN09941,snow_goose,6.611005,10.206929
SA09277,sandhill_crane,9.140651,2.999952
SN05384,snow_goose,14.618125,12.777817
SN08932,snow_goose,12.52546,11.225161
SN01220,snow_goose,8.099895,2.515442
SA09533,sandhill_crane,14.127748,12.474598
SN06454,snow_goose,8.806993,2.554252
SA05613,sandhill_crane,16.735144,4.056474
SN08195,snow_goose,11.462278,2.082374
SA00461,sandhill_crane,16.664721,3.47065
SA03149,sandhill_crane,12.117647,10.399221
SN04337,snow_goose,8.703224,2.95861
SN02798,snow_goose,8.390294,2.716737
SA09323,sandhill_crane,11.932271,2.909731
SA03076,sandhill_crane,5.930578,5.533256
SN02058,snow_goose,12.206423,11.165508
SA00571,sandhill_crane,3.105936,4.617099
SA03823,sandhill_crane,11.6358,10.068241
SN01080,snow_goose,9.291465,1.685607
SN04594,snow_goose,2.43619,5.046206
SA04186,sandhill_crane,15.657514,4.142489
SN08878,snow_goose,17.660198,3.845703
SA02498,sandhill_crane,7.210466,5.266838
SA04745,sandhill_crane,16.043625,3.813222
SA02747,sandhill_crane,8.39013,2.642045
SA04153,sandhill_crane,17.1602,3.552974
SN01765,snow_goose,9.132509,3.146132
SN09035,snow_goose,9.53051,2.9645
SN09336,snow_goose,5.364024,9.808638
SA02002,sandhill_crane,5.659836,10.265304
SN02322,snow_goose,16.484068,2.966319
SN06550,snow_goose,9.151856,1.889732
SA02591,sandhill_crane,12.252587,2.457272
SN01665,snow_goose,6.002518,9.817772
SN04045,snow_goose,11.635892,2.164798
SN04023,snow_goose,7.745285,1.607906
SA05910,sandhill_crane,12.224151,10.176941
SN05287,snow_goose,14.14206,12.700073
SA04067,sandhill_crane,2.189968,6.71936
SN00322,snow_goose,1.891853,4.398352
SA01093,sandhill_crane,16.027509,3.120303
SA07776,sandhill_crane,16.301005,3.500176
SA01103,sandhill_crane,16.245344,3.015777
SN02043,snow_goose,8.78632,1.579025
SA00121,sandhill_crane,4.496973,9.540285
SA06470,sandhill_crane,13.875629,12.949311
SN08066,snow_goose,14.647998,12.859135
SN05915,snow_goose,12.539192,10.346194
SN06393,snow_goose,14.167047,12.075129
SA01809,sandhill_crane,11.620544,2.35619
SN02915,snow_goose,6.569321,6.118054
SN04266,snow_goose,16.687199,3.670656
SN03017,snow_goose,7.382567,5.010869
SN00916,snow_goose,3.001953,5.474817
SA08782,sandhill_crane,5.84908,9.610554
SA05193,sandhill_crane,16.000822,3.539595
SA05920,sandhill_crane,14.889648,12.405778
SN01598,snow_goose,12.283763,10.248866
SN06579,snow_goose,6.96169,4.671227
SN06255,snow_goose,5.900872,10.754279
SA09245,sandhill_crane,17.050963,4.01568
SN01262,snow_goose,12.921137,1.46726
SA07415,sandhill_crane,13.340548,12.126796
SN01605,snow_goose,6.198221,9.309303
SN04753,snow_goose,6.337732,5.503854
SN01556,snow_goose,6.52789,5.680022
SN01432,snow_goose,5.867238,9.663056
SN06321,snow_goose,8.41957,2.688113
SA04895,sandhill_crane,13.710657,11.77577
SA06220,sandhill_crane,6.167904,5.219799
SA02386,sandhill_crane,2.881855,4.719157
SN04408,snow_goose,16.399185,3.409516
SA05574,sandhill_crane,5.585249,10.287273
SA01058,sandhill_crane,12.284546,10.961345
SN02025,snow_goose,6.019852,10.024114
SA06139,sandhill_crane,12.722911,2.92929
SN02180,snow_goose,13.326855,10.284377
SN05190,snow_goose,5.134782,9.936375
SA00259,sandhill_crane,13.255463,12.406559
SN07449,snow_goose,8.342168,2.141283
SA02016,sandhill_crane,5.688503,11.015754
SA03748,sandhill_crane,8.685187,2.703196
SN09429,snow_goose,5.192142,10.079307
SN01516,snow_goose,5.787606,9.659006
SN05665,snow_goose,16.915669,2.98041
SN08650,snow_goose,14.390012,12.990226
SN04230,snow_goose,6.713899,6.302903
SA05895,sandhill_crane,13.951046,12.812685
SN07686,snow_goose,2.178341,5.569506
SN02535,snow_goose,5.940263,5.706129
SA07113,sandhill_crane,12.541379,1.337979
SN05218,snow_goose,6.291801,11.024082
SA01864,sandhill_crane,12.360042,2.185604
SN08099,snow_goose,12.028836,2.36284
SA06768,sandhill_crane,11.916063,10.724641
SA02661,sandhill_crane,14.096373,14.03511
SA06069,sandhill_crane,13.323183,12.94473
SN06278,snow_goose,12.501162,10.5431
SA09944,sandhill_crane,12.022214,2.224348
SN01567,snow_goose,6.09612,5.827546
SN01339,snow_goose,5.574506,9.587653
SN05616,snow_goose,4.934821,10.317595
SA04817,sandhill_crane,13.273883,13.803634
SN09664,snow_goose,15.71173,3.663115
SN09649,snow_goose,11.351287,1.916656
SN07970,snow_goose,15.670396,2.42041
SA02421,sandhill_crane,16.658194,3.632772
SA05330,sandhill_crane,11.697481,10.216182
SA00271,sandhill_crane,13.522151,12.026432
SN09534,snow_goose,13.562192,13.223502
SA00881,sandhill_crane,5.383579,5.616052
SN06006,snow_goose,8.874091,2.196881
SA09979,sandhill_crane,1.69733,5.963762
SA03455,sandhill_crane,9.704856,2.732411
SN09746,snow_goose,14.384608,12.287341
SA04908,sandhill_crane,6.662866,10.445772
SA05504,sandhill_crane,12.711411,1.508156
SN05245,snow_goose,6.76688,5.898247
SN05996,snow_goose,16.603184,3.436625
SN01316,snow_goose,13.709578,12.375179
SA09466,sandhill_crane,13.272904,10.329841
SA04189,sandhill_crane,6.557376,5.437336
SN05165,snow_goose,16.604418,3.553101
SA04020,sandhill_crane,6.937945,5.707053
SA07422,sandhill_crane,8.766803,2.431177
SA03952,sandhill_crane,16.640316,3.683669
SA02388,sandhill_crane,8.430778,2.161514
SA04947,sandhill_crane,16.141256,3.043292
SA00683,sandhill_crane,2.57309,5.61804
SA02310,sandhill_crane,16.617595,3.055891
SA06110,sandhill_crane,6.020139,5.453244
SN09186,snow_goose,12.702902,2.454754
SN04829,snow_goose,4.779728,9.347706
SN03753,snow_goose,2.894107,5.403666
SA03993,sandhill_crane,12.459991,2.617528
SA03900,sandhill_crane,5.577273,4.964472
SA04596,sandhill_crane,11.528169,1.736328
SN03367,snow_goose,12.938498,1.951408
SN03636,snow_goose,2.175017,5.016177
SA01324,sandhill_crane,12.429173,2.608579
SN09568,snow_goose,5.130437,9.775137
SA05581,sandhill_crane,6.214931,10.022641
SA02859,sandhill_crane,2.468451,5.083255
SN04916,snow_goose,17.189982,3.214857
SN00341,snow_goose,6.062566,5.676475
SA06944,sandhill_crane,5.10624,9.712762
SA04154,sandhill_crane,14.138939,13.441938
SA02773,sandhill_crane,6.357781,5.694235
SN08562,snow_goose,4.920742,10.202254
SA03498,sandhill_crane,2.796711,4.954692
SA09908,sandhill_crane,5.293173,10.277163
SN03286,snow_goose,8.917387,2.389831
SN08157,snow_goose,2.961226,5.588862
SN00875,snow_goose,16.56167,3.344328
SN06552,snow_goose,7.515667,6.15773
SA06776,sandhill_crane,17.191805,4.504057
SN07685,snow_goose,11.928362,10.947719
SA00197,sandhill_crane,2.604411,6.075902
SA09880,sandhill_crane,6.652535,5.52053
SN04087,snow_goose,16.837857,3.24793
SN05652,snow_goose,12.83594,11.036687
SN09890,snow_goose,12.515586,9.691678
SN07803,snow_goose,13.683722,13.312437
SN08457,snow_goose,12.251215,2.489575
SA05925,sandhill_crane,2.267518,5.340609
SN04072,snow_goose,12.032269,2.778862
SA01704,sandhill_crane,16.502237,3.421701
SN04959,snow_goose,6.046667,6.318624
SN03540,snow_goose,8.066698,2.379488
SA03233,sandhill_crane,13.317463,12.474518
SA09840,sandhill_crane,2.306045,4.875896
SA07660,sandhill_crane,13.496945,13.897756
SA04811,sandhill_crane,1.662342,5.192831
SA04351,sandhill_crane,13.554189,12.756497
SA01059,sandhill_crane,8.351327,2.988499
SA02796,sandhill_crane,13.22372,9.678662
SA02486,sandhill_crane,6.161871,5.861715
SA01904,sandhill_crane,6.020856,5.283901
SN00177,snow_goose,11.927567,2.833382
SN06302,snow_goose,16.369731,3.75093
SA09315,sandhill_crane,9.042025,2.290724
SN09001,snow_goose,13.426216,13.161648
SA07498,sandhill_crane,3.042119,5.263619
SN03985,snow_goose,8.95784,2.454665
SN00546,snow_goose,5.885802,10.208018
SN02495,snow_goose,14.228364,12.636352
SN09900,snow_goose,12.32025,2.52292
SA03691,sandhill_crane,1.980985,5.148297
SN04725,snow_goose,5.190249,9.668924
SN04297,snow_goose,14.046706,11.602377
SN09559,snow_goose,7.127298,5.749209
SN07462,snow_goose,13.526615,13.101714
SN04301,snow_goose,15.689102,3.303887
SN04641,snow_goose,11.532194,1.789192
SN08965,snow_goose,13.700403,13.037725
SN07024,snow_goose,11.950791,1.795497
SN04466,snow_goose,3.159552,5.310463
SA04070,sandhill_crane,8.167558,2.761408
SA07360,sandhill_crane,8.273423,2.761034
SA01034,sandhill_crane,2.115311,5.403521
SN07605,snow_goose,5.507542,10.285897
SN06838,snow_goose,5.486638,5.459035
SN05679,snow_goose,4.948415,5.633173
SN04146,snow_goose,6.378649,5.521538
SA07027,sandhill_crane,6.22748,5.171087
SA08661,sandhill_crane,1.945002,5.04892
SA00529,sandhill_crane,9.331865,1.926088
SN04706,snow_goose,8.990174,2.423465
SN00194,snow_goose,12.525955,2.595506
SN03339,snow_goose,12.247141,2.619225
SA06822,sandhill_crane,13.212702,2.652856
SN06938,snow_goose,5.367668,10.864066
SN03351,snow_goose,9.005108,2.202357
SN01070,snow_goose,6.192914,5.915954
SA04547,sandhill_crane,8.27616,2.077572
SN03898,snow_goose,8.614574,1.418654
SN06834,snow_goose,5.776226,9.819533
SA03201,sandhill_crane,5.065602,11.20066
SN07897,snow_goose,8.948056,1.43568
SA07389,sandhill_crane,5.157411,9.50334
SN08564,snow_goose,8.266778,1.826587
SA02196,sandhill_crane,13.431031,12.776815
SA05764,sandhill_crane,13.551871,13.397043
SA00359,sandhill_crane,9.411795,1.861271
SN04981,snow_goose,12.911951,11.04357
SN05330,snow_goose,6.591576,5.119387
SA05242,sandhill_crane,11.841634,2.248468
SN06557,snow_goose,12.1085,1.851954
SA05890,sandhill_crane,16.383747,3.864132
SN01015,snow_goose,12.729604,1.622861
SN07324,snow_goose,2.788818,4.396307
SA02566,sandhill_crane,14.248108,11.568798
SA05546,sandhill_crane,15.832691,3.563972
SA06793,sandhill_crane,12.086475,11.322491
SA08097,sandhill_crane,16.900816,3.293297
SN02678,snow_goose,15.804815,3.901583
SA03050,sandhill_crane,12.055871,1.737454
SN02409,snow_goose,2.733563,5.44013
SN00298,snow_goose,8.400501,1.758793
SA03605,sandhill_crane,8.95518,3.150727
SA07797,sandhill_crane,6.863021,6.138909
SN09388,snow_goose,12.458698,2.294623
SA09543,sandhill_crane,15.958253,3.177652
SA07681,sandhill_crane,4.702579,10.224047
SN07280,snow_goose,5.44283,9.90254
SA06863,sandhill_crane,5.919062,5.48057
SN08503,snow_goose,12.949486,12.698712
SA00114,sandhill_crane,9.639428,2.372688
SN08954,snow_goose,13.077394,11.268624
SN01296,snow_goose,13.435126,13.168414
SA08925,sandhill_crane,1.821411,3.955787
SA05019,sandhill_crane,12.114135,10.549788
SN04175,snow_goose,9.502207,2.399202
SN07478,snow_goose,2.439627,5.837797
SN06425,snow_goose,11.981181,2.39363
SN04996,snow_goose,4.870568,9.219645
SA02387,sandhill_crane,12.672263,2.181685
SA05790,sandhill_crane,5.130344,9.92547
SN00425,snow_goose,6.222691,6.023856
SA01341,sandhill_crane,15.962396,3.204799
SN05854,snow_goose,6.929266,5.223532
SA05781,sandhill_crane,11.803585,1.855633
SA08438,sandhill_crane,11.474938,11.69309
SN02605,snow_goose,10.864757,2.21998
SA05495,sandhill_crane,5.559719,9.444449
SN05389,snow_goose,15.749155,4.045141
SN07812,snow_goose,1.661683,4.68009
SA00717,sandhill_crane,13.947668,12.800127
SA02572,sandhill_crane,12.088886,2.556741
SA09958,sandhill_crane,13.786451,12.733299
SN04407,snow_goose,16.057301,3.332283
SN04575,snow_goose,13.14824,13.033876
SN09125,snow_goose,15.988981,4.031007
SN02515,snow_goose,15.680415,3.487326
SA08868,sandhill_crane,13.28271,9.704683
SA00947,sandhill_crane,1.883086,4.65979
SA00157,sandhill_crane,13.165369,11.303125
SN01653,snow_goose,11.696708,10.631768
SN01087,snow_goose,5.414402,5.756031
SN03361,snow_goose,8.848683,2.290885
SN07900,snow_goose,6.851602,5.676195
SA03984,sandhill_crane,6.054652,9.60172
SA03284,sandhill_crane,15.582029,3.973024
SA05004,sandhill_crane,3.187179,5.106795
SA04340,sandhill_crane,11.961263,2.05027
SN01101,snow_goose,6.50163,9.760131
SN05061,snow_goose,12.561515,9.974929
SA09482,sandhill_crane,2.342403,5.036651
SN00857,snow_goose,2.109138,5.60687
SA05800,sandhill_crane,14.234583,13.40577
SN09912,snow_goose,5.831374,4.710047
SA06868,sandhill_crane,3.459584,4.941765
SA06062,sandhill_crane,8.384356,2.138611
SA08606,sandhill_crane,6.516047,5.449619
SA03598,sandhill_crane,6.711596,5.212276
SN00187,snow_goose,6.457964,10.260656
SN03263,snow_goose,6.026583,5.524562
SA01859,sandhill_crane,1.897719,4.402366
SN03191,snow_goose,2.24476,5.326563
SN01286,snow_goose,13.795987,12.55247
SN03097,snow_goose,6.295276,5.577302
SN04143,snow_goose,12.371214,2.518353
SN02247,snow_goose,17.009406,3.832263
SN05618,snow_goose,1.923546,5.086023
SA07421,sandhill_crane,6.18284,10.322222
SN06778,snow_goose,12.089453,1.724413
SN04859,snow_goose,12.352131,1.643664
SA06124,sandhill_crane,2.92424,4.352446
SN00684,snow_goose,15.585516,4.039678
SN02800,snow_goose,16.557412,3.289034
SN01090,snow_goose,7.886186,3.002034
SA04135,sandhill_crane,6.333556,5.628957
SA08951,sandhill_crane,2.707125,4.286026
SA03793,sandhill_crane,5.046694,10.237711
SN07805,snow_goose,12.322286,10.847067
SN04746,snow_goose,11.841995,3.349134
SA06479,sandhill_crane,13.785154,12.889295
SN05286,snow_goose,5.133309,10.464749
SN08926,snow_goose,2.169749,5.618086
SA00192,sandhill_crane,6.410369,6.248936
SN00268,snow_goose,6.193735,9.342223
SN05275,snow_goose,5.496896,5.988118
SN03305,snow_goose,16.369858,3.448019
SN07264,snow_goose,12.410632,10.752074
SA07935,sandhill_crane,6.485893,9.411194
SA06966,sandhill_crane,16.118761,4.236926
SN06969,snow_goose,15.624411,3.322988
SA01965,sandhill_crane,12.122378,10.780982
SN00704,snow_goose,5.838487,4.758407
SN03857,snow_goose,6.031549,10.140165
SN08034,snow_goose,16.206394,3.7452
SA05058,sandhill_crane,11.754129,2.456352
SN08762,snow_goose,13.968402,13.157452
SA09785,sandhill_crane,7.146974,5.79327
SN02650,snow_goose,5.653649,9.721647
SN06219,snow_goose,12.256437,10.873352
SA00029,sandhill_crane,12.006703,10.689509
SA07412,sandhill_crane,6.474919,9.703215
SA06514,sandhill_crane,16.068719,3.356526
SA08312,sandhill_crane,5.96173,10.622373
SN00421,snow_goose,2.253823,5.965009
SN01313,snow_goose,12.603669,10.492638
SA03639,sandhill_crane,2.088288,5.731355
SN05252,snow_goose,11.936478,1.93417
SN06139,snow_goose,13.637612,12.363289
SN06525,snow_goose,8.866747,3.219626
SN00102,snow_goose,5.602292,9.581267
SA04921,sandhill_crane,6.206632,9.553914
SN09235,snow_goose,15.749152,3.96532
SN00117,snow_goose,4.970463,9.570033
SN00485,snow_goose,4.92236,6.260042
SA07271,sandhill_crane,12.403274,10.231675
SA08296,sandhill_crane,8.426251,1.988253
SN00616,snow_goose,9.159719,3.118661
SA04174,sandhill_crane,14.084032,13.084977
SN04960,snow_goose,7.217347,5.321677
SA05480,sandhill_crane,16.239283,3.615234
SA02284,sandhill_crane,12.024733,10.234243
SA03611,sandhill_crane,5.525763,5.615463
SN06288,snow_goose,16.625629,3.748616
SA08866,sandhill_crane,11.722486,2.20217
SA00920,sandhill_crane,9.518605,2.180202
SA03529,sandhill_crane,11.951127,3.127634
SA09454,sandhill_crane,6.268462,10.528005
SN09616,snow_goose,12.040844,2.384455
SA02628,sandhill_crane,15.709838,2.7682
SN03053,snow_goose,6.896272,5.324018
SA01107,sandhill_crane,7.087848,5.676033
SN02422,snow_goose,5.826992,10.096346
SN03633,snow_goose,4.994911,10.141065
SA00129,sandhill_crane,5.623643,9.57472
SA02458,sandhill_crane,16.56424,3.81481
SA02363,sandhill_crane,5.14375,10.203563
SN03203,snow_goose,6.49038,5.597601
SN02320,snow_goose,13.649044,12.236812
SA08823,sandhill_crane,13.923831,12.273315
SN07771,snow_goose,6.190268,10.310157
SN05626,snow_goose,12.150509,2.544447
SN06605,snow_goose,12.302146,1.488672
SA08654,sandhill_crane,12.152901,1.687136
SA00582,sandhill_crane,6.465465,5.85484
SA07624,sandhill_crane,16.520544,3.348462
SN00429,snow_goose,15.810339,4.105695
SA08456,sandhill_crane,5.696794,10.907564
SN02680,snow_goose,13.482948,2.291183
SN01809,snow_goose,5.884559,10.075872
SN04114,snow_goose,9.137254,2.122591
SN06263,snow_goose,14.558591,12.550617
SA07915,sandhill_crane,11.873894,3.104751
SA06405,sandhill_crane,17.299231,3.504879
SA08021,sandhill_crane,2.197647,4.624645
SA02733,sandhill_crane,6.249184,4.813704
SN04211,snow_goose,13.173766,3.41255
SN06239,snow_goose,7.95822,2.989588
SA08505,sandhill_crane,13.265044,12.916522
SA04526,sandhill_crane,12.20381,2.390507
SN04797,snow_goose,16.586262,4.141073
SN08023,snow_goose,8.160326,2.380505
SN00466,snow_goose,11.795599,2.758141
SA00481,sandhill_crane,17.006058,2.536094
SN06228,snow_goose,12.527251,11.111677
SA07237,sandhill_crane,8.5555,2.227431
SN06803,snow_goose,2.640247,4.916161
SA09821,sandhill_crane,12.455454,2.06002
SA07220,sandhill_crane,12.71871,10.424405
SA09529,sandhill_crane,5.728141,10.430055
SA07927,sandhill_crane,12.723861,11.590819
SN02832,snow_goose,13.779255,10.36167
SA08397,sandhill_crane,2.16528,5.684412
SA00880,sandhill_crane,13.472972,12.931075
SN05540,snow_goose,12.356722,2.312211
SN03232,snow_goose,8.880494,1.900789
SA04065,sandhill_crane,7.248568,5.638092
SA00249,sandhill_crane,1.820102,5.210107
SA04845,sandhill_crane,16.731834,4.087156
SA06700,sandhill_crane,2.538689,4.528913
SN07483,snow_goose,16.003658,2.868423
SA03355,sandhill_crane,9.093925,3.056332
SN09301,snow_goose,12.727505,3.618142
SA03539,sandhill_crane,2.629847,4.955645
SN00541,snow_goose,14.235961,11.753653
SA05749,sandhill_crane,6.19288,6.207454
SN00025,snow_goose,13.920386,12.32172
SN07549,snow_goose,7.092747,5.737616
SA03802,sandhill_crane,6.22466,5.294374
SA03561,sandhill_crane,13.001987,1.524905
SA02907,sandhill_crane,5.322178,10.320133
SA08710,sandhill_crane,1.695582,5.992962
SA03003,sandhill_crane,2.984306,5.602464
SN01289,snow_goose,6.317597,10.298373
SA04094,sandhill_crane,17.412141,3.58371
SN04132,snow_goose,12.983595,13.132204
SN05733,snow_goose,12.097195,3.180373
SN07488,snow_goose,13.918373,11.976421
SA04913,sandhill_crane,6.22925,9.75248
SA08060,sandhill_crane,5.528447,5.36073
SN01051,snow_goose,16.135105,4.311728
SN04336,snow_goose,2.568217,5.784354
SN04197,snow_goose,13.008823,10.506136
SN00775,snow_goose,6.268043,5.3026
SN04551,snow_goose,16.11486,3.270669
SN06310,snow_goose,6.126775,5.828935
SA04455,sandhill_crane,12.163726,11.340745
SN07636,snow_goose,11.49551,2.252689
SN02558,snow_goose,6.599908,5.565501
SN02726,snow_goose,8.522055,3.585849
SA09122,sandhill_crane,13.339029,11.001671
SN07956,snow_goose,12.029843,11.144958
SN01804,snow_goose,8.547626,3.183048
SN03711,snow_goose,12.966139,11.519492
SN09998,snow_goose,12.809267,3.054213
SA09352,sandhill_crane,9.496359,1.204361
SN06745,snow_goose,5.307271,9.492825
SN04011,snow_goose,11.860258,10.073213
SN00561,snow_goose,8.25603,2.146308
SA01036,sandhill_crane,11.413182,2.399484
SA02188,sandhill_crane,16.440874,2.592829
SN05469,snow_goose,15.248209,3.368681
SA02959,sandhill_crane,3.62943,5.642034
SA01995,sandhill_crane,5.547942,10.383487
SA07932,sandhill_crane,2.172486,4.523001
SN07423,snow_goose,16.306911,4.299735
SN07537,snow_goose,7.037349,4.752573
SN07311,snow_goose,14.175581,12.208267
SA07922,sandhill_crane,11.445584,10.509042
SN02846,snow_goose,14.152803,13.737529
SA01852,sandhill_crane,12.29398,1.243741
SA07873,sandhill_crane,15.682344,3.983429
SA05691,sandhill_crane,4.997299,9.565452
SA07925,sandhill_crane,6.439117,5.791559
SA05653,sandhill_crane,13.953403,12.705483
SA01611,sandhill_crane,4.688749,10.567485
SN01145,snow_goose,4.736098,9.444178
SA04523,sandhill_crane,3.131812,5.450911
SA01535,sandhill_crane,8.591927,1.976713
SA04576,sandhill_crane,12.063024,3.259391
SA02393,sandhill_crane,8.19171,3.128647
SA02493,sandhill_crane,13.941736,12.425711
SA01350,sandhill_crane,6.324548,6.593218
SN08267,snow_goose,9.10173,1.299593
SA03767,sandhill_crane,4.793829,9.792061
SN04755,snow_goose,16.326245,3.387675
SN03731,snow_goose,12.141244,11.826377
SN07065,snow_goose,12.116677,2.490604
SA00811,sandhill_crane,13.128962,12.97906
SA02760,sandhill_crane,8.658234,3.00334
SN03510,snow_goose,8.864787,1.963121
SN02502,snow_goose,8.462515,2.103451
SN06420,snow_goose,11.558848,2.865144
SN07598,snow_goose,13.838511,12.798542
SN03027,snow_goose,2.336194,5.886427
SA01151,sandhill_crane,12.828226,1.963335
SA08392,sandhill_crane,2.352574,6.224203
SA09131,sandhill_crane,5.707982,10.301094
SA09686,sandhill_crane,5.837615,9.968816
SA02187,sandhill_crane,1.77716,5.520578
SA01567,sandhill_crane,15.494539,4.047537
SA05899,sandhill_crane,12.376614,10.474747
SN06646,snow_goose,12.278785,3.27059
SN06987,snow_goose,16.395463,2.979833
SA07465,sandhill_crane,5.24648,9.488134
SN08315,snow_goose,13.365055,10.510504
SN06692,snow_goose,13.234322,10.686038
SN07574,snow_goose,13.088989,2.89326
SN05361,snow_goose,13.358813,12.519011
SA07991,sandhill_crane,14.026649,11.948283
SA04037,sandhill_crane,8.272288,2.071378
SN04812,snow_goose,12.571558,10.581213
SA06032,sandhill_crane,3.148478,5.00437
SN07291,snow_goose,2.748275,5.357439
SA05181,sandhill_crane,2.349478,5.028781
SN04617,snow_goose,8.972693,2.65228
SA00025,sandhill_crane,14.362285,12.515419
SN08958,snow_goose,14.978265,12.471416
SA09780,sandhill_crane,5.535975,10.469511
SA00214,sandhill_crane,8.28464,2.173092
SN08836,snow_goose,13.711899,13.121648
SA01260,sandhill_crane,6.547089,5.876566
SA01454,sandhill_crane,2.285002,5.443991
SN09031,snow_goose,8.714253,3.17838
SN02720,snow_goose,16.224497,3.23462
SA09717,sandhill_crane,2.469571,5.088723
SA07486,sandhill_crane,11.612054,2.203676
SA08563,sandhill_crane,16.954813,2.897182
SA04507,sandhill_crane,6.500517,5.475903
SA03354,sandhill_crane,11.852859,3.178156
SA09247,sandhill_crane,9.171571,3.503162
SN05774,snow_goose,6.045143,5.026607
SN00871,snow_goose,16.445971,3.434754
SN01183,snow_goose,14.365958,13.270545
SN08577,snow_goose,12.248103,10.551859
SA06059,sandhill_crane,15.891505,3.957113
SN07222,snow_goose,5.929369,9.178054
SA08985,sandhill_crane,8.395713,2.227128
SN04881,snow_goose,12.11412,2.283439
SN07467,snow_goose,9.194781,2.246291
SA06656,sandhill_crane,8.335211,2.791637
SA07942,sandhill_crane,2.321349,4.938995
SN04502,snow_goose,2.318575,5.434418
SN05274,snow_goose,11.481824,2.679897
SA02141,sandhill_crane,6.155789,9.994802
SA06131,sandhill_crane,8.794319,2.760513
SA01673,sandhill_crane,8.038042,3.096347
SN07420,snow_goose,9.334184,3.089308
SA04331,sandhill_crane,12.140512,11.564309
SN05589,snow_goose,12.414515,10.98919
SN03587,snow_goose,13.697699,12.527234
SN09175,snow_goose,16.891292,3.74635
SN04662,snow_goose,12.719578,1.641888
SN09470,snow_goose,11.768454,1.204877
SN04698,snow_goose,13.168732,3.076748
SN02734,snow_goose,12.766633,13.824409
SA06894,sandhill_crane,1.638885,5.730443
SN02744,snow_goose,5.658867,5.621687
SA06621,sandhill_crane,12.117463,11.332681
SN00830,snow_goose,2.530948,5.70047
SN07176,snow_goose,3.226299,5.357341
SA04955,sandhill_crane,12.960037,10.274311
SN02347,snow_goose,14.079625,12.497018
SN08917,snow_goose,2.319203,4.213903
SA00001,sandhill_crane,2.943595,5.786055
SN07017,snow_goose,2.981343,5.350357
SA07291,sandhill_crane,12.150001,11.105855
SA01597,sandhill_crane,13.581249,12.823993
SA06348,sandhill_crane,12.91856,2.088321
SA08708,sandhill_crane,8.855861,1.898068
SA02304,sandhill_crane,6.037696,5.39604
SA00824,sandhill_crane,12.062995,2.601805
SA04599,sandhill_crane,16.902097,3.875579
SN04914,snow_goose,8.684214,2.318026
SN04462,snow_goose,6.055864,5.419263
SA09359,sandhill_crane,5.194723,10.67431
SN07106,snow_goose,9.205462,2.645692
SN01442,snow_goose,12.136846,11.530025
SA02412,sandhill_crane,2.208012,5.372195
SN05197,snow_goose,16.555499,4.224675
SA08835,sandhill_crane,16.323999,3.307226
SN09985,snow_goose,15.988868,2.738478
SN07186,snow_goose,6.625754,6.069926
SN08028,snow_goose,5.863599,5.800393
SN08108,snow_goose,2.425084,4.213473
SA06435,sandhill_crane,8.272705,1.386896
SN04891,snow_goose,16.095654,3.358789
SA05692,sandhill_crane,16.371166,3.31361
SA09184,sandhill_crane,15.066387,13.014872
SA08250,sandhill_crane,13.089639,12.893141
SN05153,snow_goose,2.568118,4.654038
SN04536,snow_goose,11.429627,2.445742
SN05644,snow_goose,14.227758,13.806772
SA05769,sandhill_crane,14.517655,12.23231
SN09363,snow_goose,10.406071,1.523123
SN04769,snow_goose,5.752419,5.243352
SN08961,snow_goose,11.405846,2.362405
SN09151,snow_goose,2.340203,5.24662
SN04542,snow_goose,14.428163,13.249916
SA05529,sandhill_crane,3.114,5.449842
SA02355,sandhill_crane,2.180947,4.582726
SA00469,sandhill_crane,5.43894,9.734312
SN06979,snow_goose,3.257057,6.014956
SN01360,snow_goose,16.016744,3.18723
SA02598,sandhill_crane,6.282722,5.605519
SA05937,sandhill_crane,2.430694,3.606214
SN07330,snow_goose,8.269099,2.773939
SN05479,snow_goose,5.375841,5.898963
SN06946,snow_goose,8.989352,3.037732
SN08274,snow_goose,4.949757,9.627911
SA07584,sandhill_crane,16.849331,2.868615
SN05392,snow_goose,2.784883,4.899892
SA02671,sandhill_crane,9.124164,3.268987
SN04699,snow_goose,8.95329,2.839876
SN07323,snow_goose,12.928844,11.180048
SN08259,snow_goose,2.124218,4.658931
SA08892,sandhill_crane,12.12393,11.083341
SN01814,snow_goose,12.347794,10.491086
SN01484,snow_goose,12.516878,11.017705
SN09109,snow_goose,8.506438,2.057603
SA06067,sandhill_crane,5.835051,9.938213
SN02633,snow_goose,6.282238,5.647673
SA09669,sandhill_crane,6.458907,5.360182
SA06457,sandhill_crane,13.547836,12.604037
SN07891,snow_goose,16.646447,3.510126
SN05050,snow_goose,14.05773,12.512706
SN04075,snow_goose,16.498088,3.35678
SN05519,snow_goose,13.185769,12.762789
SN07823,snow_goose,11.600954,10.945896
SA07657,sandhill_crane,12.592491,2.500651
SN04429,snow_goose,13.031323,13.004387
SA06217,sandhill_crane,16.199206,4.091337
SA07068,sandhill_crane,8.611736,3.090798
SA08082,sandhill_crane,6.858784,5.110176
SN07856,snow_goose,16.350583,3.797008
SA01821,sandhill_crane,6.246647,5.643079
SN02481,snow_goose,17.021043,2.986978
SA09179,sandhill_crane,5.891051,5.842032
SA05909,sandhill_crane,11.645049,10.018782
SA05460,sandhill_crane,12.664957,10.278308
SN04958,snow_goose,11.656785,2.898087
SN03068,snow_goose,8.369907,3.486607
SN09455,snow_goose,12.951992,10.570951
SN03773,snow_goose,2.408073,5.540652
SA04743,sandhill_crane,13.557809,13.068508
SA00669,sandhill_crane,13.950595,12.252662
SN07804,snow_goose,14.684472,13.433396
SN09598,snow_goose,14.011159,12.133732
SN00806,snow_goose,10.948132,10.284391
SA01868,sandhill_crane,15.57668,3.07313
SA01997,sandhill_crane,11.533433,3.184303
SA04887,sandhill_crane,2.738995,5.548073
SN02365,snow_goose,14.971469,13.288173
SN00258,snow_goose,8.925616,2.10845
SN02007,snow_goose,13.620895,12.430684
SA00138,sandhill_crane,12.402636,2.515324
SN05588,snow_goose,13.990393,13.157334
SA01378,sandhill_crane,17.47471,3.770203
SA05599,sandhill_crane,13.48498,12.895583
SN03667,snow_goose,2.394829,5.111094
SN00665,snow_goose,2.173462,5.086899
SA00707,sandhill_crane,7.170434,4.908243
SA06625,sandhill_crane,12.956851,10.434992
SN09361,snow_goose,11.601027,1.569727
SA02772,sandhill_crane,6.463035,5.952092
SN09238,snow_goose,4.999848,9.875465
SA01262,sandhill_crane,11.753046,2.880014
SN01508,snow_goose,2.651472,5.748848
SA00051,sandhill_crane,13.219972,12.788946
SN08132,snow_goose,6.464247,4.918904
SA03096,sandhill_crane,16.729535,3.298119
SN02126,snow_goose,5.025222,10.159923
SA02888,sandhill_crane,16.491235,3.489813
SN04486,snow_goose,16.39563,2.346242
SN04185,snow_goose,4.685742,9.615823
SN01200,snow_goose,8.751093,2.180557
SA02194,sandhill_crane,11.598102,2.502226
SN02310,snow_goose,16.803605,3.739855
SN05508,snow_goose,12.163228,10.592258
SA04393,sandhill_crane,5.783104,9.939262
SN00148,snow_goose,12.370676,2.903094
SA06328,sandhill_crane,7.896761,2.126414
SN08040,snow_goose,16.575175,3.63027
SA02987,sandhill_crane,5.854818,5.912955
SN00961,snow_goose,5.600767,10.024141
SA09548,sandhill_crane,12.202524,2.097612
SA06751,sandhill_crane,17.182845,3.239292
SN07817,snow_goose,16.901557,3.408423
SA06070,sandhill_crane,12.582369,1.95319
SN08694,snow_goose,2.405308,6.091219
SA07692,sandhill_crane,11.759474,10.637721
SN07037,snow_goose,13.1674,10.929878
SA03846,sandhill_crane,5.488563,10.195267
SA08649,sandhill_crane,11.994674,2.981466
SA03850,sandhill_crane,1.298767,4.639283
SA09007,sandhill_crane,5.754902,11.056615
SN01497,snow_goose,12.443755,10.837754
SA04806,sandhill_crane,12.429669,9.972935
SA03152,sandhill_crane,14.416938,12.491041
SN08835,snow_goose,4.931456,10.146708
SN07613,snow_goose,12.065165,2.081556
SN00132,snow_goose,16.177629,2.908548
SA07102,sandhill_crane,13.647773,11.844928
SA07334,sandhill_crane,8.609607,2.900137
SN02187,snow_goose,13.137189,14.30695
SN03778,snow_goose,5.016209,10.014497
SN09685,snow_goose,2.423589,5.075615
SA03679,sandhill_crane,6.015042,5.509006
SN09033,snow_goose,15.665545,2.896802
SN06010,snow_goose,12.899933,2.829929
SA06802,sandhill_crane,16.042244,2.513755
SA00153,sandhill_crane,15.761139,3.52959
SN03838,snow_goose,2.007659,4.169469
SN09851,snow_goose,8.186841,2.497271
SA07349,sandhill_crane,12.054171,10.578763
SA06453,sandhill_crane,11.678029,10.400381
SA01881,sandhill_crane,13.973202,12.098342
SN01680,snow_goose,12.422948,1.311112
SA01160,sandhill_crane,1.889701,5.882648
SA05743,sandhill_crane,8.299397,2.509228
SN03314,snow_goose,6.237915,5.572687
SN07276,snow_goose,13.122582,2.604872
SA07577,sandhill_crane,5.532681,9.969742
SN04167,snow_goose,6.008945,9.716346
SN06490,snow_goose,12.091382,10.890327
SA00484,sandhill_crane,2.041791,4.883983
SA05791,sandhill_crane,5.585881,6.016723
SA02837,sandhill_crane,1.69185,5.250959
SA09703,sandhill_crane,16.801796,3.4268
SA05532,sandhill_crane,12.329097,2.389583
SN08036,snow_goose,6.002852,4.965471
SN04621,snow_goose,2.400096,4.660678
SN08847,snow_goose,1.631524,4.798572
SN05940,snow_goose,8.738174,2.048402
SA02473,sandhill_crane,5.541497,6.221958
SN01433,snow_goose,8.493779,2.39585
SA07590,sandhill_crane,8.202236,2.316177
SN01397,snow_goose,12.529163,12.223299
SA02546,sandhill_crane,17.392092,3.313567
SN02890,snow_goose,6.86245,5.575436
SN07601,snow_goose,11.776356,2.075207
SA04451,sandhill_crane,7.695285,7.043908
SN01194,snow_goose,5.289711,9.266109
SN01627,snow_goose,13.930119,13.065124
SN05415,snow_goose,5.550727,9.935617
SN03781,snow_goose,12.141428,2.240549
SA05382,sandhill_crane,5.970018,10.190616
SN08885,snow_goose,12.885054,3.058633
SA00559,sandhill_crane,11.706236,3.586459
SA08594,sandhill_crane,5.969033,10.166302
SN05491,snow_goose,6.092963,9.242483
SA08132,sandhill_crane,8.599611,2.233691
SN00364,snow_goose,6.452157,4.920139
SN01315,snow_goose,13.356029,12.409182
SA06156,sandhill_crane,5.2707,10.153246
SN08916,snow_goose,7.472013,5.876352
SN05689,snow_goose,2.052309,5.156956
SN06986,snow_goose,8.784771,2.429664
SA09534,sandhill_crane,15.940481,4.01835
SN06166,snow_goose,8.378152,2.394351
SN06072,snow_goose,5.775614,10.279599
SA00158,sandhill_crane,5.008774,10.663044
SN08903,snow_goose,14.293039,12.764978
SN09393,snow_goose,9.085047,2.604796
SA02623,sandhill_crane,5.628958,10.093539
SN02955,snow_goose,14.251706,12.917066
SA05927,sandhill_crane,8.291001,2.141894
SN03617,snow_goose,2.786682,5.719331
SA06382,sandhill_crane,13.897278,12.217301
SA05669,sandhill_crane,11.901223,2.402247
SN03040,snow_goose,13.347426,12.828711
SA07808,sandhill_crane,12.099136,2.25711
SN05704,snow_goose,6.703818,4.660275
SN02263,snow_goose,12.681185,11.024895
SN08538,snow_goose,12.265236,10.852574
SN01392,snow_goose,5.2038,9.833346
SA03169,sandhill_crane,2.422984,5.263987
SA04963,sandhill_crane,11.924631,2.739973
SN05156,snow_goose,6.549769,9.973962
SA08028,sandhill_crane,13.249565,13.24738
SN08292,snow_goose,5.644099,10.870133
SA07697,sandhill_crane,11.68865,2.54307
SA04260,sandhill_crane,16.302836,4.547044
SN08890,snow_goose,9.364966,3.343564
SA01980,sandhill_crane,12.763749,11.089801
SA00821,sandhill_crane,12.155236,2.308705
SN03747,snow_goose,16.055691,2.895904
SA04797,sandhill_crane,12.032428,2.643676
SA00871,sandhill_crane,8.766238,3.186101
SA08150,sandhill_crane,6.573864,5.634151
SN05545,snow_goose,16.302944,3.388685
SN06145,snow_goose,12.302721,1.584777
SA06068,sandhill_crane,12.81553,2.438721
SN09712,snow_goose,8.451494,2.35396
SN09147,snow_goose,12.452453,2.813897
SA05772,sandhill_crane,12.826426,10.345798
SA05586,sandhill_crane,12.116531,1.436145
SA03972,sandhill_crane,15.794947,3.023564
SN06737,snow_goose,8.96514,3.309226
SA06207,sandhill_crane,13.3,10.999331
SA08378,sandhill_crane,2.360401,4.604789
SN09438,snow_goose,4.738989,9.559515
SN09417,snow_goose,6.389752,10.674658
SA09843,sandhill_crane,1.830505,5.310037
SA03524,sandhill_crane,16.507995,3.571373
SA03330,sandhill_crane,13.361375,13.411528
SN06191,snow_goose,1.351344,4.767161
SN07456,snow_goose,5.747264,10.592837
SN00909,snow_goose,2.894212,4.526439
SA01992,sandhill_crane,16.247077,3.078456
SN07057,snow_goose,2.835997,4.777152
SA09555,sandhill_crane,11.817272,11.094971
SN02761,snow_goose,12.232435,2.553894
SA06232,sandhill_crane,8.668901,1.990439
SN00536,snow_goose,2.752212,5.533682
SN05856,snow_goose,12.458017,10.47252
SN05782,snow_goose,6.271384,5.111951
SA05917,sandhill_crane,17.077598,3.120435
SA04190,sandhill_crane,11.484137,3.425942
SA04785,sandhill_crane,5.918779,10.027904
SN05238,snow_goose,10.85014,1.679663
SA09250,sandhill_crane,8.253118,3.206354
SN05532,snow_goose,12.254023,11.58118
SN01568,snow_goose,5.562776,10.011777
SN07922,snow_goose,11.588507,2.548843
SA07219,sandhill_crane,13.937977,12.393752
SA02403,sandhill_crane,5.555048,10.129484
SN08112,snow_goose,16.723445,3.213274
SN02721,snow_goose,14.284718,12.195776
SN02142,snow_goose,5.99509,6.115858
SN08128,snow_goose,12.363262,3.019089
SN03972,snow_goose,5.737213,5.39547
SN04463,snow_goose,2.677877,4.780991
SA05539,sandhill_crane,17.007387,2.516676
SA01527,sandhill_crane,12.023431,10.44998
SA00536,sandhill_crane,15.799938,3.879003
SN02451,snow_goose,5.108009,11.050113
SN09858,snow_goose,2.462281,5.93216
SA04176,sandhill_crane,11.331961,2.721612
SA04607,sandhill_crane,12.359045,10.746276
SA08080,sandhill_crane,12.489245,9.828213
SN05302,snow_goose,8.355392,2.947864
SN02579,snow_goose,5.821824,9.40383
SN05230,snow_goose,6.788982,4.668482
SN02415,snow_goose,8.313667,1.537508
SA06244,sandhill_crane,12.153537,2.536772
SA03600,sandhill_crane,12.900043,2.616407
SA01899,sandhill_crane,12.550072,2.611291
SN09811,snow_goose,13.421942,12.844092
SA03904,sandhill_crane,5.208688,9.747715
SN06343,snow_goose,11.620981,11.008902
SA09212,sandhill_crane,14.292725,13.53381
SN08750,snow_goose,8.725828,3.518004
SA08490,sandhill_crane,6.715282,4.678736
SN07046,snow_goose,13.650914,12.62351
SA09731,sandhill_crane,13.563721,12.306789
SN02749,snow_goose,6.506688,10.510841
SN06017,snow_goose,13.926598,12.755045
SN09289,snow_goose,11.613214,2.431517
SN01066,snow_goose,8.338917,1.640147
SN08199,snow_goose,6.650591,5.328514
SA07752,sandhill_crane,15.940847,3.358938
SA01999,sandhill_crane,5.190544,10.1791
SA03680,sandhill_crane,9.16008,2.68555
SA01710,sandhill_crane,8.161389,2.246659
SA04296,sandhill_crane,12.355413,11.057526
SA03867,sandhill_crane,14.963854,12.689987
SA03409,sandhill_crane,2.766641,4.822088
SN08517,snow_goose,11.828671,2.045378
SA07371,sandhill_crane,8.573411,2.844902
SA03188,sandhill_crane,5.020724,10.42602
SN00306,snow_goose,12.807586,10.633963
SN03832,snow_goose,8.616446,2.94124
SA04942,sandhill_crane,5.890571,5.908068
SN05910,snow_goose,8.948383,3.126655
SN04406,snow_goose,8.776929,2.986514
SA00998,sandhill_crane,12.15393,1.504635
SA08467,sandhill_crane,12.836963,1.921797
SN04566,snow_goose,2.853794,4.820803
SA07859,sandhill_crane,8.646291,2.732487
SN03481,snow_goose,12.93397,9.876163
SA06137,sandhill_crane,9.038758,3.169506
SA00291,sandhill_crane,5.717114,9.763425
SN04041,snow_goose,16.126411,2.609925
SN02600,snow_goose,16.146562,3.270884
SN06466,snow_goose,9.029402,2.420228
SA01914,sandhill_crane,8.848738,2.396113
SN08555,snow_goose,15.919192,3.821285
SN04314,snow_goose,5.145945,10.357027
SA04017,sandhill_crane,12.753918,10.626266
SA07474,sandhill_crane,2.321439,4.900907
SN00730,snow_goose,12.145584,11.024687
SN03338,snow_goose,5.224615,10.453486
SN07269,snow_goose,5.778396,9.506418
SA09187,sandhill_crane,6.710641,5.2406
SN01430,snow_goose,12.212333,10.529756
SA02504,sandhill_crane,8.188061,5.99662
SA05541,sandhill_crane,13.900476,13.133741
SA06202,sandhill_crane,5.469086,10.518153
SA07530,sandhill_crane,12.505269,11.053306
SA00168,sandhill_crane,4.033465,10.0769
SN07180,snow_goose,2.349184,5.431495
SN02953,snow_goose,1.886452,5.742429
SA03353,sandhill_crane,12.577702,11.65164
SA04584,sandhill_crane,13.363825,12.765511
SN08592,snow_goose,15.836153,2.653608
SN04372,snow_goose,11.529949,1.346077
SN04470,snow_goose,13.816542,13.433169
SA05042,sandhill_crane,12.966353,11.898467
SA07205,sandhill_crane,3.205192,5.148305
SN05857,snow_goose,13.943981,12.534327
SA02900,sandhill_crane,8.3258,2.851839
SN04332,snow_goose,2.288484,5.137154
SN04015,snow_goose,5.820977,10.118094
SN03459,snow_goose,5.382967,10.781881
SN00110,snow_goose,5.727927,9.993456
SA04580,sandhill_crane,12.016864,9.759254
SN07646,snow_goose,5.145085,10.195101
SN09499,snow_goose,13.678491,12.996013
SA00779,sandhill_crane,14.668221,12.686813
SA02872,sandhill_crane,2.333403,5.129822
SA08139,sandhill_crane,16.809491,4.106983
SN06681,snow_goose,12.820184,11.618604
SA05326,sandhill_crane,2.015331,5.414173
SN00313,snow_goose,5.781789,10.315362
SN01999,snow_goose,14.015325,13.001035
SN05293,snow_goose,2.228543,6.362828
SN06616,snow_goose,16.632487,3.643037
SA07034,sandhill_crane,12.51192,10.787117
SA03898,sandhill_crane,5.072968,10.397149
SA07661,sandhill_crane,2.135882,4.735719
SN02246,snow_goose,15.629875,3.666351
SA06632,sandhill_crane,5.21205,5.238434
SA08324,sandhill_crane,16.441153,3.448579
SN00033,snow_goose,16.7609,4.085711
SA06052,sandhill_crane,4.494472,9.928836
SA00272,sandhill_crane,2.661918,5.075636
SN08094,snow_goose,6.649042,4.292048
SA02384,sandhill_crane,8.533773,2.839908
SA04311,sandhill_crane,6.31544,6.280849
SA00283,sandhill_crane,13.414363,12.982586
SA08301,sandhill_crane,2.713615,5.377662
SN03548,snow_goose,12.108696,2.698518
SA04829,sandhill_crane,16.081358,2.629049
SA04966,sandhill_crane,5.233876,10.207906
SA06752,sandhill_crane,14.248011,12.579085
SN01851,snow_goose,16.334734,2.723195
SN02783,snow_goose,6.763623,6.292273
SA00250,sandhill_crane,10.262318,1.966279
SA00974,sandhill_crane,11.567935,2.473471
SA07103,sandhill_crane,12.127155,2.394489
SA06957,sandhill_crane,2.262821,4.722814
SA08934,sandhill_crane,4.89532,10.866672
SN02013,snow_goose,6.627518,4.470496
SN08998,snow_goose,12.417331,10.918041
SN06788,snow_goose,2.766114,4.81911
SA00056,sandhill_crane,13.048422,11.071412
SA08794,sandhill_crane,12.731587,10.394962
SN08839,snow_goose,14.096052,12.662586
SN06463,snow_goose,12.519489,1.672613
SA07921,sandhill_crane,12.900552,10.194376
SN01911,snow_goose,8.530007,1.82461
SN08718,snow_goose,2.26977,5.420591
SA03731,sandhill_crane,13.05396,12.682852
SN05229,snow_goose,8.793377,2.970286
SA07551,sandhill_crane,13.75829,12.960171
SA05685,sandhill_crane,16.070984,3.157954
SN03824,snow_goose,8.802796,2.863765
SN06414,snow_goose,12.723734,2.077964
SN08704,snow_goose,2.416611,4.380768
SA07723,sandhill_crane,5.691445,10.617375
SA01279,sandhill_crane,9.408815,2.858545
SA04771,sandhill_crane,9.166395,2.035091
SN01813,snow_goose,2.566253,5.885257
SA01184,sandhill_crane,14.284931,13.309178
SA01645,sandhill_crane,15.615413,3.810909
SN04334,snow_goose,12.110968,2.566501
SN02536,snow_goose,12.698237,3.273981
SA04768,sandhill_crane,11.999809,1.045931
SN02219,snow_goose,5.095487,9.735699
SA03794,sandhill_crane,12.243853,11.181255
SN00705,snow_goose,12.63725,2.670813
SA02377,sandhill_crane,8.532119,2.356824
SA05250,sandhill_crane,16.996128,3.080465
SN07863,snow_goose,14.121156,12.876207
SA06715,sandhill_crane,13.375797,12.400432
SA07231,sandhill_crane,14.030322,12.366401
SN02811,snow_goose,2.118991,5.19003
SA06622,sandhill_crane,9.556085,2.118414
SA06617,sandhill_crane,15.900449,3.740895
SA01813,sandhill_crane,12.039448,3.040923
SA03419,sandhill_crane,5.850776,6.19094
SA05859,sandhill_crane,2.477901,5.41648
SN03620,snow_goose,9.475992,2.941865
SA03936,sandhill_crane,8.836677,1.925684
SA03430,sandhill_crane,12.214231,10.183432
SN06459,snow_goose,8.531747,3.505481
SN01927,snow_goose,7.336019,6.087
SN02325,snow_goose,13.246032,12.907992
SA05026,sandhill_crane,5.480575,10.292479
SA00813,sandhill_crane,16.731251,3.074659
SN07475,snow_goose,3.212081,4.930452
SN02567,snow_goose,12.809137,9.851718
SN06487,snow_goose,2.427778,4.824974
SA06796,sandhill_crane,2.719649,4.281243
SA06171,sandhill_crane,5.385791,9.982377
SN02570,snow_goose,2.790276,5.831563
SN00262,snow_goose,2.001192,5.303413
SN03608,snow_goose,16.261546,2.572646
SN03552,snow_goose,16.227479,3.460799
SA01359,sandhill_crane,9.043051,3.44606
SN03914,snow_goose,17.521978,4.206004
SN06900,snow_goose,12.403315,2.974782
SN04850,snow_goose,5.279362,10.050916
SN08552,snow_goose,8.860396,1.49388
SA04690,sandhill_crane,12.695937,10.498649
SA06866,sandhill_crane,8.094922,2.442928
SA01231,sandhill_crane,14.26433,13.584197
SA03888,sandhill_crane,8.249876,2.252412
SN08019,snow_goose,14.204071,12.215503
SA05278,sandhill_crane,15.641481,3.061658
SA04295,sandhill_crane,6.559082,3.984614
SN00889,snow_goose,5.972033,10.805141
SN00515,snow_goose,6.708582,5.880753
SA02039,sandhill_crane,11.852808,2.286457
SN04611,snow_goose,13.314292,12.00148
SA04697,sandhill_crane,17.007056,2.772632
SA04198,sandhill_crane,6.635592,4.973066
SA06567,sandhill_crane,2.863134,4.604551
SN03408,snow_goose,2.177946,5.119782
SA05154,sandhill_crane,12.075439,2.73742
SA00258,sandhill_crane,16.636903,2.764618
SA06135,sandhill_crane,6.943977,5.664142
SA01959,sandhill_crane,16.267877,3.359984
SA05461,sandhill_crane,7.732764,1.859072
SA03945,sandhill_crane,12.604539,11.024959
SA05852,sandhill_crane,6.418766,5.842843
SN01574,snow_goose,4.673994,10.137889
SN05687,snow_goose,2.50628,5.050723
SA03256,sandhill_crane,5.860109,9.794767
SN04696,snow_goose,16.8025,3.43826
SA00444,sandhill_crane,2.16115,5.254531
SA08422,sandhill_crane,12.004757,2.095689
SN04734,snow_goose,13.597113,13.782665
SA08603,sandhill_crane,9.014134,2.577786
SN04689,snow_goose,13.100999,2.168792
SN02684,snow_goose,5.715262,6.535544
SN01810,snow_goose,8.833718,2.647279
SN04743,snow_goose,6.638532,4.987078
SA07627,sandhill_crane,12.314287,2.707339
SA04294,sandhill_crane,5.250067,10.619484
SN04882,snow_goose,16.315836,4.068592
SA08595,sandhill_crane,1.877117,4.682391
SN07262,snow_goose,12.859654,13.069073
SA06873,sandhill_crane,6.121134,10.52943
SA08178,sandhill_crane,11.513486,2.373175
SN08410,snow_goose,13.597577,12.696258
SA05867,sandhill_crane,12.204038,11.095556
SA08785,sandhill_crane,5.059823,9.406438
SN01017,snow_goose,12.069196,10.557361
SA00600,sandhill_crane,5.691579,9.750108
SN03247,snow_goose,2.964471,5.048001
SA08761,sandhill_crane,6.657536,5.115368
SN07152,snow_goose,12.067917,10.788833
SN01697,snow_goose,8.476871,2.33919
SA01737,sandhill_crane,15.832492,3.267168
SA02398,sandhill_crane,2.117413,5.400532
SA01289,sandhill_crane,12.165951,1.763543
SN03941,snow_goose,5.396636,10.136226
SA06008,sandhill_crane,12.499089,2.743723
SN08871,snow_goose,16.070907,2.928403
SN09626,snow_goose,14.817588,12.977185
SA04740,sandhill_crane,5.992883,9.396433
SA09829,sandhill_crane,15.66913,3.901102
SA08686,sandhill_crane,11.154258,2.73156
SN06690,snow_goose,6.290496,10.202993
SN05590,snow_goose,3.494813,5.705606
SN01500,snow_goose,7.523329,5.663905
SA00404,sandhill_crane,8.829019,2.636706
SA02214,sandhill_crane,7.093165,6.013452
SA07310,sandhill_crane,7.94438,1.99712
SN08467,snow_goose,5.463589,9.828404
SN00641,snow_goose,13.520204,12.44728
SA04684,sandhill_crane,13.87476,12.672549
SN09248,snow_goose,4.801845,8.999024
SA04010,sandhill_crane,12.125535,2.366077
SA07265,sandhill_crane,16.043562,3.853975
SN04074,snow_goose,15.890683,2.946976
SA00804,sandhill_crane,13.716533,13.784506
SN05250,snow_goose,16.908622,3.541164
SN03798,snow_goose,11.793282,10.857179
SN01838,snow_goose,13.337794,10.347646
SN06380,snow_goose,17.090063,4.334167
SN07352,snow_goose,4.80189,9.884479
SA00770,sandhill_crane,12.590031,10.674314
SN00488,snow_goose,11.977008,10.402357
SN01055,snow_goose,4.966032,10.876761
SN07507,snow_goose,7.623338,5.827514
SA04432,sandhill_crane,2.008712,6.062749
SA06332,sandhill_crane,5.195106,10.584858
SN06254,snow_goose,16.651441,2.732371
SN04479,snow_goose,13.007487,10.623444
SA04674,sandhill_crane,12.272658,2.824597
SA06247,sandhill_crane,5.476506,10.424631
SN03413,snow_goose,6.210507,5.063125
SA03446,sandhill_crane,16.495005,3.683089
SN03954,snow_goose,16.735924,2.696189
SN08790,snow_goose,11.564744,10.535227
SA09023,sandhill_crane,12.4576,2.152286
SN00879,snow_goose,2.938046,5.639775
SN03770,snow_goose,8.218909,2.560015
SN08621,snow_goose,13.853999,12.631882
SN00363,snow_goose,6.025452,6.086762
SA04482,sandhill_crane,12.567265,11.122137
SN00838,snow_goose,14.09642,12.541224
SN08629,snow_goose,5.51476,5.455114
SA08308,sandhill_crane,6.570924,5.565536
SA05076,sandhill_crane,5.31854,9.933754
SN06476,snow_goose,14.089892,11.507448
SA04915,sandhill_crane,16.293413,3.180162
SA07069,sandhill_crane,6.007701,5.856067
SA06566,sandhill_crane,6.621687,4.729163
SA09879,sandhill_crane,2.390159,5.406603
SA09664,sandhill_crane,6.941382,5.33981
SA01908,sandhill_crane,16.330339,3.015109
SN05984,snow_goose,5.590718,4.50503
SN00862,snow_goose,16.269203,2.972535
SA06938,sandhill_crane,12.763333,10.57192
SA03641,sandhill_crane,12.288805,2.084994
SN00062,snow_goose,16.986471,2.580289
SA00954,sandhill_crane,2.775093,5.64061
SN00123,snow_goose,8.628909,2.99262
SA02938,sandhill_crane,11.617087,11.669751
SA09382,sandhill_crane,15.635932,3.365856
SA03380,sandhill_crane,6.408358,10.177234
SN08910,snow_goose,4.924281,9.628167
SN00851,snow_goose,13.310059,12.243171
SA00852,sandhill_crane,12.293877,2.420137
SA09648,sandhill_crane,12.553742,10.074869
SA03588,sandhill_crane,2.072846,5.693562
SN00176,snow_goose,6.585467,4.952459
SN01698,snow_goose,8.406369,2.179761
SA08639,sandhill_crane,8.19021,2.603639
SN09792,snow_goose,8.094536,2.483304
SA09939,sandhill_crane,11.972954,9.855175
SA00472,sandhill_crane,9.020609,3.204829
SN04613,snow_goose,16.290667,3.495847
SA08898,sandhill_crane,8.874591,2.830285
SA04769,sandhill_crane,12.363416,2.357111
SA09819,sandhill_crane,11.594869,10.97029
SN01915,snow_goose,5.357164,10.116883
SN07913,snow_goose,6.296239,10.209896
SN05429,snow_goose,3.181842,5.174931
SA07187,sandhill_crane,16.131653,2.866001
SA08769,sandhill_crane,8.561051,2.44098
SA05452,sandhill_crane,1.68687,4.983229
SA07727,sandhill_crane,5.277942,5.005017
SN02212,snow_goose,13.395672,13.154258
SA04578,sandhill_crane,2.31644,4.658872
SA06436,sandhill_crane,15.879131,3.728932
SA06141,sandhill_crane,6.649487,4.379784
SN07947,snow_goose,11.646192,2.816573
SN03820,snow_goose,13.637617,13.119157
SN03422,snow_goose,17.101559,2.789386
SN06719,snow_goose,5.466144,10.267011
SA09083,sandhill_crane,2.699802,5.507991
SN01916,snow_goose,5.787632,10.65608
SN00765,snow_goose,15.671474,3.350484
SA02855,sandhill_crane,12.875172,11.231803
SN03847,snow_goose,7.886643,2.155349
SA03488,sandhill_crane,3.201241,5.403686
SA07479,sandhill_crane,13.807712,12.814266
SA02109,sandhill_crane,9.112646,2.48025
SN06233,snow_goose,13.659649,12.888248
SN02917,snow_goose,12.493883,10.859007
SA04873,sandhill_crane,8.086893,2.037958
SA05434,sandhill_crane,16.258216,3.746873
SA05112,sandhill_crane,8.163971,2.191119
SA05144,sandhill_crane,8.607552,2.683051
SA08532,sandhill_crane,9.470385,2.702955
SN05908,snow_goose,12.087909,10.299039
SA01049,sandhill_crane,12.728891,11.117291
SA00449,sandhill_crane,2.285795,5.136446
SN02604,snow_goose,8.388711,3.278062
SN09970,snow_goose,8.459743,2.831642
SN09153,snow_goose,6.343847,5.558645
SN06181,snow_goose,13.131002,10.62062
SN07643,snow_goose,12.149573,11.947018
SA07507,sandhill_crane,12.57533,3.580367
SN07480,snow_goose,13.622743,13.367516
SN03524,snow_goose,2.003262,4.802904
SA07115,sandhill_crane,14.31406,12.035256
SN03139,snow_goose,11.620898,1.627312
SA01267,sandhill_crane,12.391211,2.257076
SN07100,snow_goose,12.560298,2.54981
SA03569,sandhill_crane,12.196054,2.286956
SN05720,snow_goose,13.916613,12.447916
SA03070,sandhill_crane,12.562295,2.700136
SA03104,sandhill_crane,13.023628,10.11223
SN05510,snow_goose,13.77487,13.190877
SA03459,sandhill_crane,12.334466,1.382517
SN09199,snow_goose,16.956384,4.06375
SN08591,snow_goose,14.473298,13.396657
SN07766,snow_goose,15.220418,13.045773
SA00017,sandhill_crane,12.078765,2.641529
SN09803,snow_goose,2.45508,5.391945
SN08472,snow_goose,13.531599,12.66056
SN03259,snow_goose,13.093201,11.521592
SA07200,sandhill_crane,9.716834,1.618399
SN09751,snow_goose,6.651836,5.553726
SA04378,sandhill_crane,15.673848,3.676977
SA09229,sandhill_crane,3.27079,4.626998
SA00312,sandhill_crane,9.49385,1.725824
SA00724,sandhill_crane,9.090008,2.651778
SA05282,sandhill_crane,6.0162,8.985555
SN08540,snow_goose,13.387163,13.460072
SN08041,snow_goose,12.087002,11.086578
SA00408,sandhill_crane,15.950943,4.018974
SA09852,sandhill_crane,12.321839,2.035696
SN02035,snow_goose,12.812438,2.395507
SN00023,snow_goose,13.565629,12.814133
SA04054,sandhill_crane,13.86407,12.242204
SN03816,snow_goose,13.866785,13.052167
SA02588,sandhill_crane,12.02177,1.937985
SA08393,sandhill_crane,13.000086,3.230819
SA05301,sandhill_crane,12.973214,11.34109
SN00307,snow_goose,5.686033,9.555978
SN00694,snow_goose,15.791902,3.373617
SA07576,sandhill_crane,12.376497,10.479433
SA05300,sandhill_crane,6.339739,5.215418
SA00548,sandhill_crane,5.832773,10.77338
SA09251,sandhill_crane,14.416616,12.501898
SA06404,sandhill_crane,2.579724,5.634532
SN04717,snow_goose,2.901391,5.544441
SA07333,sandhill_crane,2.581089,4.310563
SA02797,sandhill_crane,3.090378,4.540998
SA08411,sandhill_crane,5.408799,10.36106
SN07669,snow_goose,12.552009,10.809732
SA01434,sandhill_crane,8.957076,2.695176
SN06775,snow_goose,5.575617,9.940657
SA05492,sandhill_crane,14.362741,12.628875
SN00687,snow_goose,11.610332,10.916973
SA09690,sandhill_crane,14.228376,12.737792
SN01082,snow_goose,8.651398,1.844679
SN05654,snow_goose,12.942561,2.069346
SN09341,snow_goose,15.946066,2.619692
SN01106,snow_goose,9.273744,2.301224
SA08796,sandhill_crane,9.217322,2.850418
SA02778,sandhill_crane,12.336916,2.311801
SN01912,snow_goose,16.323077,3.1913
SN02337,snow_goose,5.334365,10.541453
SA05136,sandhill_crane,6.096938,4.604782
SN04319,snow_goose,16.670953,3.648921
SA04202,sandhill_crane,11.956266,2.257401
SA03967,sandhill_crane,6.044895,10.383762
SA05479,sandhill_crane,12.027157,1.444584
SA01825,sandhill_crane,11.36034,2.618349
SA04789,sandhill_crane,5.637814,6.767672
SA04501,sandhill_crane,8.106504,1.851477
SN00767,snow_goose,13.72088,12.919433
SA05431,sandhill_crane,5.555104,5.358983
SN02781,snow_goose,16.241266,3.615546
SA05570,sandhill_crane,9.283166,1.748511
SA04753,sandhill_crane,11.667794,2.949182
SA01477,sandhill_crane,8.630568,3.078548
SA02161,sandhill_crane,13.039434,12.903333
SA07870,sandhill_crane,4.932344,10.244157
SN03289,snow_goose,9.054855,2.798248
SN02395,snow_goose,11.989856,1.943624
SA08109,sandhill_crane,13.145278,12.424072
SA06581,sandhill_crane,13.302568,11.279984
SA00833,sandhill_crane,5.446881,5.364888
SA07284,sandhill_crane,4.787128,9.333216
SA02095,sandhill_crane,11.665285,2.708797
SN01150,snow_goose,4.740309,9.994292
SN08852,snow_goose,13.149414,12.503041
SA02359,sandhill_crane,6.137088,5.708956
SN06274,snow_goose,13.676962,12.122233
SA03819,sandhill_crane,12.725009,3.71958
SA01668,sandhill_crane,14.663189,12.645672
SN06333,snow_goose,9.328779,1.870204
SA08044,sandhill_crane,5.081281,5.081729
SA05861,sandhill_crane,8.429915,2.40546
SN02295,snow_goose,6.005355,9.898553
SN00443,snow_goose,13.897825,12.71
SA01063,sandhill_crane,15.79121,4.464352
SA05614,sandhill_crane,9.981269,2.791073
SA00089,sandhill_crane,12.943226,10.766376
SN06322,snow_goose,5.632748,10.05413
SN07523,snow_goose,8.121636,1.536408
SN06004,snow_goose,13.184058,2.910584
SA01599,sandhill_crane,15.933964,2.991625
SN01834,snow_goose,7.456323,2.479324
SA05500,sandhill_crane,5.01225,10.857828
SN09869,snow_goose,13.488743,13.22803
SN06058,snow_goose,12.897119,10.449964
SA03666,sandhill_crane,4.782638,10.545682
SA09616,sandhill_crane,5.965864,4.765977
SA01000,sandhill_crane,2.752085,5.417199
SA09175,sandhill_crane,6.435669,5.804596
SN05217,snow_goose,12.330446,10.378526
SN02144,snow_goose,12.029866,2.152938
SA01119,sandhill_crane,16.472233,2.765434
SN07846,snow_goose,11.772823,2.521904
SA08635,sandhill_crane,2.572808,5.062753
SN09695,snow_goose,17.249829,3.344898
SN07451,snow_goose,2.068144,5.350774
SA08204,sandhill_crane,5.301373,10.025098
SA01448,sandhill_crane,6.262699,9.773018
SN01381,snow_goose,12.286637,1.778276
SN02105,snow_goose,16.400481,2.978533
SA03420,sandhill_crane,2.810995,5.43476
SA00423,sandhill_crane,8.004271,2.064059
SA09897,sandhill_crane,15.645371,2.668457
SN03962,snow_goose,6.879238,5.758228
SA09752,sandhill_crane,12.063203,2.549559
SA07632,sandhill_crane,5.438058,9.681784
SA02499,sandhill_crane,5.997729,10.224405
SN08383,snow_goose,12.450528,1.833301
SN04007,snow_goose,14.33604,12.011126
SN09929,snow_goose,6.943243,5.232728
SN03632,snow_goose,16.267055,3.874255
SA02121,sandhill_crane,8.226225,2.389174
SN09040,snow_goose,2.465476,5.940761
SN01033,snow_goose,11.889151,10.471595
SN03056,snow_goose,1.906723,4.600614
SN03522,snow_goose,6.651891,5.743138
SA06150,sandhill_crane,5.624644,10.016344
SN07885,snow_goose,6.270006,4.670183
SN09315,snow_goose,12.376087,10.486538
SN03104,snow_goose,4.811827,10.155308
SA04380,sandhill_crane,12.135308,9.753663
SA09438,sandhill_crane,13.101686,10.598023
SA08276,sandhill_crane,5.249241,9.518865
SN08071,snow_goose,4.949417,10.075343
SA05894,sandhill_crane,6.396993,4.724287
SA09794,sandhill_crane,6.732729,4.883587
SA08551,sandhill_crane,2.393815,5.09037
SN06394,snow_goose,9.469213,1.572171
SN01362,snow_goose,1.785585,5.156344
SA05320,sandhill_crane,7.631013,2.487607
SA02953,sandhill_crane,12.706576,1.590389
SN05955,snow_goose,5.746636,10.745845
SA07082,sandhill_crane,12.089046,10.878379
SN01966,snow_goose,2.139157,5.474708
SA00863,sandhill_crane,3.304415,5.532614
SA04930,sandhill_crane,15.412274,3.69559
SA06505,sandhill_crane,13.758592,12.998562
SN05458,snow_goose,12.593296,2.232341
SN03721,snow_goose,15.834968,3.829357
SN02485,snow_goose,12.450349,10.918392
SN01953,snow_goose,9.573102,2.31777
SA01259,sandhill_crane,16.11199,4.164518
SN05296,snow_goose,5.230193,10.176955
SN05425,snow_goose,5.102452,9.80007
SN03516,snow_goose,15.107888,4.454125
SN09922,snow_goose,12.517943,2.609925
SN00762,snow_goose,5.843765,10.681368
SA00579,sandhill_crane,14.728341,13.657324
SN02072,snow_goose,16.285706,4.11356
SN02730,snow_goose,12.260009,10.328009
SN04043,snow_goose,11.710822,2.532856
SA02173,sandhill_crane,13.062301,13.439259
SA06733,sandhill_crane,8.619672,2.380563
SA09343,sandhill_crane,5.985487,5.756003
SA06530,sandhill_crane,11.285776,2.171081
SA09477,sandhill_crane,1.795295,4.464846
SN03826,snow_goose,5.706035,9.703285
SA05123,sandhill_crane,12.564987,2.207508
SN02191,snow_goose,13.637261,12.312086
SN02621,snow_goose,2.691128,5.650539
SN01129,snow_goose,6.362262,5.343473
SN01679,snow_goose,8.970502,2.90813
SA01404,sandhill_crane,8.837218,2.582639
SN01544,snow_goose,2.384836,5.684003
SN05849,snow_goose,14.258869,12.831445
SA00899,sandhill_crane,13.876718,13.157802
SN08938,snow_goose,12.699885,10.474825
SA04515,sandhill_crane,16.135111,3.236348
SN01040,snow_goose,6.754776,5.509528
SN02538,snow_goose,13.228097,12.6977
SN01973,snow_goose,2.860533,5.452143
SN03118,snow_goose,11.901409,10.93971
SN04183,snow_goose,5.581339,10.359004
SA01475,sandhill_crane,2.782501,5.293412
SA03609,sandhill_crane,8.483603,2.578752
SN06515,snow_goose,14.054012,12.73454
SA09617,sandhill_crane,16.322511,3.508351
SN04464,snow_goose,16.515171,2.940439
SN02861,snow_goose,13.381963,13.544663
SN05455,snow_goose,1.844576,5.250233
SN04646,snow_goose,13.302142,12.218794
SN02506,snow_goose,15.898266,4.039325
SN02005,snow_goose,5.698359,10.462028
SA08399,sandhill_crane,14.057055,12.447275
SA07246,sandhill_crane,4.993428,4.921965
SA07201,sandhill_crane,9.838654,1.866728
SN06962,snow_goose,14.290141,12.798648
SA05734,sandhill_crane,16.751761,3.484285
SA09747,sandhill_crane,2.246051,5.297898
SN08010,snow_goose,8.39175,2.085094
SN06067,snow_goose,2.465435,5.553462
SN03506,snow_goose,8.879832,2.324622
SA07677,sandhill_crane,16.217188,3.233869
SN02906,snow_goose,16.450112,3.472749
SN02244,snow_goose,12.123424,2.09566
SN01336,snow_goose,2.440702,4.66536
SN01594,snow_goose,14.121461,13.604683
SA03947,sandhill_crane,8.490803,2.725248
SN04535,snow_goose,1.999626,4.976007
SA00726,sandhill_crane,8.927978,2.445841
SN04867,snow_goose,6.129158,5.491113
SN07216,snow_goose,2.140403,5.439606
SA00663,sandhill_crane,8.939574,2.897399
SN00569,snow_goose,11.533717,2.058279
SN07292,snow_goose,2.292548,4.894972
SN04177,snow_goose,16.529739,3.745
SN03509,snow_goose,2.658526,5.822166
SA07407,sandhill_crane,14.164326,13.343047
SA03612,sandhill_crane,12.466342,2.81252
SN07672,snow_goose,14.048321,12.419574
SA03901,sandhill_crane,17.195107,3.970762
SN06462,snow_goose,13.706946,13.54168
SA07408,sandhill_crane,8.880499,1.834191
SA05343,sandhill_crane,11.920121,11.585502
SA01304,sandhill_crane,2.351328,5.351258
SN06047,snow_goose,13.076864,10.058935
SN05722,snow_goose,14.195581,13.556176
SA05164,sandhill_crane,12.139833,3.029556
SA04473,sandhill_crane,11.647867,10.84211
SN02790,snow_goose,11.924549,1.671669
SA07243,sandhill_crane,11.890263,10.551699
SA00336,sandhill_crane,6.910999,5.668659
SA04118,sandhill_crane,13.466029,13.73863
SN05563,snow_goose,6.587706,9.610346
SA08787,sandhill_crane,11.913503,2.161295
SN03517,snow_goose,3.2335,4.926732
SA01354,sandhill_crane,2.902619,6.068403
SN02443,snow_goose,5.060632,9.476022
SN07567,snow_goose,5.076611,10.27545
SN01788,snow_goose,12.734734,2.753681
SA08323,sandhill_crane,6.575591,5.948198
SN05036,snow_goose,9.051421,2.611737
SA00225,sandhill_crane,11.524616,2.485399
SA04274,sandhill_crane,2.277196,5.02075
SN05789,snow_goose,5.945012,9.931106
SN00150,snow_goose,1.241199,5.35377
SA08845,sandhill_crane,11.912576,3.326877
SN06595,snow_goose,6.694292,5.297063
SA03216,sandhill_crane,12.717549,2.243625
SN05819,snow_goose,12.957361,10.895375
SA06487,sandhill_crane,9.002792,1.834138
SN05950,snow_goose,8.987992,2.648574
SN00950,snow_goose,4.633329,10.196687
SN02700,snow_goose,6.099892,5.188924
SA00002,sandhill_crane,1.639358,5.518936
SN02782,snow_goose,16.104582,3.553712
SA03656,sandhill_crane,6.690258,5.330493
SN07878,snow_goose,16.713047,3.358895
SA09082,sandhill_crane,6.245258,6.040358
SN05636,snow_goose,5.82164,5.709568
SA05995,sandhill_crane,9.056777,3.533167
SA04031,sandhill_crane,6.451709,5.482782
SA03765,sandhill_crane,8.473351,2.841204
SA09590,sandhill_crane,15.541563,2.940748
SN05830,snow_goose,5.064091,9.495403
SA09716,sandhill_crane,5.933307,5.072171
SN09579,snow_goose,5.651493,10.19167
SA09600,sandhill_crane,6.005881,9.655439
SN00713,snow_goose,12.649398,3.280392
SN05378,snow_goose,5.171141,9.905885
SN05276,snow_goose,12.005986,2.538265
SN06696,snow_goose,7.113778,5.080809
SN01213,snow_goose,7.392116,2.929414
SN00216,snow_goose,12.202809,11.356124
SN06441,snow_goose,12.354664,10.026978
SN03287,snow_goose,11.994914,11.114658
SN08264,snow_goose,2.242661,5.074985
SA08162,sandhill_crane,2.99149,4.207854
SA00376,sandhill_crane,13.91822,13.208666
SA02437,sandhill_crane,5.46003,9.654571
SN03085,snow_goose,6.298619,5.522035
SA03332,sandhill_crane,6.094916,5.133519
SA07998,sandhill_crane,12.219513,10.854525
SA05512,sandhill_crane,12.426753,10.414477
SA01372,sandhill_crane,11.890315,11.229092
SA01174,sandhill_crane,14.33117,13.166462
SA04390,sandhill_crane,9.558048,2.028774
SN01704,snow_goose,7.228521,5.433182
SN06337,snow_goose,8.829917,2.409796
SN06132,snow_goose,6.967738,4.852265
SA05068,sandhill_crane,13.266117,12.270196
SA07919,sandhill_crane,2.65489,6.067581
SA07757,sandhill_crane,13.748753,11.63874
SN03146,snow_goose,12.017671,10.394844
SA06042,sandhill_crane,6.006801,5.501004
SA01554,sandhill_crane,6.526805,5.42554
SA06096,sandhill_crane,12.197846,11.474149
SA08095,sandhill_crane,5.174625,10.22788
SN04500,snow_goose,9.25212,2.643126
SA08070,sandhill_crane,6.821719,5.246158
SA03603,sandhill_crane,4.504181,10.594329
SA07964,sandhill_crane,6.508074,6.130233
SA08093,sandhill_crane,6.348566,5.439623
SN03443,snow_goose,5.830206,10.325199
SN08263,snow_goose,12.927722,1.678158
SA04914,sandhill_crane,15.62438,2.508048
SN01329,snow_goose,16.451577,3.279014
SN00052,snow_goose,2.111008,5.589357
SA05134,sandhill_crane,6.785013,5.268514
SA02641,sandhill_crane,17.081131,3.811469
SN07698,snow_goose,14.028963,12.945731
SA07517,sandhill_crane,7.870926,2.925239
SA07025,sandhill_crane,6.215207,11.068698
SN04274,snow_goose,13.895144,14.020033
SA07326,sandhill_crane,6.885122,5.410978
SN07995,snow_goose,8.858868,2.471628
SN07031,snow_goose,8.470853,1.742331
SN09797,snow_goose,16.516101,3.483645
SA03798,sandhill_crane,6.068076,10.052463
SN02100,snow_goose,9.037224,2.050177
SA09727,sandhill_crane,12.1136,10.587629
SN09518,snow_goose,12.058162,10.832289
SA09949,sandhill_crane,5.130624,10.352412
SN03850,snow_goose,12.392194,10.371384
SN02455,snow_goose,11.939868,2.555257
SN06954,snow_goose,12.732652,10.340422
SA01912,sandhill_crane,12.166064,2.632109
SA04465,sandhill_crane,12.381528,1.943358
SA05514,sandhill_crane,12.453313,2.282894
SA00207,sandhill_crane,12.357133,11.169407
SA07186,sandhill_crane,12.303944,1.45227
SA08278,sandhill_crane,13.998511,12.689843
SA09498,sandhill_crane,10.366608,1.935887
SA09767,sandhill_crane,13.552423,10.287813
SN08589,snow_goose,2.32917,4.883133
SA05825,sandhill_crane,6.015889,9.456011
SA05114,sandhill_crane,16.229528,3.405656
SN03149,snow_goose,6.554376,5.600018
SA08222,sandhill_crane,6.392749,5.816455
SN04892,snow_goose,8.787246,3.223458
SA04446,sandhill_crane,11.963715,10.116941
SN08017,snow_goose,6.112345,5.739981
SA01906,sandhill_crane,12.741444,10.597436
SN03438,snow_goose,8.963035,2.399978
SA05908,sandhill_crane,8.405462,2.954167
SN03246,snow_goose,4.980376,10.189944
SN01908,snow_goose,4.952916,9.527841
SN01298,snow_goose,15.810835,3.343118
SA01862,sandhill_crane,9.303214,2.247322
SN00582,snow_goose,2.821808,4.876306
SN02472,snow_goose,8.837938,2.421921
SA02624,sandhill_crane,5.2468,9.759146
SN00350,snow_goose,6.466399,5.333872
SA05116,sandhill_crane,13.715827,13.051004
SN05282,snow_goose,11.416747,1.672059
SA03757,sandhill_crane,5.001943,9.481007
SA09557,sandhill_crane,6.116473,4.781405
SN07948,snow_goose,5.685246,10.340535
SN01989,snow_goose,13.680573,12.955905
SA03407,sandhill_crane,2.706959,4.642888
SN00419,snow_goose,12.406949,1.700131
SN08953,snow_goose,16.749048,3.732904
SA00927,sandhill_crane,12.648983,10.868239
SN03389,snow_goose,16.380294,3.483313
SA00752,sandhill_crane,12.191964,2.646451
SA09126,sandhill_crane,16.085105,4.470663
SA00735,sandhill_crane,12.093293,2.882281
SA09929,sandhill_crane,13.602801,12.952764
SN09339,snow_goose,1.564103,4.563369
SA05873,sandhill_crane,12.78925,10.614454
SN09835,snow_goose,2.316408,5.609767
SN09652,snow_goose,8.777574,2.598534
SN00754,snow_goose,6.774613,4.762673
SA07884,sandhill_crane,16.079376,2.577773
SN03660,snow_goose,6.011714,6.187483
SN07985,snow_goose,12.545155,2.504791
SA08726,sandhill_crane,12.599486,11.331503
SA00844,sandhill_crane,11.988113,11.648093
SN00206,snow_goose,13.24213,12.190294
SN02269,snow_goose,2.971015,4.977094
SA03032,sandhill_crane,15.166113,4.359149
SN08615,snow_goose,8.514297,1.611534
SN04141,snow_goose,15.944142,3.14542
SA02460,sandhill_crane,12.132108,11.718129
SA06066,sandhill_crane,2.398836,4.972788
SN07296,snow_goose,2.927267,4.464562
SA04040,sandhill_crane,12.170081,11.035
SA09923,sandhill_crane,16.908799,3.456357
SA08243,sandhill_crane,9.51003,1.665773
SA06377,sandhill_crane,12.908845,13.098063
SA02846,sandhill_crane,4.956569,10.536971
SA08168,sandhill_crane,6.607428,5.650387
SN08832,snow_goose,11.943593,10.464753
SA06190,sandhill_crane,1.459426,4.816251
SN06728,snow_goose,2.421831,5.41438
SN02511,snow_goose,5.603295,9.588135
SN01151,snow_goose,5.665795,5.901158
SN08519,snow_goose,2.241964,4.979464
SA04264,sandhill_crane,6.290788,5.097116
SN00724,snow_goose,2.685424,5.791937
SA05472,sandhill_crane,16.405722,2.623082
SA09513,sandhill_crane,12.540808,1.849051
SN07736,snow_goose,12.097525,10.543037
SA01621,sandhill_crane,6.307405,6.124339
SA06647,sandhill_crane,12.253108,2.83748
SA09511,sandhill_crane,6.243905,5.780264
SA05876,sandhill_crane,16.001052,4.07829
SN04405,snow_goose,5.288527,5.604897
SN01675,snow_goose,6.950674,4.944066
SA00223,sandhill_crane,12.898,10.811142
SN07725,snow_goose,11.733355,10.671745
SA02247,sandhill_crane,2.052196,6.319658
SA06743,sandhill_crane,12.576084,11.350946
SA01336,sandhill_crane,13.665067,12.462354
SA09310,sandhill_crane,2.285532,5.902481
SN03159,snow_goose,6.038864,9.447762
SA09181,sandhill_crane,11.955228,1.85494
SN01525,snow_goose,14.244269,13.137295
SN05315,snow_goose,12.598598,2.539354
SA03643,sandhill_crane,12.498653,2.032521
SN07935,snow_goose,5.873418,5.455705
SN09507,snow_goose,13.978838,12.883208
SA09854,sandhill_crane,8.267658,2.089515
SA09766,sandhill_crane,12.790535,2.051452
SA02376,sandhill_crane,12.288767,9.550743
SN05211,snow_goose,9.186198,1.985537
SN05356,snow_goose,6.550077,5.294353
SN03946,snow_goose,12.831274,13.541629
SA05608,sandhill_crane,2.23324,6.462634
SA08659,sandhill_crane,16.904154,4.426292
SN08978,snow_goose,12.491768,2.407023
SA00235,sandhill_crane,12.04628,2.412623
SN08379,snow_goose,5.300718,10.042176
SA08984,sandhill_crane,8.387629,2.790328
SA04779,sandhill_crane,11.310542,9.977576
SN06591,snow_goose,2.262109,4.699119
SA01315,sandhill_crane,7.619365,5.546818
SA08858,sandhill_crane,16.381615,3.759985
SA02993,sandhill_crane,13.614624,12.512039
SN05446,snow_goose,13.965806,13.085342
SN06804,snow_goose,8.501083,2.284585
SA04902,sandhill_crane,6.421481,5.656972
SN07033,snow_goose,5.449694,9.82393
SA05272,sandhill_crane,13.962115,12.894773
SN07545,snow_goose,6.497285,4.894373
SA02116,sandhill_crane,9.471491,3.226595
SA06261,sandhill_crane,13.651558,12.891317
SN04578,snow_goose,12.388891,11.223735
SN09240,snow_goose,6.653243,5.772516
SA06322,sandhill_crane,1.043468,5.104706
SA01202,sandhill_crane,13.426135,13.438541
SN09956,snow_goose,12.258392,10.449917
SA00270,sandhill_crane,17.344021,3.96475
SN09043,snow_goose,6.581149,5.880169
SN00018,snow_goose,5.347714,10.193351
SN00338,snow_goose,5.888952,10.124557
SA02541,sandhill_crane,12.160774,2.735766
SA09417,sandhill_crane,12.240132,11.58861
SA01675,sandhill_crane,12.82607,2.681824
SA06245,sandhill_crane,12.433063,11.061375
SA03786,sandhill_crane,12.432325,10.699697
SA08513,sandhill_crane,5.617138,10.574934
SA06850,sandhill_crane,12.356007,2.194135
SA05045,sandhill_crane,14.117904,12.654311
SA08056,sandhill_crane,2.316453,6.001613
SA05466,sandhill_crane,13.610445,12.254158
SN03213,snow_goose,16.125878,3.158294
SA05393,sandhill_crane,12.970211,12.907282
SA09630,sandhill_crane,11.322699,2.857965
SN03446,snow_goose,9.58542,2.417951
SN09091,snow_goose,8.354639,2.791473
SN03844,snow_goose,2.882632,4.272708
SN09810,snow_goose,2.148286,4.979393
SN05183,snow_goose,12.185088,2.444689
SN01122,snow_goose,12.503993,11.035627
SA09059,sandhill_crane,3.196533,4.274208
SN01330,snow_goose,2.422008,5.233706
SA03796,sandhill_crane,11.992792,9.985671
SN06602,snow_goose,6.846581,6.070937
SN03696,snow_goose,6.576602,4.945269
SN09666,snow_goose,3.115622,4.516217
SN05994,snow_goose,14.228849,12.872794
SN06297,snow_goose,13.541991,13.581277
SA01531,sandhill_crane,6.175997,9.616906
SA00583,sandhill_crane,15.365267,4.363186
SA05935,sandhill_crane,2.137577,5.197805
SN09743,snow_goose,16.53545,3.472581
SA00993,sandhill_crane,16.597579,3.162319
SN00881,snow_goose,14.35724,13.362167
SN09223,snow_goose,5.480051,9.334861
SN09359,snow_goose,13.760215,12.430548
SA00450,sandhill_crane,11.702567,3.537464
SA02205,sandhill_crane,15.532653,2.982409
SA09470,sandhill_crane,13.093639,10.845409
SA05476,sandhill_crane,6.780913,5.568114
SA07363,sandhill_crane,3.094495,4.845185
SN06666,snow_goose,13.028935,1.971744
SN03037,snow_goose,16.930363,3.739715
SA00034,sandhill_crane,16.76085,3.711253
SA00474,sandhill_crane,9.378407,3.062599
SA04990,sandhill_crane,3.171291,6.129007
SN06000,snow_goose,12.56899,10.50138
SN07375,snow_goose,14.300839,13.403939
SN05170,snow_goose,6.313983,5.971136
SA07000,sandhill_crane,7.277607,5.611398
SA08142,sandhill_crane,8.744802,2.530743
SA09200,sandhill_crane,13.534064,12.236887
SN06478,snow_goose,2.520089,5.264994
SN04869,snow_goose,6.945869,6.327804
SA06109,sandhill_crane,2.108028,5.793611
SN03947,snow_goose,16.750102,3.978195
SA09743,sandhill_crane,16.097111,3.140048
SN06992,snow_goose,11.681372,10.737677
SN07097,snow_goose,2.753863,5.214692
SN03697,snow_goose,8.285406,2.063469
SA07491,sandhill_crane,11.879514,10.661696
SA06331,sandhill_crane,12.633268,2.493098
SA08972,sandhill_crane,8.480355,2.608137
SN04082,snow_goose,14.258698,12.48302
SA00856,sandhill_crane,12.04843,10.802706
SN09733,snow_goose,13.498508,12.189648
SN04637,snow_goose,5.013977,9.077444
SA07350,sandhill_crane,16.253453,4.030744
SA07147,sandhill_crane,6.231737,5.448469
SA07203,sandhill_crane,1.827467,5.116581
SA04635,sandhill_crane,9.035909,2.84298
SN09237,snow_goose,14.56739,13.055966
SA06315,sandhill_crane,16.624362,4.087593
SN08180,snow_goose,13.329049,13.752401
SA04034,sandhill_crane,5.947931,10.816831
SN06118,snow_goose,16.402076,3.951652
SA06534,sandhill_crane,2.13235,5.063615
SA01441,sandhill_crane,15.734841,3.491826
SN06287,snow_goose,12.318454,1.661901
SN02262,snow_goose,6.361999,9.623005
SA01952,sandhill_crane,12.799859,10.052449
SN06295,snow_goose,5.910702,9.292838
SA00807,sandhill_crane,16.832591,3.608552
SA07802,sandhill_crane,5.388791,10.887812
SA07063,sandhill_crane,8.414899,0.788652
SA02801,sandhill_crane,12.841321,10.887832
SN03922,snow_goose,16.697806,3.818405
SN06624,snow_goose,9.296304,2.46658
SN00585,snow_goose,6.0929,6.01571
SA08055,sandhill_crane,5.470666,10.23676
SN02657,snow_goose,5.526604,5.851302
SN03591,snow_goose,9.07752,2.442556
SA06459,sandhill_crane,12.733434,2.086064
SN04293,snow_goose,16.377986,3.002441
SA02911,sandhill_crane,12.442767,10.142735
SA06402,sandhill_crane,1.738382,5.167808
SN04825,snow_goose,13.897806,13.150018
SN01021,snow_goose,14.070605,12.732043
SN07511,snow_goose,12.245589,2.194789
SA04325,sandhill_crane,13.837346,12.980631
SA09917,sandhill_crane,12.898903,13.031262
SA06694,sandhill_crane,13.494332,12.323649
SN08241,snow_goose,11.583459,11.576559
SN03334,snow_goose,12.07602,2.347174
SN04636,snow_goose,14.189846,12.911826
SN09474,snow_goose,12.965374,3.014713
SN07606,snow_goose,5.67791,9.898105
SN03078,snow_goose,13.572016,12.914961
SN01711,snow_goose,12.21487,10.73348
SN04392,snow_goose,13.27652,12.464666
SA09001,sandhill_crane,12.456811,10.953674
SN07662,snow_goose,5.510961,8.754099
SN05321,snow_goose,8.212632,2.155932
SA02705,sandhill_crane,11.556274,1.788147
SA03204,sandhill_crane,12.255899,9.73381
SN04221,snow_goose,12.56828,1.559542
SN05142,snow_goose,9.02302,2.393426
SA03334,sandhill_crane,6.260027,6.500006
SA02131,sandhill_crane,5.537323,10.804427
SN00590,snow_goose,16.168587,3.26587
SA02904,sandhill_crane,13.701385,12.641254
SN04772,snow_goose,13.64254,11.961126
SN03042,snow_goose,13.322858,10.375105
SA09035,sandhill_crane,9.244281,3.482742
SA05457,sandhill_crane,5.231429,11.009505
SN09014,snow_goose,8.212096,4.904556
SN03627,snow_goose,1.976897,5.250878
SN07767,snow_goose,2.27642,5.959876
SN04518,snow_goose,11.583875,10.048814
SA03879,sandhill_crane,2.63823,5.645207
SA04619,sandhill_crane,2.33903,5.117027
SN06361,snow_goose,14.031986,13.144178
SA06591,sandhill_crane,16.336805,2.744666
SA05430,sandhill_crane,8.805533,1.89183
SN07119,snow_goose,15.351106,12.533969
SN05681,snow_goose,13.659616,13.367711
SN09615,snow_goose,6.508165,5.358361
SA05070,sandhill_crane,13.264488,12.831282
SA09915,sandhill_crane,12.234579,10.567656
SN01772,snow_goose,8.992965,2.498428
SN02697,snow_goose,5.827413,4.595733
SN06726,snow_goose,14.706223,12.489455
SA03862,sandhill_crane,5.483227,11.022503
SN09916,snow_goose,2.229434,4.418179
SN02073,snow_goose,6.556103,5.473137
SA03663,sandhill_crane,12.651382,11.979311
SA07758,sandhill_crane,2.026255,5.36995
SN00136,snow_goose,12.758021,10.836539
SA04556,sandhill_crane,14.328684,12.393998
SN06347,snow_goose,12.055426,2.229791
SN01805,snow_goose,5.672648,4.705187
SN01260,snow_goose,13.970991,13.126521
SA01116,sandhill_crane,6.121202,6.715566
SA06906,sandhill_crane,9.131153,1.269616
SA04199,sandhill_crane,6.107664,5.621137
SA00765,sandhill_crane,8.063101,1.970847
SA04229,sandhill_crane,12.976348,2.57645
SN01461,snow_goose,6.095504,5.486516
SN09549,snow_goose,2.711137,4.947858
SA08720,sandhill_crane,7.092975,4.971426
SN02293,snow_goose,1.985595,5.446972
SA05964,sandhill_crane,2.00024,3.900247
SN08466,snow_goose,1.719581,5.296552
SN00610,snow_goose,6.218659,5.702016
SN01601,snow_goose,13.323546,1.847162
SN00314,snow_goose,11.35561,1.582964
SN03479,snow_goose,13.105691,10.519831
SN05795,snow_goose,11.208654,1.897927
SA03183,sandhill_crane,15.602633,2.789688
SA01295,sandhill_crane,13.13854,13.016506
SN02590,snow_goose,12.628555,10.694509
SA05625,sandhill_crane,12.238256,10.74889
SA09812,sandhill_crane,15.656491,3.640656
SA08844,sandhill_crane,6.694815,6.729251
SN02218,snow_goose,2.866594,5.462783
SA05170,sandhill_crane,6.18305,5.397112
SA06498,sandhill_crane,8.552094,3.424854
SN01869,snow_goose,16.220641,3.714627
SN08760,snow_goose,12.284811,10.686632
SA06986,sandhill_crane,11.368546,1.381982
SA05287,sandhill_crane,5.367723,9.276523
SN06731,snow_goose,16.916482,3.498642
SN07729,snow_goose,6.014197,10.104541
SN04555,snow_goose,13.785352,12.893443
SA04069,sandhill_crane,15.87356,3.943981
SA09102,sandhill_crane,13.322821,12.979314
SN03919,snow_goose,9.257029,3.003806
SA08018,sandhill_crane,13.202756,10.489085
SA01778,sandhill_crane,13.252756,12.810223
SA09662,sandhill_crane,6.215857,5.244363
SA06545,sandhill_crane,17.112617,3.50172
SA00782,sandhill_crane,9.582915,2.590735
SA05981,sandhill_crane,11.464685,2.821085
SA08359,sandhill_crane,13.874995,13.163942
SA06425,sandhill_crane,8.711396,3.030603
SN02651,snow_goose,16.730667,3.1766
SA07908,sandhill_crane,13.628501,12.560721
SA05481,sandhill_crane,8.439278,2.526475
SN02051,snow_goose,13.556197,13.487782
SN03503,snow_goose,15.757883,2.829586
SA03221,sandhill_crane,5.905512,10.249535
SA01484,sandhill_crane,1.06125,5.305757
SA08230,sandhill_crane,12.544137,10.314718
SN02352,snow_goose,8.512385,2.380566
SA05584,sandhill_crane,12.36921,11.181799
SN03370,snow_goose,3.005294,4.528867
SN03048,snow_goose,11.904757,2.746284
SA05039,sandhill_crane,6.413674,5.371737
SN06746,snow_goose,5.71345,5.131121
SN08353,snow_goose,4.360315,10.868269
SA08207,sandhill_crane,2.627048,5.384975
SA04848,sandhill_crane,6.73575,5.936208
SA01229,sandhill_crane,15.810392,2.886085
SN04232,snow_goose,16.47138,4.160763
SA07318,sandhill_crane,10.51067,2.489784
SA06635,sandhill_crane,6.69406,5.410313
SA09174,sandhill_crane,2.112065,5.75719
SA01577,sandhill_crane,2.49786,4.881278
SA05846,sandhill_crane,6.017989,6.229466
SA01963,sandhill_crane,12.473807,2.473656
SA09231,sandhill_crane,13.048557,2.586817
SA08546,sandhill_crane,13.472299,12.854203
SN01674,snow_goose,13.33535,12.612904
SN02200,snow_goose,11.929279,3.778434
SA09711,sandhill_crane,6.277802,5.558563
SA04413,sandhill_crane,12.236749,9.898333
SN01573,snow_goose,12.240888,3.014003
SA04431,sandhill_crane,16.563287,3.35166
SN06215,snow_goose,5.209571,9.983519
SN01766,snow_goose,8.657895,1.839497
SA09217,sandhill_crane,11.722675,2.629649
SA03781,sandhill_crane,12.037408,2.947978
SA03585,sandhill_crane,7.904025,3.0819
SA02029,sandhill_crane,6.794634,6.265695
SN08533,snow_goose,8.63037,2.963708
SA01480,sandhill_crane,11.467632,1.582716
SA03719,sandhill_crane,5.956475,5.401155
SA03889,sandhill_crane,5.563871,10.500229
SN01248,snow_goose,12.171869,2.215231
SN05120,snow_goose,2.748207,5.750277
SN05024,snow_goose,11.957649,10.172239
SA03594,sandhill_crane,9.103438,2.695598
SA05110,sandhill_crane,1.985824,4.920802
SN07173,snow_goose,12.38952,9.76408
SN09517,snow_goose,16.625192,3.870295
SN08272,snow_goose,2.009214,5.203882
SN05033,snow_goose,3.67942,4.522941
SA03288,sandhill_crane,13.285763,12.740935
SA01559,sandhill_crane,14.027784,12.964528
SN04961,snow_goose,9.125712,2.195202
SN04131,snow_goose,15.831946,3.579567
SN02153,snow_goose,3.401176,4.82812
SN04987,snow_goose,6.746427,6.370208
SA02210,sandhill_crane,6.444397,5.410966
SA03983,sandhill_crane,12.162992,2.286234
SN09371,snow_goose,9.092242,2.979676
SN05172,snow_goose,13.191276,11.729341
SA02343,sandhill_crane,1.423027,5.044803
SN01562,snow_goose,13.532249,12.128224
SA08838,sandhill_crane,9.233407,1.749578
SN03939,snow_goose,12.013168,10.084149
SN01167,snow_goose,4.851956,9.829107
SN00897,snow_goose,6.045347,10.59562
SA09976,sandhill_crane,6.808579,5.14244
SA06729,sandhill_crane,17.034884,4.304723
SN04857,snow_goose,13.127226,11.401443
SA00261,sandhill_crane,14.181541,12.575504
SN00413,snow_goose,14.311517,12.683546
SN05497,snow_goose,5.459578,10.61235
SN02599,snow_goose,6.104761,6.334324
SA04196,sandhill_crane,12.489925,3.021292
SA08469,sandhill_crane,16.634109,3.24545
SN05347,snow_goose,9.286203,2.215704
SA07393,sandhill_crane,8.617814,2.171818
SN09047,snow_goose,2.535346,4.479095
SN08428,snow_goose,15.029733,13.069021
SA04025,sandhill_crane,2.386262,4.560039
SA06609,sandhill_crane,14.059203,12.354939
SA05615,sandhill_crane,12.68457,10.870975
SA00344,sandhill_crane,3.062621,5.328435
SN03050,snow_goose,6.173965,4.884309
SN04188,snow_goose,13.913699,13.041877
SA08734,sandhill_crane,17.09076,3.137423
SN03577,snow_goose,16.042658,3.602435
SA09057,sandhill_crane,6.884911,4.97721
SA01683,sandhill_crane,16.755601,3.775228
SN07656,snow_goose,13.993948,12.862475
SA05322,sandhill_crane,12.47236,9.631564
SN04604,snow_goose,12.174983,2.971498
SN09721,snow_goose,5.646436,9.866808
SA07070,sandhill_crane,13.006501,10.734007
SN00784,snow_goose,13.563224,13.074594
SN04779,snow_goose,12.224412,1.790727
SN01971,snow_goose,6.663835,5.904972
SA08697,sandhill_crane,9.08465,2.740323
SA08417,sandhill_crane,11.203795,2.464029
SN09390,snow_goose,1.359464,5.276019
SA00163,sandhill_crane,13.662418,11.86073
SN09805,snow_goose,11.937085,11.055324
SN03168,snow_goose,15.791646,3.489035
SA07055,sandhill_crane,3.119437,5.21579
SN01702,snow_goose,12.07589,10.430184
SN09930,snow_goose,2.413927,4.452942
SA02952,sandhill_crane,8.752512,3.102032
SN05676,snow_goose,1.938991,5.209575
SN06164,snow_goose,12.888544,10.841973
SA09928,sandhill_crane,5.402578,10.468978
SA06005,sandhill_crane,12.365781,10.732259
SN06645,snow_goose,13.599216,12.905128
SN06551,snow_goose,6.256041,9.251107
SN02856,snow_goose,13.941783,12.868765
SA00050,sandhill_crane,16.269583,3.867938
SN04264,snow_goose,13.715916,12.876702
SN06965,snow_goose,12.653036,10.599019
SA01224,sandhill_crane,5.797777,5.398475
SA00220,sandhill_crane,16.340883,3.305936
SN02497,snow_goose,12.039017,10.676396
SA06941,sandhill_crane,8.166862,2.768375
SA08368,sandhill_crane,1.529367,5.04928
SA03403,sandhill_crane,5.853353,5.042844
SA03413,sandhill_crane,12.115677,2.356974
SA07064,sandhill_crane,12.022219,2.294686
SN07455,snow_goose,16.165866,4.034003
SA00350,sandhill_crane,15.956473,2.642731
SA04787,sandhill_crane,13.365874,1.45942
SA04205,sandhill_crane,12.809237,2.32729
SA01110,sandhill_crane,16.51863,3.292205
SA05324,sandhill_crane,8.808295,2.012984
SA02735,sandhill_crane,5.493607,9.971992
SA06233,sandhill_crane,8.553372,2.786115
SA06506,sandhill_crane,5.743349,10.057448
SN05872,snow_goose,14.330045,13.963242
SN08227,snow_goose,15.006378,13.102406
SA01876,sandhill_crane,12.728727,11.094507
SN09816,snow_goose,5.500171,9.744322
SN00047,snow_goose,12.374087,3.47657
SN05216,snow_goose,15.938529,2.808
SN09509,snow_goose,13.081565,11.159857
SA07977,sandhill_crane,2.44569,5.513131
SA00324,sandhill_crane,9.248556,1.365607
SA06682,sandhill_crane,5.588721,10.393662
SN01992,snow_goose,5.550965,5.49717
SA00007,sandhill_crane,12.374891,9.79111
SA02279,sandhill_crane,16.782665,3.315515
SN06958,snow_goose,14.940763,13.194019
SN09244,snow_goose,12.709819,10.403649
SA05223,sandhill_crane,6.358126,5.396729
SA08566,sandhill_crane,12.229179,2.608203
SA07767,sandhill_crane,12.103114,9.903067
SA08194,sandhill_crane,17.086934,4.811637
SA00908,sandhill_crane,9.490938,2.255439
SN07363,snow_goose,13.114941,12.394046
SA09848,sandhill_crane,13.926425,13.709993
SN01490,snow_goose,5.558316,9.721257
SA04212,sandhill_crane,5.864104,9.711621
SN04280,snow_goose,12.877885,13.796882
SN01202,snow_goose,12.078339,2.010781
SN08798,snow_goose,6.31767,6.30483
SN09192,snow_goose,13.791762,12.966661
SN07554,snow_goose,6.348884,5.370532
SA08303,sandhill_crane,15.975519,3.444064
SN05399,snow_goose,8.620697,3.347364
SA08547,sandhill_crane,7.047018,6.248607
SA09386,sandhill_crane,17.064615,3.603938
SA08801,sandhill_crane,13.638427,12.456758
SA06990,sandhill_crane,5.729175,9.657474
SN03062,snow_goose,16.368242,3.933633
SN03647,snow_goose,5.651392,5.710364
SA02925,sandhill_crane,6.154887,5.461824
SA06760,sandhill_crane,12.044488,2.283729
SA05225,sandhill_crane,14.046787,12.917597
SN04664,snow_goose,2.634085,4.207522
SA03159,sandhill_crane,6.336916,5.866964
SN01654,snow_goose,12.767676,9.749999
SA07158,sandhill_crane,7.216582,6.267745
SN06500,snow_goose,12.99282,10.669877
SA00352,sandhill_crane,12.125442,10.552099
SN03811,snow_goose,8.579856,2.303871
SN06638,snow_goose,13.135573,12.932888
SA02578,sandhill_crane,5.743986,6.041785
SN03907,snow_goose,14.115389,12.890453
SA05261,sandhill_crane,17.578254,2.275321
SA04469,sandhill_crane,5.261412,9.770376
SA04476,sandhill_crane,7.206967,6.30506
SN08796,snow_goose,8.044008,3.662029
SN03900,snow_goose,12.432723,2.609688
SN02311,snow_goose,5.511277,9.790689
SA02069,sandhill_crane,5.882926,11.057912
SA06500,sandhill_crane,12.840173,12.380516
SN02119,snow_goose,2.708257,4.406332
SA04622,sandhill_crane,2.828202,3.747
SA02798,sandhill_crane,5.861659,5.02682
SA08788,sandhill_crane,5.563934,6.223165
SA01271,sandhill_crane,12.906961,2.901306
SN04391,snow_goose,14.136477,12.534248
SA03960,sandhill_crane,5.18125,8.945135
SN03363,snow_goose,12.55148,2.026039
SN03208,snow_goose,8.552827,2.149599
SA07707,sandhill_crane,5.46803,9.957791
SA00343,sandhill_crane,16.784468,2.850679
SA06038,sandhill_crane,14.054951,12.783446
SN06230,snow_goose,12.275624,2.654439
SN08935,snow_goose,1.443626,4.433639
SN04224,snow_goose,6.446074,5.518777
SN06012,snow_goose,12.358177,2.2822
SA06081,sandhill_crane,5.814377,9.931882
SN04992,snow_goose,12.51407,9.384713
SN08045,snow_goose,16.755153,3.019927
SA04605,sandhill_crane,6.739542,10.664032
SN09059,snow_goose,8.523015,2.273199
SN00666,snow_goose,16.260823,3.838501
SA06699,sandhill_crane,11.892076,10.914596
SA09613,sandhill_crane,3.036399,5.17126
SN06467,snow_goose,2.814503,5.657221
SN05388,snow_goose,5.680939,5.136651
SN00369,snow_goose,14.225567,12.355666
SA09907,sandhill_crane,13.986765,12.358682
SA02246,sandhill_crane,5.449299,9.761072
SN00906,snow_goose,16.953727,4.33241
SN03592,snow_goose,11.860265,3.048277
SA05892,sandhill_crane,7.197793,5.741572
SN07192,snow_goose,11.778041,10.617412
SN04712,snow_goose,12.820521,2.030706
SA06746,sandhill_crane,15.590153,3.538483
SN01909,snow_goose,12.353231,2.252935
SA09287,sandhill_crane,16.21907,3.668631
SA07471,sandhill_crane,12.118322,2.393857
SN04625,snow_goose,2.539538,4.916018
SA03729,sandhill_crane,5.369909,9.730481
SA05757,sandhill_crane,16.999983,3.029493
SN05200,snow_goose,5.618885,10.349805
SN06667,snow_goose,6.134712,5.764297
SA06801,sandhill_crane,1.950562,5.096151
SA09577,sandhill_crane,6.261773,4.784469
SN02174,snow_goose,12.048849,2.717535
SA01406,sandhill_crane,12.009248,10.706218
SA07853,sandhill_crane,12.762767,10.364155
SN03320,snow_goose,5.380417,4.987227
SN08700,snow_goose,12.066436,10.054442
SN09779,snow_goose,2.435431,3.99813
SA06620,sandhill_crane,12.812707,10.355732
SA08940,sandhill_crane,14.01978,12.826798
SA05811,sandhill_crane,2.786793,4.434071
SN09003,snow_goose,16.026613,2.942538
SA01730,sandhill_crane,8.216777,1.379413
SN02689,snow_goose,9.578529,1.022406
SA04074,sandhill_crane,12.212713,9.825052
SA08407,sandhill_crane,8.920734,2.774694
SA00537,sandhill_crane,12.40154,10.406561
SN09086,snow_goose,6.043408,5.621752
SN05453,snow_goose,2.479926,5.179097
SN03645,snow_goose,2.740669,5.382467
SN03161,snow_goose,15.625509,3.045188
SN04759,snow_goose,16.463846,3.020287
SN07174,snow_goose,9.120058,1.91155
SN00922,snow_goose,6.568255,5.819637
SA03977,sandhill_crane,5.697301,9.871272
SN06995,snow_goose,14.058689,12.767498
SA05081,sandhill_crane,16.029441,3.583789
SA02816,sandhill_crane,9.042515,2.256372
SA03733,sandhill_crane,6.035116,9.72428
SA02569,sandhill_crane,12.553918,2.975236
SA09375,sandhill_crane,7.628488,2.365547
SA05747,sandhill_crane,5.263557,10.431787
SA00985,sandhill_crane,4.925159,10.241158
SN07626,snow_goose,16.361654,4.226522
SA01043,sandhill_crane,8.734085,2.200806
SA03584,sandhill_crane,11.798438,10.047398
SA07788,sandhill_crane,16.050226,3.460082
SA06152,sandhill_crane,6.179434,9.71532
SA01146,sandhill_crane,5.826351,10.583261
SN05906,snow_goose,14.274679,13.362549
SN01045,snow_goose,5.757888,9.54287
SN07148,snow_goose,2.771738,3.778256
SA03857,sandhill_crane,8.163262,1.991335
SN09063,snow_goose,8.332488,1.783584
SN05841,snow_goose,5.326572,10.318628
SA03487,sandhill_crane,13.068264,11.061415
SN04251,snow_goose,6.042571,6.352249
SN06358,snow_goose,8.149532,3.10714
SA03480,sandhill_crane,8.605717,2.732234
SA03146,sandhill_crane,6.114965,5.052301
SA00712,sandhill_crane,5.994908,9.917335
SN00981,snow_goose,16.125026,3.210703
SN03879,snow_goose,16.091791,3.109743
SA00231,sandhill_crane,8.975905,2.418875
SA04830,sandhill_crane,6.270065,5.576072
SA08077,sandhill_crane,2.628823,4.62649
SA06351,sandhill_crane,4.843189,9.881895
SN03399,snow_goose,5.23757,10.526489
SN08523,snow_goose,13.556258,11.927992
SN02050,snow_goose,13.225454,13.334159
SA06323,sandhill_crane,6.2673,10.145974
SA00562,sandhill_crane,13.616108,12.525705
SA02589,sandhill_crane,5.054508,11.200906
SN02713,snow_goose,9.057378,1.974376
SN09162,snow_goose,17.555832,3.291333
SA08016,sandhill_crane,13.916406,12.638674
SN02147,snow_goose,6.691168,5.814418
SA02450,sandhill_crane,6.00477,10.106793
SN08421,snow_goose,13.496631,12.430289
SA03101,sandhill_crane,6.610141,10.031378
SA07058,sandhill_crane,5.15102,9.935442
SA02742,sandhill_crane,14.555233,12.094442
SA05746,sandhill_crane,14.127451,13.652119
SA07081,sandhill_crane,7.996488,2.642387
SA01357,sandhill_crane,8.163294,3.153254
SN01302,snow_goose,8.827765,2.789042
SN03204,snow_goose,9.062617,1.95212
SN06634,snow_goose,2.118143,4.983346
SA08779,sandhill_crane,6.611561,10.154958
SA06604,sandhill_crane,16.357743,3.396027
SN03170,snow_goose,5.526673,9.654354
SN05666,snow_goose,5.784857,10.462551
SA08738,sandhill_crane,2.251806,5.42803
SA00694,sandhill_crane,16.022877,2.996971
SN08484,snow_goose,5.363306,9.930366
SA04685,sandhill_crane,15.827583,3.358808
SA08299,sandhill_crane,13.743611,12.960891
SN00219,snow_goose,16.255965,3.595909
SA07904,sandhill_crane,8.767986,3.32605
SN09405,snow_goose,13.548255,3.145142
SN03525,snow_goose,16.818476,3.602044
SA09017,sandhill_crane,6.779622,5.388488
SN08588,snow_goose,8.233978,2.214983
SN06108,snow_goose,5.643387,9.716384
SA06865,sandhill_crane,16.035407,3.150058
SA02146,sandhill_crane,2.91072,5.751615
SN05621,snow_goose,17.951027,3.282674
SA09194,sandhill_crane,5.781506,10.340979
SN04298,snow_goose,13.076523,10.656162
SA01405,sandhill_crane,11.774265,10.14433
SN08205,snow_goose,9.325768,2.86258
SA00160,sandhill_crane,12.645776,10.730138
SA01296,sandhill_crane,12.436634,11.521662
SN02026,snow_goose,15.567164,3.855403
SA08157,sandhill_crane,6.153067,10.280704
SA04551,sandhill_crane,7.242401,5.433047
SN08444,snow_goose,8.813671,2.689525
SN01335,snow_goose,1.792678,4.909509
SA06476,sandhill_crane,15.563394,3.203214
SA06234,sandhill_crane,12.204992,2.425159
SA02690,sandhill_crane,6.20574,9.833661
SN02607,snow_goose,5.311439,10.369125
SA04540,sandhill_crane,6.387475,9.360683
SN08251,snow_goose,15.453035,3.008585
SN07580,snow_goose,1.855345,5.546784
SA03468,sandhill_crane,16.711806,2.657946
SN07114,snow_goose,15.826702,3.602999
SA02032,sandhill_crane,8.770841,3.331286
SN00272,snow_goose,8.345062,3.128975
SA06840,sandhill_crane,16.665048,3.789341
SN07085,snow_goose,12.057891,2.214565
SN06458,snow_goose,11.876645,11.798111
SN09825,snow_goose,6.900457,6.089807
SA09163,sandhill_crane,8.164043,3.533931
SA07222,sandhill_crane,4.640294,9.836068
SN09558,snow_goose,2.267036,5.130517
SA00995,sandhill_crane,16.700525,3.816726
SA09705,sandhill_crane,15.083215,3.446114
SN07854,snow_goose,15.806937,2.54709
SA06869,sandhill_crane,7.681978,5.234638
SA09333,sandhill_crane,6.3351,10.798281
SN01305,snow_goose,5.833503,5.637514
SA05699,sandhill_crane,14.642707,12.750587
SN05944,snow_goose,8.662429,3.017059
SN08262,snow_goose,5.455344,5.829443
SN00945,snow_goose,15.921314,2.921487
SN00293,snow_goose,9.683142,2.606107
SA03884,sandhill_crane,13.764896,12.313838
SA04793,sandhill_crane,9.210847,2.119216
SA02315,sandhill_crane,11.608519,10.405621
SA01820,sandhill_crane,16.438558,3.160806
SA08104,sandhill_crane,16.121517,3.392575
SA09332,sandhill_crane,16.673603,3.38839
SN07515,snow_goose,8.525824,2.428731
SA08793,sandhill_crane,16.926894,3.93775
SN07213,snow_goose,11.938402,11.468476
SA02046,sandhill_crane,11.385712,1.44444
SA05360,sandhill_crane,5.891319,10.580513
SN00940,snow_goose,12.552661,2.968456
SA07554,sandhill_crane,6.944305,4.992802
SN01624,snow_goose,5.913706,5.49798
SA03946,sandhill_crane,12.279876,2.832834
SA07074,sandhill_crane,13.769927,13.811598
SN03931,snow_goose,12.312903,2.503219
SN00217,snow_goose,2.187071,5.836183
SN07615,snow_goose,12.394072,11.836539
SA06747,sandhill_crane,9.179967,2.222062
SA09336,sandhill_crane,11.905197,1.847432
SA06742,sandhill_crane,11.739472,2.324335
SN08651,snow_goose,1.746264,4.908323
SA09349,sandhill_crane,9.512488,2.357776
SA04918,sandhill_crane,12.246918,11.120034
SN09225,snow_goose,7.144241,5.129203
SA01415,sandhill_crane,8.324627,2.594892
SN01468,snow_goose,5.936603,10.763344
SA07824,sandhill_crane,13.34235,10.655912
SN07649,snow_goose,14.664571,12.418797
SN08733,snow_goose,13.192344,11.091315
SA09052,sandhill_crane,6.275023,4.947307
SN01540,snow_goose,3.246753,5.030126
SN03195,snow_goose,12.331142,9.743005
SN05635,snow_goose,16.443827,3.513336
SN08324,snow_goose,2.224028,5.223268
SA05709,sandhill_crane,5.86865,6.246981
SA07674,sandhill_crane,6.725286,5.35538
SA06774,sandhill_crane,7.264583,3.267089
SA02034,sandhill_crane,6.787515,4.584713
SN08053,snow_goose,5.894788,9.063411
SA08285,sandhill_crane,8.465368,2.241889
SN05367,snow_goose,12.977109,10.296127
SN08314,snow_goose,12.551055,10.357761
SA01416,sandhill_crane,12.286012,10.391337
SA01045,sandhill_crane,5.314959,9.602188
SN08705,snow_goose,11.978905,11.445244
SN09257,snow_goose,11.520891,10.255875
SN01004,snow_goose,12.433655,10.82758
SA04778,sandhill_crane,13.039606,12.43075
SA02191,sandhill_crane,5.272822,9.073526
SN05475,snow_goose,7.320011,6.345844
SA06981,sandhill_crane,6.770664,4.922685
SA07198,sandhill_crane,16.684401,3.633543
SN00553,snow_goose,6.556194,5.734436
SA01196,sandhill_crane,2.116498,5.480755
SA06633,sandhill_crane,1.235187,5.635933
SN07609,snow_goose,8.674664,1.776949
SN08807,snow_goose,12.55091,1.82939
SA04173,sandhill_crane,11.876576,11.218429
SN09524,snow_goose,2.998466,6.281693
SA06192,sandhill_crane,8.617267,2.26189
SA04844,sandhill_crane,7.203132,6.126036
SA06551,sandhill_crane,16.284533,3.863057
SN07867,snow_goose,9.172155,1.956216
SN00480,snow_goose,6.563966,5.061016
SA05462,sandhill_crane,1.960235,6.084815
SN06841,snow_goose,7.00224,5.613383
SA06000,sandhill_crane,5.493554,10.047054
SN00863,snow_goose,12.418111,1.531652
SN01785,snow_goose,12.349432,11.331933
SN06808,snow_goose,6.70055,5.070403
SN04218,snow_goose,12.356963,10.923501
SA07399,sandhill_crane,9.128504,2.236132
SA03082,sandhill_crane,16.455644,4.231165
SA04041,sandhill_crane,5.73003,10.836222
SA05810,sandhill_crane,9.509427,3.199188
SA02404,sandhill_crane,2.838962,5.52198
SA02672,sandhill_crane,8.737433,2.400658
SN08664,snow_goose,5.284276,10.00307
SN06360,snow_goose,9.327652,2.889239
SN07659,snow_goose,14.180421,12.538258
SA04798,sandhill_crane,6.305171,9.906541
SA07305,sandhill_crane,6.369534,5.352082
SA01344,sandhill_crane,2.155558,4.748452
SA08036,sandhill_crane,6.755859,5.361613
SA06239,sandhill_crane,16.214425,3.124549
SA02369,sandhill_crane,7.015913,5.671986
SN08074,snow_goose,16.164776,4.142834
SA00239,sandhill_crane,11.564554,10.572442
SN02137,snow_goose,2.522428,4.793391
SN02391,snow_goose,8.787267,3.903845
SN05243,snow_goose,11.692182,11.166392
SA09161,sandhill_crane,12.648728,10.562625
SN07301,snow_goose,13.949387,13.680451
SA08295,sandhill_crane,8.877048,2.38921
SA07217,sandhill_crane,11.686694,11.028341
SA04117,sandhill_crane,5.285988,9.13553
SN02516,snow_goose,12.302554,10.17111
SN03267,snow_goose,16.617622,2.863627
SA00817,sandhill_crane,5.566017,10.349681
SA08170,sandhill_crane,13.410249,13.383317
SN09564,snow_goose,12.793517,10.907779
SN04478,snow_goose,13.569183,12.869021
SN08997,snow_goose,2.493398,5.359773
SN00290,snow_goose,8.342157,2.590368
SA07277,sandhill_crane,5.296864,10.420271
SA01254,sandhill_crane,12.843917,1.942313
SA06634,sandhill_crane,5.649974,9.91122
SN04778,snow_goose,12.871782,11.451125
SA03119,sandhill_crane,14.095831,13.814591
SN01438,snow_goose,5.250441,10.238151
SN04193,snow_goose,12.553274,2.7687
SN08908,snow_goose,11.086981,2.707682
SN06792,snow_goose,3.213874,5.683223
SN00939,snow_goose,6.35564,10.916883
SA01228,sandhill_crane,15.691816,3.413161
SN06480,snow_goose,8.653072,2.525393
SN01385,snow_goose,8.083615,2.975171
SA09865,sandhill_crane,6.480431,6.533958
SA03471,sandhill_crane,2.562921,5.742776
SN02830,snow_goose,13.13286,13.33489
SA07777,sandhill_crane,12.280092,1.835205
SN01287,snow_goose,14.308337,13.927071
SN07497,snow_goose,13.188003,13.328749
SA04457,sandhill_crane,6.739592,4.922286
SN09278,snow_goose,11.567729,2.561303
SA06507,sandhill_crane,2.464943,5.550097
SA04001,sandhill_crane,15.966454,3.835367
SN05228,snow_goose,12.350749,2.785625
SA06286,sandhill_crane,5.582963,10.246686
SA03077,sandhill_crane,6.501391,5.362777
SN07472,snow_goose,1.755207,5.207263
SN00706,snow_goose,12.462815,10.742857
SN06224,snow_goose,16.103607,3.60723
SN05893,snow_goose,15.814377,3.094974
SN02279,snow_goose,12.786559,9.497257
SN06982,snow_goose,5.930781,5.649222
SN05362,snow_goose,12.970422,13.017768
SN07949,snow_goose,16.578394,2.978636
SN02581,snow_goose,13.759152,12.67917
SN00567,snow_goose,12.99366,12.70599
SN02658,snow_goose,14.036097,13.620409
SA03363,sandhill_crane,9.159213,2.852737
SN00619,snow_goose,13.237831,12.902474
SA02758,sandhill_crane,5.639689,5.222846
SN08058,snow_goose,15.418768,4.037426
SN06773,snow_goose,12.895767,10.846022
SA03950,sandhill_crane,8.66787,2.319601
SA01885,sandhill_crane,4.961836,10.14268
SN03703,snow_goose,9.091242,2.487565
SA03320,sandhill_crane,8.746033,3.161685
SA09847,sandhill_crane,12.838169,2.509905
SA06149,sandhill_crane,1.896735,5.498369
SA01927,sandhill_crane,5.753198,9.927871
SN09102,snow_goose,5.986804,4.84907
SN07402,snow_goose,16.452992,3.341332
SA09206,sandhill_crane,9.643228,1.685212
SA00581,sandhill_crane,1.52203,4.422292
SN07466,snow_goose,6.051977,10.949311
SN08648,snow_goose,12.329274,10.548112
SA00028,sandhill_crane,6.376166,5.694411
SA05233,sandhill_crane,12.211252,3.669513
SA04293,sandhill_crane,12.539139,2.330485
SA08811,sandhill_crane,6.620969,4.818057
SA07995,sandhill_crane,8.628122,2.263734
SN01334,snow_goose,2.202851,4.869782
SA02637,sandhill_crane,6.435349,10.001431
SA08913,sandhill_crane,1.448921,5.957451
SN00492,snow_goose,4.668588,10.017318
SN00974,snow_goose,2.75513,3.953185
SA05651,sandhill_crane,2.369884,5.305331
SN01824,snow_goose,11.379539,1.467298
SA09155,sandhill_crane,3.619221,4.634691
SA03052,sandhill_crane,15.587831,3.520693
SA05415,sandhill_crane,6.764286,6.037682
SN01642,snow_goose,5.699113,9.993418
SN03906,snow_goose,13.030664,13.680426
SN07644,snow_goose,11.523201,3.030598
SA00727,sandhill_crane,11.697245,10.571804
SA00147,sandhill_crane,5.803143,6.479133
SA03153,sandhill_crane,5.236728,9.163237
SA02126,sandhill_crane,7.707523,2.729838
SN08268,snow_goose,12.796906,11.018963
SN04654,snow_goose,7.351714,5.939368
SN01089,snow_goose,6.730423,5.208747
SA04715,sandhill_crane,13.166392,11.295876
SA06750,sandhill_crane,11.728668,2.149574
SN04362,snow_goose,6.275062,5.941062
SA04773,sandhill_crane,6.860723,4.595001
SA07392,sandhill_crane,12.565507,2.707272
SN06127,snow_goose,5.963877,5.492755
SA06523,sandhill_crane,5.119447,9.208248
SA02449,sandhill_crane,5.640974,9.092916
SN00086,snow_goose,13.688182,13.501822
SA03921,sandhill_crane,5.33532,10.899424
SA07525,sandhill_crane,5.674193,9.742468
SN07183,snow_goose,5.815325,4.642472
SN02257,snow_goose,6.319575,6.289665
SN04220,snow_goose,6.183628,9.272658
SA00162,sandhill_crane,12.245902,10.415904
SA05972,sandhill_crane,16.719756,2.812017
SA00575,sandhill_crane,8.726942,2.712435
SN00544,snow_goose,12.652752,2.668115
SN05670,snow_goose,12.673312,2.621052
SN02898,snow_goose,16.418835,3.068662
SA04642,sandhill_crane,4.411879,10.194147
SA02113,sandhill_crane,5.299162,9.831228
SN07842,snow_goose,2.227692,4.747892
SN06369,snow_goose,12.647211,2.494471
SN08582,snow_goose,8.155798,3.0879
SN07820,snow_goose,11.683518,1.747749
SN04056,snow_goose,6.430039,5.381751
SN06036,snow_goose,5.399255,9.023297
SA03275,sandhill_crane,2.268037,4.901961
SA00543,sandhill_crane,16.364926,3.7494
SN06592,snow_goose,16.394097,4.389652
SN05807,snow_goose,2.596468,4.794746
SN05032,snow_goose,12.251804,9.795511
SA04039,sandhill_crane,12.72474,2.473493
SN03915,snow_goose,6.948481,5.462295
SN06694,snow_goose,5.518451,5.189394
SN08863,snow_goose,9.111349,2.945573
SN07944,snow_goose,6.366682,5.288398
SN01111,snow_goose,13.808952,12.929332
SA00789,sandhill_crane,6.018592,5.518694
SN03752,snow_goose,3.528266,3.961747
SN01965,snow_goose,13.67144,12.311025
SN01300,snow_goose,11.957329,2.397015
SA04661,sandhill_crane,16.89627,2.968293
SA00926,sandhill_crane,14.082516,13.394629
SA08715,sandhill_crane,12.530923,9.774093
SA02927,sandhill_crane,13.46838,11.113732
SN08189,snow_goose,2.457817,5.342573
SA08053,sandhill_crane,13.746007,12.357106
SA02976,sandhill_crane,2.686312,4.822473
SA01537,sandhill_crane,9.326924,2.522381
SA08347,sandhill_crane,13.849583,12.582755
SN06510,snow_goose,6.547668,5.172576
SN06449,snow_goose,16.473392,3.330757
SN07942,snow_goose,11.728354,1.888397
SA05095,sandhill_crane,5.756342,9.839425
SN02925,snow_goose,17.277289,4.136161
SN07491,snow_goose,11.973063,2.305662
SA04269,sandhill_crane,16.013597,2.792909
SA09182,sandhill_crane,1.596335,5.568525
SA04348,sandhill_crane,6.466462,4.680953
SN06403,snow_goose,6.437042,10.718327
SA03475,sandhill_crane,6.632806,4.826062
SN02746,snow_goose,12.275326,11.536905
SA06937,sandhill_crane,5.91,5.300842
SN04531,snow_goose,16.041157,2.347474
SN03622,snow_goose,5.698368,5.495958
SA01755,sandhill_crane,15.375239,12.434616
SN01541,snow_goose,6.472645,5.978659
SN07021,snow_goose,10.355142,2.322167
SA04240,sandhill_crane,1.312556,4.761614
SN07482,snow_goose,5.99738,5.8088
SA03914,sandhill_crane,14.500019,12.189372
SA03168,sandhill_crane,11.612728,10.615559
SA02051,sandhill_crane,2.469573,4.906036
SN09669,snow_goose,2.408627,5.656898
SN05585,snow_goose,12.661249,12.805339
SA06962,sandhill_crane,12.771025,2.536114
SA04589,sandhill_crane,16.710993,2.78925
SA01553,sandhill_crane,5.198248,10.796131
SN09085,snow_goose,11.806712,2.879467
SN02456,snow_goose,16.062109,3.132
SA02970,sandhill_crane,6.379625,5.277499
SN04333,snow_goose,12.399908,3.039261
SA00564,sandhill_crane,6.807215,5.758759
SA09676,sandhill_crane,16.127155,3.521613
SA09381,sandhill_crane,13.553979,13.209277
SN04090,snow_goose,6.526333,5.39294
SN02038,snow_goose,6.343657,4.517062
SN06628,snow_goose,5.661738,10.694648
SA04342,sandhill_crane,13.940495,13.088098
SA01205,sandhill_crane,14.053584,13.898917
SN00763,snow_goose,2.863664,5.088488
SA07742,sandhill_crane,2.690794,5.611909
SA01032,sandhill_crane,12.403974,10.214127
SN08806,snow_goose,14.320256,12.723169
SN08623,snow_goose,14.285764,12.066819
SN09217,snow_goose,14.37823,13.48621
SA01087,sandhill_crane,6.545879,4.683836
SN07535,snow_goose,6.573629,6.173159
SA08615,sandhill_crane,13.50279,13.605029
SA05023,sandhill_crane,11.948867,3.088583
SN04663,snow_goose,2.652278,5.722094
SA09608,sandhill_crane,1.577981,5.061139
SA09660,sandhill_crane,17.040336,2.706712
SA07645,sandhill_crane,13.583786,12.826812
SN07062,snow_goose,9.232089,2.526665
SN02184,snow_goose,8.735136,1.335175
SA05067,sandhill_crane,13.13508,12.831995
SA06440,sandhill_crane,17.155076,3.41739
SN07990,snow_goose,8.003369,1.629704
SA09330,sandhill_crane,12.09567,2.401923
SN09834,snow_goose,15.551031,3.559674
SN05547,snow_goose,8.829809,1.919391
SN01753,snow_goose,11.376142,1.944619
SN08294,snow_goose,13.17389,13.071788
SA07366,sandhill_crane,4.710702,10.588686
SA01804,sandhill_crane,13.314276,12.7554
SA05886,sandhill_crane,11.965635,10.951275
SA07131,sandhill_crane,8.953643,2.36242
SA09094,sandhill_crane,7.264727,5.607685
SN08587,snow_goose,12.747071,2.196217
SA05679,sandhill_crane,6.475845,8.975568
SA00305,sandhill_crane,11.587832,9.881981
SN00200,snow_goose,14.077668,13.591619
SA08413,sandhill_crane,2.079621,4.343434
SA06876,sandhill_crane,8.674398,2.966464
SN00651,snow_goose,12.235804,2.550498
SA06874,sandhill_crane,5.554215,5.523645
SN09528,snow_goose,4.730695,9.935569
SN00422,snow_goose,13.452898,13.399641
SN02889,snow_goose,16.617415,3.368468
SA03742,sandhill_crane,4.54381,10.521566
SA08790,sandhill_crane,16.537262,3.407217
SN06352,snow_goose,6.229023,5.318383
SA01451,sandhill_crane,5.638124,9.118197
SA07242,sandhill_crane,5.537975,9.195455
SN09310,snow_goose,9.023971,1.62349
SA00744,sandhill_crane,12.162941,9.656946
SN06586,snow_goose,12.155244,2.625889
SA03022,sandhill_crane,12.576087,2.867442
SN00118,snow_goose,6.320646,5.156407
SN06594,snow_goose,6.49325,5.573203
SN03202,snow_goose,11.854773,2.42785
SA03297,sandhill_crane,8.934154,2.069074
SA02977,sandhill_crane,12.166194,3.211456
SN02438,snow_goose,3.113492,5.483593
SA02737,sandhill_crane,16.268807,3.562328
SN03201,snow_goose,11.13343,1.664366
SN08780,snow_goose,13.139357,2.916642
SN09718,snow_goose,2.022943,5.377388
SN01802,snow_goose,1.829402,4.288907
SN08473,snow_goose,13.988388,12.61617
SN00927,snow_goose,12.445656,3.361845
SA08197,sandhill_crane,16.428296,2.993576
SN06977,snow_goose,12.926271,10.696905
SA02613,sandhill_crane,11.576709,1.565358
SA07299,sandhill_crane,12.191961,10.507939
SA01747,sandhill_crane,2.533211,5.536515
SA04448,sandhill_crane,17.660443,3.719194
SA09278,sandhill_crane,2.400363,4.397256
SA07778,sandhill_crane,12.646457,2.769281
SN00441,snow_goose,1.903884,5.171892
SN06367,snow_goose,13.686887,13.207469
SN01407,snow_goose,5.090283,10.576852
SN02082,snow_goose,5.709246,10.451004
SN02834,snow_goose,13.398103,13.584974
SA08744,sandhill_crane,5.371691,9.39791
SA03655,sandhill_crane,1.170528,4.373374
SA01930,sandhill_crane,5.730913,9.854924
SA07941,sandhill_crane,14.204027,13.504885
SA00079,sandhill_crane,6.338082,4.965778
SN05989,snow_goose,5.780595,9.988504
SA03193,sandhill_crane,6.002428,10.098572
SA08634,sandhill_crane,15.695343,2.782152
SA03020,sandhill_crane,14.10734,12.957346
SN01885,snow_goose,12.26489,10.024725
SA02632,sandhill_crane,5.603208,5.270523
SA07796,sandhill_crane,4.698004,8.899867
SN06530,snow_goose,12.100227,2.586456
SA07550,sandhill_crane,11.544525,2.569886
SA09641,sandhill_crane,2.748839,5.030577
SN02840,snow_goose,11.852158,2.565938
SA00755,sandhill_crane,5.85963,4.87231
SA07459,sandhill_crane,7.122367,5.695353
SN01320,snow_goose,2.73995,4.576736
SN08142,snow_goose,1.864057,4.389129
SN06334,snow_goose,6.095832,10.592129
SA09850,sandhill_crane,7.380894,5.375878
SN00311,snow_goose,8.214509,2.351317
SA05837,sandhill_crane,13.144047,12.921261
SA03689,sandhill_crane,7.62717,2.825783
SA02903,sandhill_crane,14.182816,12.423881
SA01493,sandhill_crane,1.960436,4.721548
SN03797,snow_goose,9.084121,2.610847
SN07832,snow_goose,11.804419,2.996489
SN07245,snow_goose,9.361214,3.285987
SN00412,snow_goose,16.028053,3.902742
SA06093,sandhill_crane,12.726204,1.613906
SN00555,snow_goose,5.508599,9.752705
SA07019,sandhill_crane,5.513601,10.063696
SN06673,snow_goose,12.614879,11.060144
SN08004,snow_goose,12.5144,10.45993
SA08414,sandhill_crane,1.774984,5.351187
SN02327,snow_goose,2.884162,4.704244
SA06805,sandhill_crane,2.542409,5.481238
SA05674,sandhill_crane,14.526588,12.571858
SA01148,sandhill_crane,12.930396,11.139594
SA09512,sandhill_crane,16.203147,4.274362
SA08950,sandhill_crane,5.448635,9.757752
SN00846,snow_goose,6.922815,5.532424
SN02396,snow_goose,12.446776,10.099489
SA07214,sandhill_crane,2.811091,5.456697
SN09872,snow_goose,9.228179,2.20691
SN03158,snow_goose,13.564784,12.700674
SA03851,sandhill_crane,16.050595,2.950228
SN06025,snow_goose,14.328466,12.639299
SA07630,sandhill_crane,12.778301,12.988087
SN08877,snow_goose,12.448365,11.172417
SA04107,sandhill_crane,13.392494,12.600215
SA04923,sandhill_crane,12.855661,11.196448
SN02863,snow_goose,5.527839,10.486393
SA09486,sandhill_crane,16.45681,3.353073
SN08604,snow_goose,15.386279,3.794166
SN08739,snow_goose,15.92828,2.598157
SN05712,snow_goose,2.540184,5.649149
SA04700,sandhill_crane,12.701372,11.537476
SA01120,sandhill_crane,13.537934,12.631142
SN08362,snow_goose,6.445661,5.781483
SA09076,sandhill_crane,13.332898,13.252372
SN08369,snow_goose,12.9802,2.047677
SN06416,snow_goose,15.597347,3.667571
SN04168,snow_goose,2.122195,5.48448
SN03606,snow_goose,15.915384,2.96772
SA02942,sandhill_crane,12.673632,10.039361
SN05171,snow_goose,1.900482,5.638643
SN05126,snow_goose,9.927034,2.14508
SN00919,snow_goose,2.176178,4.404886
SN08361,snow_goose,13.936707,12.89587
SA03654,sandhill_crane,5.86927,9.928441
SN03874,snow_goose,6.118715,9.593306
SA05388,sandhill_crane,3.046769,5.591093
SA01556,sandhill_crane,16.423928,3.750014
SA03476,sandhill_crane,17.277952,3.292713
SA04172,sandhill_crane,14.098135,12.701577
SA05059,sandhill_crane,5.506312,10.198461
SN08482,snow_goose,7.909496,2.051226
SN02464,snow_goose,5.669175,9.63126
SA03505,sandhill_crane,6.233749,6.380428
SA04624,sandhill_crane,16.580505,3.047789
SA02238,sandhill_crane,13.873048,13.298252
SA03551,sandhill_crane,15.889533,2.419653
SN06399,snow_goose,11.861393,2.186854
SN05345,snow_goose,13.264716,10.096366
SA06215,sandhill_crane,15.224945,3.556162
SA06314,sandhill_crane,4.889837,10.307169
SN05203,snow_goose,6.167099,5.287982
SA06010,sandhill_crane,15.495546,2.84098
SN01451,snow_goose,12.103779,10.450429
SA02382,sandhill_crane,9.149968,2.518662
SN01831,snow_goose,12.37287,10.445679
SA09904,sandhill_crane,12.600134,10.718417
SN07592,snow_goose,12.202447,10.56659
SA04977,sandhill_crane,10.852043,1.713096
SA03723,sandhill_crane,12.014007,2.095086
SA04263,sandhill_crane,6.447603,5.597663
SA01031,sandhill_crane,13.210318,10.276717
SA02691,sandhill_crane,14.128704,12.452408
SA03439,sandhill_crane,6.553904,6.180404
SN07331,snow_goose,9.586853,2.60778
SA04968,sandhill_crane,8.841607,2.895907
SN02857,snow_goose,5.63194,10.634775
SN04645,snow_goose,5.449664,5.800673
SN03228,snow_goose,8.894651,2.490899
SA06362,sandhill_crane,8.738107,2.061591
SN04707,snow_goose,12.090254,11.221295
SN05853,snow_goose,6.052547,9.987116
SA03263,sandhill_crane,6.066746,9.830942
SA04125,sandhill_crane,11.901337,2.068119
SA07609,sandhill_crane,5.647015,9.568939
SN04269,snow_goose,8.831233,3.048427
SN09277,snow_goose,16.804151,3.10394
SN05537,snow_goose,14.705349,12.847515
SN06643,snow_goose,11.364788,10.717819
SA02316,sandhill_crane,5.100657,9.646603
SN06676,snow_goose,12.185629,1.561288
SN00841,snow_goose,14.447634,13.051245
SA04061,sandhill_crane,13.471824,10.713938
SA00024,sandhill_crane,6.611292,5.580158
SA02821,sandhill_crane,12.887708,10.470525
SA04805,sandhill_crane,6.054283,9.638808
SA02156,sandhill_crane,11.768951,2.200085
SA07139,sandhill_crane,14.935955,12.724226
SN00204,snow_goose,12.163004,2.149033
SA02334,sandhill_crane,6.892505,5.794234
SA06188,sandhill_crane,16.405051,2.350996
SA08161,sandhill_crane,12.549025,10.17794
SN09881,snow_goose,5.221317,9.790452
SA02520,sandhill_crane,15.247277,3.175188
SA00216,sandhill_crane,16.343208,3.311561
SA06753,sandhill_crane,2.341858,4.740278
SN03575,snow_goose,12.458041,10.262193
SA02871,sandhill_crane,5.475008,6.340993
SN01815,snow_goose,7.129151,5.916572
SA07700,sandhill_crane,12.269141,2.585203
SA00137,sandhill_crane,3.176462,5.844125
SA01880,sandhill_crane,15.985865,3.389077
SA04032,sandhill_crane,16.217128,2.200792
SN03271,snow_goose,13.010089,12.771134
SA07945,sandhill_crane,16.280712,2.581824
SA00756,sandhill_crane,16.156243,4.001446
SN06715,snow_goose,2.0314,6.121296
SN01198,snow_goose,12.11885,2.38407
SA00971,sandhill_crane,14.129661,12.654387
SN09266,snow_goose,11.88551,1.954702
SN07036,snow_goose,12.30351,1.444997
SA02049,sandhill_crane,13.975132,12.779027
SN01479,snow_goose,6.656443,5.830021
SA02554,sandhill_crane,13.806466,12.88542
SA05659,sandhill_crane,13.456187,13.010031
SA03927,sandhill_crane,6.989583,5.100084
SA07622,sandhill_crane,6.469581,5.612474
SA05394,sandhill_crane,1.585272,4.698987
SN01744,snow_goose,3.402594,6.606357
SN03794,snow_goose,14.447105,12.998601
SN01829,snow_goose,8.395604,1.472876
SA03590,sandhill_crane,14.077854,12.578254
SN08104,snow_goose,2.147663,5.593769
SN07320,snow_goose,11.779346,1.767118
SN07072,snow_goose,16.096489,3.177872
SA06376,sandhill_crane,1.977879,5.102219
SN02268,snow_goose,16.598066,3.875135
SN09493,snow_goose,2.045692,5.401646
SA04659,sandhill_crane,12.978788,2.703959
SA04549,sandhill_crane,12.308549,3.350309
SN09321,snow_goose,5.35667,10.00714
SA09612,sandhill_crane,8.515632,3.378444
SA06274,sandhill_crane,5.522585,9.914216
SN06757,snow_goose,2.284915,4.628798
SA07263,sandhill_crane,5.544009,10.326446
SN06083,snow_goose,11.079084,3.359537
SA03618,sandhill_crane,12.540937,2.614399
SA01294,sandhill_crane,6.101812,5.575968
SN02737,snow_goose,4.397022,9.353469
SA00341,sandhill_crane,16.382178,4.019064
SA06491,sandhill_crane,11.864799,2.35925
SN05641,snow_goose,5.878614,9.874612
SA09681,sandhill_crane,16.361642,3.056642
SA03864,sandhill_crane,10.883236,2.7791
SN06582,snow_goose,8.978775,2.294749
SN09286,snow_goose,6.732574,4.673255
SA00198,sandhill_crane,8.979825,2.1078
SN07426,snow_goose,13.891431,13.128281
SN05057,snow_goose,14.627285,13.258295
SA03326,sandhill_crane,6.704567,5.116545
SA09158,sandhill_crane,2.423882,5.380936
SN09198,snow_goose,6.942924,5.002375
SN06019,snow_goose,12.824604,11.338885
