observation_id,species,common_name,iconic_taxon,latitude,longitude,observed_on
209430989,Limax maximus,Leopard Slug,Mollusca,49.2497094549,-123.2329176493,2024-04-26
209455171,Limax maximus,Leopard Slug,Mollusca,49.0508535327,-122.7870652006,2024-04-26
209455679,Limax maximus,Leopard Slug,Mollusca,49.089623543,-122.6607638731,2024-04-26
209455917,Limax maximus,Leopard Slug,Mollusca,49.1592257783,-122.7941194,2024-04-26
209456142,Limax maximus,Leopard Slug,Mollusca,49.1386571994,-122.6895624222,2024-04-26
209456438,Lumbricidae,Lumbricid Earthworms,Animalia,49.0422358933,-122.6196850125,2024-04-26
209456685,Lumbricidae,Lumbricid Earthworms,Animalia,49.1871446075,-122.7459882643,2024-04-26
209457156,Limax maximus,Leopard Slug,Mollusca,49.0462915512,-122.7343798436,2024-04-26
209457372,Lumbricidae,Lumbricid Earthworms,Animalia,49.010161741,-122.7059470318,2024-04-26
209457626,Lumbricidae,Lumbricid Earthworms,Animalia,49.1586686588,-122.7005433108,2024-04-26
209458084,Lumbricidae,Lumbricid Earthworms,Animalia,49.1192191187,-122.6087136728,2024-04-26
209459577,Oligochaeta,Earthworms and Allies,Animalia,49.0509602535,-122.7105906827,2024-04-26
209460015,Lumbricidae,Lumbricid Earthworms,Animalia,49.0999076122,-122.7386283208,2024-04-26
209460211,Lumbricidae,Lumbricid Earthworms,Animalia,49.0836176113,-122.7322176938,2024-04-26
209460619,Cheiracanthium,Longlegged Sac Spiders,Arachnida,49.0009210082,-122.6148680789,2024-04-26
209484449,Sitticini,,Arachnida,49.3606618185,-123.0322567522,2024-04-26
209516038,Turdus migratorius,American Robin,Aves,49.3846943907,-123.0105538716,2024-04-26
209554669,Pipilo maculatus,Spotted Towhee,Aves,49.3011509433,-122.7528852784,2024-04-26
209558339,Pipilo maculatus,Spotted Towhee,Aves,49.3012727704,-122.7530006134,2024-04-26
209559143,Pipilo maculatus,Spotted Towhee,Aves,49.3012299389,-122.7530208138,2024-04-26
209559506,Ixoreus naevius,Varied Thrush,Aves,49.3011973529,-122.7530100269,2024-04-26
209580221,Calypte anna,Anna's Hummingbird,Aves,49.316372984,-123.0592027632,2024-04-26
209580222,Catharus guttatus,Hermit Thrush,Aves,49.3163702725,-123.0592128214,2024-04-26
209603524,Limax maximus,Leopard Slug,Mollusca,49.2482109722,-122.9054169722,2024-04-26
209605656,Lumbricidae,Lumbricid Earthworms,Animalia,49.2484389722,-122.90563,2024-04-26
209606650,Canis familiaris,Domestic Dog,Mammalia,49.299052557,-122.8735569794,2024-04-26
209610636,Rubus bifrons,Himalayan Blackberry,Plantae,49.2304911633,-122.8066504542,2024-04-26
209612407,Alopecurus,Foxtail grasses,Plantae,49.2306294062,-122.8064277349,2024-04-26
209613272,Rosa nutkana,Nootka rose,Plantae,49.2307271884,-122.8062481495,2024-04-26
209614959,Rubus parviflorus,thimbleberry,Plantae,49.2310370162,-122.8057709811,2024-04-26
209615898,Crataegus,hawthorns,Plantae,49.2313924031,-122.8052104459,2024-04-26
209617841,Haemorhous mexicanus,House Finch,Aves,49.2570694698,-123.0939766027,2024-04-26
209625122,Coprinus comatus,Shaggy Mane,Fungi,49.0953248297,-122.6118263975,2024-04-26
209627201,Sylvilagus floridanus,Eastern Cottontail,Mammalia,49.0516688848,-122.8016453196,2024-04-26
209629134,Acer griseum,Paperbark Maple,Plantae,49.0519006145,-122.8050439472,2024-04-26
209629520,Cladonia coniocraea,Common Powderhorn,Fungi,49.0518643731,-122.8054175632,2024-04-26
209629690,Turdus migratorius,American Robin,Aves,49.2502726936,-123.0478117453,2024-04-26
209629713,Calystegia,false bindweeds,Plantae,49.269125,-123.1793472222,2024-04-26
209629921,Geranium robertianum,Herb Robert,Plantae,49.2302430312,-123.0730600326,2024-04-26
209630049,Ranunculus repens,Creeping buttercup,Plantae,49.378667397,-123.0950632933,2024-04-26
209630144,Thuja plicata,western redcedar,Plantae,49.0517840079,-122.8059145579,2024-04-26
209630220,Pseudofumaria lutea,Yellow Fumitory,Plantae,49.2655365671,-123.0102983734,2024-04-26
209630278,Athyrium filix-femina,lady fern,Plantae,49.2275025456,-123.0518554038,2024-04-26
209630478,Centaurea,knapweeds,Plantae,49.3138762369,-123.0505640719,2024-04-26
209630582,Plantago major,greater plantain,Plantae,49.2936960252,-123.0198065311,2024-04-26
209630592,Geranium robertianum,Herb Robert,Plantae,49.0516738449,-122.8068039544,2024-04-26
209630808,Anthemideae,"Chamomiles, yarrows, and allies",Plantae,49.2651861111,-123.1837111111,2024-04-26
209630913,Lunaria annua,Annual Honesty,Plantae,49.2651861111,-123.1837111111,2024-04-26
209631069,Papaver cambricum,Welsh Poppy,Plantae,49.2651861111,-123.1837111111,2024-04-26
209631261,Acer,maples,Plantae,49.0513487064,-122.8068029181,2024-04-26
209631584,Taraxacum officinale,common dandelion,Plantae,49.16071304,-123.16969099,2024-04-26
209631741,Rubus spectabilis,Salmonberry,Plantae,49.0513609446,-122.806802295,2024-04-26
209632273,Rubus parviflorus,thimbleberry,Plantae,49.0512301003,-122.8067999559,2024-04-26
209632749,Acer macrophyllum,bigleaf maple,Plantae,49.0508697025,-122.8069011715,2024-04-26
209633010,Hedera helix,common ivy,Plantae,49.2651861111,-123.1837111111,2024-04-26
209633135,Lamium galeobdolon,yellow archangel,Plantae,49.2651861111,-123.1837111111,2024-04-26
209633352,Sorbus aucuparia,European mountain ash,Plantae,49.0503604461,-122.8067980652,2024-04-26
209633610,Populus trichocarpa,black cottonwood,Plantae,49.0502733306,-122.8067785087,2024-04-26
209634122,Salix scouleriana,Scouler's willow,Plantae,49.0501911337,-122.8068372806,2024-04-26
209634318,Tanacetum vulgare,tansy,Plantae,49.2189949412,-123.2135195033,2024-04-26
209635641,Pteridium aquilinum,common bracken,Plantae,49.0499404601,-122.8069039307,2024-04-26
209636747,Acer circinatum,Vine Maple,Plantae,49.0496449242,-122.8070318249,2024-04-26
209637077,Oemleria cerasiformis,Osoberry,Plantae,49.0496247426,-122.8068796328,2024-04-26
209637705,Symphoricarpos albus,Common Snowberry,Plantae,49.0495513311,-122.8070362238,2024-04-26
209637884,Sambucus racemosa,red-berried elder,Plantae,49.0495655424,-122.8072718457,2024-04-26
209638522,Polystichum munitum,western sword fern,Plantae,49.0495048883,-122.8075931165,2024-04-26
209638755,Athyrium filix-femina,lady fern,Plantae,49.0495287633,-122.8079206368,2024-04-26
209639571,Claytonia sibirica,Candy Flower,Plantae,49.0495189973,-122.8079655494,2024-04-26
209639894,Rubus ursinus,trailing blackberry,Plantae,49.3322566558,-122.6980198944,2024-04-26
209639943,Dicentra formosa,Pacific Bleeding Heart,Plantae,49.0495286778,-122.8082018666,2024-04-26
209640148,Evernia prunastri,Oakmoss,Fungi,49.0495366629,-122.8083430337,2024-04-26
209640530,Pinus,pines,Plantae,49.3355367983,-122.630936726,2024-04-26
209640668,Trametes ochracea,Ochre Bracket,Fungi,49.0495435658,-122.8084164001,2024-04-26
209641354,Tellima grandiflora,fringe cups,Plantae,49.0496142221,-122.8083027331,2024-04-26
209641666,Taraxacum officinale,common dandelion,Plantae,49.3006878658,-122.6983521927,2024-04-26
209642264,Berberis nervosa,Cascade Oregon-grape,Plantae,49.0495806035,-122.8086397475,2024-04-26
209643226,Veronica arvensis,corn speedwell,Plantae,49.2431485942,-122.6351622611,2024-04-26
209643451,Scytinotus longinquus,Rosy Oysterling,Fungi,49.0491972071,-122.8078392666,2024-04-26
209643600,Epilobium,willowherbs,Plantae,49.2440397513,-122.6105269987,2024-04-26
209644461,Mycelis muralis,Wall Lettuce,Plantae,49.2120783878,-122.7642452243,2024-04-26
209645267,Lumbricidae,Lumbricid Earthworms,Animalia,49.0504847977,-122.8066066157,2024-04-26
209645594,Cerastium,Mouse-ear Chickweeds,Plantae,49.2230884706,-122.7896254394,2024-04-26
209646517,Ligustrum,privets,Plantae,49.2097366667,-122.8243166667,2024-04-26
209646893,Equisetum telmateia braunii,Braun's Giant Horsetail,Plantae,49.3467714201,-122.6633162186,2024-04-26
209647069,Liquidambar orientalis,Oriental Sweetgum,Plantae,49.1912800762,-122.8490124643,2024-04-26
209647511,Zonotrichia leucophrys,White-crowned Sparrow,Aves,49.1204359235,-123.1944567944,2024-04-26
209648022,Sciurus carolinensis,Eastern Gray Squirrel,Mammalia,49.1370279897,-123.108393007,2024-04-26
209648323,Nebria brevicollis,European Gazelle Beetle,Insecta,49.3274482403,-122.6708008881,2024-04-26
209648451,Cornus,dogwoods,Plantae,49.217065019,-123.2126612793,2024-04-26
209649500,Cryptops,,Animalia,49.3140090114,-122.7296220186,2024-04-26
209650482,Lasius,"Citronella Ants, Fuzzy Ants, and Allies",Insecta,49.3254297713,-122.601663814,2024-04-26
209651597,Sphaerites politus,American False Clown Beetle,Insecta,49.2361123,-122.7669346997,2024-04-26
209652254,Porcellio scaber,Common Rough Woodlouse,Animalia,49.3198214128,-122.7215727954,2024-04-26
209653237,Scandiceae,"Chervils, Carrots, Hedgeparsleys and Allies",Plantae,49.22132281,-123.17376513,2024-04-26
209654304,Poecile atricapillus,Black-capped Chickadee,Aves,49.2719879936,-123.0850617027,2024-04-26
209655294,Cercidiphyllum japonicum,katsura tree,Plantae,49.2293383333,-123.17198,2024-04-26
209658375,Mesarion,Dusky Slugs,Mollusca,49.2936119944,-122.6649357739,2024-04-26
209659215,Peziza varia,layered cup,Fungi,49.1242298788,-122.8826605642,2024-04-26
209659337,Oxalis corniculata,Creeping Woodsorrel,Plantae,49.3368403359,-122.757295114,2024-04-26
209660204,Plantago major,greater plantain,Plantae,49.2018590054,-122.6280797038,2024-04-26
209662126,Lamium purpureum,red deadnettle,Plantae,49.007968898,-122.6840873716,2024-04-26
209663981,Eutardigrada,Smooth-bodied Tardigrades,Animalia,49.1274042928,-123.1933044247,2024-04-26
209666701,Sciaroidea,Fungus Gnats and Gall Midges,Insecta,49.2732852369,-123.0232910067,2024-04-26
209667174,Arion ater,Black Slug,Mollusca,49.1273612138,-123.1932854484,2024-04-26
209667507,Magnoliopsida,Dicots,Plantae,49.2732852369,-123.0232910067,2024-04-26
209667932,Grimmia pulvinata,Grey-cushioned Grimmia,Plantae,49.273124673,-123.0232045054,2024-04-26
209668702,Oxalis,Woodsorrels,Plantae,49.2731275168,-123.023205176,2024-04-26
209669291,Calystegia silvatica,large bindweed,Plantae,49.16066338,-123.16986206,2024-04-26
209669397,Vicia sativa,Common Vetch,Plantae,49.16070534,-123.16979912,2024-04-26
209669538,Faboideae,,Plantae,49.16074455,-123.16979031,2024-04-26
209669661,Cerastium glomeratum,Sticky mouse-ear chickweed,Plantae,49.16091696,-123.16947078,2024-04-26
209669824,Ranunculus repens,Creeping buttercup,Plantae,49.16109966,-123.16963694,2024-04-26
209669950,Erodium cicutarium,Redstem Stork's-bill,Plantae,49.16133606,-123.16976459,2024-04-26
209670125,Evernia prunastri,Oakmoss,Fungi,49.16195538,-123.16927742,2024-04-26
209670279,Geranium molle,Dove's-foot crane's-bill,Plantae,49.162689,-123.16911001,2024-04-26
209670458,Lepraria finkii,Fluffy Dust Lichen,Fungi,49.16266948,-123.1690843,2024-04-26
209670550,Didymodon,,Plantae,49.16264715,-123.16912409,2024-04-26
209670552,Sambucus racemosa,red-berried elder,Plantae,49.31640625,-122.924446106,2024-04-26
209670625,Capsella bursa-pastoris,shepherd's-purse,Plantae,49.16281289,-123.16962347,2024-04-26
209673962,Mylocheilus caurinus,Peamouth,Actinopterygii,49.1140721667,-123.0672833333,2024-04-26
209682695,Lamium purpureum,red deadnettle,Plantae,49.1413757731,-123.1945429241,2024-04-26
209682710,Tanacetum vulgare,tansy,Plantae,49.1413797951,-123.1946647168,2024-04-26
209682877,Tanacetum vulgare,tansy,Plantae,49.1413871217,-123.1946386695,2024-04-26
209682947,Lamium purpureum,red deadnettle,Plantae,49.1413796104,-123.1945369376,2024-04-26
209683238,Lathyrus japonicus,seaside pea,Plantae,49.1413908173,-123.1946995856,2024-04-26
209683899,Canis latrans,Coyote,Mammalia,49.1416366585,-123.1945225598,2024-04-26
209684284,Anthriscus,Chervils,Plantae,49.1415540309,-123.1942014672,2024-04-26
209684426,Rubus bifrons,Himalayan Blackberry,Plantae,49.1415131512,-123.194515016,2024-04-26
209684787,Erodium cicutarium,Redstem Stork's-bill,Plantae,49.1418614878,-123.1944611528,2024-04-26
209685242,Mellisugini,Bee Hummingbirds and Allies,Aves,49.1417422286,-123.1947140862,2024-04-26
209686084,Eleocharis palustris,common spikerush,Plantae,49.1420092341,-123.1945834962,2024-04-26
209686707,Typha,Cattails,Plantae,49.1417725828,-123.1945496812,2024-04-26
209687295,Crassiclitellata,Typical Earthworms,Animalia,49.1422955599,-123.1945451071,2024-04-26
209688242,Malus fusca,Pacific Crab Apple,Plantae,49.1427449991,-123.1944103764,2024-04-26
209690714,Hyacinthoides,Bluebells,Plantae,49.1428437233,-123.1942560479,2024-04-26
209691357,Morchella importuna,Landscaping Black Morel,Fungi,49.0326821432,-123.0738450309,2024-04-26
209692275,Cryptogramma acrostichoides,American parsley fern,Plantae,49.3230895996,-122.9198913574,2024-04-26
209694531,Polystichum munitum,western sword fern,Plantae,49.2751900899,-122.883014409,2024-04-26
209696455,Lecanoraceae,"rim lichens, disc lichens, and allies",Fungi,49.1188166667,-122.659425,2024-04-26
209697147,Hylocomium splendens,stairstep moss,Plantae,49.3239135742,-122.9174041748,2024-04-26
209697410,Malus fusca,Pacific Crab Apple,Plantae,49.034915166,-123.0558997953,2024-04-26
209697806,Rosa pisocarpa,cluster rose,Plantae,49.0347906948,-123.0558743981,2024-04-26
209698355,Caprifolioideae,honeysuckle subfamily,Plantae,49.0347746853,-123.0558857137,2024-04-26
209698426,Ardea herodias,Great Blue Heron,Aves,49.1265021157,-123.1952870679,2024-04-26
209698436,Thamnophis sirtalis,Common Garter Snake,Reptilia,49.1482083333,-122.58898,2024-04-26
209698459,Ardea herodias,Great Blue Heron,Aves,49.1265761806,-123.195402911,2024-04-26
209698467,Ardea herodias,Great Blue Heron,Aves,49.1265529208,-123.1953893324,2024-04-26
209698619,Acer pseudoplatanus,sycamore maple,Plantae,49.034749833,-123.0560069998,2024-04-26
209698765,Populus trichocarpa,black cottonwood,Plantae,49.1264585825,-123.1954926812,2024-04-26
209698987,Bellis perennis,Lawn daisy,Plantae,49.0350039304,-123.0559402799,2024-04-26
209699233,Equisetum arvense,field horsetail,Plantae,49.1265476821,-123.1955518575,2024-04-26
209699245,Anas platyrhynchos,Mallard,Aves,49.1265374158,-123.1955815239,2024-04-26
209699327,Sambucus racemosa,red-berried elder,Plantae,49.0351139848,-123.0558555388,2024-04-26
209699408,Salix sitchensis,Sitka willow,Plantae,49.1265376131,-123.1954357228,2024-04-26
209699529,Rubus spectabilis,Salmonberry,Plantae,49.12617242,-123.1940313049,2024-04-26
209699576,Lamium purpureum,red deadnettle,Plantae,49.1264857719,-123.1956093433,2024-04-26
209699910,Lupinus polyphyllus,Large-leaved lupine,Plantae,49.1264634496,-123.1957599041,2024-04-26
209699930,Cytisus scoparius,Scotch Broom,Plantae,49.1264591914,-123.1957279055,2024-04-26
209699993,Cytisus scoparius,Scotch Broom,Plantae,49.126492617,-123.1957957618,2024-04-26
209700240,Cytisus scoparius,Scotch Broom,Plantae,49.1265584948,-123.1958477386,2024-04-26
209700244,Galium,bedstraws,Plantae,49.0354188346,-123.0557935965,2024-04-26
209700439,Prunus emarginata,Bitter cherry,Plantae,49.1265110223,-123.1959002287,2024-04-26
209700450,Ardea herodias,Great Blue Heron,Aves,49.1265411091,-123.1958059681,2024-04-26
209700566,Prunus avium,wild cherry,Plantae,49.1265313374,-123.1958646701,2024-04-26
209700704,Equisetum arvense,field horsetail,Plantae,49.1265356571,-123.1958118606,2024-04-26
209700775,Prunus avium,wild cherry,Plantae,49.1265153106,-123.195835332,2024-04-26
209700926,Cytisus scoparius,Scotch Broom,Plantae,49.1265134722,-123.1959997509,2024-04-26
209700991,Maianthemum dilatatum,Western Lily of the Valley,Plantae,49.0354406694,-123.0559789204,2024-04-26
209701017,Zonotrichia leucophrys,White-crowned Sparrow,Aves,49.1264964391,-123.1965518891,2024-04-26
209701150,Lamium purpureum,red deadnettle,Plantae,49.1264907032,-123.1961765783,2024-04-26
209701191,Malus prunifolia,Pear-leaf Crabapple,Plantae,49.1265198961,-123.1967692451,2024-04-26
209701303,Populus trichocarpa,black cottonwood,Plantae,49.0353961196,-123.0559469016,2024-04-26
209701479,Prunus,"plums, cherries, and allies",Plantae,49.1265138232,-123.1962867839,2024-04-26
209701530,Malus fusca,Pacific Crab Apple,Plantae,49.1264998634,-123.1966555865,2024-04-26
209701539,Amygdaloideae,,Plantae,49.1264943632,-123.1967528107,2024-04-26
209702022,Trautvetteria caroliniensis,Carolina bugbane,Plantae,49.2538784591,-123.2441514028,2024-04-26
209702062,Malus,apples and crabapples,Plantae,49.1267229405,-123.1953961771,2024-04-26
209702319,Guepiniopsis alpina,alpine jelly cone,Fungi,49.3260192871,-122.9170761108,2024-04-26
209702356,Taraxacum officinale,common dandelion,Plantae,49.0351545113,-123.0559063331,2024-04-26
209702590,Salix scouleriana,Scouler's willow,Plantae,49.210095,-122.8194116667,2024-04-26
209702732,Calypte anna,Anna's Hummingbird,Aves,49.1416319263,-123.194808824,2024-04-26
209702840,Stellaria media,common chickweed,Plantae,49.0351760947,-123.0558323209,2024-04-26
209702993,Calidris minutilla,Least Sandpiper,Aves,49.1264786155,-123.1996228303,2024-04-26
209703033,Rubus spectabilis,Salmonberry,Plantae,49.126485789,-123.1980125234,2024-04-26
209703398,Prunus cerasifera,Cherry-plum,Plantae,49.1264673884,-123.1984183394,2024-04-26
209703400,Mycelis muralis,Wall Lettuce,Plantae,49.0351706464,-123.0561105163,2024-04-26
209703566,Crataegus monogyna,common hawthorn,Plantae,49.1264491886,-123.1989239661,2024-04-26
209703593,Equisetum telmateia,great horsetail,Plantae,49.1264913826,-123.1987729425,2024-04-26
209703685,Hedera helix,common ivy,Plantae,49.0352131846,-123.0560493284,2024-04-26
209703804,Ardea herodias,Great Blue Heron,Aves,49.1264946261,-123.1998052037,2024-04-26
209704213,Scolopacidae,Sandpipers and Allies,Aves,49.1264936608,-123.1997296495,2024-04-26
209704278,Calidris alpina,Dunlin,Aves,49.1264980563,-123.1991590737,2024-04-26
209704303,Pinus sylvestris,Scots pine,Plantae,49.0352094127,-123.0559852907,2024-04-26
209704790,Calidris minutilla,Least Sandpiper,Aves,49.1264940799,-123.1995995623,2024-04-26
209704941,Arctium minus,lesser burdock,Plantae,49.0354234027,-123.0559660123,2024-04-26
209705052,Pipilo maculatus,Spotted Towhee,Aves,49.1264364124,-123.2003578731,2024-04-26
209705112,Calidris minutilla,Least Sandpiper,Aves,49.1264799187,-123.2007431815,2024-04-26
209705186,Pipilo maculatus,Spotted Towhee,Aves,49.1264179915,-123.2003038159,2024-04-26
209705552,Pipilo maculatus,Spotted Towhee,Aves,49.1264283238,-123.2004218883,2024-04-26
209705579,Sanicula crassicaulis,Pacific Sanicle,Plantae,49.0353168268,-123.0559940079,2024-04-26
209705749,Euphagus cyanocephalus,Brewer's Blackbird,Aves,49.1263471563,-123.2007916769,2024-04-26
209705758,Sanicula crassicaulis,Pacific Sanicle,Plantae,49.0353464568,-123.0560434611,2024-04-26
209705968,Sorbus aucuparia,European mountain ash,Plantae,49.1263486119,-123.2007519902,2024-04-26
209706143,Solidago,goldenrods,Plantae,49.1263232204,-123.2006625362,2024-04-26
209706314,Acer macrophyllum,bigleaf maple,Plantae,49.0354928468,-123.0561142043,2024-04-26
209706642,Calypte anna,Anna's Hummingbird,Aves,49.1262516119,-123.200585428,2024-04-26
209706689,Hyacinthoides hispanica,Spanish Bluebell,Plantae,49.0354472911,-123.0561190658,2024-04-26
209706916,Calypte anna,Anna's Hummingbird,Aves,49.1263605981,-123.2004242578,2024-04-26
209707013,Solidago,goldenrods,Plantae,49.126309529,-123.2006771048,2024-04-26
209707082,Pooideae,,Plantae,49.0354541643,-123.056111103,2024-04-26
209707103,Setophaga coronata,Yellow-rumped Warbler,Aves,49.1259897744,-123.2005623297,2024-04-26
209707923,Quercus,oaks,Plantae,49.1258888004,-123.2004258643,2024-04-26
209708002,Symphoricarpos mollis,creeping snowberry,Plantae,49.035751638,-123.0561525935,2024-04-26
209708387,Larinae,Gulls,Aves,49.1258195717,-123.2003615956,2024-04-26
209708413,Silene latifolia,white campion,Plantae,49.1258925666,-123.200409746,2024-04-26
209708882,Pipilo maculatus,Spotted Towhee,Aves,49.0359463497,-123.0557687023,2024-04-26
209710661,Maianthemum dilatatum,Western Lily of the Valley,Plantae,49.3287963867,-122.9152145386,2024-04-26
209710929,Columba livia domestica,Feral Pigeon,Aves,49.1253996234,-123.1994669034,2024-04-26
209711941,Geranium robertianum,Herb Robert,Plantae,49.0357259475,-123.0556091947,2024-04-26
209711982,Columba livia domestica,Feral Pigeon,Aves,49.2833673489,-123.120452352,2024-04-26
209712667,Haemorhous mexicanus,House Finch,Aves,49.2569248604,-123.095617685,2024-04-26
209714043,Araneae,Spiders,Arachnida,49.1546583333,-123.1744866667,2024-04-26
209714318,Polistes dominula,European Paper Wasp,Insecta,49.1546471667,-123.1744383333,2024-04-26
209714523,Parmelia sulcata,Netted shield lichen,Fungi,49.1550305,-123.1742116667,2024-04-26
209714683,Plantago major,greater plantain,Plantae,49.1554611667,-123.1746616667,2024-04-26
209714810,Brachytheciaceae,,Plantae,49.1555638333,-123.1751466667,2024-04-26
209714907,Taraxacum,dandelions,Plantae,49.1556055,-123.175225,2024-04-26
209717062,Camassia,camas,Plantae,49.2371287475,-123.0951656589,2024-04-26
209717435,Astur cooperii,Cooper's Hawk,Aves,49.2535437102,-123.2398690638,2024-04-26
209720256,Sturnus vulgaris,European Starling,Aves,49.2562236373,-123.1434892454,2024-04-26
209720575,Melospiza melodia,Song Sparrow,Aves,49.0351381666,-123.0565609598,2024-04-26
209722033,Plantago major,greater plantain,Plantae,49.0349977697,-123.0560353306,2024-04-26
209722055,Crataegus,hawthorns,Plantae,49.3031717906,-123.038160207,2024-04-26
209723107,Laburnum anagyroides,Common Laburnum,Plantae,49.034845722,-123.05538347,2024-04-26
209723996,Arion hortensis,Garden Arion,Mollusca,49.1260861667,-123.1612638333,2024-04-26
209724242,Rubus bifrons,Himalayan Blackberry,Plantae,49.1260388333,-123.1646805,2024-04-26
209724476,Equisetum arvense,field horsetail,Plantae,49.1259833333,-123.1646721667,2024-04-26
209725086,Malus,apples and crabapples,Plantae,49.233328,-122.9827609722,2024-04-26
209725328,Calystegia,false bindweeds,Plantae,49.1257778333,-123.1646583333,2024-04-26
209725537,Sturnus vulgaris,European Starling,Aves,49.1251916667,-123.1677116667,2024-04-26
209725732,Hedera helix,common ivy,Plantae,49.0344325071,-123.054603468,2024-04-26
209725882,Corvus brachyrhynchos,American Crow,Aves,49.1247833333,-123.1700616667,2024-04-26
209726072,Boeremia hedericola,,Fungi,49.0346857114,-123.0542721973,2024-04-26
209726106,Trillium ovatum,Pacific trillium,Plantae,49.2821021608,-122.5154379126,2024-04-26
209726140,Ardea herodias,Great Blue Heron,Aves,49.1229333333,-123.17453,2024-04-26
209726376,Branta canadensis,Canada Goose,Aves,49.1229278333,-123.17453,2024-04-26
209726420,Chaenomeles,Flowering quinces,Plantae,49.0346710012,-123.0542077405,2024-04-26
209726565,Turdus migratorius,American Robin,Aves,49.1230305,-123.1744616667,2024-04-26
209726690,Prunus padus,bird cherry,Plantae,49.233693,-122.982628,2024-04-26
209727256,Bellis perennis,Lawn daisy,Plantae,49.1233221667,-123.1755833333,2024-04-26
209727386,Bombus melanopygus,Black-tailed Bumble Bee,Insecta,49.2539586671,-123.2512981994,2024-04-26
209727641,Erodium cicutarium,Redstem Stork's-bill,Plantae,49.1232945,-123.178345,2024-04-26
209727883,Turdus migratorius,American Robin,Aves,49.2570810799,-123.0940995504,2024-04-26
209727991,Zonotrichia leucophrys,White-crowned Sparrow,Aves,49.1233528333,-123.178505,2024-04-26
209728513,Geranium macrorrhizum,Rock Crane's-bill,Plantae,49.0849011076,-123.0582464223,2024-04-26
209728536,Geranium,geraniums and cranesbills,Plantae,49.0848423536,-123.0582014087,2024-04-26
209728549,Geranium,geraniums and cranesbills,Plantae,49.0848593969,-123.0581452112,2024-04-26
209728556,Aesculus × carnea,Red horse-chestnut,Plantae,49.1261111667,-123.1801916667,2024-04-26
209728742,Geranium macrorrhizum,Rock Crane's-bill,Plantae,49.084883,-123.0579456,2024-04-26
209728849,Geranium macrorrhizum,Rock Crane's-bill,Plantae,49.0848601,-123.05819254,2024-04-26
209728880,Gamochaeta ustulata,featherweed,Plantae,49.0349375876,-123.0526847487,2024-04-26
209729153,Racomitrium elongatum,Elongate Rock Moss,Plantae,49.0349642002,-123.0526782946,2024-04-26
209729220,Sorbus,Rowans and Mountain Ashes,Plantae,49.1265333333,-123.1785666667,2024-04-26
209729544,Xanthoria parietina,Common Sunburst Lichen,Fungi,49.0349577461,-123.0524515641,2024-04-26
209729691,Hedera helix,common ivy,Plantae,49.0851309582,-123.058059182,2024-04-26
209729778,Hedera helix,common ivy,Plantae,49.0850932121,-123.0580358359,2024-04-26
209729801,Hedera helix,common ivy,Plantae,49.0850968202,-123.0580030431,2024-04-26
209729839,Hedera helix,common ivy,Plantae,49.0849136,-123.0579694,2024-04-26
209729865,Acer pseudoplatanus,sycamore maple,Plantae,49.1265361667,-123.1781466667,2024-04-26
209729943,Hedera helix,common ivy,Plantae,49.0848971,-123.0579286,2024-04-26
209730115,Lamium purpureum,red deadnettle,Plantae,49.0349979373,-123.0525519793,2024-04-26
209730126,Taraxacum officinale,common dandelion,Plantae,49.1266111667,-123.1775666667,2024-04-26
209730601,Sturnus vulgaris,European Starling,Aves,49.2262809465,-123.0813359069,2024-04-26
209730611,Acer platanoides,Norway maple,Plantae,49.1266778333,-123.1766533333,2024-04-26
209730675,Corvus brachyrhynchos,American Crow,Aves,49.0852841034,-123.0580590512,2024-04-26
209730899,Sisymbrium officinale,Hedge mustard,Plantae,49.0351295751,-123.0527173543,2024-04-26
209730945,Thuja plicata,western redcedar,Plantae,49.1266555,-123.176505,2024-04-26
209731207,Grindelia,gumplants,Plantae,49.035161133,-123.0526166038,2024-04-26
209731229,Sciurus carolinensis,Eastern Gray Squirrel,Mammalia,49.1265028333,-123.1753783333,2024-04-26
209731337,Salix × pendulina tristis,Golden Weeping Willow,Plantae,49.0849693778,-123.0585580119,2024-04-26
209731348,Scorzoneroides autumnalis,Autumn Hawkbit,Plantae,49.08484617,-123.05855411,2024-04-26
209731363,Nymphaea,Waterlilies,Plantae,49.0850262845,-123.0585056866,2024-04-26
209731460,Achillea millefolium,common yarrow,Plantae,49.0351979295,-123.0525190384,2024-04-26
209731548,Anas platyrhynchos,Mallard,Aves,49.0849940212,-123.0587671696,2024-04-26
209731617,Anas platyrhynchos,Mallard,Aves,49.0849755502,-123.0587434426,2024-04-26
209731701,Anas platyrhynchos,Mallard,Aves,49.0849753371,-123.0587686618,2024-04-26
209731877,Anas platyrhynchos,Mallard,Aves,49.08501948,-123.05869489,2024-04-26
209731890,Leymus,,Plantae,49.0351437405,-123.0524726865,2024-04-26
209732008,Prunus,"plums, cherries, and allies",Plantae,49.0849108691,-123.0588488227,2024-04-26
209732111,Juncus effusus,Soft Rush,Plantae,49.0849703352,-123.0588432833,2024-04-26
209732346,Plantago lanceolata,ribwort plantain,Plantae,49.0347879014,-123.053585149,2024-04-26
209732979,Betula pendula,silver birch,Plantae,49.0852073297,-123.0591190654,2024-04-26
209733040,Solanum dulcamara,bittersweet nightshade,Plantae,49.08502041,-123.05885826,2024-04-26
209733073,Tanacetum vulgare,tansy,Plantae,49.035244491,-123.0524203834,2024-04-26
209733172,Trachemys scripta elegans,Red-eared Slider,Reptilia,49.0854687471,-123.0589608481,2024-04-26
209733375,Trachemys scripta elegans,Red-eared Slider,Reptilia,49.08550496,-123.05918689,2024-04-26
209733386,Lamium purpureum,red deadnettle,Plantae,49.0352260927,-123.0525410828,2024-04-26
209733600,Trachemys scripta elegans,Red-eared Slider,Reptilia,49.08545467,-123.0590187,2024-04-26
209733667,Trachemys scripta elegans,Red-eared Slider,Reptilia,49.0854411062,-123.0590295841,2024-04-26
209733711,Rubus,Blackberries,Plantae,49.0853261,-123.0606169,2024-04-26
209733717,Trachemys scripta elegans,Red-eared Slider,Reptilia,49.0854272574,-123.0590677242,2024-04-26
209733792,Lomatium nudicaule,Barestem Biscuitroot,Plantae,49.0352516994,-123.0525497162,2024-04-26
209734285,Juncus balticus,Baltic Rush,Plantae,49.0795622355,-123.1316515803,2024-04-26
209735261,Zostera,Eelgrasses,Plantae,49.0351475962,-123.0521980115,2024-04-26
209735668,Harmonia axyridis,Asian Lady Beetle,Insecta,49.1599221667,-122.6397166667,2024-04-26
209735837,Veneridae,Venus Clams,Mollusca,49.0351079498,-123.0522087404,2024-04-26
209736399,Nuttallia obscurata,Purple Mahogany Clam,Mollusca,49.035028196,-123.0522915536,2024-04-26
209736613,Oreoscoptes montanus,Sage Thrasher,Aves,49.3265235864,-123.1529772978,2024-04-26
209737167,Erodium cicutarium,Redstem Stork's-bill,Plantae,49.16437572,-123.16941109,2024-04-26
209737207,Metacarcinus magister,Dungeness Crab,Animalia,49.0349914413,-123.052365482,2024-04-26
209737975,Metacarcinus magister,Dungeness Crab,Animalia,49.0348186484,-123.0524630473,2024-04-26
209739484,Fucus distichus,Rockweed,Chromista,49.0346663911,-123.0526554958,2024-04-26
209740534,Taraxacum officinale,common dandelion,Plantae,49.14475,-123.1936769722,2024-04-26
209741242,Turdus migratorius,American Robin,Aves,49.2570810799,-123.0940995504,2024-04-26
209741381,Lamium purpureum,red deadnettle,Plantae,49.2011527778,-122.8083611111,2024-04-26
209741534,Corvus brachyrhynchos,American Crow,Aves,49.25743,-123.0942695,2024-04-26
209741605,Anthriscus sylvestris,Cow Parsley,Plantae,49.1447708,-123.1942794997,2024-04-26
209741773,Bellis perennis,Lawn daisy,Plantae,49.25742,-123.0943833333,2024-04-26
209741979,Taraxacum officinale,common dandelion,Plantae,49.2574416667,-123.094825,2024-04-26
209742211,Rubus bifrons,Himalayan Blackberry,Plantae,49.1447744997,-123.1942906997,2024-04-26
209742327,Alchemilla,Lady's-mantles,Plantae,49.2574583333,-123.0948111667,2024-04-26
209742651,Berberis aquifolium,Oregon grape,Plantae,49.0346090589,-123.0543380791,2024-04-26
209742906,Plantago lanceolata,ribwort plantain,Plantae,49.1446919722,-123.1942939722,2024-04-26
209743325,Polypodium glycyrrhiza,licorice fern,Plantae,49.2581966667,-123.0966638333,2024-04-26
209743587,Ranunculus repens,Creeping buttercup,Plantae,49.25832,-123.0966638333,2024-04-26
209743741,Rubus laciniatus,Cutleaf Blackberry,Plantae,49.1445879722,-123.194192,2024-04-26
209744070,Betula pendula,silver birch,Plantae,49.1445846,-123.1941513,2024-04-26
209744614,Geranium robertianum,Herb Robert,Plantae,49.2583616667,-123.0966861667,2024-04-26
209745030,Thryomanes bewickii spilurus,Pacific Bewick’s Wren,Aves,49.0352612967,-123.0557465741,2024-04-26
209745059,Berberis aquifolium,Oregon grape,Plantae,49.219721418,-123.212850378,2024-04-26
209745366,Pinus,pines,Plantae,49.2195791881,-123.2127433648,2024-04-26
209745479,Vicia gigantea,giant vetch,Plantae,49.144635,-123.1942195,2024-04-26
209745799,Erodium cicutarium,Redstem Stork's-bill,Plantae,49.2208067458,-123.2124279634,2024-04-26
209745939,Athyrium filix-femina,lady fern,Plantae,49.2875798028,-122.5065606981,2024-04-26
209746175,Hyacinthoides hispanica,Spanish Bluebell,Plantae,49.1443939722,-123.194124,2024-04-26
209746225,Hypericum,St. John's worts,Plantae,49.2214315177,-123.2119273387,2024-04-26
209746250,Hedera,ivies,Plantae,49.25835,-123.0966721667,2024-04-26
209746599,Hyacinthoides hispanica,Spanish Bluebell,Plantae,49.25837,-123.0966638333,2024-04-26
209746658,Lathyrus japonicus,seaside pea,Plantae,49.1443629722,-123.1941589722,2024-04-26
209746958,Polystichum munitum,western sword fern,Plantae,49.2875358404,-122.5065443972,2024-04-26
209747048,Polystichum munitum,western sword fern,Plantae,49.221433382,-123.2105803267,2024-04-26
209747294,Hyacinthoides,Bluebells,Plantae,49.2214814691,-123.210432301,2024-04-26
209747540,Hyacinthoides,Bluebells,Plantae,49.2214328384,-123.2104276313,2024-04-26
209747826,Rosa nutkana,Nootka rose,Plantae,49.2212847515,-123.2102046855,2024-04-26
209747946,Rubus,brambles,Plantae,49.2583883333,-123.09665,2024-04-26
209748227,Turdus migratorius,American Robin,Aves,49.2212976616,-123.2103377313,2024-04-26
209748451,Lonicera involucrata,twinberry honeysuckle,Plantae,49.2213427191,-123.2100837472,2024-04-26
209748474,Lichenomphalia ericetorum,Lichen Agaric,Fungi,49.3248596191,-122.9179840088,2024-04-26
209748645,Sambucus racemosa,red-berried elder,Plantae,49.1441444,-123.1942992997,2024-04-26
209748690,Rosa nutkana,Nootka rose,Plantae,49.2211566134,-123.2091754227,2024-04-26
209749277,Struthiopteris spicant,deer fern,Plantae,49.2874386757,-122.5064597211,2024-04-26
209749427,Erodium cicutarium,Redstem Stork's-bill,Plantae,49.143962,-123.194229,2024-04-26
209749453,Leymus,,Plantae,49.2211838215,-123.2081143539,2024-04-26
209749576,Ajuga reptans,carpet bugle,Plantae,49.2584633333,-123.0977778333,2024-04-26
209750062,Juncus balticus,Baltic Rush,Plantae,49.1430089722,-123.194462,2024-04-26
209750385,Rumex obtusifolius,broad-leaved dock,Plantae,49.2212528482,-123.208712629,2024-04-26
209750697,Cirsium,Plume Thistles,Plantae,49.2583883333,-123.0977083333,2024-04-26
209750834,Malus fusca,Pacific Crab Apple,Plantae,49.1427649722,-123.1944649722,2024-04-26
209750843,Lamium purpureum,red deadnettle,Plantae,49.2701222222,-123.2577611111,2024-04-26
209750884,Melissa officinalis,lemon balm,Plantae,49.2584216667,-123.0978083333,2024-04-26
209750924,Bellis perennis,Lawn daisy,Plantae,49.2701222222,-123.2577611111,2024-04-26
209751007,Crataegus douglasii,Black Hawthorn,Plantae,49.2210889665,-123.2086156171,2024-04-26
209751156,Ranunculus repens,Creeping buttercup,Plantae,49.2584583333,-123.0978861667,2024-04-26
209751235,Myosotis discolor,Changing Forget-me-not,Plantae,49.2701222222,-123.2577611111,2024-04-26
209751323,Veronica arvensis,corn speedwell,Plantae,49.2206952951,-123.2077250056,2024-04-26
209751350,Sorbus aucuparia,European mountain ash,Plantae,49.1422049722,-123.1944569722,2024-04-26
209751473,Sambucus racemosa,red-berried elder,Plantae,49.2701222222,-123.2577611111,2024-04-26
209751617,Hyacinthoides hispanica,Spanish Bluebell,Plantae,49.2701222222,-123.2577611111,2024-04-26
209751694,Arabidopsis thaliana,mouse-ear cress,Plantae,49.2204950671,-123.2077623752,2024-04-26
209751742,Cirsium,Plume Thistles,Plantae,49.2701222222,-123.2577611111,2024-04-26
209751825,Geranium molle,Dove's-foot crane's-bill,Plantae,49.2701222222,-123.2577611111,2024-04-26
209752006,Mycelis muralis,Wall Lettuce,Plantae,49.2701222222,-123.2577611111,2024-04-26
209752092,Taraxacum officinale,common dandelion,Plantae,49.2701222222,-123.2577611111,2024-04-26
209752238,Sambucus racemosa,red-berried elder,Plantae,49.2202161289,-123.2078663106,2024-04-26
209752255,Vaccinium parvifolium,Red Huckleberry,Plantae,49.2859516246,-122.505013366,2024-04-26
209752315,Erodium cicutarium,Redstem Stork's-bill,Plantae,49.2701222222,-123.2577611111,2024-04-26
209752533,Taraxacum officinale,common dandelion,Plantae,49.1658138333,-122.666,2024-04-26
209752589,Tanacetum vulgare,tansy,Plantae,49.2199600566,-123.2080509142,2024-04-26
209752740,Acer platanoides,Norway maple,Plantae,49.2194513316,-123.2082414439,2024-04-26
209752873,Lamium purpureum,red deadnettle,Plantae,49.2189885578,-123.2083463445,2024-04-26
209752914,Argentina pacifica,Pacific silverweed,Plantae,49.141925,-123.1945809722,2024-04-26
209753119,Ardea herodias,Great Blue Heron,Aves,49.2191052189,-123.2094639735,2024-04-26
209753317,Lamium purpureum,red deadnettle,Plantae,49.1411659722,-123.194687,2024-04-26
209753411,Agelaius phoeniceus,Red-winged Blackbird,Aves,49.2187348842,-123.2086881874,2024-04-26
209753583,Cirsium arvense,creeping thistle,Plantae,49.141181,-123.1946719722,2024-04-26
209753606,Lonicera involucrata,twinberry honeysuckle,Plantae,49.2185320264,-123.2085799946,2024-04-26
209753810,Iris pseudacorus,Yellow Iris,Plantae,49.2182351298,-123.2088167905,2024-04-26
209753918,Tanacetum vulgare,tansy,Plantae,49.141173,-123.1946889722,2024-04-26
209754549,Sambucus racemosa,red-berried elder,Plantae,49.2181467562,-123.20860578,2024-04-26
209754865,Magnoliopsida,Dicots,Plantae,49.2183263451,-123.2091058704,2024-04-26
209755273,Rubus laciniatus,Cutleaf Blackberry,Plantae,49.2179574529,-123.2087514869,2024-04-26
209755476,Poaceae,Grasses,Plantae,49.2178895728,-123.2088591196,2024-04-26
209755964,Rubus laciniatus,Cutleaf Blackberry,Plantae,49.2178247699,-123.2086755656,2024-04-26
209756196,Sambucus racemosa,red-berried elder,Plantae,49.217800351,-123.2087376012,2024-04-26
209756549,Daphne laureola,Spurge-laurel,Plantae,49.2177476569,-123.2087348804,2024-04-26
209756750,Malus fusca,Pacific Crab Apple,Plantae,49.2180455957,-123.2086320156,2024-04-26
209757550,Symphoricarpos albus,Common Snowberry,Plantae,49.2174650611,-123.208909469,2024-04-26
209758018,Rumex acetosella,Sheep's sorrel,Plantae,49.1401609722,-123.194866,2024-04-26
209758051,Berberis aquifolium,Oregon grape,Plantae,49.2173336618,-123.2092733752,2024-04-26
209758316,Laburnum anagyroides,Common Laburnum,Plantae,49.217449988,-123.2090065992,2024-04-26
209758826,Populus,"poplars, cottonwoods, and aspens",Plantae,49.217358321,-123.2092212708,2024-04-26
209759007,Lamium purpureum,red deadnettle,Plantae,49.2171481744,-123.2095167666,2024-04-26
209759060,Malus domestica,apple,Plantae,49.139654,-123.194923,2024-04-26
209759163,Cytisus scoparius,Scotch Broom,Plantae,49.217120992,-123.2099462802,2024-04-26
209759330,Malus,apples and crabapples,Plantae,49.2172207975,-123.2101019065,2024-04-26
209759390,Cirsium vulgare,Bull Thistle,Plantae,49.139003,-123.1950099722,2024-04-26
209759737,Lontra canadensis,North American River Otter,Mammalia,49.2172773671,-123.2099635266,2024-04-26
209759902,Crataegus douglasii,Black Hawthorn,Plantae,49.2173112279,-123.210096855,2024-04-26
209760055,Sorbus,Rowans and Mountain Ashes,Plantae,49.217265376,-123.2104274899,2024-04-26
209760258,Sorbus aucuparia,European mountain ash,Plantae,49.1387837997,-123.1950695,2024-04-26
209760350,Rubus,brambles,Plantae,49.2173018063,-123.2105609557,2024-04-26
209760528,Berberis aquifolium,Oregon grape,Plantae,49.2172895216,-123.2107737177,2024-04-26
209760731,Capsella bursa-pastoris,shepherd's-purse,Plantae,49.1384889722,-123.19499,2024-04-26
209760807,Zonotrichia leucophrys,White-crowned Sparrow,Aves,49.1325365347,-122.5418778521,2024-04-26
209760849,Sorbus,Rowans and Mountain Ashes,Plantae,49.2174820404,-123.2114658257,2024-04-26
209761229,Lupinus polyphyllus,Large-leaved lupine,Plantae,49.2173312886,-123.2114762352,2024-04-26
209761466,Prunus,"plums, cherries, and allies",Plantae,49.2173569359,-123.2114431152,2024-04-26
209761897,Tanacetum vulgare,tansy,Plantae,49.2189726782,-123.2137671757,2024-04-26
209761940,Cladonia,pixie cup and reindeer lichens,Fungi,49.1381239722,-123.1950429722,2024-04-26
209762210,Malus fusca,Pacific Crab Apple,Plantae,49.137487,-123.1951109722,2024-04-26
209762547,Chrysothrix xanthina,Common Gold-dust,Fungi,49.1750029,-122.624019,2024-04-26
209762548,Liquidambar styraciflua,American sweetgum,Plantae,49.1750029,-122.624019,2024-04-26
209762551,Corvus brachyrhynchos,American Crow,Aves,49.1750029,-122.624019,2024-04-26
209762556,Pipilo maculatus,Spotted Towhee,Aves,49.1750029,-122.624019,2024-04-26
209762557,Trillium ovatum,Pacific trillium,Plantae,49.1750029,-122.624019,2024-04-26
209762558,Poecile atricapillus,Black-capped Chickadee,Aves,49.1750029,-122.624019,2024-04-26
209762563,Malacosoma californica,Western Tent Caterpillar Moth,Insecta,49.137492,-123.1951229722,2024-04-26
209762568,Maianthemum dilatatum,Western Lily of the Valley,Plantae,49.1750029,-122.624019,2024-04-26
209762571,Stereum sanguinolentum,Bleeding Conifer Crust,Fungi,49.1750029,-122.624019,2024-04-26
209762574,Sambucus racemosa,red-berried elder,Plantae,49.1750029,-122.624019,2024-04-26
209762581,Lamium galeobdolon,yellow archangel,Plantae,49.1750029,-122.624019,2024-04-26
209762582,Geranium macrorrhizum,Rock Crane's-bill,Plantae,49.1750029,-122.624019,2024-04-26
209762590,Geranium macrorrhizum,Rock Crane's-bill,Plantae,49.1750029,-122.624019,2024-04-26
209762602,Tellima grandiflora,fringe cups,Plantae,49.1750029,-122.624019,2024-04-26
209762605,Polygonatum multiflorum,Solomon's-seal,Plantae,49.1750029,-122.624019,2024-04-26
209762613,Lamium galeobdolon,yellow archangel,Plantae,49.1750029,-122.624019,2024-04-26
209762622,Polystichum munitum,western sword fern,Plantae,49.1750029,-122.624019,2024-04-26
209762626,Pleurotus populinus,aspen oyster mushroom,Fungi,49.1750029,-122.624019,2024-04-26
209762640,Pteridium aquilinum,common bracken,Plantae,49.1750029,-122.624019,2024-04-26
209762642,Pleurocybella porrigens,angel's wings,Fungi,49.1750029,-122.624019,2024-04-26
209762644,Dicentra formosa,Pacific Bleeding Heart,Plantae,49.1750029,-122.624019,2024-04-26
209762661,Geranium robertianum,Herb Robert,Plantae,49.1750029,-122.624019,2024-04-26
209762664,Corvus brachyrhynchos,American Crow,Aves,49.1750029,-122.624019,2024-04-26
209762665,Cirsium vulgare,Bull Thistle,Plantae,49.1750029,-122.624019,2024-04-26
209762678,Erysimum capitatum,Western Wallflower,Plantae,49.1750029,-122.624019,2024-04-26
209762681,Lepidium heterophyllum,Smith's Cress,Plantae,49.1750029,-122.624019,2024-04-26
209762683,Agelaius phoeniceus,Red-winged Blackbird,Aves,49.1750029,-122.624019,2024-04-26
209762695,Ranunculus repens,Creeping buttercup,Plantae,49.1750029,-122.624019,2024-04-26
209762697,Agelaius phoeniceus,Red-winged Blackbird,Aves,49.1750029,-122.624019,2024-04-26
209762700,Melospiza melodia,Song Sparrow,Aves,49.1750029,-122.624019,2024-04-26
209762712,Lepidium campestre,field peppergrass,Plantae,49.1750029,-122.624019,2024-04-26
209762715,Agelaius phoeniceus,Red-winged Blackbird,Aves,49.1750029,-122.624019,2024-04-26
209762717,Agrocybe pediades,Common Fieldcap,Fungi,49.1750029,-122.624019,2024-04-26
209762729,Arabidopsis thaliana,mouse-ear cress,Plantae,49.1750029,-122.624019,2024-04-26
209762736,Alnus rubra,Red Alder,Plantae,49.1750029,-122.624019,2024-04-26
209762740,Brassica rapa,field mustard,Plantae,49.1750029,-122.624019,2024-04-26
209762751,Sphaerophoria,Globetails,Insecta,49.1750029,-122.624019,2024-04-26
209762759,Lamium purpureum,red deadnettle,Plantae,49.1750029,-122.624019,2024-04-26
209762761,Sturnus vulgaris,European Starling,Aves,49.1750029,-122.624019,2024-04-26
209762768,Zonotrichia leucophrys,White-crowned Sparrow,Aves,49.1750029,-122.624019,2024-04-26
209762769,Funaria hygrometrica,Bonfire moss,Plantae,49.1750029,-122.624019,2024-04-26
209762776,Sturnus vulgaris,European Starling,Aves,49.1750029,-122.624019,2024-04-26
209762781,Turdus migratorius,American Robin,Aves,49.1750029,-122.624019,2024-04-26
209762785,Anas platyrhynchos,Mallard,Aves,49.1750029,-122.624019,2024-04-26
209762786,Corvus brachyrhynchos,American Crow,Aves,49.1750029,-122.624019,2024-04-26
209762796,Anas platyrhynchos,Mallard,Aves,49.1750029,-122.624019,2024-04-26
209762797,Anas platyrhynchos,Mallard,Aves,49.1750029,-122.624019,2024-04-26
209762799,Setophaga coronata,Yellow-rumped Warbler,Aves,49.1750029,-122.624019,2024-04-26
209762806,Rubus ursinus,trailing blackberry,Plantae,49.1750029,-122.624019,2024-04-26
209762807,Rubus spectabilis,Salmonberry,Plantae,49.1750029,-122.624019,2024-04-26
209762813,Racomitrium elongatum,Elongate Rock Moss,Plantae,49.1750029,-122.624019,2024-04-26
209762815,Turdus migratorius,American Robin,Aves,49.1750029,-122.624019,2024-04-26
209762816,Sorbus aucuparia,European mountain ash,Plantae,49.1750029,-122.624019,2024-04-26
209762820,Homalothecium fulgescens,tree mat homalothecium moss,Plantae,49.1750029,-122.624019,2024-04-26
209762824,Poecile atricapillus,Black-capped Chickadee,Aves,49.1750029,-122.624019,2024-04-26
209763056,Ardea herodias,Great Blue Heron,Aves,49.266205711,-123.2597790286,2024-04-26
209765511,Erodium cicutarium,Redstem Stork's-bill,Plantae,49.2190550231,-123.2136629682,2024-04-26
209765577,Neckera menziesii,Menzies' metaneckera moss,Plantae,49.3702471684,-123.1830441339,2024-04-26
209765579,Sphaerophorus tuckermanii,Tuckerman's Coral Lichen,Fungi,49.3702548506,-123.1830468161,2024-04-26
209765583,Pseudisothecium stoloniferum,Cat's Tail Moss,Plantae,49.3702618369,-123.1830521805,2024-04-26
209765594,Hypnum circinale,Coiled-leaf claw-moss,Plantae,49.3685963814,-123.1832638429,2024-04-26
209765597,Alectoria sarmentosa,Witch's Hair,Fungi,49.3702798922,-123.1830206448,2024-04-26
209765599,Callitropsis nootkatensis,Alaska yellow cedar,Plantae,49.3702548371,-123.1830027671,2024-04-26
209765616,Tsuga mertensiana,mountain hemlock,Plantae,49.3702548371,-123.1830340614,2024-04-26
209765619,Abies amabilis,Pacific silver fir,Plantae,49.3736920081,-123.1838934772,2024-04-26
209765620,Pinus monticola,western white pine,Plantae,49.3761013441,-123.1844539544,2024-04-26
209765629,Chlamydomonas nivalis,watermelon snow,Plantae,49.3780351053,-123.1816527536,2024-04-26
209765630,Rhytidiadelphus loreus,Lanky Moss,Plantae,49.3698274989,-123.1839014524,2024-04-26
209765634,Fomitopsis mounceae,Northern Red Belt,Fungi,49.3699400978,-123.1837609051,2024-04-26
209765643,Perisoreus canadensis,Canada Jay,Aves,49.3697025896,-123.1835564358,2024-04-26
209765645,Platismatia glauca,Varied Rag Lichen,Fungi,49.3697549371,-123.1829429408,2024-04-26
209765647,Lobaria pulmonaria,Tree Lungwort,Fungi,49.369524387,-123.1830073138,2024-04-26
209765656,Fomitopsis ochracea,Ochre-banded Conk,Fungi,49.3693567136,-123.18331845,2024-04-26
209765662,Dicranum,Forkmosses,Plantae,49.3684624455,-123.1831467887,2024-04-26
209765663,Rhytidiopsis robusta,Pipecleaner Moss,Plantae,49.3690772566,-123.1824172278,2024-04-26
209765668,Hylocomium splendens,stairstep moss,Plantae,49.3687442935,-123.1834042807,2024-04-26
209765679,Cladonia coniocraea,Common Powderhorn,Fungi,49.3686604555,-123.1834042807,2024-04-26
209765680,Guepiniopsis alpina,alpine jelly cone,Fungi,49.3687442935,-123.1832755347,2024-04-26
209765685,Ganoderma oregonense,West Coast Reishi,Fungi,49.3688141584,-123.1827605506,2024-04-26
209765687,Plagiochila porelloides,lesser featherwort,Plantae,49.3684927791,-123.1830180426,2024-04-26
209765694,Hypotrachyna sinuosa,Green Loop Lichen,Fungi,49.3664526705,-123.183189704,2024-04-26
209765705,Sphyrapicus ruber,Red-breasted Sapsucker,Aves,49.3697095759,-123.1834706051,2024-04-26
209765774,Agelaius phoeniceus,Red-winged Blackbird,Aves,49.2190223084,-123.2132612751,2024-04-26
209766218,Prunus avium,wild cherry,Plantae,49.2584239997,-122.7250442997,2024-04-26
209766436,Malus fusca,Pacific Crab Apple,Plantae,49.1367249722,-123.1951779722,2024-04-26
209766823,Sambucus racemosa,red-berried elder,Plantae,49.2584889997,-122.7236673997,2024-04-26
209767313,Veronica arvensis,corn speedwell,Plantae,49.16459423,-123.16957518,2024-04-26
209767458,Sonchus asper,prickly sowthistle,Plantae,49.16440105,-123.16956548,2024-04-26
209767526,Angelica lucida,sea-watch,Plantae,49.136569,-123.1952059722,2024-04-26
209767660,Xysticus cristatus,Common Crab Spider,Arachnida,49.16459963,-123.16950604,2024-04-26
209767855,Chironomidae,Non-biting Midges,Insecta,49.16409668,-123.16957903,2024-04-26
209767882,Rosa nutkana,Nootka rose,Plantae,49.2584889997,-122.7236673997,2024-04-26
209767913,Homalothecium fulgescens,tree mat homalothecium moss,Plantae,49.16418969,-123.16959992,2024-04-26
209768213,Myriolecis dispersa,Mortar Rim Lichen,Fungi,49.16429645,-123.16991359,2024-04-26
209768553,Plantago major,greater plantain,Plantae,49.16418592,-123.17016908,2024-04-26
209768661,Aesculus hippocastanum,horse-chestnut,Plantae,49.1643638,-123.17012442,2024-04-26
209768803,Ranunculus acris,meadow buttercup,Plantae,49.16470465,-123.17012807,2024-04-26
209768931,Morchella,,Fungi,49.24772,-123.0879445,2024-04-26
209768936,Lecanora allophana,Brown-eyed Rim Lichen,Fungi,49.16543202,-123.16968969,2024-04-26
209769053,Phlyctis argena,Whitewash Lichen,Fungi,49.1653749,-123.16962944,2024-04-26
209769264,Polycauliona candelaria,Shrubby Sunburst Lichen,Fungi,49.16538255,-123.16960918,2024-04-26
209769330,Crataegus douglasii,Black Hawthorn,Plantae,49.258487,-122.7232731,2024-04-26
209769371,Punctelia jeckeri,Powdered Speckled Shield Lichen,Fungi,49.1654113,-123.16956521,2024-04-26
209769572,Equisetum arvense,field horsetail,Plantae,49.16588221,-123.16861778,2024-04-26
209769773,Hedera hibernica,Atlantic Ivy,Plantae,49.16582632,-123.16827547,2024-04-26
209769938,Poa infirma,Early Meadow-grass,Plantae,49.16581216,-123.16831169,2024-04-26
209769982,Antitrichia californica,California antitrichia moss,Plantae,49.1354395997,-123.1948859997,2024-04-26
209770066,Populus trichocarpa,black cottonwood,Plantae,49.2589996,-122.7225422,2024-04-26
209770197,Erodium cicutarium,Redstem Stork's-bill,Plantae,49.16587889,-123.16779557,2024-04-26
209770405,Turdus migratorius,American Robin,Aves,49.132879,-123.1943519722,2024-04-26
209770492,Trifolium pratense,Red Clover,Plantae,49.16568868,-123.16721169,2024-04-26
209770652,Evernia prunastri,Oakmoss,Fungi,49.16566516,-123.16725333,2024-04-26
209770747,Corvus brachyrhynchos,American Crow,Aves,49.1315609722,-123.1944689722,2024-04-26
209770759,Thryomanes bewickii,Bewick's Wren,Aves,49.16560925,-123.16745765,2024-04-26
209770797,Platismatia glauca,Varied Rag Lichen,Fungi,49.16483382,-123.16772086,2024-04-26
209770971,Rubus,brambles,Plantae,49.16484152,-123.16772745,2024-04-26
209771212,Cladonia coniocraea,Common Powderhorn,Fungi,49.16484303,-123.16770121,2024-04-26
209771213,Phalaris arundinacea,reed canary grass,Plantae,49.1310969997,-123.1946468,2024-04-26
209771472,Lumbricus terrestris,Nightcrawler,Animalia,49.16483979,-123.16771204,2024-04-26
209771570,Corvus brachyrhynchos,American Crow,Aves,49.2530467404,-123.1274120161,2024-04-26
209771668,Plantago lanceolata,ribwort plantain,Plantae,49.16461835,-123.16750186,2024-04-26
209771671,Betula pendula,silver birch,Plantae,49.2597917,-122.7219436997,2024-04-26
209771778,Circinaria contorta,Chiseled Sunken Disk Lichen,Fungi,49.16378101,-123.1679491,2024-04-26
209771985,Rumex acetosella,Sheep's sorrel,Plantae,49.16310728,-123.1688656,2024-04-26
209772090,Salix hookeriana,coastal willow,Plantae,49.1303497997,-123.1952739997,2024-04-26
209772210,Barbula,,Plantae,49.16344821,-123.16867497,2024-04-26
209772679,Lonicera involucrata,twinberry honeysuckle,Plantae,49.1297849722,-123.1957069722,2024-04-26
209773084,Populus trichocarpa,black cottonwood,Plantae,49.1296079722,-123.1957749722,2024-04-26
209773114,Cardamine,Bittercresses and Toothworts,Plantae,49.2604383997,-122.7211503,2024-04-26
209774155,Cornus sericea,red osier dogwood,Plantae,49.2610157,-122.7202891997,2024-04-26
209774443,Maleae,,Plantae,49.1295921997,-123.1958125,2024-04-26
209774498,Agelaius phoeniceus,Red-winged Blackbird,Aves,49.2173558247,-123.2126215629,2024-04-26
209774878,Rosa nutkana,Nootka rose,Plantae,49.128297,-123.1955849722,2024-04-26
209775034,Cyperoideae,,Plantae,49.2613472,-122.7199666,2024-04-26
209775418,Barbarea verna,land cress,Plantae,49.1664471667,-122.6674716667,2024-04-26
209775750,Lumbricidae,Lumbricid Earthworms,Animalia,49.3176688162,-123.1869936577,2024-04-26
209775751,Pseudotaxiphyllum elegans,Elegant Silk-moss,Plantae,49.2516852975,-123.1448311371,2024-04-26
209775754,Dicentra formosa,Pacific Bleeding Heart,Plantae,49.2626380965,-123.0567730336,2024-04-26
209775757,Myrica gale,bog myrtle,Plantae,49.2532913,-122.7283235,2024-04-26
209775758,Atrichum undulatum,Catherine's moss,Plantae,49.2758464741,-123.0156097796,2024-04-26
209775760,Athyrium filix-femina,lady fern,Plantae,49.3169953893,-123.0904981034,2024-04-26
209775766,Athyrium filix-femina,lady fern,Plantae,49.2272436982,-123.0972753706,2024-04-26
209775771,Pulvigera,,Plantae,49.2540405011,-123.1620136649,2024-04-26
209775774,Epilobium ciliatum,fringed willowherb,Plantae,49.3274926862,-123.1387699575,2024-04-26
209775782,Epilobium ciliatum,fringed willowherb,Plantae,49.2528962161,-123.0874943346,2024-04-26
209775785,Ranunculus repens,Creeping buttercup,Plantae,49.3847789568,-123.1795457826,2024-04-26
209775788,Oxychilus,Typical Glass Snails,Mollusca,49.2929169736,-123.0687908273,2024-04-26
209775794,Hypericum perforatum,Common St. John's Wort,Plantae,49.301357017,-123.1867155271,2024-04-26
209775798,Erigeron canadensis,horseweed,Plantae,49.3110053601,-123.048595645,2024-04-26
209775803,Equisetum arvense,field horsetail,Plantae,49.3350454663,-123.1945651769,2024-04-26
209775804,Aegopodium podagraria,Goutweed,Plantae,49.3097716209,-123.0560412882,2024-04-26
209775810,Hyacinthoides hispanica,Spanish Bluebell,Plantae,49.3235642698,-123.0863935338,2024-04-26
209775811,Phalangium opilio,European Harvestman,Arachnida,49.3599844813,-123.0521052273,2024-04-26
209775812,Arion,Arion Slugs,Mollusca,49.2070987655,-123.0184029812,2024-04-26
209775815,Trichoniscus pusillus,Common Pygmy Woodlouse,Animalia,49.2003902961,-123.1717953312,2024-04-26
209775816,Armadillidium vulgare,Common Pill Woodlouse,Animalia,49.3879410013,-123.1848809697,2024-04-26
209775817,Kindbergia oregana,Oregon Beaked Moss,Plantae,49.3395873852,-123.1706539512,2024-04-26
209775831,Deroceras reticulatum,Milky Slug,Mollusca,49.3937957487,-123.1385412402,2024-04-26
209775832,Taraxacum officinale,common dandelion,Plantae,49.3920409521,-123.1499969947,2024-04-26
209775833,Arion,Arion Slugs,Mollusca,49.324898422,-123.1394764457,2024-04-26
209775851,Athyrium filix-femina,lady fern,Plantae,49.3956729735,-123.0128599845,2024-04-26
209775852,Cylindroiulus caeruleocinctus,,Animalia,49.3017333086,-123.165140471,2024-04-26
209775855,Blaniulidae,Thin Snake Millipedes,Animalia,49.2632959421,-123.1462787221,2024-04-26
209775865,Cylindroiulus caeruleocinctus,,Animalia,49.2164146828,-123.0929362839,2024-04-26
209775874,Oxychilus,Typical Glass Snails,Mollusca,49.3214914436,-123.0318265622,2024-04-26
209775875,Calymmaria,,Arachnida,49.3504647224,-123.1711956522,2024-04-26
209775876,Nebria brevicollis,European Gazelle Beetle,Insecta,49.3365014401,-123.0744497759,2024-04-26
209775884,Grimmia pulvinata,Grey-cushioned Grimmia,Plantae,49.2748474683,-123.169148333,2024-04-26
209775885,Lunularia cruciata,Crescent-cup liverwort,Plantae,49.3123095386,-123.0451111361,2024-04-26
209775887,Racomitrium aciculare,Yellow Fringe-moss,Plantae,49.2429782433,-123.0366441552,2024-04-26
209775915,Homalothecium fulgescens,tree mat homalothecium moss,Plantae,49.3627115784,-123.017656434,2024-04-26
209775917,Lamium purpureum,red deadnettle,Plantae,49.2664132265,-123.1915600659,2024-04-26
209775919,Parmelioideae,typical shield lichens,Fungi,49.3738900432,-123.0052761954,2024-04-26
209775936,Pulvigera,,Plantae,49.3135050965,-123.1598878491,2024-04-26
209775937,Cerastium glomeratum,Sticky mouse-ear chickweed,Plantae,49.2714253716,-123.1769894499,2024-04-26
209775938,Evernia prunastri,Oakmoss,Fungi,49.2374299148,-123.1410777908,2024-04-26
209775952,Trifolium repens,white clover,Plantae,49.3621740391,-123.0640014405,2024-04-26
209775953,Lithobius forficatus,Brown Centipede,Animalia,49.3337029771,-123.10099706,2024-04-26
209776347,Medicago sativa,Alfalfa,Plantae,49.127138,-123.1953,2024-04-26
209776523,Comarum palustre,marsh cinquefoil,Plantae,49.2532913,-122.7283235,2024-04-26
209776918,Juncus balticus,Baltic Rush,Plantae,49.125967,-123.1944749722,2024-04-26
209777208,Equisetum arvense,field horsetail,Plantae,49.127786,-123.195435,2024-04-26
209777222,Lepidium campestre,field peppergrass,Plantae,49.1664278333,-122.6675033333,2024-04-26
209778187,Salix,Willows,Plantae,49.2617043997,-122.7199927997,2024-04-26
209778234,Quercus garryana,Oregon oak,Plantae,49.1258288,-123.1936477997,2024-04-26
209778779,Berberis aquifolium,Oregon grape,Plantae,49.125289,-123.193375,2024-04-26
209778906,Ardea herodias,Great Blue Heron,Aves,49.2591196997,-122.7223266997,2024-04-26
209779094,Hedera helix,common ivy,Plantae,49.1252929722,-123.1933219722,2024-04-26
209779394,Agelaius phoeniceus,Red-winged Blackbird,Aves,49.2188793905,-123.2132730599,2024-04-26
209779852,Lysimachia latifolia,Western Starflower,Plantae,49.3179931641,-122.9213180542,2024-04-26
209779863,Agelaius phoeniceus,Red-winged Blackbird,Aves,49.2188988621,-123.2132232839,2024-04-26
209780590,Corvus brachyrhynchos,American Crow,Aves,49.2195463715,-123.2137919209,2024-04-26
209780711,Dasiphora fruticosa,shrubby cinquefoil,Plantae,49.1252453997,-123.1917215997,2024-04-26
209780977,Carex macrocephala,big-head sedge,Plantae,49.2186072188,-123.2141258315,2024-04-26
209781115,Malus fusca,Pacific Crab Apple,Plantae,49.1252528997,-123.1917360997,2024-04-26
209781480,Betula pendula,silver birch,Plantae,49.1250819997,-123.1912034,2024-04-26
209781497,Cytisus scoparius,Scotch Broom,Plantae,49.2195918705,-123.2142105819,2024-04-26
209781695,Trifolium repens,white clover,Plantae,49.125165,-123.188308,2024-04-26
209781979,Cakile edentula,American searocket,Plantae,49.2185066645,-123.2141103873,2024-04-26
209782367,Rumex acetosella,Sheep's sorrel,Plantae,49.2179465936,-123.2137203413,2024-04-26
209782651,Scleropodium obtusifolium,obtuseleaf scleropodium moss,Plantae,49.125345,-123.187111,2024-04-26
209782813,Plantago lanceolata,ribwort plantain,Plantae,49.2183081259,-123.2139640569,2024-04-26
209782844,Eristalinus aeneus,Common Lagoon Fly,Insecta,49.0326721667,-123.07415,2024-04-26
209783070,Racomitrium elongatum,Elongate Rock Moss,Plantae,49.1253979722,-123.1870789722,2024-04-26
209783376,Bellis perennis,Lawn daisy,Plantae,49.1253758,-123.187014,2024-04-26
209783554,Rumex obtusifolius,broad-leaved dock,Plantae,49.1246379722,-123.1861569722,2024-04-26
209783663,Oniscus asellus,Common Shiny Woodlouse,Animalia,49.0326695,-123.0741721667,2024-04-26
209783843,Draba verna,Common Whitlowgrass,Plantae,49.2731647047,-123.0232839659,2024-04-26
209783875,Solidago canadensis,Canada goldenrod,Plantae,49.1241334997,-123.1855975997,2024-04-26
209783890,Thamnophis ordinoides,Northwestern Garter Snake,Reptilia,49.0791807726,-123.1321115792,2024-04-26
209784137,Cytisus scoparius,Scotch Broom,Plantae,49.2178185323,-123.2137150132,2024-04-26
209784194,Quercus robur,English oak,Plantae,49.0325445,-123.0741888333,2024-04-26
209784395,Rubus bifrons,Himalayan Blackberry,Plantae,49.16645,-122.6676116667,2024-04-26
209784525,Hydroprogne caspia,Caspian Tern,Aves,49.2169847233,-123.2153699235,2024-04-26
209784530,Lathyrus latifolius,broad-leaved sweet pea,Plantae,49.2323888883,-122.8013222217,2024-04-26
209784532,Urtica dioica,,Plantae,49.2374111117,-122.796805555,2024-04-26
209784535,Prunus virginiana,chokecherry,Plantae,49.237444445,-122.7946777783,2024-04-26
209784548,Cepaea nemoralis,Brown-lipped Snail,Mollusca,49.2374888883,-122.7927861117,2024-04-26
209784549,Prunus virginiana,chokecherry,Plantae,49.2374916667,-122.792694445,2024-04-26
209784550,Lonicera involucrata,twinberry honeysuckle,Plantae,49.23745,-122.7925027783,2024-04-26
209784559,Branta canadensis,Canada Goose,Aves,49.2321981716,-122.8020501149,2024-04-26
209784560,Zonotrichia leucophrys,White-crowned Sparrow,Aves,49.236361235,-122.8004474187,2024-04-26
209784563,Equisetum,,Plantae,49.2352638883,-122.799644445,2024-04-26
209784568,Ardea herodias,Great Blue Heron,Aves,49.2369996915,-122.7987634798,2024-04-26
209784569,Oemleria cerasiformis,Osoberry,Plantae,49.2315638883,-122.8048861117,2024-04-26
209784577,Equisetum telmateia,great horsetail,Plantae,49.2314638883,-122.8050611117,2024-04-26
209784580,Rubus spectabilis,Salmonberry,Plantae,49.2317,-122.8046638883,2024-04-26
209784581,Arion ater,Black Slug,Mollusca,49.2317972217,-122.804419445,2024-04-26
209784589,Ranunculus repens,Creeping buttercup,Plantae,49.2318277783,-122.8040777783,2024-04-26
209784594,Agelaius phoeniceus,Red-winged Blackbird,Aves,49.2373788165,-122.7932235859,2024-04-26
209784596,Anthriscus sylvestris,Cow Parsley,Plantae,49.2319611117,-122.8035888883,2024-04-26
209784599,Agelaius phoeniceus,Red-winged Blackbird,Aves,49.2374666106,-122.7934854355,2024-04-26
209784604,Rubus spectabilis,Salmonberry,Plantae,49.2325222217,-122.8029722217,2024-04-26
209784605,Cerrena,,Fungi,49.2372690268,-122.792791893,2024-04-26
209784612,Rubus spectabilis,Salmonberry,Plantae,49.2337,-122.8017722217,2024-04-26
209784614,Sambucus racemosa,red-berried elder,Plantae,49.2337083333,-122.8017277783,2024-04-26
209784616,Spiraea douglasii,Rose Spirea,Plantae,49.232680555,-122.8028333333,2024-04-26
209784624,Calliergonella cuspidata,Pointed Spear-moss,Plantae,49.233180555,-122.8019722217,2024-04-26
209784625,Agelaius phoeniceus,Red-winged Blackbird,Aves,49.23692,-122.7994383333,2024-04-26
209784626,Equisetum arvense,field horsetail,Plantae,49.2336583333,-122.8016972217,2024-04-26
209784633,Life,life,,49.2375160941,-122.7939937872,2024-04-26
209784635,Populus trichocarpa,black cottonwood,Plantae,49.2348027783,-122.7997888883,2024-04-26
209784638,Nuphar polysepala,western yellow pond-lily,Plantae,49.2374999477,-122.7943969743,2024-04-26
209784642,Rubus parviflorus,thimbleberry,Plantae,49.1239709722,-123.1829979722,2024-04-26
209784644,Populus trichocarpa,black cottonwood,Plantae,49.2366,-122.8003527783,2024-04-26
209784645,Parmelia sulcata,Netted shield lichen,Fungi,49.2366527783,-122.8004388883,2024-04-26
209784653,Lupinus,lupines,Plantae,49.23705,-122.8008111117,2024-04-26
209784655,Usnea,beard lichens,Fungi,49.2367472217,-122.8006583333,2024-04-26
209784658,Dacrymyces stillatus,Jelly Spot Fungus,Fungi,49.2367472217,-122.8006583333,2024-04-26
209784664,Dicranoweisia cirrata,Common Pincushion,Plantae,49.2366861117,-122.8005833333,2024-04-26
209784665,Pulvigera,,Plantae,49.2366611117,-122.800530555,2024-04-26
209784666,Cladonia chlorophaea,Mealy Pixie Cup,Fungi,49.2366527783,-122.800544445,2024-04-26
209784670,Silene dioica,red campion,Plantae,49.236519445,-122.8003611117,2024-04-26
209784671,Ardea herodias,Great Blue Heron,Aves,49.2333717095,-122.8002170813,2024-04-26
209784673,Rosa nutkana,Nootka rose,Plantae,49.2366527783,-122.8002611117,2024-04-26
209784738,Bellis perennis,Lawn daisy,Plantae,49.2731618609,-123.02324038,2024-04-26
209784962,Haliaeetus leucocephalus,Bald Eagle,Aves,49.2162512774,-123.2152588803,2024-04-26
209785142,Eristalis arbustorum,Eurasian Drone Fly,Insecta,49.0326638333,-123.0742028333,2024-04-26
209785255,Cytisus scoparius,Scotch Broom,Plantae,49.1661305,-122.667795,2024-04-26
209785726,Plantago lanceolata,ribwort plantain,Plantae,49.2730758912,-123.0231210217,2024-04-26
209785815,Hypericum perforatum,Common St. John's Wort,Plantae,49.1661083333,-122.6677383333,2024-04-26
209785868,Ardea herodias,Great Blue Heron,Aves,49.2158528117,-123.2167357175,2024-04-26
209786027,Pteridium aquilinum pubescens,Hairy brackenfern,Plantae,49.1661305,-122.6674716667,2024-04-26
209786237,Anas crecca,Green-winged Teal,Aves,49.2164176098,-123.2157539647,2024-04-26
209786322,Populus trichocarpa,black cottonwood,Plantae,49.1660945,-122.667245,2024-04-26
209786387,Brassicaceae,mustard family,Plantae,49.2731364856,-123.0231632665,2024-04-26
209786412,Centaurea montana,Perennial Cornflower,Plantae,49.0325388333,-123.0741583333,2024-04-26
209786555,Haemorhous purpureus,Purple Finch,Aves,49.2868466667,-122.9797583333,2024-04-26
209786616,Ardea herodias,Great Blue Heron,Aves,49.2171835761,-123.2145920625,2024-04-26
209786751,Asteraceae,"Sunflowers, Daisies, Asters, and Allies",Plantae,49.1661083333,-122.667245,2024-04-26
209786763,Dicentra formosa,Pacific Bleeding Heart,Plantae,49.0325666667,-123.0741666667,2024-04-26
209786929,Ardea herodias,Great Blue Heron,Aves,49.2179942069,-123.2159781703,2024-04-26
209787047,Hypochaeris,Cat's-Ears,Plantae,49.2730640786,-123.0230982229,2024-04-26
209787227,Spiraea douglasii,Rose Spirea,Plantae,49.1655111667,-122.6663666667,2024-04-26
209787243,Calliphora vicina,Blue Blowfly,Insecta,49.2085838859,-123.2268034497,2024-04-26
209787330,Cytisus scoparius,Scotch Broom,Plantae,49.2173401126,-123.2130195386,2024-04-26
209787341,Chronosemium,,Plantae,49.2731815486,-123.0231874064,2024-04-26
209787541,Racomitrium,,Plantae,49.1655388333,-122.6663583333,2024-04-26
209787818,Setophaga coronata,Yellow-rumped Warbler,Aves,49.2174540305,-123.2131624594,2024-04-26
209788010,Schizophyllum commune,splitgill mushroom,Fungi,49.16545,-122.6661833333,2024-04-26
209788329,Sturnus vulgaris,European Starling,Aves,49.330431677,-123.1882352549,2024-04-26
209788333,Haemorhous purpureus,Purple Finch,Aves,49.2868466667,-122.9797583333,2024-04-26
209788355,Buxus sempervirens,common box,Plantae,49.1652333333,-122.666,2024-04-26
209788628,Colaptes auratus,Northern Flicker,Aves,49.3132549248,-123.1414510053,2024-04-26
209788723,Hyacinthoides hispanica,Spanish Bluebell,Plantae,49.1651416667,-122.6659616667,2024-04-26
209788755,Lamium purpureum,red deadnettle,Plantae,49.2178620915,-123.2130910011,2024-04-26
209789173,Lumbricus terrestris,Nightcrawler,Animalia,49.287045,-122.7870333333,2024-04-26
209789253,Rubra,Acer sect. Rubra,Plantae,49.16495,-122.6658783333,2024-04-26
209789661,Bombus melanopygus,Black-tailed Bumble Bee,Insecta,49.2175792124,-123.2131789728,2024-04-26
209789847,Rosa,roses,Plantae,49.1648971667,-122.665855,2024-04-26
209790126,Rubus,brambles,Plantae,49.2178501941,-123.2133106554,2024-04-26
209790432,Formicidae,Ants,Insecta,49.1649333333,-122.66587,2024-04-26
209790560,Cornus nuttallii,Pacific Dogwood,Plantae,49.2170479425,-123.212756684,2024-04-26
209790879,Cytisus scoparius,Scotch Broom,Plantae,49.2172345316,-123.2125829108,2024-04-26
209790919,Veronica arvensis,corn speedwell,Plantae,49.2731771735,-123.0231827125,2024-04-26
209791197,Cornus,dogwoods,Plantae,49.1981083333,-122.8123555556,2024-04-26
209791235,Rubus parviflorus,thimbleberry,Plantae,49.16465,-122.6657333333,2024-04-26
209791500,Rumex acetosella,Sheep's sorrel,Plantae,49.1646278333,-122.665755,2024-04-26
209791846,Scolopacidae,Sandpipers and Allies,Aves,49.2164019632,-123.2134887924,2024-04-26
209791876,Equisetum arvense,field horsetail,Plantae,49.1646388333,-122.6657416667,2024-04-26
209791941,Geranium,geraniums and cranesbills,Plantae,49.27219254,-123.1108737799,2024-04-26
209791944,Berberis nervosa,Cascade Oregon-grape,Plantae,49.27222941,-123.11087391,2024-04-26
209791946,Rosa,roses,Plantae,49.27224105,-123.11087272,2024-04-26
209791953,Rosales,"Roses, Elms, Figs, and Allies",Plantae,49.2722332,-123.11087713,2024-04-26
209791954,Lamium purpureum,red deadnettle,Plantae,49.2722332,-123.11087713,2024-04-26
209791970,Plantago lanceolata,ribwort plantain,Plantae,49.2722332,-123.11087713,2024-04-26
209791981,Pezizomycotina,Sac Fungi and Lichens,Fungi,49.2722332,-123.11087713,2024-04-26
209791989,Turdus migratorius,American Robin,Aves,49.2706436508,-123.1102438074,2024-04-26
209791999,Achillea millefolium,common yarrow,Plantae,49.2732038613,-123.0231874064,2024-04-26
209792000,Setophaga coronata,Yellow-rumped Warbler,Aves,49.2705532144,-123.1103691015,2024-04-26
209792014,Setophaga coronata auduboni,Audubon's Warbler,Aves,49.270682539,-123.1104371486,2024-04-26
209792021,Trachemys scripta elegans,Red-eared Slider,Reptilia,49.2708046151,-123.1103661573,2024-04-26
209792023,Agelaius phoeniceus,Red-winged Blackbird,Aves,49.2711567576,-123.1106893371,2024-04-26
209792024,Zonotrichia atricapilla,Golden-crowned Sparrow,Aves,49.2711109001,-123.11070443,2024-04-26
209792034,Spinus tristis,American Goldfinch,Aves,49.2711969969,-123.1103875934,2024-04-26
209792035,Melospiza lincolnii,Lincoln's Sparrow,Aves,49.27214791,-123.11099509,2024-04-26
209792037,Acer macrophyllum,bigleaf maple,Plantae,49.27230902,-123.11047265,2024-04-26
209792044,Sturnus vulgaris,European Starling,Aves,49.2718222329,-123.1113086233,2024-04-26
209792045,Psaltriparus minimus,Bushtit,Aves,49.2722019584,-123.1107847704,2024-04-26
209792046,Mareca strepera,Gadwall,Aves,49.27167705,-123.11075443,2024-04-26
209792057,Colaptes auratus,Northern Flicker,Aves,49.2706174325,-123.1103864531,2024-04-26
209792058,Agelaius phoeniceus,Red-winged Blackbird,Aves,49.2712928458,-123.1103827346,2024-04-26
209792067,Magnoliopsida,Dicots,Plantae,49.26943115,-123.11193367,2024-04-26
209792069,Leymus mollis,American lyme grass,Plantae,49.27202969,-123.11084721,2024-04-26
209792071,Geranium robertianum,Herb Robert,Plantae,49.27210593,-123.11080155,2024-04-26
209792080,Cirsium,Plume Thistles,Plantae,49.27210965,-123.1107911499,2024-04-26
209792083,Pseudotsuga menziesii,Douglas-fir,Plantae,49.27219166,-123.1108739399,2024-04-26
209792084,Dicranales,,Plantae,49.27215163,-123.1108681299,2024-04-26
209792295,Aythya collaris,Ring-necked Duck,Aves,49.2205733003,-123.2107259234,2024-04-26
209792400,Moenchia erecta,Upright Chickweed,Plantae,49.273208455,-123.0231750011,2024-04-26
209792667,Rubus laciniatus,Cutleaf Blackberry,Plantae,49.164575,-122.6657866667,2024-04-26
209792727,Cistothorus palustris,Marsh Wren,Aves,49.2172375184,-123.2105479919,2024-04-26
209792871,Montia fontana,blinks,Plantae,49.2731797985,-123.0231729895,2024-04-26
209793023,Malus fusca,Pacific Crab Apple,Plantae,49.1653971667,-122.666725,2024-04-26
209793044,Hirundo rustica,Barn Swallow,Aves,49.2172687481,-123.2109061428,2024-04-26
209793317,Rumex acetosella,Sheep's sorrel,Plantae,49.2731953299,-123.0231884122,2024-04-26
209793361,Corvus brachyrhynchos,American Crow,Aves,49.1653528333,-122.6670133333,2024-04-26
209793617,Poa,Meadow-grasses,Plantae,49.2731994862,-123.0231756717,2024-04-26
209793687,Agelaius phoeniceus,Red-winged Blackbird,Aves,49.2209455097,-123.2101644233,2024-04-26
209793728,Cytisus scoparius,Scotch Broom,Plantae,49.1653833333,-122.66738,2024-04-26
209793914,Cepaea nemoralis,Brown-lipped Snail,Mollusca,49.1653945,-122.6673883333,2024-04-26
209794073,Turdus migratorius,American Robin,Aves,49.2206537837,-123.2119660113,2024-04-26
209794114,Malus fusca,Pacific Crab Apple,Plantae,49.164825,-122.66793,2024-04-26
209794321,Cerastium fontanum,Common mouse-ear chickweed,Plantae,49.2732045175,-123.0231773481,2024-04-26
209794362,Agelaius phoeniceus,Red-winged Blackbird,Aves,49.218800768,-123.2135048686,2024-04-26
209794414,Arthropoda,Arthropods,Animalia,49.3336639404,-123.0309371948,2024-04-26
209794440,Orthotrichaceae,,Plantae,49.2722332,-123.11087713,2024-04-26
209794443,Anthemideae,"Chamomiles, yarrows, and allies",Plantae,49.2721768339,-123.1109739699,2024-04-26
209794444,Ribes sanguineum,Red-flowering Currant,Plantae,49.2722332,-123.11087713,2024-04-26
209794451,Leymus mollis,American lyme grass,Plantae,49.27217095,-123.1112267601,2024-04-26
209794456,Geranium robertianum,Herb Robert,Plantae,49.27215459,-123.11112865,2024-04-26
209794466,Sonchus,sow thistles,Plantae,49.2721487567,-123.1110111267,2024-04-26
209794477,Grimmia pulvinata,Grey-cushioned Grimmia,Plantae,49.27214791,-123.11099509,2024-04-26
209794489,Stereum,,Fungi,49.27214791,-123.11099509,2024-04-26
209794496,Rumex obtusifolius,broad-leaved dock,Plantae,49.27214791,-123.11099509,2024-04-26
209794504,Agaricales,Common Gilled Mushrooms and Allies,Fungi,49.2722473948,-123.1106705607,2024-04-26
209794512,Bryopsida,Joint-toothed Mosses,Plantae,49.2722423615,-123.1106695891,2024-04-26
209794517,Prunus,"plums, cherries, and allies",Plantae,49.2722449,-123.11049858,2024-04-26
209794526,Symphoricarpos,snowberries,Plantae,49.27224236,-123.1103846,2024-04-26
209794533,Ribes sanguineum,Red-flowering Currant,Plantae,49.27228891,-123.11040114,2024-04-26
209794539,Ribes sanguineum,Red-flowering Currant,Plantae,49.2723664,-123.1103696599,2024-04-26
209794547,Geranium,geraniums and cranesbills,Plantae,49.2722599545,-123.1103575411,2024-04-26
209794552,Homalothecium,homalothecium mosses,Plantae,49.2723684822,-123.1102351551,2024-04-26
209794557,Lupinus polyphyllus,Large-leaved lupine,Plantae,49.1646333333,-122.6677333333,2024-04-26
209794558,Ptychostomum capillare,Capillary Thread-moss,Plantae,49.2723071409,-123.1102602732,2024-04-26
209794575,Armadillidium vulgare,Common Pill Woodlouse,Animalia,49.27222276,-123.1107115882,2024-04-26
209794581,Oxychilus,Typical Glass Snails,Mollusca,49.2722210037,-123.1107718911,2024-04-26
209794591,Amygdaloideae,,Plantae,49.27229689,-123.11040462,2024-04-26
209794598,Schizophora,Schizophoran Flies,Insecta,49.27231109,-123.11047268,2024-04-26
209794604,Prunus,"plums, cherries, and allies",Plantae,49.27230902,-123.11047265,2024-04-26
209794617,Kindbergia,,Plantae,49.27230902,-123.11047265,2024-04-26
209794623,Agelaius phoeniceus,Red-winged Blackbird,Aves,49.2187191266,-123.2135009766,2024-04-26
209794633,Mesostigmata,Mesostigs,Arachnida,49.27230902,-123.11047265,2024-04-26
209794650,Cladonia,pixie cup and reindeer lichens,Fungi,49.27230902,-123.11047265,2024-04-26
209794665,Berberis aquifolium,Oregon grape,Plantae,49.27230902,-123.11047265,2024-04-26
209794676,Agaricomycetidae,,Fungi,49.27230902,-123.11047265,2024-04-26
209794687,Fragaria,strawberries,Plantae,49.2711447192,-123.1104509855,2024-04-26
209794726,Punctelia subrudecta,Powdered Speckled Shield Lichen,Fungi,49.2732053925,-123.0231743306,2024-04-26
209795038,Candelariaceae,,Fungi,49.2732082363,-123.0231733248,2024-04-26
209795055,Life,life,,49.3687083764,-123.041210534,2024-04-26
209795273,Cirsium vulgare,Bull Thistle,Plantae,49.1647833333,-122.6674283333,2024-04-26
209795278,Physcia,rosette lichens,Fungi,49.2732150176,-123.0231632665,2024-04-26
209795450,Leiothlypis celata,Orange-crowned Warbler,Aves,49.2170477988,-123.2127329544,2024-04-26
209795493,Lotus pedunculatus,greater bird's-foot-trefoil,Plantae,49.1648305,-122.6673366667,2024-04-26
209795536,Didymodon,,Plantae,49.2732200489,-123.0231522024,2024-04-26
209795731,Polytrichum juniperinum,juniper haircap moss,Plantae,49.1650361667,-122.6671833333,2024-04-26
209795902,Melanohalea exasperatula,Lustrous Camouflage Lichen,Fungi,49.2732158926,-123.0231568962,2024-04-26
209796028,Turdus migratorius,American Robin,Aves,49.1651305,-122.6670533333,2024-04-26
209796596,Turdus migratorius,American Robin,Aves,49.1652833333,-122.6664883333,2024-04-26
209796831,Cirsium vulgare,Bull Thistle,Plantae,49.1650055,-122.6661133333,2024-04-26
209797220,Rubus bifrons,Himalayan Blackberry,Plantae,49.164875,-122.6662533333,2024-04-26
209797506,Trametes versicolor,turkey-tail,Fungi,49.1648861667,-122.6663283333,2024-04-26
209797787,Leucanthemum vulgare,oxeye daisy,Plantae,49.1647111667,-122.6660533333,2024-04-26
209797901,Syringa vulgaris,common lilac,Plantae,49.3787209243,-123.1264984562,2024-04-26
209797965,Verbascum thapsus,great mullein,Plantae,49.1645695,-122.6658466667,2024-04-26
209798123,Geranium robertianum,Herb Robert,Plantae,49.1656445,-122.6659083333,2024-04-26
209798160,Rubus idaeus,red raspberry,Plantae,49.2734969328,-123.0256139159,2024-04-26
209798318,Rumex obtusifolius,broad-leaved dock,Plantae,49.1659695,-122.6660166667,2024-04-26
209798552,Spiraea douglasii,Rose Spirea,Plantae,49.2949652021,-123.1099802603,2024-04-26
209798651,Corvus brachyrhynchos,American Crow,Aves,49.2678138,-123.06110677,2024-04-26
209798732,Alnus rubra,Red Alder,Plantae,49.2101480543,-123.0430643562,2024-04-26
209798951,Oemleria cerasiformis,Osoberry,Plantae,49.3809346349,-123.1900093242,2024-04-26
209799118,Gaultheria shallon,salal,Plantae,49.2805216592,-123.122904421,2024-04-26
209799297,Ramularia rubella,,Fungi,49.1658695,-122.66607,2024-04-26
209799331,Aquilegia formosa,western columbine,Plantae,49.2449467881,-123.1219997942,2024-04-26
209799591,Psaltriparus minimus,Bushtit,Aves,49.26764841,-123.06008397,2024-04-26
209799655,Crepidinae,"dandelions, hawksbeards, and rattlesnake roots",Plantae,49.1616553678,-123.1434346504,2024-04-26
209799777,Dicentra formosa,Pacific Bleeding Heart,Plantae,49.2164859441,-123.0445569397,2024-04-26
209799816,Bellis perennis,Lawn daisy,Plantae,49.1615791175,-123.1436064404,2024-04-26
209800100,Symphyotrichum subspicatum,Douglas' Aster,Plantae,49.2127560142,-123.138817064,2024-04-26
209800348,Polygonatum multiflorum,Solomon's-seal,Plantae,49.2263264825,-123.108277578,2024-04-26
209800446,Poecile atricapillus,Black-capped Chickadee,Aves,49.3138805725,-123.1697762077,2024-04-26
209800541,Rosa gymnocarpa,Baldhip Rose,Plantae,49.3062682054,-123.0469722092,2024-04-26
209800622,Lupinus,lupines,Plantae,49.1614780462,-123.1435738063,2024-04-26
209800681,Geum macrophyllum,Large-leaved Avens,Plantae,49.2285585149,-123.0789338669,2024-04-26
209800842,Salix scouleriana,Scouler's willow,Plantae,49.2312845483,-123.0623814641,2024-04-26
209800982,Urtica dioica,,Plantae,49.1615097038,-123.1436135397,2024-04-26
209801022,Geum macrophyllum,Large-leaved Avens,Plantae,49.2224511382,-123.137909821,2024-04-26
209801268,Brachycera,Brachyceran Flies,Insecta,49.381385336,-123.0417823209,2024-04-26
209801301,Mycelis muralis,Wall Lettuce,Plantae,49.345776391,-123.1532933762,2024-04-26
209801539,Taraxacum officinale,common dandelion,Plantae,49.3555616063,-123.0375590733,2024-04-26
209802046,Heracleum maximum,common cowparsnip,Plantae,49.3994033267,-123.0975958244,2024-04-26
209802104,Gasterosteus aculeatus,Threespine Stickleback,Actinopterygii,49.2678111139,-123.1206246838,2024-04-26
209802147,Mytilus,Black Mussels,Mollusca,49.2689379428,-123.1205518076,2024-04-26
209802222,Fragaria virginiana,Virginia strawberry,Plantae,49.3385163553,-123.0311152631,2024-04-26
209802281,Cirripedia,Barnacles,Animalia,49.2689751783,-123.1202633599,2024-04-26
209802430,Geum macrophyllum,Large-leaved Avens,Plantae,49.2156365673,-123.1942241213,2024-04-26
209802500,Athyrium filix-femina,lady fern,Plantae,49.1614736599,-123.1434706956,2024-04-26
209802555,Polypodiopsida,Ferns,Plantae,49.1614561926,-123.1435392491,2024-04-26
209802748,Fragaria vesca,woodland strawberry,Plantae,49.3575972713,-123.1558695473,2024-04-26
209802944,Prunella vulgaris,common selfheal,Plantae,49.2793961106,-123.1367371022,2024-04-26
209803093,Plantago major,greater plantain,Plantae,49.2090290743,-123.0219665402,2024-04-26
209803376,Achillea millefolium,common yarrow,Plantae,49.3112710717,-123.0404185084,2024-04-26
209803564,Sturnus vulgaris,European Starling,Aves,49.2584283333,-123.0981138333,2024-04-26
209803792,Guepiniopsis alpina,alpine jelly cone,Fungi,49.2610333333,-123.2197033333,2024-04-26
209803805,Lecanoromycetes,Common Lichens,Fungi,49.1610364654,-123.1436612422,2024-04-26
209803806,Allium cernuum,nodding onion,Plantae,49.3438209528,-123.1664597314,2024-04-26
209803895,Passer domesticus,House Sparrow,Aves,49.2584216667,-123.0981445,2024-04-26
209803919,Eriophyllum lanatum,common woolly sunflower,Plantae,49.3040000593,-123.0153461404,2024-04-26
209804058,Sedum oreganum,Oregon Stonecrop,Plantae,49.2063535909,-123.1394246431,2024-04-26
209804129,Cymbalaria muralis,Ivy-leaved toadflax,Plantae,49.2584883333,-123.0981611667,2024-04-26
209804267,Sedum spathulifolium,Broad-leaved Stonecrop,Plantae,49.2673645588,-123.1944892872,2024-04-26
209804402,Tellima grandiflora,fringe cups,Plantae,49.3406242651,-123.0161332351,2024-04-26
209804520,Rubus ursinus,trailing blackberry,Plantae,49.3628431158,-123.1857538447,2024-04-26
209804696,Ribes divaricatum,spreading gooseberry,Plantae,49.317995895,-123.0397808984,2024-04-26
209805303,Cornus sericea,red osier dogwood,Plantae,49.2124625237,-123.1069628078,2024-04-26
209805412,Rubus spectabilis,Salmonberry,Plantae,49.3716891929,-123.1846530266,2024-04-26
209805535,Poecile atricapillus,Black-capped Chickadee,Aves,49.2585,-123.0980528333,2024-04-26
209805587,Solidago lepida,Elegant Goldenrod,Plantae,49.3136041697,-123.0757779622,2024-04-26
209805654,Amanita,amanita mushrooms,Fungi,49.2642116667,-123.0792611667,2024-04-26
209806009,Vinca minor,lesser periwinkle,Plantae,49.25842,-123.098175,2024-04-26
209806093,Geranium robertianum,Herb Robert,Plantae,49.2779400666,-123.1432062016,2024-04-26
209806692,Senecio vulgaris,common groundsel,Plantae,49.2578383333,-123.09835,2024-04-26
209807509,Ramalina farinacea,Farinose Cartilage Lichen,Fungi,49.2575866667,-123.0983805,2024-04-26
209807676,Evernia prunastri,Oakmoss,Fungi,49.2576866667,-123.0982666667,2024-04-26
209808101,Carduinae,Thistles and Burdocks,Plantae,49.1614222734,-123.1439076986,2024-04-26
209808356,Calystegia,false bindweeds,Plantae,49.25051515,-122.9812992645,2024-04-26
209808875,Sorbus,Rowans and Mountain Ashes,Plantae,49.2682581709,-123.1187675707,2024-04-26
209809786,Polistes dominula,European Paper Wasp,Insecta,49.1616980638,-123.1433298837,2024-04-26
209809856,Saxifragaceae,saxifrage family,Plantae,49.2679001954,-123.1186004891,2024-04-26
209809981,Calidris alpina,Dunlin,Aves,49.2162510792,-123.2073359586,2024-04-26
209810195,Geranium robertianum,Herb Robert,Plantae,49.267983662,-123.1188163676,2024-04-26
209810199,Limax maximus,Leopard Slug,Mollusca,49.1293260853,-123.1616362824,2024-04-26
209810214,Cucumaria miniata,Orange Sea Cucumber,Animalia,49.3016662598,-122.9597854614,2024-04-26
209810219,Calyptratae,Calyptrate Flies,Insecta,49.1612022649,-123.1434485237,2024-04-26
209810608,Calidris mauri,Western Sandpiper,Aves,49.2159866234,-123.2077151451,2024-04-26
209811227,Bombus impatiens,Common Eastern Bumble Bee,Insecta,49.161073083,-123.1435916886,2024-04-26
209811642,Bombus impatiens,Common Eastern Bumble Bee,Insecta,49.16107132,-123.1436674008,2024-04-26
209812046,Bellis perennis,Lawn daisy,Plantae,49.16414759,-123.17015752,2024-04-26
209812548,Aesculus,buckeyes and horse-chestnuts,Plantae,49.0924252965,-123.0831068867,2024-04-26
209813391,Sequoiadendron giganteum,giant sequoia,Plantae,49.0923328119,-123.0830866133,2024-04-26
209813550,Picea omorika,Serbian spruce,Plantae,49.0923131895,-123.0829024131,2024-04-26
209814063,Parrotia persica,Persian ironwood,Plantae,49.0923678139,-123.0828395237,2024-04-26
209814822,Life,life,,49.1615471989,-123.1435499435,2024-04-26
209815481,Sequoiadendron,giant sequoias,Plantae,49.0922663693,-123.0827737662,2024-04-26
209815566,Fagus,beeches,Plantae,49.0920516517,-123.0829431375,2024-04-26
209815772,Acer platanoides,Norway maple,Plantae,49.0917952963,-123.0829795181,2024-04-26
209815993,Rubus bifrons,Himalayan Blackberry,Plantae,49.0917277719,-123.0829814882,2024-04-26
209816440,Magnoliopsida,Dicots,Plantae,49.2180913876,-123.2088617573,2024-04-26
209818345,Haemorhous mexicanus,House Finch,Aves,49.2832746686,-123.1465910767,2024-04-26
209821335,Phyllobius intrusus,Arborvitae Weevil,Insecta,49.2837216667,-122.95202,2024-04-26
209821711,Tellima grandiflora,fringe cups,Plantae,49.3234716667,-123.1572278333,2024-04-26
209822487,Laburnum anagyroides,Common Laburnum,Plantae,49.2077331543,-123.1503295898,2024-04-26
209822622,Prunus emarginata,Bitter cherry,Plantae,49.2054748535,-123.1532592773,2024-04-26
209826925,Cytisus scoparius,Scotch Broom,Plantae,49.2093505859,-123.1527023315,2024-04-26
209828946,Branta canadensis,Canada Goose,Aves,49.2677717536,-123.1234650234,2024-04-26
209829415,Magnolia,magnolias,Plantae,49.2677647877,-123.1238866519,2024-04-26
209830022,Rheum rhabarbarum,Rhubarb,Plantae,49.2676917963,-123.12399182,2024-04-26
209830619,Columba livia domestica,Feral Pigeon,Aves,49.2576166667,-123.0981611667,2024-04-26
209830946,Columba livia domestica,Feral Pigeon,Aves,49.2576166667,-123.0981611667,2024-04-26
209830973,Coccinella septempunctata,Seven-spotted Lady Beetle,Insecta,49.122947,-123.1781569722,2024-04-26
209831038,Numenius hudsonicus,Hudsonian Whimbrel,Aves,49.0309009175,-123.1089820547,2024-04-26
209831167,Iris pseudacorus,Yellow Iris,Plantae,49.1206237,-123.1685458997,2024-04-26
209831252,Peziza,Cups,Fungi,49.257,-123.0976861667,2024-04-26
209831445,Fucus distichus,Rockweed,Chromista,49.2677821657,-123.1240733736,2024-04-26
209831870,Magallana gigas,Pacific Oyster,Mollusca,49.2678129694,-123.124130706,2024-04-26
209832552,Helicina,,Mollusca,49.2570716667,-123.0981221667,2024-04-26
209832859,Cardamine,Bittercresses and Toothworts,Plantae,49.2570883333,-123.0981528333,2024-04-26
209833213,Mycelis muralis,Wall Lettuce,Plantae,49.25705,-123.0977638333,2024-04-26
209833472,Pseudofumaria lutea,Yellow Fumitory,Plantae,49.2571633333,-123.0977333333,2024-04-26
209833756,Calystegia silvatica,large bindweed,Plantae,49.25703,-123.0969778333,2024-04-26
209834017,Athyrium filix-femina,lady fern,Plantae,49.1210392997,-123.1701687997,2024-04-26
209834032,Geranium robertianum,Herb Robert,Plantae,49.2570833333,-123.0956416667,2024-04-26
209834378,Ulva,Sea Lettuces,Plantae,49.2681734292,-123.1240003514,2024-04-26
209834486,Alchemilla mollis,Garden Lady's-mantle,Plantae,49.1210482997,-123.1701723,2024-04-26
209834810,Lepidium,Pepperweeds,Plantae,49.257045,-123.0951083333,2024-04-26
209835124,Sambucus racemosa,red-berried elder,Plantae,49.0912798068,-122.9609397582,2024-04-26
209835488,Hemigrapsus oregonensis,Yellow Shore Crab,Animalia,49.2680742393,-123.1240143405,2024-04-26
209835706,Metacarcinus magister,Dungeness Crab,Animalia,49.2681281239,-123.12412057,2024-04-26
209835760,Stellaria media,common chickweed,Plantae,49.1210603,-123.1705194997,2024-04-26
209836334,Calystegia silvatica,large bindweed,Plantae,49.1210676,-123.1706597,2024-04-26
209836569,Ranunculus repens,Creeping buttercup,Plantae,49.1221873,-123.1748417,2024-04-26
209836807,Phragmidium rosae-multiflorae,Multiflora rose rust,Fungi,49.122196,-123.1750799722,2024-04-26
209836980,Rubus parviflorus,thimbleberry,Plantae,49.1222004997,-123.175099,2024-04-26
209837506,Lactuca serriola,prickly lettuce,Plantae,49.1225207997,-123.1759301997,2024-04-26
209838429,Morchella,true morels,Fungi,49.0173852387,-122.6151195552,2024-04-26
209840137,Hyacinthoides,Bluebells,Plantae,49.2681031209,-123.1238967144,2024-04-26
209840880,Rubus spectabilis,Salmonberry,Plantae,49.121055,-123.069956,2024-04-26
209841001,Aesculus hippocastanum,horse-chestnut,Plantae,49.0819023093,-123.0131578634,2024-04-26
209841221,Oemleria cerasiformis,Osoberry,Plantae,49.1220083333,-123.0654638333,2024-04-26
209841605,Aesculus hippocastanum,horse-chestnut,Plantae,49.0818778333,-123.0131611167,2024-04-26
209842610,Verpa,thimble morels,Fungi,49.0176895829,-122.6149720106,2024-04-26
209843559,Malus domestica,apple,Plantae,49.124558,-123.062144,2024-04-26
209843882,Bellis perennis,Lawn daisy,Plantae,49.2295423198,-123.0834696328,2024-04-26
209844102,Rhododendron ponticum,Pontic Rhododendron,Plantae,49.2444991363,-123.1144026612,2024-04-26
209844353,Thuja plicata,western redcedar,Plantae,49.2296506294,-123.0837149957,2024-04-26
209844660,Taraxacum officinale,common dandelion,Plantae,49.2299173295,-123.0833492135,2024-04-26
209844918,Prunus avium,wild cherry,Plantae,49.1210028333,-123.0700195,2024-04-26
209845972,Larus brachyrhynchus,Short-billed Gull,Aves,49.3205663021,-123.146311214,2024-04-26
209846398,Rhododendron simsii,Red Azalea,Plantae,49.2911915402,-122.7862524412,2024-04-26
209846493,Ambystoma gracile,Northwestern Salamander,Amphibia,49.1747133433,-122.6362383333,2024-04-26
209846768,Rubus parviflorus,thimbleberry,Plantae,49.1211555,-123.0678945,2024-04-26
209847113,Polystichum munitum,western sword fern,Plantae,49.1254479722,-123.1780779722,2024-04-26
209847199,Oreoscoptes montanus,Sage Thrasher,Aves,49.3264616667,-123.1525583333,2024-04-26
209847334,Gaultheria shallon,salal,Plantae,49.1254279722,-123.1781629722,2024-04-26
209848447,Sciurus carolinensis,Eastern Gray Squirrel,Mammalia,49.3598833333,-123.283395,2024-04-26
209848584,Gymnosporangium juniperi-virginianae,Cedar-apple rust,Fungi,49.0932922363,-123.0637359619,2024-04-26
209848930,Hyacinthoides × massartiana,Hybrid bluebell,Plantae,49.1202695,-123.0713528333,2024-04-26
209849113,Lamium purpureum,red deadnettle,Plantae,49.0940856934,-123.0637588501,2024-04-26
209850239,Chrysanthemum indicum,Indian chrysanthemum,Plantae,49.280114624,-123.1058198959,2024-04-26
209850864,Sambucus racemosa,red-berried elder,Plantae,49.1204528333,-123.0691278333,2024-04-26
209851027,Centaurea montana,Perennial Cornflower,Plantae,49.2751863697,-123.0876184255,2024-04-26
209851250,Geranium robertianum,Herb Robert,Plantae,49.33478164,-123.09234319,2024-04-26
209851987,Lonicera involucrata,twinberry honeysuckle,Plantae,49.1202388333,-123.0711305,2024-04-26
209852069,Fagus sylvatica,European beech,Plantae,49.0355799742,-123.0755850493,2024-04-26
209852251,Rubus laciniatus,Cutleaf Blackberry,Plantae,49.0967712402,-123.063583374,2024-04-26
209853260,Bubo virginianus,Great Horned Owl,Aves,49.0324172974,-122.7047348022,2024-04-26
209853997,Amelanchier alnifolia,Saskatoon,Plantae,49.1192945,-123.0689778333,2024-04-26
209854433,Tellima grandiflora,fringe cups,Plantae,49.1192028333,-123.0662138333,2024-04-26
209854478,Homalothecium fulgescens,tree mat homalothecium moss,Plantae,49.1836742411,-122.9827513079,2024-04-26
209854825,Hypochaeris radicata,Common Cat's-ear,Plantae,49.2297559313,-123.0831747529,2024-04-26
209855118,Maianthemum dilatatum,Western Lily of the Valley,Plantae,49.119697,-123.064156,2024-04-26
209855263,Scytinium lichenoides,Tattered Jellyskin Lichen,Fungi,49.25047411,-123.04332976,2024-04-26
209857363,Thuja,arborvitaes,Plantae,49.2393265279,-123.1383309977,2024-04-26
209858004,Ilex aquifolium,European holly,Plantae,49.1193861667,-123.0650888333,2024-04-26
209858686,Veronica serpyllifolia,thyme-leaved speedwell,Plantae,49.1215528333,-123.0630528333,2024-04-26
209859332,Oreoscoptes montanus,Sage Thrasher,Aves,49.3265307207,-123.15273201,2024-04-26
209859661,Porzana carolina,Sora,Aves,49.2427875987,-122.9354413485,2024-04-26
209859882,Dialictus,Metallic Sweat Bees,Insecta,49.2518243276,-123.0572460964,2024-04-26
209860370,Sphyrapicus ruber,Red-breasted Sapsucker,Aves,49.1739993,-122.574317,2024-04-26
209860375,Zonotrichia leucophrys,White-crowned Sparrow,Aves,49.1739993,-122.574317,2024-04-26
209860376,Melospiza melodia,Song Sparrow,Aves,49.1739993,-122.574317,2024-04-26
209860380,Turdus migratorius,American Robin,Aves,49.1739993,-122.574317,2024-04-26
209860381,Corvus brachyrhynchos,American Crow,Aves,49.1739993,-122.574317,2024-04-26
209860382,Stelgidopteryx serripennis,Northern Rough-winged Swallow,Aves,49.1739993,-122.574317,2024-04-26
209860527,Malus,apples and crabapples,Plantae,49.2403249813,-123.1120909488,2024-04-26
209861675,Arabidopsis thaliana,mouse-ear cress,Plantae,49.120821,-123.069932,2024-04-26
209861889,Cyanocitta stelleri,Steller's Jay,Aves,49.2751218976,-122.8832159046,2024-04-26
209862882,Bombus impatiens,Common Eastern Bumble Bee,Insecta,49.161025,-123.1437138333,2024-04-26
209862904,Platycryptus californicus,California Flattened Jumping Spider,Arachnida,49.275167209,-122.8831537624,2024-04-26
209862951,Polystichum munitum,western sword fern,Plantae,49.2375078422,-123.1366044347,2024-04-26
209863224,Bombus melanopygus,Black-tailed Bumble Bee,Insecta,49.1610611667,-123.1434388333,2024-04-26
209863378,Polistes dominula,European Paper Wasp,Insecta,49.1614695,-123.143525,2024-04-26
209863548,Brachycera,Brachyceran Flies,Insecta,49.16155,-123.143525,2024-04-26
209863653,Melospiza melodia,Song Sparrow,Aves,49.2752862052,-122.8831537624,2024-04-26
209863974,Cytisus scoparius,Scotch Broom,Plantae,49.120614,-123.070063,2024-04-26
209864491,Catharus guttatus,Hermit Thrush,Aves,49.2753002047,-122.8831966778,2024-04-26
209866152,Camellia,Camellias,Plantae,49.2384959008,-123.1344155547,2024-04-26
209867089,Geum macrophyllum,Large-leaved Avens,Plantae,49.1214305,-123.0630111667,2024-04-26
209869456,Anemone,anemones and thimbleweeds,Plantae,49.0227664233,-123.0747881981,2024-04-26
209869826,Lysichiton americanus,western skunk cabbage,Plantae,49.0263290405,-122.6919555664,2024-04-26
209870272,Ranunculus acris,meadow buttercup,Plantae,49.120958,-123.062493,2024-04-26
209871566,Hypericum calycinum,Rose-of-sharon,Plantae,49.1202695,-123.0618916667,2024-04-26
209872350,Prunus laurocerasus,Cherry laurel,Plantae,49.120273,-123.062542,2024-04-26
209872401,Ilex aquifolium,European holly,Plantae,49.3542166667,-123.0227195,2024-04-26
209872565,Impatiens glandulifera,Himalayan balsam,Plantae,49.0266990662,-122.6903381348,2024-04-26
209873173,Viburnum rhytidophyllum,Leatherleaf viburnum,Plantae,49.1202388333,-123.0622945,2024-04-26
209874414,Dicentra formosa,Pacific Bleeding Heart,Plantae,49.3567983347,-123.025301346,2024-04-26
209874700,Aceria genistae,Broom Gall Mite,Arachnida,49.1202388333,-123.0720138333,2024-04-26
209876908,Rumex obtusifolius,broad-leaved dock,Plantae,49.34787,-123.0848221667,2024-04-26
209877075,Lysichiton americanus,western skunk cabbage,Plantae,49.348,-123.0851278333,2024-04-26
209877271,Noctua,Yellow Underwings,Insecta,49.2265014648,-123.0891265869,2024-04-26
209877496,Aulagromyza cornigera,,Insecta,49.1203,-123.0709221667,2024-04-26
209877513,Rubus spectabilis,Salmonberry,Plantae,49.3478,-123.0847028333,2024-04-26
209877719,Struthiopteris spicant,deer fern,Plantae,49.348025,-123.085425,2024-04-26
209878581,Galium aparine,catchweed bedstraw,Plantae,49.2375416667,-122.7919388883,2024-04-26
209879116,Sorbus,Rowans and Mountain Ashes,Plantae,49.257075,-123.095025,2024-04-26
209879159,Magnoliopsida,Dicots,Plantae,49.0855407715,-123.0656433105,2024-04-26
209879364,Equisetum arvense,field horsetail,Plantae,49.2570216667,-123.0947583333,2024-04-26
209879513,Lamium purpureum,red deadnettle,Plantae,49.256955,-123.0946583333,2024-04-26
209879556,Aulagromyza cornigera,,Insecta,49.1190195,-123.06865,2024-04-26
209879769,Sedum album,white stonecrop,Plantae,49.2569366667,-123.0945445,2024-04-26
209879971,Cladonia,pixie cup and reindeer lichens,Fungi,49.2569366667,-123.0945361667,2024-04-26
209880162,Geum urbanum,Wood Avens,Plantae,49.347905,-123.0847945,2024-04-26
209880387,Dicranoweisia cirrata,Common Pincushion,Plantae,49.257045,-123.0943833333,2024-04-26
209880418,Sambucus racemosa,red-berried elder,Plantae,49.3480033333,-123.0847471667,2024-04-26
209880590,Fomitopsis mounceae,Northern Red Belt,Fungi,49.348275,-123.085275,2024-04-26
209880705,Phytomyza ilicis,European Holly Leafminer,Insecta,49.1192945,-123.0652166667,2024-04-26
209880885,Rubus bifrons,Himalayan Blackberry,Plantae,49.2374171194,-122.7965909777,2024-04-26
209880989,Mytilus trossulus,Northern Bay Mussel,Mollusca,49.278705,-123.1476138333,2024-04-26
209881238,Mycena haematopus,Bleeding Fairy Helmet,Fungi,49.3477883333,-123.085625,2024-04-26
209881355,Bryaceae,,Plantae,49.2570083333,-123.0944445,2024-04-26
209881383,Dicentra formosa,Pacific Bleeding Heart,Plantae,49.3192833333,-123.1042111667,2024-04-26
209881445,Myosotis,Forget-me-nots,Plantae,49.2569383333,-123.0942528333,2024-04-26
209881471,Rubus spectabilis,Salmonberry,Plantae,49.31913,-123.104125,2024-04-26
209881609,Acer circinatum,Vine Maple,Plantae,49.3190633333,-123.1041638333,2024-04-26
209881638,Seifertia azaleae,Rhododendron Blight,Fungi,49.2569188686,-123.094015328,2024-04-26
209881735,Geranium robertianum,Herb Robert,Plantae,49.3190416667,-123.1042861667,2024-04-26
209881763,Seifertia azaleae,Rhododendron Blight,Fungi,49.2569300033,-123.0939721667,2024-04-26
209881822,Neuroterus anthracinus,Oyster Gall Wasp,Insecta,49.1204833333,-123.0678471667,2024-04-26
209881905,Lamium purpureum,red deadnettle,Plantae,49.319,-123.1043028333,2024-04-26
209881940,Sambucus racemosa,red-berried elder,Plantae,49.3188666667,-123.1043333333,2024-04-26
209881969,Araneus diadematus,Cross Orbweaver,Arachnida,49.25708,-123.0941,2024-04-26
209882048,Prunus laurocerasus,Cherry laurel,Plantae,49.31873,-123.1043611667,2024-04-26
209882064,Sturnus vulgaris,European Starling,Aves,49.25708,-123.0941,2024-04-26
209882136,Sorbus aucuparia,European mountain ash,Plantae,49.3187033333,-123.1043695,2024-04-26
209882235,Coccinella septempunctata,Seven-spotted Lady Beetle,Insecta,49.1616145918,-123.1434066538,2024-04-26
209882254,Poecile atricapillus,Black-capped Chickadee,Aves,49.2584216667,-123.0981445,2024-04-26
209882291,Maianthemum dilatatum,Western Lily of the Valley,Plantae,49.3186033333,-123.1043388333,2024-04-26
209882374,Sambucus racemosa,red-berried elder,Plantae,49.3185583333,-123.1043333333,2024-04-26
209882503,Polystichum munitum,western sword fern,Plantae,49.3184866667,-123.1042555,2024-04-26
209882512,Passer domesticus,House Sparrow,Aves,49.2576333333,-123.0917805,2024-04-26
209882652,Claytonia perfoliata,miner's lettuce,Plantae,49.261345,-123.077225,2024-04-26
209882782,Aesculus hippocastanum,horse-chestnut,Plantae,49.3183033333,-123.104225,2024-04-26
209882912,Claytonia perfoliata,miner's lettuce,Plantae,49.2614216667,-123.07705,2024-04-26
209883067,Muscari armeniacum,Garden Grape-hyacinth,Plantae,49.2690583333,-123.0735555,2024-04-26
209883146,Ilex aquifolium,European holly,Plantae,49.2689366667,-123.0733416667,2024-04-26
209883233,Camassia,camas,Plantae,49.268975,-123.07335,2024-04-26
209883277,Coccinella septempunctata,Seven-spotted Lady Beetle,Insecta,49.2687444444,-123.2595305556,2024-04-26
209883341,Quercus robur,English oak,Plantae,49.1200555,-123.0702833333,2024-04-26
209883406,Polystichum munitum,western sword fern,Plantae,49.275695,-123.0707945,2024-04-26
209883562,Lucilia,Greenbottle Flies,Insecta,49.2747083333,-123.0694971667,2024-04-26
209883821,Lamium purpureum,red deadnettle,Plantae,49.2440866667,-123.0944055,2024-04-26
209884481,Thuja plicata,western redcedar,Plantae,49.1207888333,-123.067025,2024-04-26
209885710,Crataegus douglasii,Black Hawthorn,Plantae,49.1208805,-123.0699416667,2024-04-26
209886047,Hyacinthoides hispanica,Spanish Bluebell,Plantae,49.31818,-123.1039195,2024-04-26
209886048,Agrocybe praecox,Spring Fieldcap,Fungi,49.1209085128,-122.6862631341,2024-04-26
209886183,Berberis aquifolium,Oregon grape,Plantae,49.3181033333,-123.1037611667,2024-04-26
209886413,Pseudotsuga menziesii,Douglas-fir,Plantae,49.120717,-123.070451,2024-04-26
209886482,Reynoutria japonica,Japanese knotweed,Plantae,49.3214283333,-123.1037971667,2024-04-26
209886824,Lupinus latifolius,Broadleaf Lupine,Plantae,49.3218466667,-123.1030416667,2024-04-26
209886866,Lonicera involucrata,twinberry honeysuckle,Plantae,49.32192,-123.1030055,2024-04-26
209886907,Rhododendron,rhododendrons and azaleas,Plantae,49.2364972079,-123.1798793428,2024-04-26
209887429,Hyacinthoides hispanica,Spanish Bluebell,Plantae,49.2567600251,-123.1458412144,2024-04-26
209887635,Mesostigmata,Mesostigs,Arachnida,49.2195801857,-123.1900253211,2024-04-26
209887650,Ornithogalum,star-of-Bethlehem,Plantae,49.1569658603,-122.8946120293,2024-04-26
209887976,Lumbricus terrestris,Nightcrawler,Animalia,49.270275,-123.2580666667,2024-04-26
209888061,Armadillidium vulgare,Common Pill Woodlouse,Animalia,49.270275,-123.2580666667,2024-04-26
209888196,Corvus brachyrhynchos,American Crow,Aves,49.270275,-123.2580666667,2024-04-26
209888258,Tanacetum vulgare,tansy,Plantae,49.2698888889,-123.260625,2024-04-26
209888338,Stellaria media,common chickweed,Plantae,49.2698888889,-123.260625,2024-04-26
209888556,Geranium molle,Dove's-foot crane's-bill,Plantae,49.2687444444,-123.2595305556,2024-04-26
209888625,Crataegus monogyna,common hawthorn,Plantae,49.1203,-123.0691278333,2024-04-26
209888692,Geranium dissectum,Cut-leaved crane's-bill,Plantae,49.2687444444,-123.2595305556,2024-04-26
209888954,Galium aparine,catchweed bedstraw,Plantae,49.2687444444,-123.2595305556,2024-04-26
209889706,Geum macrophyllum,Large-leaved Avens,Plantae,49.2687444444,-123.2595305556,2024-04-26
209889786,Rubus spectabilis,Salmonberry,Plantae,49.27830113,-122.9060384,2024-04-26
209889800,Ilex aquifolium,European holly,Plantae,49.2687444444,-123.2595305556,2024-04-26
209889829,Rubus spectabilis,Salmonberry,Plantae,49.2687444444,-123.2595305556,2024-04-26
209889858,Dicentra formosa,Pacific Bleeding Heart,Plantae,49.2687444444,-123.2595305556,2024-04-26
209890004,Prunus laurocerasus,Cherry laurel,Plantae,49.2687444444,-123.2595305556,2024-04-26
209890191,Picea sitchensis,Sitka spruce,Plantae,49.1200555,-123.0702833333,2024-04-26
209891695,Physcia tenella,Fringed Rosette Lichen,Fungi,49.1200861667,-123.0703388333,2024-04-26
209891928,Vaccinium parvifolium,Red Huckleberry,Plantae,49.3207966667,-122.9061883333,2024-04-26
209892161,Taraxacum,dandelions,Plantae,49.3208,-122.906205,2024-04-26
209892307,Myosotis,Forget-me-nots,Plantae,49.3207883333,-122.90618,2024-04-26
209892527,Xanthoria parietina,Common Sunburst Lichen,Fungi,49.120025,-123.0703888333,2024-04-26
209892529,Aruncus dioicus,Goatsbeard,Plantae,49.3211116667,-122.9064783333,2024-04-26
209892601,Myrrhis odorata,sweet cicely,Plantae,49.2687444444,-123.2595305556,2024-04-26
209892741,Rubus bifrons,Himalayan Blackberry,Plantae,49.3208495854,-122.9062982463,2024-04-26
209892769,Sorbus aucuparia,European mountain ash,Plantae,49.2687444444,-123.2595305556,2024-04-26
209892981,Digitalis purpurea,purple foxglove,Plantae,49.3207707955,-122.9062662275,2024-04-26
209893456,Stachys chamissonis,Coastal Hedge-nettle,Plantae,49.2687444444,-123.2595305556,2024-04-26
209893544,Geum macrophyllum,Large-leaved Avens,Plantae,49.2687444444,-123.2595305556,2024-04-26
209893628,Rumex obtusifolius,broad-leaved dock,Plantae,49.2687444444,-123.2595305556,2024-04-26
209893723,Evernia prunastri,Oakmoss,Fungi,49.1205445,-123.070825,2024-04-26
209893732,Cercis canadensis,eastern redbud,Plantae,49.12399799,-122.68736463,2024-04-26
209893736,Tellima grandiflora,fringe cups,Plantae,49.2687444444,-123.2595305556,2024-04-26
209893913,Rubus parviflorus,thimbleberry,Plantae,49.2687444444,-123.2595305556,2024-04-26
209894032,Polystichum munitum,western sword fern,Plantae,49.2687444444,-123.2595305556,2024-04-26
209894135,Pteridium aquilinum,common bracken,Plantae,49.2687444444,-123.2595305556,2024-04-26
209894373,Symphoricarpos albus,Common Snowberry,Plantae,49.2687444444,-123.2595305556,2024-04-26
209894440,Impatiens parviflora,small balsam,Plantae,49.2687444444,-123.2595305556,2024-04-26
209894552,Vinca minor,lesser periwinkle,Plantae,49.2687444444,-123.2595305556,2024-04-26
209894686,Thamnophis elegans vagrans,Wandering Garter Snake,Reptilia,49.3873861111,-123.2864555556,2024-04-26
209895437,Ribes rubrum,Red Currant,Plantae,49.2697305556,-123.239375,2024-04-26
209895924,Tipula oleracea,Marsh Crane Fly,Insecta,49.1200861667,-123.0627861667,2024-04-26
209896372,Psyche casta,Common Bagworm Moth,Insecta,49.1202695,-123.0699028333,2024-04-26
209896416,Prunus,"plums, cherries, and allies",Plantae,49.2697305556,-123.239375,2024-04-26
209896599,Ilex aquifolium,European holly,Plantae,49.3600722217,-123.1126111117,2024-04-26
209896601,Rubus spectabilis,Salmonberry,Plantae,49.3600722217,-123.112625,2024-04-26
209896604,Thuja plicata,western redcedar,Plantae,49.3599777783,-123.1126638883,2024-04-26
209896606,Polystichum munitum,western sword fern,Plantae,49.3598361117,-123.112769445,2024-04-26
209896609,Thuja plicata,western redcedar,Plantae,49.3595361117,-123.113030555,2024-04-26
209896612,Berberis nervosa,Cascade Oregon-grape,Plantae,49.3590583333,-123.1136388883,2024-04-26
209896613,Sambucus racemosa,red-berried elder,Plantae,49.3589361117,-123.113725,2024-04-26
209896616,Trillium ovatum,Pacific trillium,Plantae,49.3588833333,-123.1139916667,2024-04-26
209896618,Vaccinium parvifolium,Red Huckleberry,Plantae,49.3587416667,-123.114005555,2024-04-26
209896624,Berberis aquifolium,Oregon grape,Plantae,49.358905555,-123.1144166667,2024-04-26
209896626,Plagiothecium undulatum,Waved Silk-moss,Plantae,49.3584833333,-123.1154472217,2024-04-26
209896627,Sorbus aucuparia,European mountain ash,Plantae,49.3587916667,-123.114669445,2024-04-26
209896632,Pseudisothecium stoloniferum,Cat's Tail Moss,Plantae,49.358494445,-123.1154777783,2024-04-26
209896633,Vaccinium,"blueberries, cranberries, and allies",Plantae,49.3584111117,-123.1154777783,2024-04-26
209896636,Fomitopsis,,Fungi,49.3584972217,-123.1155916667,2024-04-26
209896640,Fomitopsis,,Fungi,49.3580972217,-123.115455555,2024-04-26
209896642,Pseudisothecium stoloniferum,Cat's Tail Moss,Plantae,49.3583333333,-123.1155027783,2024-04-26
209896643,Dicentra formosa,Pacific Bleeding Heart,Plantae,49.358105555,-123.1154416667,2024-04-26
209896647,Gaultheria shallon,salal,Plantae,49.357905555,-123.1150972217,2024-04-26
209896648,Guepiniopsis alpina,alpine jelly cone,Fungi,49.3578222217,-123.1150277783,2024-04-26
209896650,Kindbergia oregana,Oregon Beaked Moss,Plantae,49.357819445,-123.114930555,2024-04-26
209896656,Gaultheria shallon,salal,Plantae,49.357625,-123.1147388883,2024-04-26
209896657,Guepiniopsis alpina,alpine jelly cone,Fungi,49.3576972217,-123.114869445,2024-04-26
209896661,Evernia prunastri,Oakmoss,Fungi,49.3577166667,-123.114844445,2024-04-26
209896666,Ariolimax columbianus,Pacific Banana Slug,Mollusca,49.3578916667,-123.115080555,2024-04-26
209896667,Berberis nervosa,Cascade Oregon-grape,Plantae,49.3578722217,-123.1158972217,2024-04-26
209896670,Lysichiton americanus,western skunk cabbage,Plantae,49.357219445,-123.1159583333,2024-04-26
209896674,Plagiomnium insigne,Badge Moss,Plantae,49.3571361117,-123.1158916667,2024-04-26
209896678,Hedera helix,common ivy,Plantae,49.357219445,-123.1159138883,2024-04-26
209896743,Cladonia fimbriata,Trumpet Lichen,Fungi,49.1202083333,-123.0700528333,2024-04-26
209897222,Coprinopsis lagopus,hare's foot inkcap,Fungi,49.1203916667,-123.0691388333,2024-04-26
209897739,Trochila ilicina,Holly Speckle,Fungi,49.1192945,-123.0651471667,2024-04-26
209898563,Taphrina populi-salicis,,Fungi,49.1216721667,-123.0630221667,2024-04-26
209900298,Malus,apples and crabapples,Plantae,49.2163906284,-123.0520271882,2024-04-26
209901656,Rubus,brambles,Plantae,49.1708258997,-122.8129713,2024-04-26
209902165,Rubus spectabilis,Salmonberry,Plantae,49.271087097,-123.2026715094,2024-04-26
209902690,Lumbricidae,Lumbricid Earthworms,Animalia,49.2885283333,-122.788025,2024-04-26
209903169,Rosa,roses,Plantae,49.0356530403,-123.0755576909,2024-04-26
209903693,Calliphora,Bluebottle Flies,Insecta,49.3570666667,-123.1154416667,2024-04-26
209903694,Struthiopteris spicant,deer fern,Plantae,49.35665,-123.115355555,2024-04-26
209903695,Oemleria cerasiformis,Osoberry,Plantae,49.3566666667,-123.1156611117,2024-04-26
209903700,Acer circinatum,Vine Maple,Plantae,49.3566138883,-123.1151666667,2024-04-26
209903701,Hedera helix,common ivy,Plantae,49.3564138883,-123.1150666667,2024-04-26
209903702,Guepiniopsis alpina,alpine jelly cone,Fungi,49.3564416667,-123.1149833333,2024-04-26
209903706,Pseudisothecium stoloniferum,Cat's Tail Moss,Plantae,49.356475,-123.1148916667,2024-04-26
209903709,Lepraria finkii,Fluffy Dust Lichen,Fungi,49.3565333333,-123.1140222217,2024-04-26
209903712,Fungi,Fungi Including Lichens,Fungi,49.3565027783,-123.113844445,2024-04-26
209903717,Lichenomphalia ericetorum,Lichen Agaric,Fungi,49.3565888883,-123.1138388883,2024-04-26
209903718,Trichaptum abietinum,Purplepore Bracket,Fungi,49.356544445,-123.1134111117,2024-04-26
209904240,Thamnophis ordinoides,Northwestern Garter Snake,Reptilia,49.170825,-122.812914,2024-04-26
209904552,Hyacinthoides hispanica,Spanish Bluebell,Plantae,49.3471999723,-122.8105507186,2024-04-26
209905321,Anas platyrhynchos,Mallard,Aves,49.2443648271,-122.9354165884,2024-04-26
209905324,Coprinus comatus,Shaggy Mane,Fungi,49.2440423815,-122.9348777872,2024-04-26
209905326,Coprinus comatus,Shaggy Mane,Fungi,49.2440423815,-122.9348777872,2024-04-26
209905331,Coprinus comatus,Shaggy Mane,Fungi,49.2440423815,-122.9348777872,2024-04-26
209905332,Chamaecyparis lawsoniana,Lawson's cypress,Plantae,49.2439705,-122.9351075,2024-04-26
209905335,Magnoliopsida,Dicots,Plantae,49.244045,-122.93502,2024-04-26
209905348,Prunus padus,bird cherry,Plantae,49.24411,-122.93512,2024-04-26
209905350,Bellis perennis,Lawn daisy,Plantae,49.2441,-122.93505,2024-04-26
209905351,Dicentra formosa,Pacific Bleeding Heart,Plantae,49.24406,-122.93505,2024-04-26
209905358,Polystichum munitum,western sword fern,Plantae,49.24407,-122.93495,2024-04-26
209905359,Lamium purpureum,red deadnettle,Plantae,49.243965,-122.934875,2024-04-26
209905360,Rorippa curvisiliqua,curvepod yellowcress,Plantae,49.2440205,-122.93495,2024-04-26
209905374,Corylus cornuta,beaked hazelnut,Plantae,49.244007,-122.93501,2024-04-26
209905375,Athyrium filix-femina,lady fern,Plantae,49.24402,-122.93504,2024-04-26
209905376,Aesculus hippocastanum,horse-chestnut,Plantae,49.244003,-122.93518,2024-04-26
209905386,Aix sponsa,Wood Duck,Aves,49.24398,-122.93521,2024-04-26
209905387,Aix sponsa,Wood Duck,Aves,49.243984,-122.93525,2024-04-26
209905388,Branta canadensis,Canada Goose,Aves,49.24409,-122.935295,2024-04-26
209905400,Acer platanoides,Norway maple,Plantae,49.2440925,-122.935323,2024-04-26
209905407,Aix sponsa,Wood Duck,Aves,49.244125,-122.93545,2024-04-26
209905409,Sambucus racemosa,red-berried elder,Plantae,49.2441536,-122.935512,2024-04-26
209905412,Pipilo maculatus,Spotted Towhee,Aves,49.24405,-122.935394,2024-04-26
209905428,Aix sponsa,Wood Duck,Aves,49.243797,-122.93524,2024-04-26
209905429,Rubus spectabilis,Salmonberry,Plantae,49.243835,-122.93532,2024-04-26
209905434,Rubus bifrons,Himalayan Blackberry,Plantae,49.24377,-122.93526,2024-04-26
209905444,Rosa nutkana,Nootka rose,Plantae,49.243717,-122.93523,2024-04-26
209905457,Rubus parviflorus,thimbleberry,Plantae,49.2435548,-122.935244,2024-04-26
209905458,Geum macrophyllum,Large-leaved Avens,Plantae,49.2435,-122.93522,2024-04-26
209905459,Anas crecca,Green-winged Teal,Aves,49.24364,-122.935265,2024-04-26
209905470,Agelaius phoeniceus,Red-winged Blackbird,Aves,49.24348,-122.93524,2024-04-26
209905483,Molothrus ater,Brown-headed Cowbird,Aves,49.243435,-122.93525,2024-04-26
209905487,Molothrus ater,Brown-headed Cowbird,Aves,49.2434,-122.93526,2024-04-26
209905489,Agelaius phoeniceus,Red-winged Blackbird,Aves,49.24332,-122.93526,2024-04-26
209905493,Columba livia domestica,Feral Pigeon,Aves,49.243305,-122.93528,2024-04-26
209905500,Fulica americana,American Coot,Aves,49.243233,-122.935295,2024-04-26
209905501,Fulica americana,American Coot,Aves,49.243267,-122.93527,2024-04-26
209905507,Melospiza melodia,Song Sparrow,Aves,49.2432015,-122.935265,2024-04-26
209905508,Spiraea douglasii,Rose Spirea,Plantae,49.243204,-122.9352675,2024-04-26
209905513,Branta canadensis,Canada Goose,Aves,49.2432,-122.935265,2024-04-26
209905514,Melospiza melodia,Song Sparrow,Aves,49.243188875,-122.93524625,2024-04-26
209905516,Melospiza melodia,Song Sparrow,Aves,49.243195,-122.93526,2024-04-26
209905525,Lonicera involucrata,twinberry honeysuckle,Plantae,49.243175,-122.935234,2024-04-26
209905526,Geum macrophyllum,Large-leaved Avens,Plantae,49.2431512,-122.9352358,2024-04-26
209905527,Antigone canadensis,Sandhill Crane,Aves,49.243004,-122.93532,2024-04-26
209905533,Agelaius phoeniceus,Red-winged Blackbird,Aves,49.24267323,-122.9353578467,2024-04-26
209905534,Agelaius phoeniceus,Red-winged Blackbird,Aves,49.242671385,-122.9353590767,2024-04-26
209905539,Fulica americana,American Coot,Aves,49.242886,-122.935326,2024-04-26
209905544,Anas platyrhynchos,Mallard,Aves,49.2422956717,-122.9355,2024-04-26
209905547,Larus glaucescens,Glaucous-winged Gull,Aves,49.3233237811,-123.1511160722,2024-04-26
209905553,Tachycineta bicolor,Tree Swallow,Aves,49.2421430167,-122.935511775,2024-04-26
209905554,Ardea herodias,Great Blue Heron,Aves,49.242157,-122.93552,2024-04-26
209905569,Tachycineta bicolor,Tree Swallow,Aves,49.2421424683,-122.9355114517,2024-04-26
209905570,Tachycineta bicolor,Tree Swallow,Aves,49.2421127267,-122.9355009083,2024-04-26
209905571,Stelgidopteryx serripennis,Northern Rough-winged Swallow,Aves,49.2421421933,-122.93551129,2024-04-26
209905578,Cyprinus carpio,European Carp,Actinopterygii,49.242099445,-122.93544,2024-04-26
209905941,Larus,Large White-headed Gulls,Aves,49.3246104547,-123.1505496539,2024-04-26
209906110,Nannopterum auritum,Double-crested Cormorant,Aves,49.3238852677,-123.1496669132,2024-04-26
209906272,Cepphus columba,Pigeon Guillemot,Aves,49.3238735583,-123.1506298371,2024-04-26
209906442,Larus glaucescens,Glaucous-winged Gull,Aves,49.324523521,-123.1523251581,2024-04-26
209906665,Phocoena phocoena,Harbour Porpoise,Mammalia,49.323898398,-123.1527622502,2024-04-26
209906764,Pisaster ochraceus,Ochre Sea Star,Animalia,49.3235281694,-123.1509798492,2024-04-26
209907047,Larus glaucescens,Glaucous-winged Gull,Aves,49.3222849576,-123.1468964383,2024-04-26
209907250,Larus glaucescens,Glaucous-winged Gull,Aves,49.3235849697,-123.149300548,2024-04-26
209907535,Larus delawarensis,Ring-billed Gull,Aves,49.3209644136,-123.1535079594,2024-04-26
209907756,Larus,Large White-headed Gulls,Aves,49.3207683166,-123.152896848,2024-04-26
209908067,Oreoscoptes montanus,Sage Thrasher,Aves,49.3233003441,-123.1509327385,2024-04-26
209908374,Chroicocephalus philadelphia,Bonaparte's Gull,Aves,49.3222505048,-123.1494602409,2024-04-26
209908542,Amara,Sun Beetles,Insecta,49.3859482525,-123.1217434718,2024-04-26
209908619,Camponotus modoc,Western Black Carpenter Ant,Insecta,49.3226314669,-123.0317282799,2024-04-26
209909307,Larus,Large White-headed Gulls,Aves,49.3222149866,-123.1489384263,2024-04-26
209909651,Fungi,Fungi Including Lichens,Fungi,49.3915589127,-123.0588248174,2024-04-26
209909824,Muscoidea,Muscoid Flies,Insecta,49.3737567218,-123.0762582997,2024-04-26
209909967,Oniscus asellus,Common Shiny Woodlouse,Animalia,49.28877,-122.7882833333,2024-04-26
209910023,Gavia immer,Common Loon,Aves,49.3207498712,-123.1495407245,2024-04-26
209910061,Armadillidium vulgare,Common Pill Woodlouse,Animalia,49.2755481226,-123.0325510052,2024-04-26
209910180,Julida,Snake Millipedes,Animalia,49.2465764279,-123.1017180434,2024-04-26
209910353,Oxychilus,Typical Glass Snails,Mollusca,49.2429318943,-123.1064515827,2024-04-26
209910448,Arion,Arion Slugs,Mollusca,49.2943541229,-123.0851801524,2024-04-26
209910555,Oniscus asellus,Common Shiny Woodlouse,Animalia,49.2887916667,-122.7882533333,2024-04-26
209910582,Arion fasciatus,Orange-banded Arion,Mollusca,49.3805190732,-123.0102680613,2024-04-26
209910618,Cornus nuttallii,Pacific Dogwood,Plantae,49.3608583333,-123.2590166667,2024-04-26
209910688,Branta canadensis,Canada Goose,Aves,49.3217698358,-123.1506415263,2024-04-26
209910748,Arion,Arion Slugs,Mollusca,49.2400018968,-123.1867327626,2024-04-26
209910856,Julida,Snake Millipedes,Animalia,49.2624839723,-123.1317628631,2024-04-26
209910878,Larus glaucescens,Glaucous-winged Gull,Aves,49.323354488,-123.1522703488,2024-04-26
209910902,Magnoliopsida,Dicots,Plantae,49.3613972222,-123.2582944444,2024-04-26
209910956,Armadillidium vulgare,Common Pill Woodlouse,Animalia,49.2706388375,-123.1216091149,2024-04-26
209910995,Larus glaucescens,Glaucous-winged Gull,Aves,49.3215698041,-123.1538035402,2024-04-26
209911106,Oxychilus,Typical Glass Snails,Mollusca,49.3228788662,-123.0307208537,2024-04-26
209911136,Larus glaucescens,Glaucous-winged Gull,Aves,49.3207885636,-123.1502775567,2024-04-26
209911184,Arion,Arion Slugs,Mollusca,49.2433524437,-123.1618854605,2024-04-26
209911203,Lumbricidae,Lumbricid Earthworms,Animalia,49.2885283333,-122.7875583333,2024-04-26
209911321,Molothrus ater,Brown-headed Cowbird,Aves,49.2436262109,-122.9362268621,2024-04-26
209911342,Physcia,rosette lichens,Fungi,49.2449934716,-122.9804886053,2024-04-26
209911507,Porzana carolina,Sora,Aves,49.242663799,-122.9343794352,2024-04-26
209911613,Thamnophis sirtalis,Common Garter Snake,Reptilia,49.3613972222,-123.2582944444,2024-04-26
209912311,Kopsiopsis hookeri,small ground-cone,Plantae,49.3613972222,-123.2582944444,2024-04-26
209912625,Angiospermae,Flowering Plants,Plantae,49.1426391602,-123.0993347168,2024-04-26
209912687,Reticularia lycoperdon,False Puffball,Protozoa,49.0950012207,-123.063949585,2024-04-26
209912713,Cyprinus carpio,European Carp,Actinopterygii,49.24218,-122.93548,2024-04-26
209912718,Spiraea douglasii,Rose Spirea,Plantae,49.242496,-122.9355361533,2024-04-26
209912719,Corvus brachyrhynchos,American Crow,Aves,49.24271,-122.93545,2024-04-26
209912722,Rumex obtusifolius,broad-leaved dock,Plantae,49.24298,-122.93541,2024-04-26
209912727,Plantago lanceolata,ribwort plantain,Plantae,49.24308,-122.93542,2024-04-26
209912734,Epilobium ciliatum,fringed willowherb,Plantae,49.243656,-122.93538,2024-04-26
209912735,Rosa nutkana,Nootka rose,Plantae,49.243557,-122.935295,2024-04-26
209912736,Athyrium filix-femina,lady fern,Plantae,49.243717,-122.93532,2024-04-26
209912743,Geum macrophyllum,Large-leaved Avens,Plantae,49.243708,-122.935275,2024-04-26
209912744,Lysichiton americanus,western skunk cabbage,Plantae,49.243656,-122.9356,2024-04-26
209912746,Ranunculus repens,Creeping buttercup,Plantae,49.243683,-122.93547,2024-04-26
209912754,Lysichiton americanus,western skunk cabbage,Plantae,49.243027,-122.93603,2024-04-26
209912755,Melospiza melodia,Song Sparrow,Aves,49.24315,-122.93602,2024-04-26
209912756,Cardamine flexuosa,wavy bittercress,Plantae,49.24328,-122.93613,2024-04-26
209912762,Rubus spectabilis,Salmonberry,Plantae,49.2433,-122.936134,2024-04-26
209912763,Arion ater,Black Slug,Mollusca,49.243484,-122.93618,2024-04-26
209912764,Arion ater,Black Slug,Mollusca,49.24362,-122.936226,2024-04-26
209912769,Sambucus racemosa,red-berried elder,Plantae,49.243619,-122.936363,2024-04-26
209912770,Rosa nutkana,Nootka rose,Plantae,49.2436341667,-122.9365233333,2024-04-26
209912771,Maianthemum dilatatum,Western Lily of the Valley,Plantae,49.24373,-122.93665,2024-04-26
209912778,Melospiza melodia,Song Sparrow,Aves,49.24378,-122.9369,2024-04-26
209912782,Maianthemum dilatatum,Western Lily of the Valley,Plantae,49.243786,-122.93703,2024-04-26
209912784,Bellis perennis,Lawn daisy,Plantae,49.243824,-122.937126,2024-04-26
209912785,Maianthemum dilatatum,Western Lily of the Valley,Plantae,49.244076,-122.93711,2024-04-26
209912792,Plagiomnium insigne,Badge Moss,Plantae,49.244217,-122.936905,2024-04-26
209912793,Rubus parviflorus,thimbleberry,Plantae,49.24431,-122.9368,2024-04-26
209912794,Alchemilla australis,Slender parsley-piert,Plantae,49.244125,-122.93697,2024-04-26
209912801,Coprinellus micaceus,mica cap,Fungi,49.244286,-122.93671,2024-04-26
209912802,Ranunculus repens,Creeping buttercup,Plantae,49.24425,-122.93642,2024-04-26
209912803,Maianthemum dilatatum,Western Lily of the Valley,Plantae,49.24427,-122.93629,2024-04-26
209912808,Plagiomnium insigne,Badge Moss,Plantae,49.24424,-122.93621,2024-04-26
209912856,Neottia cordata,Heartleaf Twayblade,Plantae,49.3613722222,-123.2579666667,2024-04-26
209912970,Cichorieae,"Lettuce, Chicory, Dandelion and Salsify Tribe",Plantae,49.1426391602,-123.0993347168,2024-04-26
209913743,Lonicera hispidula,Pink Honeysuckle,Plantae,49.3612333333,-123.2576472222,2024-04-26
209913823,Stellaria media,common chickweed,Plantae,49.16406921,-123.17018816,2024-04-26
209914046,Rumex acetosella,Sheep's sorrel,Plantae,49.16250595,-123.17021061,2024-04-26
209914181,Tanacetum vulgare,tansy,Plantae,49.16247554,-123.17023414,2024-04-26
209915613,Peltigera britannica,flaky freckle pelt lichen,Fungi,49.3613527778,-123.2566638889,2024-04-26
209915908,Caloscypha fulgens,Spring Orange Peel Fungus,Fungi,49.3705473846,-123.0345033109,2024-04-26
209915972,Thamnophis sirtalis,Common Garter Snake,Reptilia,49.3613527778,-123.2566638889,2024-04-26
209916570,Platanthera,Bog Orchids,Plantae,49.3615416667,-123.2566888889,2024-04-26
209916760,Rilaena triangularis,Spring Harvestman,Arachnida,49.2440758783,-122.9359330917,2024-04-26
209916762,Parasteatoda tepidariorum,Common House Spider,Arachnida,49.2440797583,-122.9359301817,2024-04-26
209916764,Cornu aspersum,Garden Snail,Mollusca,49.2440858567,-122.9359171433,2024-04-26
209916765,Cepaea nemoralis,Brown-lipped Snail,Mollusca,49.2440838567,-122.9359121433,2024-04-26
209916766,Ranunculus repens,Creeping buttercup,Plantae,49.2440604133,-122.9358615517,2024-04-26
209916767,Rhytidiadelphus squarrosus,Square Gooseneck Moss,Plantae,49.24407025,-122.93585125,2024-04-26
209916773,Homalothecium fulgescens,tree mat homalothecium moss,Plantae,49.2440744,-122.93586,2024-04-26
209916774,Sciaridae,Dark-winged Fungus Gnats,Insecta,49.244345385,-122.9358409233,2024-04-26
209916775,Stereodon subimponens,Curly Plait Moss,Plantae,49.244276,-122.935965,2024-04-26
209916782,Myrmica,Furrowed Ants,Insecta,49.24432,-122.93621,2024-04-26
209916783,Arion ater,Black Slug,Mollusca,49.24448,-122.93605,2024-04-26
209916784,Myrmica rubra,European fire ant,Insecta,49.244487,-122.936035,2024-04-26
209916794,Myrmica rubra,European fire ant,Insecta,49.244545,-122.93606,2024-04-26
209916796,Agathomyia,,Insecta,49.244507,-122.936035,2024-04-26
209916797,Anthomyiidae,Root-maggot Flies,Insecta,49.244487,-122.93604,2024-04-26
209916803,Orthotrichaceae,,Plantae,49.243702,-122.93487,2024-04-26
209916808,Parmelia sulcata,Netted shield lichen,Fungi,49.243523,-122.934135,2024-04-26
209916809,Arion ater,Black Slug,Mollusca,49.243576,-122.9338,2024-04-26
209916815,Stereum ochraceoflavum,,Fungi,49.24357,-122.93366,2024-04-26
209916816,Arion ater,Black Slug,Mollusca,49.24365,-122.933334,2024-04-26
209916818,Ilex aquifolium,European holly,Plantae,49.2437845,-122.93323,2024-04-26
209916825,Populus trichocarpa,black cottonwood,Plantae,49.243908,-122.933235,2024-04-26
209916827,Sorbus aucuparia,European mountain ash,Plantae,49.2440353333,-122.9331373333,2024-04-26
209916828,Phytomyza ilicis,European Holly Leafminer,Insecta,49.243835,-122.93323,2024-04-26
209916837,Dicranoweisia cirrata,Common Pincushion,Plantae,49.244434,-122.9317,2024-04-26
209916838,Arion,Arion Slugs,Mollusca,49.244293,-122.93227,2024-04-26
209916839,Maianthemum dilatatum,Western Lily of the Valley,Plantae,49.244446,-122.931244,2024-04-26
209916848,Lonicera involucrata,twinberry honeysuckle,Plantae,49.24439,-122.931305,2024-04-26
209916849,Polypodium glycyrrhiza,licorice fern,Plantae,49.24434,-122.93211,2024-04-26
209916852,Acer circinatum,Vine Maple,Plantae,49.244167,-122.93259,2024-04-26
209916860,Arion ater,Black Slug,Mollusca,49.244114,-122.93267,2024-04-26
209916861,Fomitopsis mounceae,Northern Red Belt,Fungi,49.2435,-122.93399,2024-04-26
209916864,Stereum ochraceoflavum,,Fungi,49.24348,-122.93408,2024-04-26
209916867,Trifolium repens,white clover,Plantae,49.243504,-122.934555,2024-04-26
209916869,Rumex obtusifolius,broad-leaved dock,Plantae,49.24422,-122.935486,2024-04-26
209916870,Empis,,Insecta,49.244647,-122.935807,2024-04-26
209916874,Acer macrophyllum,bigleaf maple,Plantae,49.244812,-122.935585,2024-04-26
209916939,Neottia cordata,Heartleaf Twayblade,Plantae,49.361325,-123.2569166667,2024-04-26
209917296,Tortricidae,Tortricid Leafroller Moths,Insecta,49.3613,-123.2564194444,2024-04-26
209917561,Neottia cordata,Heartleaf Twayblade,Plantae,49.3614472222,-123.2555416667,2024-04-26
209917762,Montia parvifolia,Small-leaved Blinks,Plantae,49.361225,-123.2552083333,2024-04-26
209918126,Collomia heterophylla,variableleaf collomia,Plantae,49.361225,-123.2552083333,2024-04-26
209918616,Prunella vulgaris,common selfheal,Plantae,49.3611166667,-123.2554583333,2024-04-26
209918914,Vespericola columbianus,Northwest Hesperian,Mollusca,49.3611166667,-123.2554583333,2024-04-26
209920355,Lepidium campestre,field peppergrass,Plantae,49.16198324,-123.16994021,2024-04-26
209920891,Arctostaphylos columbiana,hairy manzanita,Plantae,49.3611166667,-123.2554583333,2024-04-26
209921723,Toxicoscordion venenosum,Meadow Deathcamas,Plantae,49.2144342824,-123.2774485178,2024-04-26
209921854,Rumex obtusifolius,broad-leaved dock,Plantae,49.16208025,-123.17012007,2024-04-26
209921931,Montia parvifolia,Small-leaved Blinks,Plantae,49.36125,-123.2545722222,2024-04-26
209922065,Lamium purpureum,red deadnettle,Plantae,49.16206182,-123.170062,2024-04-26
209922596,Agrocybe praecox,Spring Fieldcap,Fungi,49.3218511488,-123.1028257078,2024-04-26
209923425,Madia exigua,small tarweed,Plantae,49.36125,-123.2545722222,2024-04-26
209924436,Erythranthe alsinoides,wingstem monkeyflower,Plantae,49.3612083333,-123.2547222222,2024-04-26
209924478,Cornus,dogwoods,Plantae,49.3126083333,-123.0802222222,2024-04-26
209924867,Platanthera,Bog Orchids,Plantae,49.361125,-123.2548444444,2024-04-26
209925146,Pseudotsuga menziesii,Douglas-fir,Plantae,49.361125,-123.2548444444,2024-04-26
209925234,Plantago major,greater plantain,Plantae,49.3087149086,-123.1130523517,2024-04-26
209925236,Daphne laureola,Spurge-laurel,Plantae,49.2588924289,-123.034936113,2024-04-26
209925237,Lysimachia nummularia,creeping Jenny,Plantae,49.3356501905,-123.1184098832,2024-04-26
209925241,Lasius niger,Black Garden Ant,Insecta,49.2004313658,-123.0163762575,2024-04-26
209925242,Lamium maculatum,Spotted deadnettle,Plantae,49.2608801564,-123.0974245979,2024-04-26
209925244,Agrobacterium radiobacter,bacterial crown gall,,49.2920660769,-123.0088336488,2024-04-26
209925250,Porcellio scaber,Common Rough Woodlouse,Animalia,49.3540780158,-123.0446806698,2024-04-26
209925251,Pholcus phalangioides,Long-bodied Cellar Spider,Arachnida,49.3102454118,-123.136928852,2024-04-26
209925252,Dacrymyces stillatus,Jelly Spot Fungus,Fungi,49.3168499071,-123.0663714239,2024-04-26
209925309,Rumex obtusifolius,broad-leaved dock,Plantae,49.16158718,-123.17022459,2024-04-26
209925506,Ramularia rubella,,Fungi,49.16159806,-123.17008663,2024-04-26
209925697,Rumex obtusifolius,broad-leaved dock,Plantae,49.16124771,-123.17021049,2024-04-26
209925809,Senecio vulgaris,common groundsel,Plantae,49.15998904,-123.170074,2024-04-26
209926007,Tanacetum vulgare,tansy,Plantae,49.15994563,-123.17019518,2024-04-26
209926251,Cumminsiella,,Fungi,49.15936628,-123.17013646,2024-04-26
209926487,Melospiza melodia,Song Sparrow,Aves,49.2977897125,-123.0404003007,2024-04-26
209926494,Sphaerulina,,Fungi,49.15893131,-123.17009085,2024-04-26
209926661,Fungi,Fungi Including Lichens,Fungi,49.15847214,-123.17003435,2024-04-26
209926795,Anthoxanthum odoratum,sweet vernal grass,Plantae,49.15762036,-123.17015103,2024-04-26
209926930,Hyacinthoides non-scripta,bluebell,Plantae,49.15763689,-123.17012406,2024-04-26
209927364,Betula pendula,silver birch,Plantae,49.1574601,-123.17015266,2024-04-26
209927710,Camassia leichtlinii,great camas,Plantae,49.15549045,-123.17010548,2024-04-26
209927896,Neottia cordata,Heartleaf Twayblade,Plantae,49.3612,-123.2537388889,2024-04-26
209927900,Nemophila menziesii,Menzies' baby blue eyes,Plantae,49.15548476,-123.17011049,2024-04-26
209928099,Medicago,medicks,Plantae,49.1551428,-123.16995389,2024-04-26
209928160,Araniella displicata,Six-spotted Orbweaver,Arachnida,49.1217028333,-123.06365,2024-04-26
209928388,Tortula muralis,Wall Screw-moss,Plantae,49.14157727,-123.18107371,2024-04-26
209928599,Ranunculus repens,Creeping buttercup,Plantae,49.14162662,-123.18079324,2024-04-26
209928639,Bombus flavifrons,Yellow-fronted Bumble Bee,Insecta,49.3310383535,-123.0618040173,2024-04-26
209928640,Bombus impatiens,Common Eastern Bumble Bee,Insecta,49.3310373909,-123.0618127345,2024-04-26
209928641,Bombus flavifrons,Yellow-fronted Bumble Bee,Insecta,49.3304907126,-123.0616806357,2024-04-26
209928644,Bombus melanopygus,Black-tailed Bumble Bee,Insecta,49.3305115964,-123.0616873416,2024-04-26
209928645,Bombus vosnesenskii,Yellow-faced Bumble Bee,Insecta,49.3310289961,-123.0618107232,2024-04-26
209928647,Culiseta incidens,Cold Weather Mosquito,Insecta,49.3311565972,-123.0613842519,2024-04-26
209928648,Maianthemum dilatatum,Western Lily of the Valley,Plantae,49.3310732603,-123.0615257382,2024-04-26
209928651,Lysichiton americanus,western skunk cabbage,Plantae,49.3310924879,-123.0614211321,2024-04-26
209928653,Viola glabella,stream violet,Plantae,49.3310977318,-123.0614211321,2024-04-26
209928656,Elasmucha lateralis,Edge-striped Shield Bug,Insecta,49.3310959838,-123.0614291787,2024-04-26
209928660,Kindbergia oregana,Oregon Beaked Moss,Plantae,49.3311606583,-123.0615069628,2024-04-26
209928662,Equisetum telmateia braunii,Braun's Giant Horsetail,Plantae,49.3309878927,-123.0613594413,2024-04-26
209928663,Goodyera oblongifolia,Western Rattlesnake Plantain,Plantae,49.3300299991,-123.060730128,2024-04-26
209928668,Dryopteris expansa,spreading wood fern,Plantae,49.3309582005,-123.0614320292,2024-04-26
209928670,Polypodium glycyrrhiza,licorice fern,Plantae,49.3298150179,-123.0604664339,2024-04-26
209928672,Alsineae,Chickweed Tribe,Plantae,49.3305806385,-123.0616144194,2024-04-26
209928679,Anemonoides nemorosa,wood anemone,Plantae,49.3307729158,-123.0615875973,2024-04-26
209928756,Turdus migratorius,American Robin,Aves,49.14164023,-123.180784,2024-04-26
209928858,Poa pratensis,Smooth Meadow-grass,Plantae,49.121825,-123.0636138333,2024-04-26
209929137,Photinus,Rover Fireflies,Insecta,49.1216721667,-123.0635416667,2024-04-26
209929659,Plagiomnium,Thyme and Allied Mosses,Plantae,49.28027,-122.8413383333,2024-04-26
209931367,Polystichum munitum,western sword fern,Plantae,49.2782005,-122.90564325,2024-04-26
209931458,Geranium robertianum,Herb Robert,Plantae,49.27809564,-122.9049844,2024-04-26
209931511,Digitalis purpurea,purple foxglove,Plantae,49.27785681,-122.90359349,2024-04-26
209931542,Alnus rubra,Red Alder,Plantae,49.27784583,-122.90229935,2024-04-26
209931632,Acer macrophyllum,bigleaf maple,Plantae,49.27806292,-122.90237148,2024-04-26
209931770,Cepaea nemoralis,Brown-lipped Snail,Mollusca,49.1217028333,-123.0635695,2024-04-26
209931786,Rubus ursinus,trailing blackberry,Plantae,49.27830242,-122.90239661,2024-04-26
209931863,Rubus parviflorus,thimbleberry,Plantae,49.27841865,-122.90238213,2024-04-26
209931919,Vaccinium ovatum,Evergreen Huckleberry,Plantae,49.27855546,-122.90241142,2024-04-26
209932000,Pulvigera,,Plantae,49.27862542,-122.90240637,2024-04-26
209932054,Mycelis muralis,Wall Lettuce,Plantae,49.2790047,-122.90278723,2024-04-26
209932126,Sambucus racemosa,red-berried elder,Plantae,49.27898589,-122.90279944,2024-04-26
209932213,Dicentra formosa,Pacific Bleeding Heart,Plantae,49.28021489,-122.90423197,2024-04-26
209932256,Heracleum maximum,common cowparsnip,Plantae,49.1221611667,-123.0652166667,2024-04-26
209932265,Equisetum,horsetails,Plantae,49.28023757,-122.90451663,2024-04-26
209932319,Claytonia,spring beauties,Plantae,49.2806067,-122.90628706,2024-04-26
209932389,Chamaenerion angustifolium,fireweed,Plantae,49.28093548,-122.90745055,2024-04-26
209932447,Trillium ovatum,Pacific trillium,Plantae,49.28095668,-122.90760738,2024-04-26
209932577,Lemna,Duckweeds,Plantae,49.28090059,-122.90808653,2024-04-26
209932642,Arion ater,Black Slug,Mollusca,49.28088936,-122.90827394,2024-04-26
209933539,Athyrium filix-femina,lady fern,Plantae,49.1214611667,-123.0663166667,2024-04-26
209934099,Polystichum munitum,western sword fern,Plantae,49.119325,-123.0648445,2024-04-26
209934432,Neottia cordata,Heartleaf Twayblade,Plantae,49.3614416667,-123.2537222222,2024-04-26
209934875,Platanthera,Bog Orchids,Plantae,49.3614166667,-123.2541361111,2024-04-26
209936231,Rhytidiopsis robusta,Pipecleaner Moss,Plantae,49.3611555556,-123.2535333333,2024-04-26
209936252,Mus musculus,House Mouse,Mammalia,49.2872415166,-123.1415449779,2024-04-26
209936741,Alisma,water-plantains,Plantae,49.2707472222,-123.2349805556,2024-04-26
209937247,Rhionaeschna,Neotropical Darners,Insecta,49.2708833333,-123.2352611111,2024-04-26
209937437,Hypogymnia,Tube Lichens,Fungi,49.3613888889,-123.2530138889,2024-04-26
209937712,Aeshnidae,Darners,Insecta,49.2704555556,-123.2348027778,2024-04-26
209937820,Mycoblastus sanguinarius,Bloody-heart Lichen,Fungi,49.3610111111,-123.2525694444,2024-04-26
209938072,Acilius abbreviatus,Abbreviated Predaceous Diving Beetle,Insecta,49.2703916667,-123.2345305556,2024-04-26
209938278,Parmotrema,Ruffle Lichens,Fungi,49.3611583333,-123.2524527778,2024-04-26
209938518,Mycoblastus sanguinarius,Bloody-heart Lichen,Fungi,49.3611583333,-123.2524527778,2024-04-26
209938967,Morchella importuna,Landscaping Black Morel,Fungi,49.3837101574,-123.0470459142,2024-04-26
209938999,Planorbella trivolvis,Marsh Ramshorn,Mollusca,49.2703611111,-123.2344388889,2024-04-26
209939186,Platismatia herrei,Herre's Ragged Lichen,Fungi,49.3611583333,-123.2524527778,2024-04-26
209939753,Lilium columbianum,Columbia lily,Plantae,49.3611888889,-123.2520277778,2024-04-26
209940240,Prunus laurocerasus,Cherry laurel,Plantae,49.1407885195,-122.5965361233,2024-04-26
209940241,Myadestes townsendi,Townsend's Solitaire,Aves,49.1393959234,-122.5949384919,2024-04-26
209940242,Carex,true sedges,Plantae,49.1395203599,-122.5949523171,2024-04-26
209940249,Criorhina bubulcus,Whiskered Bumble Fly,Insecta,49.1376953831,-122.5988897998,2024-04-26
209940250,Bovista,True Puffballs,Fungi,49.1384604778,-122.5989649018,2024-04-26
209940305,Plantago major,greater plantain,Plantae,49.1441043,-123.18531,2024-04-26
209941255,Polytrichum juniperinum,juniper haircap moss,Plantae,49.3608333333,-123.2518666667,2024-04-26
209941546,Luzula,,Plantae,49.3608333333,-123.2518666667,2024-04-26
209941923,Parmotrema,Ruffle Lichens,Fungi,49.3611972222,-123.2522805556,2024-04-26
209941981,Dasiphora fruticosa,shrubby cinquefoil,Plantae,49.2732054,-123.156878,2024-04-26
209942279,Hieracium albiflorum,white hawkweed,Plantae,49.3608833333,-123.2522527778,2024-04-26
209942748,Psithyrus,Cuckoo Bumble Bees,Insecta,49.3608833333,-123.2522527778,2024-04-26
209942922,Oreoscoptes montanus,Sage Thrasher,Aves,49.3265454199,-123.1528735533,2024-04-26
209943058,Chroicocephalus philadelphia,Bonaparte's Gull,Aves,49.3257347217,-123.1526760757,2024-04-26
209943461,Kopsiopsis hookeri,small ground-cone,Plantae,49.3608833333,-123.2522527778,2024-04-26
209943631,Lysimachia latifolia,Western Starflower,Plantae,49.3610444444,-123.2521916667,2024-04-26
209943895,Kopsiopsis hookeri,small ground-cone,Plantae,49.3610444444,-123.2521916667,2024-04-26
209944263,Kopsiopsis hookeri,small ground-cone,Plantae,49.3610444444,-123.2521916667,2024-04-26
209944678,Cryptogramma acrostichoides,American parsley fern,Plantae,49.3613222222,-123.2521805556,2024-04-26
209944811,Bartramia pomiformis,Common Apple-moss,Plantae,49.361175,-123.2519444444,2024-04-26
209944911,Racomitrium heterostichum,Yellow-green Rock Moss,Plantae,49.3295600318,-123.0601414598,2024-04-26
209945065,Cryptogramma acrostichoides,American parsley fern,Plantae,49.361075,-123.2521583333,2024-04-26
209945233,Lonicera ciliosa,orange honeysuckle,Plantae,49.361075,-123.2521583333,2024-04-26
209945427,Haplotrematinae,,Mollusca,49.3612194444,-123.2517972222,2024-04-26
209945713,Goodyera oblongifolia,Western Rattlesnake Plantain,Plantae,49.3612194444,-123.2517972222,2024-04-26
209945953,Arbutus menziesii,Pacific madrone,Plantae,49.3611194444,-123.2516638889,2024-04-26
209946499,Lichenomphalia ericetorum,Lichen Agaric,Fungi,49.3307385835,-123.0618940478,2024-04-26
209946829,Lachnum virgineum,stalked hairy fairy cup,Fungi,49.3610027778,-123.2514972222,2024-04-26
209947472,Lilium columbianum,Columbia lily,Plantae,49.3519916667,-123.250325,2024-04-26
209949516,Colaptes auratus,Northern Flicker,Aves,49.2327416667,-123.1978833333,2024-04-26
209949906,Rubus parviflorus,thimbleberry,Plantae,49.1224638333,-123.1740716667,2024-04-26
209950033,Crataegus monogyna,common hawthorn,Plantae,49.1223055,-123.1740116667,2024-04-26
209950306,Haliaeetus leucocephalus,Bald Eagle,Aves,49.0319239,-123.055374,2024-04-26
209950308,Zonotrichia leucophrys,White-crowned Sparrow,Aves,49.031965364,-123.0545049648,2024-04-26
209950310,Erodium cicutarium,Redstem Stork's-bill,Plantae,49.031937227,-123.0541294555,2024-04-26
209950316,Turdus migratorius,American Robin,Aves,49.0319161243,-123.054536616,2024-04-26
209950935,Barbarea,wintercresses,Plantae,49.0318816933,-123.054065082,2024-04-26
209950937,Sturnus vulgaris,European Starling,Aves,49.0321615936,-123.0545371518,2024-04-26
209950938,Calypte anna,Anna's Hummingbird,Aves,49.0319083617,-123.0546444402,2024-04-26
209950942,Passer domesticus,House Sparrow,Aves,49.0323022775,-123.0538934216,2024-04-26
209951429,Bubo virginianus,Great Horned Owl,Aves,49.0320927263,-123.0542796587,2024-04-26
209952242,Spinus tristis,American Goldfinch,Aves,49.0244541854,-123.0759888621,2024-04-26
209952244,Araneus diadematus,Cross Orbweaver,Arachnida,49.0324550802,-123.0736740095,2024-04-26
209952245,Parasteatoda tepidariorum,Common House Spider,Arachnida,49.0326453325,-123.0728989613,2024-04-26
209952254,Salticus scenicus,Zebra Jumping Spider,Arachnida,49.0332958113,-123.074835371,2024-04-26
209952615,Oreoscoptes montanus,Sage Thrasher,Aves,49.326532,-123.152926,2024-04-26
209953940,Vespula pensylvanica,Western Yellowjacket,Insecta,49.031954384,-123.0744075911,2024-04-26
209953945,Apis mellifera,Western Honey Bee,Insecta,49.032304648,-123.0733561662,2024-04-26
209953949,Haemorhous mexicanus,House Finch,Aves,49.0324453315,-123.072648063,2024-04-26
209953951,Zonotrichia atricapilla,Golden-crowned Sparrow,Aves,49.0321498957,-123.0728197244,2024-04-26
209953953,Poecile atricapillus,Black-capped Chickadee,Aves,49.0322061693,-123.0721974519,2024-04-26
209953954,Junco hyemalis,Dark-eyed Junco,Aves,49.0326282194,-123.0731201318,2024-04-26
209953959,Leiothlypis celata,Orange-crowned Warbler,Aves,49.0321639641,-123.0734634545,2024-04-26
209953961,Melospiza melodia,Song Sparrow,Aves,49.0325297413,-123.0734634545,2024-04-26
209959979,Ptychomitrium gardneri,,Plantae,49.2632970587,-123.1788379832,2024-04-26
209959980,Bryophyta,Mosses,Plantae,49.2632970587,-123.1788379832,2024-04-26
209959981,Ptychomitrium gardneri,,Plantae,49.2632970587,-123.1788379832,2024-04-26
209959986,Reynoutria japonica,Japanese knotweed,Plantae,49.2632970587,-123.1788379832,2024-04-26
209961170,Myrmica,Furrowed Ants,Insecta,49.1782389684,-122.6025238264,2024-04-26
209961289,Lumbricidae,Lumbricid Earthworms,Animalia,49.0414173577,-122.6964355343,2024-04-26
209961350,Enchytraeidae,Potworms,Animalia,49.108672556,-122.7762173169,2024-04-26
209961623,Julidae,,Animalia,49.1216212269,-122.6739755497,2024-04-26
209962148,Oniscus asellus,Common Shiny Woodlouse,Animalia,49.1245890656,-122.635632787,2024-04-26
209962948,Anemonoides,,Plantae,49.2914928077,-123.1384219789,2024-04-26
209963724,Araneomorphae,Typical Spiders,Arachnida,49.0473613352,-122.7048383364,2024-04-26
209963746,Cheiracanthium,Longlegged Sac Spiders,Arachnida,49.0228353339,-122.628330557,2024-04-26
209964016,Lumbricus terrestris,Nightcrawler,Animalia,49.1780605383,-122.6825685337,2024-04-26
209964213,Oniscus asellus,Common Shiny Woodlouse,Animalia,49.1649478363,-122.6248938939,2024-04-26
209964753,Lithobius,Typical Stone Centipedes,Animalia,49.1699059998,-122.7520847755,2024-04-26
209965625,Eratigena,,Arachnida,49.0560547969,-122.7717033552,2024-04-26
209965772,Calystegia,false bindweeds,Plantae,49.2827024657,-123.1207376719,2024-04-26
209965961,Cornus sericea,red osier dogwood,Plantae,49.1221611667,-123.0651888333,2024-04-26
209966276,Arctium minus,lesser burdock,Plantae,49.121239,-123.066364,2024-04-26
209966634,Ditylus quadricollis,Cedar False Blister Beetle,Insecta,49.0921531119,-122.7326343825,2024-04-26
209966742,Parasteatoda tepidariorum,Common House Spider,Arachnida,49.0471466656,-122.7937450299,2024-04-26
209966847,Alchemilla arvensis,Field Parsley Piert,Plantae,49.1204528333,-123.0708945,2024-04-26
209966915,Dicentra formosa,Pacific Bleeding Heart,Plantae,49.1613693237,-122.8417358398,2024-04-26
209968201,Fungi,Fungi Including Lichens,Fungi,49.344948829,-123.0219103396,2024-04-26
209968480,Fomitopsis mounceae,Northern Red Belt,Fungi,49.3489055936,-123.0197317153,2024-04-26
209968514,Araneus diadematus,Cross Orbweaver,Arachnida,49.0759082006,-122.7749002036,2024-04-26
209968549,Myosotis sylvatica,Wood Forget-me-not,Plantae,49.3461089159,-123.0188784376,2024-04-26
209968581,Bellis perennis,Lawn daisy,Plantae,49.244942,-122.93557,2024-04-26
209968582,Anthopleura artemisia,Moonglow Anemone,Animalia,49.3365555556,-123.3634055556,2024-04-26
209968584,Prunella vulgaris,common selfheal,Plantae,49.244942,-122.93557,2024-04-26
209968585,Plantago major,greater plantain,Plantae,49.244942,-122.93557,2024-04-26
209968587,Ranunculus repens,Creeping buttercup,Plantae,49.244942,-122.93557,2024-04-26
209968588,Rubus parviflorus,thimbleberry,Plantae,49.244942,-122.93557,2024-04-26
209968589,Taraxacum officinale,common dandelion,Plantae,49.244942,-122.93557,2024-04-26
209968595,Rubus bifrons,Himalayan Blackberry,Plantae,49.244942,-122.93557,2024-04-26
209968596,Calystegia silvatica,large bindweed,Plantae,49.244663,-122.935471,2024-04-26
209968597,Veronica serpyllifolia,thyme-leaved speedwell,Plantae,49.244663,-122.935471,2024-04-26
209968603,Poa annua,Annual Meadow-grass,Plantae,49.244663,-122.935471,2024-04-26
209968606,Ranunculus repens,Creeping buttercup,Plantae,49.244534,-122.93557,2024-04-26
209968607,Prunus padus,bird cherry,Plantae,49.244484,-122.93573,2024-04-26
209968615,Oemleria cerasiformis,Osoberry,Plantae,49.244484,-122.93573,2024-04-26
209968616,Geum macrophyllum,Large-leaved Avens,Plantae,49.244484,-122.93573,2024-04-26
209968618,Prunus padus,bird cherry,Plantae,49.244484,-122.93573,2024-04-26
209968630,Anas platyrhynchos,Mallard,Aves,49.244331,-122.935875,2024-04-26
209968632,Coeloxylosteum,Eurasian bush honeysuckles,Plantae,49.244331,-122.935875,2024-04-26
209968634,Tellima grandiflora,fringe cups,Plantae,49.244213,-122.936043,2024-04-26
209968643,Acer circinatum,Vine Maple,Plantae,49.244228,-122.935806,2024-04-26
209968647,Lapsana communis,nipplewort,Plantae,49.244087,-122.935623,2024-04-26
209968648,Lapsana communis,nipplewort,Plantae,49.244228,-122.935806,2024-04-26
209968656,Branta canadensis,Canada Goose,Aves,49.244087,-122.935623,2024-04-26
209968658,Ajuga reptans,carpet bugle,Plantae,49.244019,-122.935417,2024-04-26
209968659,Aix sponsa,Wood Duck,Aves,49.244087,-122.935623,2024-04-26
209968662,Bellis perennis,Lawn daisy,Plantae,49.243912,-122.935371,2024-04-26
209968663,Dicentra formosa,Pacific Bleeding Heart,Plantae,49.243912,-122.935371,2024-04-26
209968665,Athyrium filix-femina,lady fern,Plantae,49.243759,-122.935455,2024-04-26
209968670,Calystegia silvatica,large bindweed,Plantae,49.243759,-122.935455,2024-04-26
209968671,Sambucus racemosa,red-berried elder,Plantae,49.243759,-122.935455,2024-04-26
209968672,Tellima grandiflora,fringe cups,Plantae,49.243759,-122.935455,2024-04-26
209968677,Geum macrophyllum,Large-leaved Avens,Plantae,49.243759,-122.935455,2024-04-26
209968678,Alnus rubra,Red Alder,Plantae,49.243759,-122.935455,2024-04-26
209968679,Physcia tenella,Fringed Rosette Lichen,Fungi,49.243759,-122.935455,2024-04-26
209968680,Eratigena,,Arachnida,49.0239901367,-122.6720139528,2024-04-26
209968683,Populus trichocarpa,black cottonwood,Plantae,49.243702,-122.935257,2024-04-26
209968684,Graphis scripta,Common Script Lichen,Fungi,49.243702,-122.935257,2024-04-26
209968686,Radula complanata,Flat-leaved Scalewort,Plantae,49.243702,-122.935257,2024-04-26
209968687,Pipilo maculatus,Spotted Towhee,Aves,49.24369,-122.935417,2024-04-26
209968689,Tamiasciurus douglasii,Douglas's Squirrel,Mammalia,49.243584,-122.935303,2024-04-26
209968690,Corvus brachyrhynchos,American Crow,Aves,49.243492,-122.935326,2024-04-26
209968694,Melospiza melodia,Song Sparrow,Aves,49.243492,-122.935326,2024-04-26
209968696,Molothrus ater,Brown-headed Cowbird,Aves,49.243294,-122.935326,2024-04-26
209968697,Fulica americana,American Coot,Aves,49.243294,-122.935326,2024-04-26
209968701,Molothrus ater,Brown-headed Cowbird,Aves,49.243294,-122.935326,2024-04-26
209968702,Columba livia domestica,Feral Pigeon,Aves,49.243294,-122.935326,2024-04-26
209968703,Agelaius phoeniceus,Red-winged Blackbird,Aves,49.243294,-122.935326,2024-04-26
209968706,Molothrus ater,Brown-headed Cowbird,Aves,49.243137,-122.935371,2024-04-26
209968709,Zonotrichia leucophrys,White-crowned Sparrow,Aves,49.243137,-122.935371,2024-04-26
209968711,Molothrus ater,Brown-headed Cowbird,Aves,49.243137,-122.935371,2024-04-26
209968715,Melospiza melodia,Song Sparrow,Aves,49.243137,-122.935371,2024-04-26
209968716,Salix sitchensis,Sitka willow,Plantae,49.243,-122.935432,2024-04-26
209968719,Rubus bifrons,Himalayan Blackberry,Plantae,49.242867,-122.935394,2024-04-26
209968723,Phalaris arundinacea,reed canary grass,Plantae,49.242867,-122.935394,2024-04-26
209968725,Rumex obtusifolius,broad-leaved dock,Plantae,49.242867,-122.935394,2024-04-26
209968728,Antigone canadensis,Sandhill Crane,Aves,49.2427086139,-122.9352494083,2024-04-26
209968733,Anas crecca,Green-winged Teal,Aves,49.242596,-122.935524,2024-04-26
209968734,Aix sponsa,Wood Duck,Aves,49.2426084548,-122.9352770225,2024-04-26
209968735,Tachycineta bicolor,Tree Swallow,Aves,49.2420212288,-122.9351146607,2024-04-26
209968742,Anas platyrhynchos,Mallard,Aves,49.242085,-122.935471,2024-04-26
209968743,Tachycineta bicolor,Tree Swallow,Aves,49.242085,-122.935471,2024-04-26
209968744,Tachycineta bicolor,Tree Swallow,Aves,49.2420212288,-122.9351146607,2024-04-26
209968746,Zonotrichia atricapilla,Golden-crowned Sparrow,Aves,49.242859,-122.935394,2024-04-26
209968747,Hirundo rustica,Barn Swallow,Aves,49.2420212288,-122.9351146607,2024-04-26
209968748,Agelaius phoeniceus,Red-winged Blackbird,Aves,49.242985,-122.935387,2024-04-26
209968752,Molothrus ater,Brown-headed Cowbird,Aves,49.242985,-122.935387,2024-04-26
209968760,Pipilo maculatus,Spotted Towhee,Aves,49.242889,-122.935356,2024-04-26
209968916,Rubus parviflorus,thimbleberry,Plantae,49.3461639598,-123.018960245,2024-04-26
209969189,Mycelis muralis,Wall Lettuce,Plantae,49.3456403847,-123.0182420835,2024-04-26
209969242,Zonotrichia leucophrys,White-crowned Sparrow,Aves,49.2191791317,-123.2135175333,2024-04-26
209969243,Zonotrichia leucophrys,White-crowned Sparrow,Aves,49.2191791317,-123.2135175333,2024-04-26
209969244,Barbarea,wintercresses,Plantae,49.2189461233,-123.21367042,2024-04-26
209969443,Sciaroidea,Fungus Gnats and Gall Midges,Insecta,49.0801869969,-122.7325084628,2024-04-26
209969517,Athyrium filix-femina,lady fern,Plantae,49.3455377223,-123.0185890943,2024-04-26
209969837,Erodium cicutarium,Redstem Stork's-bill,Plantae,49.2189461233,-123.21367042,2024-04-26
209969842,Spinus tristis,American Goldfinch,Aves,49.2188725433,-123.2139091367,2024-04-26
209969884,Cystofilobasidium macerans,sap yeast,Fungi,49.1203305,-123.0704611667,2024-04-26
209970061,Struthiopteris spicant,deer fern,Plantae,49.3473006468,-123.0187010765,2024-04-26
209970307,Fungi,Fungi Including Lichens,Fungi,49.3457657637,-123.0193625763,2024-04-26
209970495,Lithobius,Typical Stone Centipedes,Animalia,49.0648466335,-122.6518136962,2024-04-26
209970609,Lichenomphalia ericetorum,Lichen Agaric,Fungi,49.3471178263,-123.0187067762,2024-04-26
209970668,Cytisus scoparius,Scotch Broom,Plantae,49.2188182317,-123.21374284,2024-04-26
209970669,Agelaius phoeniceus,Red-winged Blackbird,Aves,49.2189811633,-123.21285771,2024-04-26
209970671,Hirundo rustica,Barn Swallow,Aves,49.2191984033,-123.21282016,2024-04-26
209970715,Pinus nigra,black pine,Plantae,49.1200861667,-123.0702333333,2024-04-26
209970812,Cardamine flexuosa,wavy bittercress,Plantae,49.3459326438,-123.0188117176,2024-04-26
209970954,Acer macrophyllum,bigleaf maple,Plantae,49.3462347305,-123.0192321539,2024-04-26
209971072,Kobeltia,hortensis-group Arion Slugs,Mollusca,49.0973003424,-122.7448173086,2024-04-26
209971097,Camponotus,"Carpenter Ants, Typical Sugar Ants and Allies",Insecta,49.1162731841,-122.7871374891,2024-04-26
209971163,Taxus brevifolia,Pacific yew,Plantae,49.3457996203,-123.018422462,2024-04-26
209971288,Equisetum telmateia braunii,Braun's Giant Horsetail,Plantae,49.1203611667,-123.0619028333,2024-04-26
209971336,Tachycineta bicolor,Tree Swallow,Aves,49.2189811633,-123.21285771,2024-04-26
209971337,Brassica rapa,field mustard,Plantae,49.219273735,-123.2130079133,2024-04-26
209971476,Oxychilus,Typical Glass Snails,Mollusca,49.0071640004,-122.7505066255,2024-04-26
209971565,Phalaris arundinacea,reed canary grass,Plantae,49.1214611667,-123.0626583333,2024-04-26
209971742,Lumbricidae,Lumbricid Earthworms,Animalia,49.0774772369,-122.7500577373,2024-04-26
209971754,Picipes,,Fungi,49.3463068116,-123.01821962,2024-04-26
209971890,Nannopterum auritum,Double-crested Cormorant,Aves,49.2193788517,-123.2125465733,2024-04-26
209971895,Agelaius phoeniceus,Red-winged Blackbird,Aves,49.2190547433,-123.2132493133,2024-04-26
209971898,Agelaius phoeniceus,Red-winged Blackbird,Aves,49.2190547433,-123.2132493133,2024-04-26
209971944,Malus,apples and crabapples,Plantae,49.2147416667,-123.1812133333,2024-04-26
209972080,Kobeltia,hortensis-group Arion Slugs,Mollusca,49.0646042757,-122.7171420311,2024-04-26
209972299,Crataegus douglasii,Black Hawthorn,Plantae,49.2143283333,-123.181175,2024-04-26
209972397,Cladonia,pixie cup and reindeer lichens,Fungi,49.3466265885,-123.0189334229,2024-04-26
209972798,Prunus avium,wild cherry,Plantae,49.214225,-123.1810833333,2024-04-26
209972905,Lamium purpureum,red deadnettle,Plantae,49.2192947583,-123.2137777083,2024-04-26
209972907,Tanacetum vulgare,tansy,Plantae,49.2192947583,-123.2137777083,2024-04-26
209972908,Capsella bursa-pastoris,shepherd's-purse,Plantae,49.21929651,-123.2135577667,2024-04-26
209972911,Corvus brachyrhynchos,American Crow,Aves,49.2191703717,-123.2142068617,2024-04-26
209972991,Nebria brevicollis,European Gazelle Beetle,Insecta,49.0524636788,-122.6754715366,2024-04-26
209973077,Lithobiomorpha,Stone Centipedes,Animalia,49.0760948463,-122.7205853541,2024-04-26
209973274,Cardamine flexuosa,wavy bittercress,Plantae,49.1215833333,-123.0633,2024-04-26
209973331,Oniscus asellus,Common Shiny Woodlouse,Animalia,49.1820559317,-122.6088188776,2024-04-26
209973422,Achlys triphylla,vanilla leaf,Plantae,49.3494998999,-123.0186869949,2024-04-26
209973557,Kobeltia,hortensis-group Arion Slugs,Mollusca,49.0442339213,-122.6708944711,2024-04-26
209973580,Carex macrocephala,big-head sedge,Plantae,49.21911431,-123.2142819633,2024-04-26
209973582,Calidris alpina,Dunlin,Aves,49.2191651167,-123.2150356633,2024-04-26
209973610,Scapania bolanderi,Yellow-ladle Liverwort,Plantae,49.3458647123,-123.0184653774,2024-04-26
209973886,Claytonia sibirica,Candy Flower,Plantae,49.3429149521,-123.019881919,2024-04-26
209974128,Cytisus scoparius,Scotch Broom,Plantae,49.2188900617,-123.2143946167,2024-04-26
209974129,Tanacetum vulgare,tansy,Plantae,49.2187779383,-123.21421759,2024-04-26
209974130,Cakile edentula,American searocket,Plantae,49.2185922317,-123.2138420817,2024-04-26
209974136,Rumex acetosella,Sheep's sorrel,Plantae,49.2185922317,-123.2138420817,2024-04-26
209974164,Turdus migratorius,American Robin,Aves,49.1836968447,-122.6097237451,2024-04-26
209974204,Turdus migratorius,American Robin,Aves,49.1543190592,-122.6438043563,2024-04-26
209974404,Morchella importuna,Landscaping Black Morel,Fungi,49.3464083333,-123.0816583333,2024-04-26
209974667,Plantago lanceolata,ribwort plantain,Plantae,49.2182768783,-123.2139064533,2024-04-26
209974668,Cytisus scoparius,Scotch Broom,Plantae,49.21801058,-123.2135577667,2024-04-26
209974670,Hydroprogne caspia,Caspian Tern,Aves,49.2178493983,-123.2150866267,2024-04-26
209974870,Arion,Arion Slugs,Mollusca,49.30350412,-123.14183803,2024-04-26
209974915,Sorbus,Rowans and Mountain Ashes,Plantae,49.30317027,-123.14177737,2024-04-26
209974955,Salix sitchensis,Sitka willow,Plantae,49.30299439,-123.14017213,2024-04-26
209975030,Salix lasiandra,Pacific Willow,Plantae,49.30299365,-123.14010271,2024-04-26
209975093,Gaultheria shallon,salal,Plantae,49.30301776,-123.13998414,2024-04-26
209975120,Poecile rufescens,Chestnut-backed Chickadee,Aves,49.30299863,-123.1399531,2024-04-26
209975151,Lithobates clamitans,Green Frog,Amphibia,49.30300587,-123.13983157,2024-04-26
209975173,Spiraea,meadowsweets,Plantae,49.30281941,-123.13881767,2024-04-26
209975187,Ardea herodias,Great Blue Heron,Aves,49.2174744733,-123.2151509983,2024-04-26
209975188,Larus glaucescens,Glaucous-winged Gull,Aves,49.2174744733,-123.2151509983,2024-04-26
209975189,Ardea herodias,Great Blue Heron,Aves,49.21678164,-123.2148439467,2024-04-26
209975205,Tamiasciurus douglasii,Douglas's Squirrel,Mammalia,49.30399424,-123.1415305,2024-04-26
209975817,Calidris alpina,Dunlin,Aves,49.2169428267,-123.2156271517,2024-04-26
209975819,Setophaga coronata,Yellow-rumped Warbler,Aves,49.2173562983,-123.2137388767,2024-04-26
209975820,Ardea herodias,Great Blue Heron,Aves,49.21731425,-123.214854675,2024-04-26
209976012,Typha angustifolia,narrow-leaved cattail,Plantae,49.1476784997,-123.1951267,2024-04-26
209976347,Anas crecca,Green-winged Teal,Aves,49.216655495,-123.215219455,2024-04-26
209976447,Geum macrophyllum,Large-leaved Avens,Plantae,49.243294,-122.935356,2024-04-26
209976449,Corvus brachyrhynchos,American Crow,Aves,49.243294,-122.935356,2024-04-26
209976450,Polystichum munitum,western sword fern,Plantae,49.243294,-122.935356,2024-04-26
209976453,Glechoma hederacea,ground-ivy,Plantae,49.243431,-122.935364,2024-04-26
209976454,Rubus spectabilis,Salmonberry,Plantae,49.243431,-122.935364,2024-04-26
209976455,Geum macrophyllum,Large-leaved Avens,Plantae,49.243431,-122.935364,2024-04-26
209976459,Rubus bifrons,Himalayan Blackberry,Plantae,49.243679,-122.935257,2024-04-26
209976461,Spiraea douglasii,Rose Spirea,Plantae,49.243679,-122.935257,2024-04-26
209976462,Populus trichocarpa,black cottonwood,Plantae,49.243679,-122.935257,2024-04-26
209976466,Rosa nutkana,Nootka rose,Plantae,49.243679,-122.935257,2024-04-26
209976467,Acer circinatum,Vine Maple,Plantae,49.243679,-122.935257,2024-04-26
209976473,Passerella iliaca,Fox Sparrow,Aves,49.243855,-122.935158,2024-04-26
209976474,Sambucus racemosa,red-berried elder,Plantae,49.24382,-122.93499,2024-04-26
209976475,Dicentra formosa,Pacific Bleeding Heart,Plantae,49.24382,-122.93499,2024-04-26
209976481,Reynoutria,Rhizomatous Knotweeds,Plantae,49.2439386248,-122.9351493561,2024-04-26
209976482,Rhytidiadelphus squarrosus,Square Gooseneck Moss,Plantae,49.243664,-122.934814,2024-04-26
209976483,Cornus nuttallii,Pacific Dogwood,Plantae,49.24382,-122.93499,2024-04-26
209976486,Polypodium glycyrrhiza,licorice fern,Plantae,49.243576,-122.934677,2024-04-26
209976487,Sambucus racemosa,red-berried elder,Plantae,49.24361,-122.934494,2024-04-26
209976493,Maianthemum dilatatum,Western Lily of the Valley,Plantae,49.243572,-122.934357,2024-04-26
209976494,Oemleria cerasiformis,Osoberry,Plantae,49.243572,-122.934357,2024-04-26
209976495,Lonicera involucrata,twinberry honeysuckle,Plantae,49.243572,-122.934357,2024-04-26
209976500,Athyrium filix-femina,lady fern,Plantae,49.243572,-122.934357,2024-04-26
209976501,Tolmiea menziesii,Youth-on-Age,Plantae,49.243572,-122.934357,2024-04-26
209976502,Lysichiton americanus,western skunk cabbage,Plantae,49.243572,-122.934357,2024-04-26
209976504,Cornus sericea,red osier dogwood,Plantae,49.243492,-122.934174,2024-04-26
209976505,Salix scouleriana,Scouler's willow,Plantae,49.243492,-122.934174,2024-04-26
209976506,Porella navicularis,Tree Ruffle Liverwort,Plantae,49.243492,-122.934174,2024-04-26
209976507,Porella navicularis,Tree Ruffle Liverwort,Plantae,49.243492,-122.934174,2024-04-26
209976513,Cornus sericea,red osier dogwood,Plantae,49.243492,-122.934174,2024-04-26
209976514,Haemorhous purpureus,Purple Finch,Aves,49.243565,-122.933907,2024-04-26
209976515,Cardamine flexuosa,wavy bittercress,Plantae,49.243557,-122.933762,2024-04-26
209976521,Hypotrachyna sinuosa,Green Loop Lichen,Fungi,49.243557,-122.933762,2024-04-26
209976522,Radula complanata,Flat-leaved Scalewort,Plantae,49.243557,-122.933762,2024-04-26
209976523,Lobaria,Lung Lichens,Fungi,49.243557,-122.933762,2024-04-26
209976527,Malus fusca,Pacific Crab Apple,Plantae,49.243557,-122.933762,2024-04-26
209976528,Radula complanata,Flat-leaved Scalewort,Plantae,49.243557,-122.933762,2024-04-26
209976529,Pulvigera pringlei,,Plantae,49.243557,-122.933762,2024-04-26
209976530,Orthotrichum pulchellum,Elegant Bristle-moss,Plantae,49.243557,-122.933762,2024-04-26
209976533,Humulus neomexicanus,western hop,Plantae,49.243557,-122.933762,2024-04-26
209976534,Parmelia sulcata,Netted shield lichen,Fungi,49.243557,-122.933762,2024-04-26
209976535,Usnea cornuta,Inflated Beard,Fungi,49.243557,-122.933762,2024-04-26
209976541,Malus fusca,Pacific Crab Apple,Plantae,49.243557,-122.933762,2024-04-26
209976542,Physcia tenella,Fringed Rosette Lichen,Fungi,49.243557,-122.933762,2024-04-26
209976543,Hypotrachyna sinuosa,Green Loop Lichen,Fungi,49.243557,-122.933762,2024-04-26
209976546,Neckera douglasii,Douglas' Neckera Moss,Plantae,49.243557,-122.933762,2024-04-26
209976547,Ilex aquifolium,European holly,Plantae,49.243557,-122.933762,2024-04-26
209976548,Ramalina farinacea,Farinose Cartilage Lichen,Fungi,49.243557,-122.933762,2024-04-26
209976553,Radula complanata,Flat-leaved Scalewort,Plantae,49.243584,-122.933563,2024-04-26
209976554,Radula complanata,Flat-leaved Scalewort,Plantae,49.243584,-122.933563,2024-04-26
209976555,Lobaria,Lung Lichens,Fungi,49.243584,-122.933563,2024-04-26
209976556,Metzgeria temperata,Whiskered Veilwort,Plantae,49.243584,-122.933563,2024-04-26
209976557,Parmelia sulcata,Netted shield lichen,Fungi,49.243584,-122.933563,2024-04-26
209976558,Parmelia sulcata,Netted shield lichen,Fungi,49.243584,-122.933563,2024-04-26
209976672,Calidris alpina,Dunlin,Aves,49.216655495,-123.215219455,2024-04-26
209976674,Rubus bifrons,Himalayan Blackberry,Plantae,49.21727921,-123.214076835,2024-04-26
209976675,Malus,apples and crabapples,Plantae,49.2172757067,-123.2134009183,2024-04-26
209977094,Passer domesticus,House Sparrow,Aves,49.13,-122.8499999722,2024-04-26
209977212,Setophaga coronata,Yellow-rumped Warbler,Aves,49.2174684267,-123.2133043583,2024-04-26
209977213,Agelaius phoeniceus,Red-winged Blackbird,Aves,49.2175262417,-123.21319707,2024-04-26
209977214,Setophaga coronata,Yellow-rumped Warbler,Aves,49.2175262417,-123.21319707,2024-04-26
209977377,Fungi,Fungi Including Lichens,Fungi,49.1202695,-123.06855,2024-04-26
209977811,Bombus melanopygus,Black-tailed Bumble Bee,Insecta,49.21758581,-123.2130468667,2024-04-26
209977813,Rubus bifrons,Himalayan Blackberry,Plantae,49.2172529317,-123.212547975,2024-04-26
209977814,Cornus nuttallii,Pacific Dogwood,Plantae,49.21708649,-123.2124219117,2024-04-26
209977921,Melanelixia,,Fungi,49.243584,-122.933563,2024-04-26
209977924,Usnea cornuta,Inflated Beard,Fungi,49.243553,-122.933426,2024-04-26
209977925,Humulus neomexicanus,western hop,Plantae,49.243587,-122.933289,2024-04-26
209977930,Lysichiton americanus,western skunk cabbage,Plantae,49.243587,-122.933289,2024-04-26
209977931,Salix lasiandra,Pacific Willow,Plantae,49.243717,-122.933182,2024-04-26
209977933,Sorbus aucuparia,European mountain ash,Plantae,49.243816,-122.933144,2024-04-26
209977937,Haemorhous purpureus,Purple Finch,Aves,49.243816,-122.933144,2024-04-26
209977938,Sorbus aucuparia,European mountain ash,Plantae,49.243965,-122.933182,2024-04-26
209977940,Rubus bifrons,Himalayan Blackberry,Plantae,49.243965,-122.933182,2024-04-26
209977943,Prunus laurocerasus,Cherry laurel,Plantae,49.243965,-122.933182,2024-04-26
209977944,Spiraea douglasii,Rose Spirea,Plantae,49.243965,-122.933182,2024-04-26
209977945,Geum macrophyllum,Large-leaved Avens,Plantae,49.243965,-122.933182,2024-04-26
209977946,Populus trichocarpa,black cottonwood,Plantae,49.244019,-122.932983,2024-04-26
209977948,Oemleria cerasiformis,Osoberry,Plantae,49.244019,-122.932983,2024-04-26
209977949,Aesculus hippocastanum,horse-chestnut,Plantae,49.244019,-122.932983,2024-04-26
209977955,Alnus rubra,Red Alder,Plantae,49.244019,-122.932983,2024-04-26
209977956,Porcellio scaber,Common Rough Woodlouse,Animalia,49.244019,-122.932983,2024-04-26
209977957,Porcellio scaber,Common Rough Woodlouse,Animalia,49.244019,-122.932983,2024-04-26
209977962,Lepraria,Dust Lichens,Fungi,49.244019,-122.932983,2024-04-26
209977964,Metzgeria temperata,Whiskered Veilwort,Plantae,49.244045,-122.932838,2024-04-26
209977965,Porella cordaeana,Cliff Scalewort,Plantae,49.244045,-122.932838,2024-04-26
209977970,Parmelia sulcata,Netted shield lichen,Fungi,49.244045,-122.932838,2024-04-26
209977973,Acer circinatum,Vine Maple,Plantae,49.244045,-122.932838,2024-04-26
209977974,Physcia tenella,Fringed Rosette Lichen,Fungi,49.244137,-122.932709,2024-04-26
209977979,Acer circinatum,Vine Maple,Plantae,49.244137,-122.932709,2024-04-26
209977981,Maianthemum dilatatum,Western Lily of the Valley,Plantae,49.244137,-122.932709,2024-04-26
209977983,Lonicera involucrata,twinberry honeysuckle,Plantae,49.244137,-122.932549,2024-04-26
209977985,Maianthemum dilatatum,Western Lily of the Valley,Plantae,49.244137,-122.932549,2024-04-26
209977990,Polypodium glycyrrhiza,licorice fern,Plantae,49.244137,-122.932549,2024-04-26
209977995,Dicranum fuscescens,Dusky Fork-moss,Plantae,49.244137,-122.932549,2024-04-26
209977996,Eriophyes sorbi,Rowan blister mite,Arachnida,49.244198,-122.932434,2024-04-26
209977998,Ilex aquifolium,European holly,Plantae,49.244244,-122.932281,2024-04-26
209978000,Leersia oryzoides,rice cutgrass,Plantae,49.244244,-122.932281,2024-04-26
209978003,Cladonia,pixie cup and reindeer lichens,Fungi,49.244244,-122.932281,2024-04-26
209978004,Arionidae,Roundback Slugs,Mollusca,49.244244,-122.932281,2024-04-26
209978008,Fomes excavatus,Tinder Polypore,Fungi,49.244343,-122.932091,2024-04-26
209978012,Betula pendula,silver birch,Plantae,49.244343,-122.932091,2024-04-26
209978013,Lonicera involucrata,twinberry honeysuckle,Plantae,49.244415,-122.931801,2024-04-26
209978015,Betula pendula,silver birch,Plantae,49.244415,-122.931801,2024-04-26
209978016,Maianthemum dilatatum,Western Lily of the Valley,Plantae,49.244415,-122.931801,2024-04-26
209978017,Lysichiton americanus,western skunk cabbage,Plantae,49.244404,-122.93161,2024-04-26
209978019,Arionidae,Roundback Slugs,Mollusca,49.244411,-122.931343,2024-04-26
209978020,Phytomyza ilicis,European Holly Leafminer,Insecta,49.244473,-122.930824,2024-04-26
209978535,Setophaga coronata,Yellow-rumped Warbler,Aves,49.2171110183,-123.2127196367,2024-04-26
209978537,Equisetum,,Plantae,49.21701641,-123.2124701917,2024-04-26
209978539,Berberis aquifolium,Oregon grape,Plantae,49.2170146583,-123.21234681,2024-04-26
209978541,Anas platyrhynchos,Mallard,Aves,49.2166449833,-123.212207335,2024-04-26
209979147,Anas platyrhynchos,Mallard,Aves,49.2166449833,-123.212207335,2024-04-26
209979148,Anas platyrhynchos,Mallard,Aves,49.2166449833,-123.212207335,2024-04-26
209979150,Typha latifolia,broadleaf cattail,Plantae,49.2172909467,-123.211360565,2024-04-26
209979625,Setophaga coronata,Yellow-rumped Warbler,Aves,49.2172138583,-123.2110574767,2024-04-26
209979626,Lupinus polyphyllus,Large-leaved lupine,Plantae,49.2170649383,-123.21085631,2024-04-26
209979958,Sorbus aucuparia,European mountain ash,Plantae,49.2171612983,-123.2103305967,2024-04-26
209979961,Haliaeetus leucocephalus,Bald Eagle,Aves,49.21661467,-123.2097592867,2024-04-26
209980512,Sambucus racemosa,red-berried elder,Plantae,49.2203498983,-123.21009693,2024-04-26
209980513,Prunus,"plums, cherries, and allies",Plantae,49.2170947217,-123.2099014433,2024-04-26
209980514,Anas platyrhynchos,Mallard,Aves,49.2174906733,-123.2098638933,2024-04-26
209981167,Cistothorus palustris,Marsh Wren,Aves,49.2169773383,-123.2100650583,2024-04-26
209981602,Crataegus douglasii,Black Hawthorn,Plantae,49.2170211383,-123.2097914733,2024-04-26
209981603,Lontra canadensis,North American River Otter,Mammalia,49.21704917,-123.20965468,2024-04-26
209982118,Zonotrichia leucophrys,White-crowned Sparrow,Aves,49.2170684417,-123.208361855,2024-04-26
209982119,Turdus migratorius,American Robin,Aves,49.21711925,-123.2091960233,2024-04-26
209982121,Zonotrichia atricapilla,Golden-crowned Sparrow,Aves,49.21711925,-123.2091960233,2024-04-26
209982407,Phytophthora ilicis,holly leaf blight,Chromista,49.119957,-123.063284,2024-04-26
209982705,Pinus contorta,lodgepole pine,Plantae,49.21720685,-123.2090189967,2024-04-26
209982707,Populus trichocarpa,black cottonwood,Plantae,49.2174178133,-123.20906607,2024-04-26
209983026,Sitophilus,Grain Weevils,Insecta,49.0628930308,-122.7792762859,2024-04-26
209984616,Psaltriparus minimus,Bushtit,Aves,49.244473,-122.930824,2024-04-26
209984617,Rhytidiadelphus loreus,Lanky Moss,Plantae,49.244358,-122.930351,2024-04-26
209984618,Ilex crenata,Japanese holly,Plantae,49.24427,-122.930283,2024-04-26
209984623,Lonicera involucrata,twinberry honeysuckle,Plantae,49.244263,-122.930122,2024-04-26
209984624,Hedera helix,common ivy,Plantae,49.244415,-122.930031,2024-04-26
209984627,Atrichum undulatum,Catherine's moss,Plantae,49.244415,-122.930031,2024-04-26
209984639,Sorbus aucuparia,European mountain ash,Plantae,49.244473,-122.929962,2024-04-26
209984640,Maianthemum dilatatum,Western Lily of the Valley,Plantae,49.244587,-122.929825,2024-04-26
209984641,Arion ater,Black Slug,Mollusca,49.244816,-122.929764,2024-04-26
209984647,Pipilo maculatus,Spotted Towhee,Aves,49.244991,-122.92952,2024-04-26
209984648,Plantago lanceolata,ribwort plantain,Plantae,49.24543,-122.929642,2024-04-26
209984649,Rubus spectabilis,Salmonberry,Plantae,49.24543,-122.929642,2024-04-26
209984653,Picea sitchensis,Sitka spruce,Plantae,49.245567,-122.930153,2024-04-26
209984654,Malus fusca,Pacific Crab Apple,Plantae,49.245495,-122.92997,2024-04-26
209984655,Leiothlypis celata,Orange-crowned Warbler,Aves,49.245445,-122.929451,2024-04-26
209984660,Thuja plicata,western redcedar,Plantae,49.245663,-122.930328,2024-04-26
209984661,Kindbergia oregana,Oregon Beaked Moss,Plantae,49.245663,-122.930328,2024-04-26
209984662,Prunella vulgaris,common selfheal,Plantae,49.245663,-122.930328,2024-04-26
209984666,Plagiomnium insigne,Badge Moss,Plantae,49.245735,-122.930496,2024-04-26
209984667,Vaccinium parvifolium,Red Huckleberry,Plantae,49.245735,-122.930496,2024-04-26
209984671,Dryopteris expansa,spreading wood fern,Plantae,49.245735,-122.930496,2024-04-26
209984672,Polytrichum formosum,Bank Haircap Moss,Plantae,49.245735,-122.930496,2024-04-26
209984673,Plagiothecium undulatum,Waved Silk-moss,Plantae,49.245735,-122.930496,2024-04-26
209984677,Vaccinium parvifolium,Red Huckleberry,Plantae,49.245781,-122.930794,2024-04-26
209984678,Corylus avellana,common hazel,Plantae,49.245781,-122.930794,2024-04-26
209984679,Dryopteris expansa,spreading wood fern,Plantae,49.245781,-122.930794,2024-04-26
209984681,Rhizomnium glabrescens,rhizomnium moss,Plantae,49.245853,-122.930916,2024-04-26
209984682,Cephalozia bicuspidata,Two-horned Pincerwort,Plantae,49.245781,-122.930794,2024-04-26
209984687,Acer circinatum,Vine Maple,Plantae,49.245918,-122.931114,2024-04-26
209984689,Tsuga heterophylla,western hemlock,Plantae,49.246067,-122.93129,2024-04-26
209984690,Mycelis muralis,Wall Lettuce,Plantae,49.246147,-122.930984,2024-04-26
209984693,Impatiens capensis,common jewelweed,Plantae,49.246124,-122.93074,2024-04-26
209984694,Plagiomnium insigne,Badge Moss,Plantae,49.246109,-122.930603,2024-04-26
209984695,Cirsium vulgare,Bull Thistle,Plantae,49.246109,-122.930603,2024-04-26
209984701,Osmorhiza berteroi,mountain sweet cicely,Plantae,49.246109,-122.930603,2024-04-26
209984702,Kindbergia praelonga,Common Feather-moss,Plantae,49.246109,-122.930603,2024-04-26
209984703,Pogonatum contortum,contorted pogonatum moss,Plantae,49.246109,-122.930603,2024-04-26
209984707,Peltigera membranacea,membranous pelt lichen,Fungi,49.246071,-122.930359,2024-04-26
209984708,Geum macrophyllum,Large-leaved Avens,Plantae,49.246193,-122.930229,2024-04-26
209984709,Thuja plicata,western redcedar,Plantae,49.246193,-122.930069,2024-04-26
209984712,Corylus avellana,common hazel,Plantae,49.246307,-122.930008,2024-04-26
209984713,Rhytidiadelphus loreus,Lanky Moss,Plantae,49.246307,-122.930008,2024-04-26
209984714,Maianthemum dilatatum,Western Lily of the Valley,Plantae,49.246307,-122.930008,2024-04-26
209984717,Lapsana communis,nipplewort,Plantae,49.246368,-122.929749,2024-04-26
209984718,Polypodium glycyrrhiza,licorice fern,Plantae,49.2463,-122.929848,2024-04-26
209984719,Atrichum,Smoothcap Mosses,Plantae,49.246368,-122.929749,2024-04-26
209984725,Iris pseudacorus,Yellow Iris,Plantae,49.246368,-122.929749,2024-04-26
209984726,Equisetum telmateia,great horsetail,Plantae,49.246429,-122.929291,2024-04-26
209984727,Equisetum telmateia,great horsetail,Plantae,49.246643,-122.929001,2024-04-26
209985127,Myriolecis dispersa,Mortar Rim Lichen,Fungi,49.1201471667,-123.0693278333,2024-04-26
209986455,Turdus migratorius,American Robin,Aves,49.2607116667,-123.2496333333,2024-04-26
209987164,Turdus migratorius,American Robin,Aves,49.261375,-123.2502216667,2024-04-26
209987583,Vespericola columbianus,Northwest Hesperian,Mollusca,49.2694583333,-123.2561033333,2024-04-26
209987850,Cepaea nemoralis,Brown-lipped Snail,Mollusca,49.2695666667,-123.2556533333,2024-04-26
209988046,Dicranum,Forkmosses,Plantae,49.2467,-122.928772,2024-04-26
209988047,Rhytidiadelphus loreus,Lanky Moss,Plantae,49.2467,-122.928772,2024-04-26
209988048,Amelanchier alnifolia,Saskatoon,Plantae,49.24678,-122.92852,2024-04-26
209988050,Dicentra formosa,Pacific Bleeding Heart,Plantae,49.246834,-122.928009,2024-04-26
209988053,Oemleria cerasiformis,Osoberry,Plantae,49.246944,-122.927872,2024-04-26
209988055,Lapsana communis,nipplewort,Plantae,49.246944,-122.927872,2024-04-26
209988058,Cladonia,pixie cup and reindeer lichens,Fungi,49.246944,-122.927872,2024-04-26
209988059,Anser caerulescens,Snow Goose,Aves,49.246944,-122.927872,2024-04-26
209988061,Rhytidiadelphus squarrosus,Square Gooseneck Moss,Plantae,49.246941,-122.927361,2024-04-26
209988062,Calliergonella cuspidata,Pointed Spear-moss,Plantae,49.246941,-122.927361,2024-04-26
209988063,Antitrichia curtipendula,Pendulous Wing-moss,Plantae,49.246941,-122.927361,2024-04-26
209988066,Hylocomiadelphus triquetrus,rough goose neck moss,Plantae,49.247002,-122.927147,2024-04-26
209988067,Digitalis purpurea,purple foxglove,Plantae,49.247002,-122.927147,2024-04-26
209988068,Cladonia squamosa,Dragon Horn,Fungi,49.247002,-122.927147,2024-04-26
209988070,Dicranum tauricum,Fragile Fork-moss,Plantae,49.247028,-122.926994,2024-04-26
209988071,Pilosella caespitosa,meadow hawkweed,Plantae,49.247055,-122.926781,2024-04-26
209988072,Betula pendula,silver birch,Plantae,49.247055,-122.926781,2024-04-26
209988075,Sorbus aucuparia,European mountain ash,Plantae,49.247055,-122.926781,2024-04-26
209988077,Orthotrichum pulchellum,Elegant Bristle-moss,Plantae,49.247055,-122.926781,2024-04-26
209988078,Aulacomnium androgynum,Bud-headed Groove-moss,Plantae,49.247314,-122.926491,2024-04-26
209988081,Thuja plicata,western redcedar,Plantae,49.247345,-122.926094,2024-04-26
209988082,Tsuga heterophylla,western hemlock,Plantae,49.247345,-122.926094,2024-04-26
209988085,Mycelis muralis,Wall Lettuce,Plantae,49.247448,-122.926086,2024-04-26
209988086,Kindbergia oregana,Oregon Beaked Moss,Plantae,49.247341,-122.925903,2024-04-26
209988087,Polytrichum formosum,Bank Haircap Moss,Plantae,49.247448,-122.926086,2024-04-26
209988092,Polystichum munitum,western sword fern,Plantae,49.247341,-122.925903,2024-04-26
209988093,Polytrichastrum alpinum,Alpine Haircap Moss,Plantae,49.247341,-122.925903,2024-04-26
209988097,Epilobium ciliatum,fringed willowherb,Plantae,49.247341,-122.925903,2024-04-26
209988098,Pseudotaxiphyllum elegans,Elegant Silk-moss,Plantae,49.247238,-122.925835,2024-04-26
209988099,Galium aparine,catchweed bedstraw,Plantae,49.247341,-122.925903,2024-04-26
209988103,Vaccinium ovalifolium,Oval-leaf Blueberry,Plantae,49.247044,-122.925812,2024-04-26
209988104,Quercus robur,English oak,Plantae,49.247044,-122.925812,2024-04-26
209988105,Lumbricus rubellus,Redhead Worm,Animalia,49.247044,-122.925812,2024-04-26
209988110,Oniscus asellus,Common Shiny Woodlouse,Animalia,49.247044,-122.925812,2024-04-26
209988112,Parajulidae,Parajulid Millipedes,Animalia,49.24707,-122.925667,2024-04-26
209988115,Geranium robertianum,Herb Robert,Plantae,49.24707,-122.925667,2024-04-26
209988116,Stereum,,Fungi,49.24707,-122.925667,2024-04-26
209988422,Grindelia stricta,Oregon Gumplant,Plantae,49.0084237,-123.0372807,2024-04-26
209988423,Achillea millefolium,common yarrow,Plantae,49.0084237,-123.0372807,2024-04-26
209988425,Lathyrus japonicus,seaside pea,Plantae,49.0084237,-123.0372807,2024-04-26
209988429,Lunaria annua,Annual Honesty,Plantae,49.0084237,-123.0372807,2024-04-26
209988430,Schizophyllum commune,splitgill mushroom,Fungi,49.0084237,-123.0372807,2024-04-26
209988431,Cytisus scoparius,Scotch Broom,Plantae,49.0084237,-123.0372807,2024-04-26
209988433,Lamium purpureum,red deadnettle,Plantae,49.0084237,-123.0372807,2024-04-26
209988434,Plantago lanceolata,ribwort plantain,Plantae,49.0084237,-123.0372807,2024-04-26
209988435,Claytonia perfoliata,miner's lettuce,Plantae,49.0084237,-123.0372807,2024-04-26
209988437,Claytonia perfoliata,miner's lettuce,Plantae,49.0084237,-123.0372807,2024-04-26
209989094,Barbarea orthoceras,American yellowrocket,Plantae,49.1517170997,-123.1958125997,2024-04-26
209989437,Scolopocryptops spinicaudus,Thorn-tailed Bark Centipede,Animalia,49.24707,-122.925667,2024-04-26
209989441,Lumbricus rubellus,Redhead Worm,Animalia,49.24707,-122.925667,2024-04-26
209989443,Oniscus asellus,Common Shiny Woodlouse,Animalia,49.24707,-122.925667,2024-04-26
209989448,Scaphinotus angusticollis,Narrow-collared Snail-eating Beetle,Insecta,49.246887,-122.925636,2024-04-26
209989449,Pseudotaxiphyllum elegans,Elegant Silk-moss,Plantae,49.24646,-122.925705,2024-04-26
209989450,Kindbergia oregana,Oregon Beaked Moss,Plantae,49.24646,-122.925705,2024-04-26
209989455,Dryopteris expansa,spreading wood fern,Plantae,49.246342,-122.925705,2024-04-26
209989457,Arion ater,Black Slug,Mollusca,49.246357,-122.925926,2024-04-26
209989458,Scapania bolanderi,Yellow-ladle Liverwort,Plantae,49.246342,-122.925705,2024-04-26
209989465,Tamiasciurus douglasii,Douglas's Squirrel,Mammalia,49.246193,-122.926224,2024-04-26
209989466,Aulacomnium androgynum,Bud-headed Groove-moss,Plantae,49.246357,-122.925926,2024-04-26
209989467,Spiraea douglasii,Rose Spirea,Plantae,49.245491,-122.927612,2024-04-26
209989470,Phalaris arundinacea,reed canary grass,Plantae,49.245735,-122.927811,2024-04-26
209989471,Lonicera involucrata,twinberry honeysuckle,Plantae,49.245735,-122.927811,2024-04-26
209989476,Buteo jamaicensis,Red-tailed Hawk,Aves,49.245735,-122.927811,2024-04-26
209989491,Plantago lanceolata,ribwort plantain,Plantae,49.245838,-122.928368,2024-04-26
209989492,Trifolium pratense,Red Clover,Plantae,49.245838,-122.928368,2024-04-26
209989493,Vinealobryum vineale,Soft-tufted Beard-moss,Plantae,49.245735,-122.928787,2024-04-26
209989499,Pseudoscleropodium purum,Neat Feather-moss,Plantae,49.245552,-122.929214,2024-04-26
209989500,Rubus spectabilis,Salmonberry,Plantae,49.244324,-122.930176,2024-04-26
209989501,Malus fusca,Pacific Crab Apple,Plantae,49.245224,-122.929657,2024-04-26
209989505,Sambucus racemosa,red-berried elder,Plantae,49.244396,-122.930351,2024-04-26
209989506,Cornus sericea,red osier dogwood,Plantae,49.244324,-122.930176,2024-04-26
209989507,Hedera,ivies,Plantae,49.244446,-122.930595,2024-04-26
209989512,Pulvigera papillosa,,Plantae,49.244446,-122.930595,2024-04-26
209989513,Malus fusca,Pacific Crab Apple,Plantae,49.244469,-122.93116,2024-04-26
209989514,Porella cordaeana,Cliff Scalewort,Plantae,49.244473,-122.93087,2024-04-26
209989524,Cardamine flexuosa,wavy bittercress,Plantae,49.244442,-122.931442,2024-04-26
209989526,Veronica serpyllifolia,thyme-leaved speedwell,Plantae,49.24424,-122.932434,2024-04-26
209989527,Polyporales,Shelf Fungi,Fungi,49.243595,-122.933739,2024-04-26
209989536,Cardamine flexuosa,wavy bittercress,Plantae,49.243572,-122.934006,2024-04-26
209989537,Poa annua,Annual Meadow-grass,Plantae,49.243881,-122.935127,2024-04-26
209989538,Symphoricarpos albus,Common Snowberry,Plantae,49.244175,-122.93541,2024-04-26
209989545,Dicentra formosa,Pacific Bleeding Heart,Plantae,49.24448,-122.935379,2024-04-26
209989546,Plantago major,greater plantain,Plantae,49.244606,-122.935272,2024-04-26
209989547,Lamium purpureum,red deadnettle,Plantae,49.244606,-122.935272,2024-04-26
209989553,Impatiens parviflora,small balsam,Plantae,49.244606,-122.935272,2024-04-26
209989554,Coprinus comatus,Shaggy Mane,Fungi,49.2445856067,-122.9351086651,2024-04-26
209989555,Coprinus comatus,Shaggy Mane,Fungi,49.2445836373,-122.9351331185,2024-04-26
209989561,Hyacinthoides,Bluebells,Plantae,49.244736,-122.935379,2024-04-26
209989562,Cardamine flexuosa,wavy bittercress,Plantae,49.244846,-122.935333,2024-04-26
209989563,Taraxacum officinale,common dandelion,Plantae,49.244934,-122.935364,2024-04-26
209989571,Geranium robertianum,Herb Robert,Plantae,49.244934,-122.935364,2024-04-26
209989572,Lapsana communis,nipplewort,Plantae,49.245075,-122.935394,2024-04-26
209989573,Osmorhiza berteroi,mountain sweet cicely,Plantae,49.245075,-122.935394,2024-04-26
209989582,Rumex obtusifolius,broad-leaved dock,Plantae,49.245075,-122.935394,2024-04-26
209989583,Ranunculus acris,meadow buttercup,Plantae,49.245075,-122.935394,2024-04-26
209989608,Ambrosia chamissonis,silver beachweed,Plantae,49.0084237,-123.0372807,2024-04-26
209989609,Fucus distichus,Rockweed,Chromista,49.0084237,-123.0372807,2024-04-26
209989610,Ulva,Sea Lettuces,Plantae,49.0084237,-123.0372807,2024-04-26
209989613,Zostera marina,Eelgrass,Plantae,49.0084237,-123.0372807,2024-04-26
209989614,Saxidomus gigantea,Butter Clam,Mollusca,49.0084237,-123.0372807,2024-04-26
209989616,Ruditapes philippinarum,Japanese Littleneck,Mollusca,49.0084237,-123.0372807,2024-04-26
209989617,Saxidomus gigantea,Butter Clam,Mollusca,49.0084237,-123.0372807,2024-04-26
209989618,Ruditapes philippinarum,Japanese Littleneck,Mollusca,49.0084237,-123.0372807,2024-04-26
209989620,Ruditapes philippinarum,Japanese Littleneck,Mollusca,49.0084237,-123.0372807,2024-04-26
209989621,Balanus glandula,Pacific Acorn Barnacle,Animalia,49.0084237,-123.0372807,2024-04-26
209989622,Magallana gigas,Pacific Oyster,Mollusca,49.0084237,-123.0372807,2024-04-26
209989623,Clinocardium nuttallii,Nuttall's Cockle,Mollusca,49.0084237,-123.0372807,2024-04-26
209989624,Nuttallia obscurata,Purple Mahogany Clam,Mollusca,49.0084237,-123.0372807,2024-04-26
209989625,Grindelia stricta,Oregon Gumplant,Plantae,49.0084237,-123.0372807,2024-04-26
209989627,Cakile edentula,American searocket,Plantae,49.0084237,-123.0372807,2024-04-26
209989630,Leymus mollis,American lyme grass,Plantae,49.0084237,-123.0372807,2024-04-26
209989631,Taraxacum officinale,common dandelion,Plantae,49.0084237,-123.0372807,2024-04-26
209989633,Verbascum thapsus,great mullein,Plantae,49.0084237,-123.0372807,2024-04-26
209989635,Erodium cicutarium,Redstem Stork's-bill,Plantae,49.0084237,-123.0372807,2024-04-26
209989636,Geranium pusillum,Small-flowered Crane's-bill,Plantae,49.0084237,-123.0372807,2024-04-26
209989637,Cornus sericea,red osier dogwood,Plantae,49.0084237,-123.0372807,2024-04-26
209989900,Quercus robur,English oak,Plantae,49.1536996,-123.1959891997,2024-04-26
209989926,Ranatra fusca,Brown Waterscorpion,Insecta,49.2708972222,-123.2350055556,2024-04-26
209990114,Carex macrocephala,big-head sedge,Plantae,49.0084237,-123.0372807,2024-04-26
209990533,Dicranoweisia cirrata,Common Pincushion,Plantae,49.1502199722,-123.195599,2024-04-26
209990934,Peltodytes callosus,,Insecta,49.2707888889,-123.2350527778,2024-04-26
209990944,Erodium cicutarium,Redstem Stork's-bill,Plantae,49.144894,-123.1943219722,2024-04-26
209991324,Lethocerus americanus,American Giant Water Bug,Insecta,49.271590321,-123.2358993217,2024-04-26
209991365,Hygrotus sayi,Say's Diving Beetle,Insecta,49.2710416667,-123.1976388889,2024-04-26
209991892,Pinus,pines,Plantae,49.0350618,-123.0569049,2024-04-26
209991893,Populus trichocarpa,black cottonwood,Plantae,49.0350618,-123.0569049,2024-04-26
209991894,Symphoricarpos albus,Common Snowberry,Plantae,49.0350618,-123.0569049,2024-04-26
209991900,Arctium minus,lesser burdock,Plantae,49.0350618,-123.0569049,2024-04-26
209991901,Bubo virginianus,Great Horned Owl,Aves,49.0350618,-123.0569049,2024-04-26
209991903,Rubus parviflorus,thimbleberry,Plantae,49.0350618,-123.0569049,2024-04-26
209991905,Laburnum anagyroides,Common Laburnum,Plantae,49.0350618,-123.0569049,2024-04-26
209991907,Calypte anna,Anna's Hummingbird,Aves,49.0350618,-123.0569049,2024-04-26
209991911,Nereocystis luetkeana,Bull Kelp,Chromista,49.0350618,-123.0569049,2024-04-26
209991917,Physcia tenella,Fringed Rosette Lichen,Fungi,49.0350618,-123.0569049,2024-04-26
209991918,Xanthoria parietina,Common Sunburst Lichen,Fungi,49.0350618,-123.0569049,2024-04-26
209991919,Ambrosia chamissonis,silver beachweed,Plantae,49.0350618,-123.0569049,2024-04-26
209991922,Tanacetum vulgare,tansy,Plantae,49.0350618,-123.0569049,2024-04-26
209991923,Barbarea orthoceras,American yellowrocket,Plantae,49.0350618,-123.0569049,2024-04-26
209992063,Rhantus binotatus,Double-marked Swimming Beetle,Insecta,49.270294813,-123.192936033,2024-04-26
209992172,Juncus effusus,Soft Rush,Plantae,49.1452231,-123.1946245997,2024-04-26
209993009,Symphyotrichum,American asters,Plantae,49.1465873,-123.19494,2024-04-26
209993199,Rhantus consimilis,,Insecta,49.2704505733,-123.1934821978,2024-04-26
209993275,Colymbetes densus,,Insecta,49.2705269219,-123.1936726347,2024-04-26
209993446,Graphoderus occidentalis,,Insecta,49.2705347974,-123.1936709583,2024-04-26
209993725,Camponotus,"Carpenter Ants, Typical Sugar Ants and Allies",Insecta,49.1517279722,-123.1958049722,2024-04-26
209994501,Graphoderus occidentalis,,Insecta,49.2704877631,-123.1936153024,2024-04-26
209995524,Megalorchestia pugettensis,,Animalia,49.3266358,-123.1528431,2024-04-26
209996289,Turdus migratorius,American Robin,Aves,49.1103055,-123.1335833333,2024-04-26
209996872,Aegopodium podagraria,Goutweed,Plantae,49.2792777778,-123.2396666667,2024-04-26
209996934,Equisetum telmateia braunii,Braun's Giant Horsetail,Plantae,49.2792916667,-123.2406027778,2024-04-26
209996983,Aesculus hippocastanum,horse-chestnut,Plantae,49.2792916667,-123.2406027778,2024-04-26
209997135,Oemleria cerasiformis,Osoberry,Plantae,49.2798555556,-123.2446611111,2024-04-26
209997261,Picea sitchensis,Sitka spruce,Plantae,49.2793,-123.2460472222,2024-04-26
209997315,Urtica gracilis,slender stinging nettle,Plantae,49.2790916667,-123.2475,2024-04-26
209997361,Anas crecca,Green-winged Teal,Aves,49.242267864,-122.9351423975,2024-04-26
209997411,Petasites frigidus palmatus,Western Sweet Coltsfoot,Plantae,49.2790916667,-123.2475,2024-04-26
209997474,Ardea herodias,Great Blue Heron,Aves,49.2783694444,-123.24885,2024-04-26
209997503,Anas crecca,Green-winged Teal,Aves,49.2424739596,-122.9341365313,2024-04-26
209997550,Nereocystis luetkeana,Bull Kelp,Chromista,49.2780361111,-123.2492111111,2024-04-26
209997664,Prunus emarginata,Bitter cherry,Plantae,49.276525,-123.251625,2024-04-26
209997821,Rubus spectabilis,Salmonberry,Plantae,49.2753555556,-123.2528833333,2024-04-26
209997843,Petasites frigidus palmatus,Western Sweet Coltsfoot,Plantae,49.2753555556,-123.2528833333,2024-04-26
209997943,Equisetum telmateia braunii,Braun's Giant Horsetail,Plantae,49.2751972222,-123.2524861111,2024-04-26
209997975,Fucus distichus,Rockweed,Chromista,49.2749194444,-123.2541111111,2024-04-26
209998012,Harmonia axyridis,Asian Lady Beetle,Insecta,49.2746777778,-123.254525,2024-04-26
209998147,Petasites frigidus palmatus,Western Sweet Coltsfoot,Plantae,49.2743527778,-123.2552777778,2024-04-26
209998256,Iris pseudacorus,Yellow Iris,Plantae,49.2738666667,-123.2565027778,2024-04-26
209998547,Digitalis purpurea,purple foxglove,Plantae,49.2725833333,-123.2555777778,2024-04-26
209998699,Ribes bracteosum,Stink Currant,Plantae,49.2725833333,-123.2555777778,2024-04-26
209998911,Orthotrichaceae,,Plantae,49.2715888889,-123.2548527778,2024-04-26
209998952,Ramalina,bushy lichens,Fungi,49.2719222222,-123.2546805556,2024-04-26
209998991,Lepraria finkii,Fluffy Dust Lichen,Fungi,49.2719222222,-123.2546805556,2024-04-26
209999045,Claytonia sibirica,Candy Flower,Plantae,49.2712361111,-123.2555722222,2024-04-26
209999126,Osmorhiza berteroi,mountain sweet cicely,Plantae,49.2714638889,-123.2544916667,2024-04-26
209999878,Setophaga coronata,Yellow-rumped Warbler,Aves,49.2714638889,-123.2544916667,2024-04-26
209999909,Tinea,,Insecta,49.170358,-122.8070579722,2024-04-26
209999941,Berberis nervosa,Cascade Oregon-grape,Plantae,49.2711638889,-123.2544083333,2024-04-26
209999962,Cytisus scoparius,Scotch Broom,Plantae,49.2711638889,-123.2544083333,2024-04-26
209999985,Acer macrophyllum,bigleaf maple,Plantae,49.2711638889,-123.2544083333,2024-04-26
210000226,Teesdalia nudicaulis,Shepherd's Cress,Plantae,49.2706388889,-123.2555777778,2024-04-26
210000269,Rumex acetosella,Sheep's sorrel,Plantae,49.2706388889,-123.2555777778,2024-04-26
210000338,Aesculus hippocastanum,horse-chestnut,Plantae,49.2706388889,-123.2555777778,2024-04-26
210003475,Pisaster ochraceus,Ochre Sea Star,Animalia,49.3401333333,-123.23317,2024-04-26
210003515,Pisaster ochraceus,Ochre Sea Star,Animalia,49.340155,-123.2331866667,2024-04-26
210003551,Pisaster ochraceus,Ochre Sea Star,Animalia,49.340175,-123.2331866667,2024-04-26
210003606,Pisaster ochraceus,Ochre Sea Star,Animalia,49.3402333333,-123.2331916667,2024-04-26
210003748,Pisaster ochraceus,Ochre Sea Star,Animalia,49.3403883333,-123.2332466667,2024-04-26
210003888,Anthopleura artemisia,Moonglow Anemone,Animalia,49.3404166667,-123.233305,2024-04-26
210003893,Pleurotus populinus,aspen oyster mushroom,Fungi,49.0973046,-123.1664289,2024-04-26
210003894,Branta canadensis,Canada Goose,Aves,49.0973046,-123.1664289,2024-04-26
210003896,Hirundo rustica,Barn Swallow,Aves,49.0973046,-123.1664289,2024-04-26
210003898,Larinioides sclopetarius,Grey Cross Spider,Arachnida,49.0973046,-123.1664289,2024-04-26
210003900,Setophaga coronata,Yellow-rumped Warbler,Aves,49.0973046,-123.1664289,2024-04-26
210003901,Malus domestica,apple,Plantae,49.0973046,-123.1664289,2024-04-26
210003907,Passer domesticus,House Sparrow,Aves,49.0973046,-123.1664289,2024-04-26
210003909,Anas platyrhynchos,Mallard,Aves,49.0973046,-123.1664289,2024-04-26
210003910,Rosa rugosa,rugosa rose,Plantae,49.0973046,-123.1664289,2024-04-26
210003911,Aix sponsa,Wood Duck,Aves,49.0973046,-123.1664289,2024-04-26
210003912,Columba livia domestica,Feral Pigeon,Aves,49.0973046,-123.1664289,2024-04-26
210003913,Molothrus ater,Brown-headed Cowbird,Aves,49.0973046,-123.1664289,2024-04-26
210003915,Molothrus ater,Brown-headed Cowbird,Aves,49.0973046,-123.1664289,2024-04-26
210003916,Anas platyrhynchos,Mallard,Aves,49.0973046,-123.1664289,2024-04-26
210003917,Aix sponsa,Wood Duck,Aves,49.0973046,-123.1664289,2024-04-26
210003919,Zonotrichia atricapilla,Golden-crowned Sparrow,Aves,49.0973046,-123.1664289,2024-04-26
210003920,Pipilo maculatus,Spotted Towhee,Aves,49.0973046,-123.1664289,2024-04-26
210003923,Selasphorus rufus,Rufous Hummingbird,Aves,49.0973046,-123.1664289,2024-04-26
210003924,Ulmus minor,Field Elm,Plantae,49.0973046,-123.1664289,2024-04-26
210003927,Agelaius phoeniceus,Red-winged Blackbird,Aves,49.0973046,-123.1664289,2024-04-26
210003928,Pseudotsuga menziesii,Douglas-fir,Plantae,49.0973046,-123.1664289,2024-04-26
210003932,Pseudotsuga menziesii,Douglas-fir,Plantae,49.0973046,-123.1664289,2024-04-26
210003933,Anthopleura,,Animalia,49.34018,-123.2331466667,2024-04-26
210003934,Crataegus monogyna,common hawthorn,Plantae,49.0973046,-123.1664289,2024-04-26
210003936,Rubus spectabilis,Salmonberry,Plantae,49.0973046,-123.1664289,2024-04-26
210003937,Malus fusca,Pacific Crab Apple,Plantae,49.0973046,-123.1664289,2024-04-26
210003938,Prunus avium,wild cherry,Plantae,49.0973046,-123.1664289,2024-04-26
210003939,Sciurus carolinensis,Eastern Gray Squirrel,Mammalia,49.0973046,-123.1664289,2024-04-26
210004035,Lottia,Lottia Limpets,Mollusca,49.34012,-123.2333533333,2024-04-26
210004261,Magallana gigas,Pacific Oyster,Mollusca,49.3400216667,-123.2333533333,2024-04-26
210004440,Pisaster ochraceus,Ochre Sea Star,Animalia,49.3396916667,-123.2332,2024-04-26
210004519,Pisaster ochraceus,Ochre Sea Star,Animalia,49.3399716667,-123.2329466667,2024-04-26
210004992,Pseudotsuga menziesii,Douglas-fir,Plantae,49.0973046,-123.1664289,2024-04-26
210004994,Poecile atricapillus,Black-capped Chickadee,Aves,49.0973046,-123.1664289,2024-04-26
210004995,Lonicera periclymenum,Common Honeysuckle,Plantae,49.0973046,-123.1664289,2024-04-26
210004997,Sciurus carolinensis,Eastern Gray Squirrel,Mammalia,49.0973046,-123.1664289,2024-04-26
210004999,Sorbus aucuparia,European mountain ash,Plantae,49.0973046,-123.1664289,2024-04-26
210005000,Magnoliopsida,Dicots,Plantae,49.0973046,-123.1664289,2024-04-26
210005004,Crataegus monogyna,common hawthorn,Plantae,49.0973046,-123.1664289,2024-04-26
210005005,Ilex aquifolium,European holly,Plantae,49.0973046,-123.1664289,2024-04-26
210005007,Aesculus hippocastanum,horse-chestnut,Plantae,49.0973046,-123.1664289,2024-04-26
210005010,Typha latifolia,broadleaf cattail,Plantae,49.0973046,-123.1664289,2024-04-26
210005011,Rubus ursinus,trailing blackberry,Plantae,49.0973046,-123.1664289,2024-04-26
210005013,Polystichum munitum,western sword fern,Plantae,49.0973046,-123.1664289,2024-04-26
210005017,Betula papyrifera,paper birch,Plantae,49.0973046,-123.1664289,2024-04-26
210005019,Ilex aquifolium,European holly,Plantae,49.0973046,-123.1664289,2024-04-26
210005022,Rubus bifrons,Himalayan Blackberry,Plantae,49.0973046,-123.1664289,2024-04-26
210005024,Agelaius phoeniceus,Red-winged Blackbird,Aves,49.0973046,-123.1664289,2024-04-26
210005025,Melospiza melodia,Song Sparrow,Aves,49.0973046,-123.1664289,2024-04-26
210005027,Passerella iliaca,Fox Sparrow,Aves,49.0973046,-123.1664289,2024-04-26
210005028,Sambucus racemosa,red-berried elder,Plantae,49.0973046,-123.1664289,2024-04-26
210005034,Rubus bifrons,Himalayan Blackberry,Plantae,49.0973046,-123.1664289,2024-04-26
210005037,Ardea herodias,Great Blue Heron,Aves,49.0973046,-123.1664289,2024-04-26
210005039,Rubus spectabilis,Salmonberry,Plantae,49.0973046,-123.1664289,2024-04-26
210005046,Sciurus carolinensis,Eastern Gray Squirrel,Mammalia,49.0973046,-123.1664289,2024-04-26
210005050,Typha latifolia,broadleaf cattail,Plantae,49.0973046,-123.1664289,2024-04-26
210005052,Lonicera involucrata,twinberry honeysuckle,Plantae,49.0973046,-123.1664289,2024-04-26
210005054,Calypte anna,Anna's Hummingbird,Aves,49.0973046,-123.1664289,2024-04-26
210005062,Parmelia sulcata,Netted shield lichen,Fungi,49.0973046,-123.1664289,2024-04-26
210006326,Salix lasiandra,Pacific Willow,Plantae,49.0973046,-123.1664289,2024-04-26
210006328,Colaptes auratus,Northern Flicker,Aves,49.0973046,-123.1664289,2024-04-26
210006329,Cirsium arvense,creeping thistle,Plantae,49.0973046,-123.1664289,2024-04-26
210006330,Bellis perennis,Lawn daisy,Plantae,49.0973046,-123.1664289,2024-04-26
210006331,Haemorhous mexicanus,House Finch,Aves,49.0973046,-123.1664289,2024-04-26
210006333,Heracleum maximum,common cowparsnip,Plantae,49.0973046,-123.1664289,2024-04-26
210006334,Cirsium vulgare,Bull Thistle,Plantae,49.0973046,-123.1664289,2024-04-26
210006335,Haliaeetus leucocephalus,Bald Eagle,Aves,49.0973046,-123.1664289,2024-04-26
210006336,Pseudotsuga menziesii,Douglas-fir,Plantae,49.0973046,-123.1664289,2024-04-26
210006338,Bombus flavifrons,Yellow-fronted Bumble Bee,Insecta,49.0973046,-123.1664289,2024-04-26
210006342,Barbarea orthoceras,American yellowrocket,Plantae,49.0973046,-123.1664289,2024-04-26
210006344,Melospiza melodia,Song Sparrow,Aves,49.0973046,-123.1664289,2024-04-26
210006348,Ardea herodias,Great Blue Heron,Aves,49.0973046,-123.1664289,2024-04-26
210006350,Typha latifolia,broadleaf cattail,Plantae,49.0973046,-123.1664289,2024-04-26
210006351,Spatula clypeata,Northern Shoveler,Aves,49.0973046,-123.1664289,2024-04-26
210006354,Cistothorus palustris,Marsh Wren,Aves,49.0973046,-123.1664289,2024-04-26
210006356,Progne subis,Purple Martin,Aves,49.0973046,-123.1664289,2024-04-26
210006357,Anas crecca,Green-winged Teal,Aves,49.0973046,-123.1664289,2024-04-26
210006359,Anas acuta,Northern Pintail,Aves,49.0973046,-123.1664289,2024-04-26
210006361,Zonotrichia atricapilla,Golden-crowned Sparrow,Aves,49.0973046,-123.1664289,2024-04-26
210006362,Fulica americana,American Coot,Aves,49.0973046,-123.1664289,2024-04-26
210006364,Mareca strepera,Gadwall,Aves,49.0973046,-123.1664289,2024-04-26
210006366,Bucephala albeola,Bufflehead,Aves,49.0973046,-123.1664289,2024-04-26
210006367,Setophaga coronata auduboni,Audubon's Warbler,Aves,49.0973046,-123.1664289,2024-04-26
210015447,Castor canadensis,American Beaver,Mammalia,49.2703611111,-123.2345888889,2024-04-26
210018521,Halictus rubicundus,Orange-legged Furrow Bee,Insecta,49.0973046,-123.1664289,2024-04-26
210018523,Ardea herodias,Great Blue Heron,Aves,49.0973046,-123.1664289,2024-04-26
210018526,Cistothorus palustris,Marsh Wren,Aves,49.0973046,-123.1664289,2024-04-26
210018531,Pieris rapae,Small White,Insecta,49.0973046,-123.1664289,2024-04-26
210018533,Tringa melanoleuca,Greater Yellowlegs,Aves,49.0973046,-123.1664289,2024-04-26
210018535,Selasphorus rufus,Rufous Hummingbird,Aves,49.0973046,-123.1664289,2024-04-26
210018540,Polydontomyia curvipes,Dimorphic Sickleleg,Insecta,49.0973046,-123.1664289,2024-04-26
210018541,Picea sitchensis,Sitka spruce,Plantae,49.0973046,-123.1664289,2024-04-26
210018544,Haliaeetus leucocephalus,Bald Eagle,Aves,49.0973046,-123.1664289,2024-04-26
210018549,Xanthoria parietina,Common Sunburst Lichen,Fungi,49.0973046,-123.1664289,2024-04-26
210018551,Ramalina farinacea,Farinose Cartilage Lichen,Fungi,49.0973046,-123.1664289,2024-04-26
210018552,Lonicera involucrata,twinberry honeysuckle,Plantae,49.0973046,-123.1664289,2024-04-26
210018556,Psaltriparus minimus,Bushtit,Aves,49.0973046,-123.1664289,2024-04-26
210018558,Turdus migratorius,American Robin,Aves,49.0973046,-123.1664289,2024-04-26
210018561,Setophaga coronata,Yellow-rumped Warbler,Aves,49.0973046,-123.1664289,2024-04-26
210018565,Trametes versicolor,turkey-tail,Fungi,49.0973046,-123.1664289,2024-04-26
210018566,Spatula clypeata,Northern Shoveler,Aves,49.0973046,-123.1664289,2024-04-26
210018571,Bucephala albeola,Bufflehead,Aves,49.0973046,-123.1664289,2024-04-26
210018572,Aythya collaris,Ring-necked Duck,Aves,49.0973046,-123.1664289,2024-04-26
210018575,Aythya collaris,Ring-necked Duck,Aves,49.0973046,-123.1664289,2024-04-26
210018580,Branta canadensis,Canada Goose,Aves,49.0973046,-123.1664289,2024-04-26
210018581,Lophodytes cucullatus,Hooded Merganser,Aves,49.0973046,-123.1664289,2024-04-26
210018582,Lophodytes cucullatus,Hooded Merganser,Aves,49.0973046,-123.1664289,2024-04-26
210018584,Lophodytes cucullatus,Hooded Merganser,Aves,49.0973046,-123.1664289,2024-04-26
210018587,Spatula clypeata,Northern Shoveler,Aves,49.0973046,-123.1664289,2024-04-26
210018588,Lophodytes cucullatus,Hooded Merganser,Aves,49.0973046,-123.1664289,2024-04-26
210018592,Juncus effusus,Soft Rush,Plantae,49.0973046,-123.1664289,2024-04-26
210018593,Gaultheria shallon,salal,Plantae,49.0973046,-123.1664289,2024-04-26
210018596,Mareca americana,American Wigeon,Aves,49.0973046,-123.1664289,2024-04-26
210018603,Polystichum munitum,western sword fern,Plantae,49.0973046,-123.1664289,2024-04-26
210018604,Asterales,"Sunflowers, Bellflowers, Fanflowers, and Allies",Plantae,49.0973046,-123.1664289,2024-04-26
210018608,Tanacetum vulgare,tansy,Plantae,49.0973046,-123.1664289,2024-04-26
210018610,Zonotrichia atricapilla,Golden-crowned Sparrow,Aves,49.0973046,-123.1664289,2024-04-26
210018612,Berberis aquifolium,Oregon grape,Plantae,49.0973046,-123.1664289,2024-04-26
210018617,Plantago lanceolata,ribwort plantain,Plantae,49.0973046,-123.1664289,2024-04-26
210018618,Tachycineta bicolor,Tree Swallow,Aves,49.0973046,-123.1664289,2024-04-26
210018624,Selasphorus rufus,Rufous Hummingbird,Aves,49.0973046,-123.1664289,2024-04-26
210018625,Cytisus scoparius,Scotch Broom,Plantae,49.0973046,-123.1664289,2024-04-26
210021734,Carabus granulatus,Granulated Ground Beetle,Insecta,49.2623705163,-122.7200786769,2024-04-26
210024456,Buteo jamaicensis,Red-tailed Hawk,Aves,49.0820188016,-123.1396553577,2024-04-26
210024459,Haliaeetus leucocephalus,Bald Eagle,Aves,49.079992846,-123.1252528381,2024-04-26
210024602,Branta canadensis,Canada Goose,Aves,49.265495,-123.25077,2024-04-26
210025138,Anthriscus sylvestris,Cow Parsley,Plantae,49.2672716667,-123.253205,2024-04-26
210025380,Armadillidium vulgare,Common Pill Woodlouse,Animalia,49.1425073194,-123.0558618705,2024-04-26
210026164,Streptopelia decaocto,Eurasian Collared-Dove,Aves,49.0164699674,-123.1157854704,2024-04-26
210026165,Sturnus vulgaris,European Starling,Aves,49.0164699674,-123.1157854704,2024-04-26
210026166,Haematopus bachmani,Black Oystercatcher,Aves,49.0164699674,-123.1157854704,2024-04-26
210026175,Aythya marila nearctica,American Greater Scaup,Aves,49.0164699674,-123.1157854704,2024-04-26
210026176,Tanacetum vulgare,tansy,Plantae,49.0164699674,-123.1157854704,2024-04-26
210026177,Aythya marila nearctica,American Greater Scaup,Aves,49.0164699674,-123.1157854704,2024-04-26
210026183,Sedum,Section Sedum,Plantae,49.0164699674,-123.1157854704,2024-04-26
210026184,Mergus serrator,Red-breasted Merganser,Aves,49.0164699674,-123.1157854704,2024-04-26
210026185,Larus,Large White-headed Gulls,Aves,49.0164699674,-123.1157854704,2024-04-26
210026193,Haematopus bachmani,Black Oystercatcher,Aves,49.0164699674,-123.1157854704,2024-04-26
210026196,Bombus mixtus,Fuzzy-Horned Bumble Bee,Insecta,49.0164699674,-123.1157854704,2024-04-26
210028856,Erigoninae,Dwarf Spiders,Arachnida,49.2624256539,-122.7200196683,2024-04-26
210030914,Dacne californica,,Insecta,49.2596645435,-122.7213590965,2024-04-26
210032207,Ptiliidae,Feather-winged Beetles,Insecta,49.2622611162,-122.7200843766,2024-04-26
210041663,Pterostichus luctuosus,,Insecta,49.261941229,-122.7200843766,2024-04-26
210076323,Sylvilagus floridanus,Eastern Cottontail,Mammalia,49.0489810892,-122.7852127702,2024-04-27
210077408,Limax maximus,Leopard Slug,Mollusca,49.0505619161,-122.7845710517,2024-04-27
210077639,Sylvilagus floridanus,Eastern Cottontail,Mammalia,49.0506618951,-122.7846112483,2024-04-27
210078582,Forficula dentata,Western Earwig,Insecta,49.0516989213,-122.7845154797,2024-04-27
210108002,Procyon lotor,Common Raccoon,Mammalia,49.3128646843,-123.1481941044,2024-04-27
210123739,Ardea herodias,Great Blue Heron,Aves,49.1264387688,-123.2006866786,2024-04-27
210124687,Ardea herodias,Great Blue Heron,Aves,49.1262455919,-123.2007272805,2024-04-27
210125296,Turdus migratorius,American Robin,Aves,49.3435090443,-122.8716552737,2024-04-26
210131624,Mephitis mephitis,Striped Skunk,Mammalia,49.2857290972,-123.1353845447,2024-04-27
210135286,Laburnum anagyroides,Common Laburnum,Plantae,49.21757199,-123.208926595,2024-04-26
210136167,Symphoricarpos albus,Common Snowberry,Plantae,49.217682365,-123.2089239133,2024-04-26
210136168,Sambucus racemosa,red-berried elder,Plantae,49.2177874833,-123.2089829217,2024-04-26
210136171,Solanum dulcamara,bittersweet nightshade,Plantae,49.217859315,-123.2088380817,2024-04-26
210137246,Melospiza melodia,Song Sparrow,Aves,49.2180047283,-123.2088863617,2024-04-26
210137250,Iris pseudacorus,Yellow Iris,Plantae,49.218081815,-123.2087951667,2024-04-26
210137252,Lonicera involucrata,twinberry honeysuckle,Plantae,49.2182482517,-123.2087039717,2024-04-26
210138440,Lamium purpureum,red deadnettle,Plantae,49.218358625,-123.2085966833,2024-04-26
210138442,Pinus contorta,lodgepole pine,Plantae,49.2186039,-123.208575225,2024-04-26
210138443,Taraxacum officinale,common dandelion,Plantae,49.2187575633,-123.208416975,2024-04-26
210139803,Acer platanoides,Norway maple,Plantae,49.2190396267,-123.2083418733,2024-04-26
210139804,Populus nigra,Black Poplar,Plantae,49.21925268,-123.2081921767,2024-04-26
210139805,Pipilo maculatus,Spotted Towhee,Aves,49.21938933,-123.2079400483,2024-04-26
210153032,Spinus pinus,Pine Siskin,Aves,49.0429649215,-122.7493857917,2024-04-27
210163100,Aves,Birds,Aves,49.22015,-123.0302638889,2024-04-27
210163492,Scapanus orarius,Coast Mole,Mammalia,49.270875,-123.197495,2024-04-26
210171220,Mollusca,Molluscs,Mollusca,49.3259805547,-123.1524534523,2024-04-26
210185134,Polytrichastrum alpinum,Alpine Haircap Moss,Plantae,49.3684364584,-123.1829190557,2024-04-26
210188003,Hyacinthoides,Bluebells,Plantae,49.2392194444,-123.119575,2024-04-26
210188667,Populus trichocarpa,black cottonwood,Plantae,49.3311364865,-123.0617747685,2024-04-26
210204161,Corvus brachyrhynchos,American Crow,Aves,49.0134372,-123.039205,2024-04-26
210204163,Homalothecium fulgescens,tree mat homalothecium moss,Plantae,49.0134372,-123.039205,2024-04-26
210204164,Parmelia sulcata,Netted shield lichen,Fungi,49.0134372,-123.039205,2024-04-26
210204170,Batillaria attramentaria,Japanese False Cerith,Mollusca,49.0134372,-123.039205,2024-04-26
210204172,Metacarcinus magister,Dungeness Crab,Animalia,49.0134372,-123.039205,2024-04-26
210204180,Fucus distichus,Rockweed,Chromista,49.0134372,-123.039205,2024-04-26
210204185,Metacarcinus magister,Dungeness Crab,Animalia,49.0134372,-123.039205,2024-04-26
210204188,Metacarcinus magister,Dungeness Crab,Animalia,49.0134372,-123.039205,2024-04-26
210204195,Carex macrocephala,big-head sedge,Plantae,49.0134372,-123.039205,2024-04-26
210204197,Claytonia exigua,Pale Springbeauty,Plantae,49.0134372,-123.039205,2024-04-26
210204198,Racomitrium elongatum,Elongate Rock Moss,Plantae,49.0134372,-123.039205,2024-04-26
210204203,Hypericum perforatum,Common St. John's Wort,Plantae,49.0134372,-123.039205,2024-04-26
210204206,Lepidium heterophyllum,Smith's Cress,Plantae,49.0134372,-123.039205,2024-04-26
210204213,Hypericum perforatum,Common St. John's Wort,Plantae,49.0134372,-123.039205,2024-04-26
210204216,Sylvilagus floridanus,Eastern Cottontail,Mammalia,49.0134372,-123.039205,2024-04-26
210204223,Lamium purpureum,red deadnettle,Plantae,49.0134372,-123.039205,2024-04-26
210204227,Taraxacum officinale,common dandelion,Plantae,49.0134372,-123.039205,2024-04-26
210204229,Acer macrophyllum,bigleaf maple,Plantae,49.0134372,-123.039205,2024-04-26
210204235,Arbutus menziesii,Pacific madrone,Plantae,49.0134372,-123.039205,2024-04-26
210204243,Pieris rapae,Small White,Insecta,49.0134372,-123.039205,2024-04-26
210204245,Geranium molle,Dove's-foot crane's-bill,Plantae,49.0134372,-123.039205,2024-04-26
210204250,Thuja plicata,western redcedar,Plantae,49.0134372,-123.039205,2024-04-26
210204252,Daphne laureola,Spurge-laurel,Plantae,49.0134372,-123.039205,2024-04-26
210204255,Bellis perennis,Lawn daisy,Plantae,49.0134372,-123.039205,2024-04-26
210204262,Erodium cicutarium,Redstem Stork's-bill,Plantae,49.0134372,-123.039205,2024-04-26
210204263,Abies grandis,grand fir,Plantae,49.0134372,-123.039205,2024-04-26
210204265,Picea pungens,blue spruce,Plantae,49.0134372,-123.039205,2024-04-26
210204275,Populus trichocarpa,black cottonwood,Plantae,49.0134372,-123.039205,2024-04-26
210204279,Pinus nigra,black pine,Plantae,49.0134372,-123.039205,2024-04-26
210204280,Pinus nigra,black pine,Plantae,49.0134372,-123.039205,2024-04-26
210206644,Arion ater,Black Slug,Mollusca,49.1795729722,-122.7608819722,2024-04-26
210208276,Coprinellus micaceus,mica cap,Fungi,49.1796409722,-122.761869,2024-04-26
210210311,Phalacrocoracidae,Cormorants and Shags,Aves,49.2830350261,-122.8501019678,2024-04-27
210212068,Mycena haematopus,Bleeding Fairy Helmet,Fungi,49.1793602997,-122.7612416997,2024-04-26
210224403,Strix varia,Barred Owl,Aves,49.2773232247,-122.9287193343,2024-04-26
210227256,Acer macrophyllum,bigleaf maple,Plantae,49.2803416733,-122.8483416667,2024-04-27
210231306,Corvus brachyrhynchos,American Crow,Aves,49.2798466667,-122.8461616667,2024-04-27
210232499,Populus trichocarpa,black cottonwood,Plantae,49.2798894183,-122.8457292242,2024-04-27
210233987,Oemleria cerasiformis,Osoberry,Plantae,49.2796216363,-122.8458356671,2024-04-27
210246092,Lunaria annua,Annual Honesty,Plantae,49.263079106,-123.2597355416,2024-04-27
210248052,Magnoliopsida,Dicots,Plantae,49.2523517452,-123.2334816456,2024-04-26
210249009,Medicago polymorpha,bur clover,Plantae,49.2281777778,-123.1564,2024-04-27
210250294,Aix sponsa,Wood Duck,Aves,49.2437911402,-122.9352098762,2024-04-27
210250704,Psathyrellaceae,Brittlestems and Allies,Fungi,49.1378868,-122.8381781,2024-04-27
210251810,Aix sponsa,Wood Duck,Aves,49.2435757037,-122.9351939781,2024-04-27
210252550,Anas platyrhynchos,Mallard,Aves,49.1947049434,-123.0024911463,2024-04-27
210253280,Erodium cicutarium,Redstem Stork's-bill,Plantae,49.2521583333,-123.2389972222,2024-04-26
210253954,Candelariella efflorescens,Powdery Goldspeck,Fungi,49.2521416667,-123.2390277778,2024-04-26
210255345,Lonicera involucrata,twinberry honeysuckle,Plantae,49.2389012819,-122.9267930805,2024-04-27
210255916,Agelaius phoeniceus,Red-winged Blackbird,Aves,49.2429447185,-122.935414125,2024-04-27
210257354,Lecanorales,"shield lichens, rim lichens, and allies",Fungi,49.2521361111,-123.2390472222,2024-04-26
210258113,Hypogymnia,Tube Lichens,Fungi,49.2521333333,-123.2390527778,2024-04-26
210258431,Cirsium vulgare,Bull Thistle,Plantae,49.252225,-123.2391388889,2024-04-26
210259281,Lotus,bird's-foot trefoils,Plantae,49.25225,-123.2391611111,2024-04-26
210259881,Turdus migratorius,American Robin,Aves,49.2560963887,-123.0988170092,2024-04-27
210259967,Geranium molle,Dove's-foot crane's-bill,Plantae,49.2522638889,-123.2391055556,2024-04-26
210260006,Scapanus orarius,Coast Mole,Mammalia,49.2813333333,-122.8494416667,2024-04-27
210260432,Taraxacum officinale,common dandelion,Plantae,49.2522638889,-123.2391055556,2024-04-26
210261181,Myosotis discolor,Changing Forget-me-not,Plantae,49.2522638889,-123.2391111111,2024-04-26
210261710,Rubus armeniacus,Armenian Blackberry,Plantae,49.2522694444,-123.2390888889,2024-04-26
210265307,Corvus brachyrhynchos,American Crow,Aves,49.01480555,-123.0413138333,2024-04-27
210265920,Aquilegia,columbines,Plantae,49.252154701,-123.2390200085,2024-04-27
210266422,Lepidium heterophyllum,Smith's Cress,Plantae,49.2732852369,-123.0232910067,2024-04-26
210267104,Mecinus pyraster,Stem Miner Weevil,Insecta,49.2732852369,-123.0232910067,2024-04-26
210267590,Populus,"poplars, cottonwoods, and aspens",Plantae,49.1269441305,-123.0560568328,2024-04-27
210267692,Trifolium repens,white clover,Plantae,49.2732852369,-123.0232910067,2024-04-26
210269079,Fraxinus,ashes,Plantae,49.2732852369,-123.0232910067,2024-04-26
210269367,Dicentra formosa,Pacific Bleeding Heart,Plantae,49.2439320629,-122.9355759213,2024-04-27
210269624,Betulaceae,birch family,Plantae,49.2754939215,-123.0233563855,2024-04-26
210269990,Lysichiton americanus,western skunk cabbage,Plantae,49.2437835198,-122.9357493789,2024-04-27
210270103,Plantago,plantains,Plantae,49.1933360123,-122.9970847897,2024-04-27
210270107,Equisetum arvense,field horsetail,Plantae,49.2752889601,-123.023365438,2024-04-26
210270679,Trifolium pratense,Red Clover,Plantae,49.2732852369,-123.0232910067,2024-04-26
210271331,Cymbalaria muralis,Ivy-leaved toadflax,Plantae,49.2747556627,-123.0236819386,2024-04-26
210271448,Arctium,burdocks,Plantae,49.1268916667,-123.0561195,2024-04-27
210271916,Lasius niger,Black Garden Ant,Insecta,49.2751507146,-123.0235220119,2024-04-26
210272580,Oniscidea,"Woodlice, Pillbugs, and Rock Slaters",Animalia,49.2751640579,-123.0235310644,2024-04-26
210273873,Asteroideae,,Plantae,49.2752161188,-123.0235887319,2024-04-26
210273918,Populus trichocarpa,black cottonwood,Plantae,49.1268916667,-123.0560333333,2024-04-27
210274915,Cerastium glomeratum,Sticky mouse-ear chickweed,Plantae,49.2749391894,-123.0235424638,2024-04-26
210275419,Hypnales,Feather Mosses,Plantae,49.2761300184,-123.0252785236,2024-04-26
210276131,Cornus unalaschkensis,Western Bunchberry,Plantae,49.3792979388,-123.2526325391,2024-04-27
210276193,Zygodon rupestris,Park Yoke-moss,Plantae,49.2763211958,-123.0252828822,2024-04-26
210276521,Colaptes auratus,Northern Flicker,Aves,49.2762065769,-123.0252610892,2024-04-26
210276907,Catharus guttatus,Hermit Thrush,Aves,49.0149277833,-123.0400555,2024-04-27
210278017,Symphoricarpos,snowberries,Plantae,49.1268841163,-123.056184863,2024-04-27
210278726,Athyrium filix-femina,lady fern,Plantae,49.2361579137,-122.8905282823,2024-04-27
210278915,Calliergonella cuspidata,Pointed Spear-moss,Plantae,49.1265898743,-123.0564316172,2024-04-27
210279775,Cornus,dogwoods,Plantae,49.1267188743,-123.05628274,2024-04-27
210279898,Symphoricarpos albus,Common Snowberry,Plantae,49.1265573208,-123.0563516995,2024-04-27
210279978,Arion,Arion Slugs,Mollusca,49.1937520693,-122.7636119351,2024-04-26
210280124,Armadillidium vulgare,Common Pill Woodlouse,Animalia,49.194067359,-122.7635686845,2024-04-26
210280280,Rosa nutkana,Nootka rose,Plantae,49.0148184635,-123.0400334393,2024-04-27
210280283,Castor canadensis,American Beaver,Mammalia,49.3033633645,-123.1373938546,2024-04-27
210280291,Rosa nutkana,Nootka rose,Plantae,49.014897044,-123.0400819084,2024-04-27
210281929,Equisetum arvense,field horsetail,Plantae,49.1264062897,-123.0564631431,2024-04-27
210282292,Achillea millefolium,common yarrow,Plantae,49.0148831941,-123.0399676168,2024-04-27
210282511,Lysichiton americanus,western skunk cabbage,Plantae,49.126391911,-123.0564916947,2024-04-27
210283082,Ardea herodias,Great Blue Heron,Aves,49.3035124618,-123.1374468282,2024-04-27
210283299,Leymus mollis,American lyme grass,Plantae,49.0143253972,-123.0399340693,2024-04-27
210283656,Rubus spectabilis,Salmonberry,Plantae,49.1262223326,-123.0564336396,2024-04-27
210283781,Kindbergia oregana,Oregon Beaked Moss,Plantae,49.1261808891,-123.0566839779,2024-04-27
210283993,Ambrosia chamissonis,silver beachweed,Plantae,49.0147307888,-123.0398421643,2024-04-27
210284015,Arctium,burdocks,Plantae,49.1262792173,-123.0565208548,2024-04-27
210284199,Arabidopsis thaliana,mouse-ear cress,Plantae,49.2522722222,-123.2390944444,2024-04-26
210284482,Lysichiton americanus,western skunk cabbage,Plantae,49.1262294058,-123.0563912115,2024-04-27
210284782,Taraxacum officinale,common dandelion,Plantae,49.2522666667,-123.2391083333,2024-04-26
210285029,Tanacetum vulgare,tansy,Plantae,49.2522666667,-123.2391055556,2024-04-26
210285567,Populus nigra,Black Poplar,Plantae,49.014096153,-123.0398668909,2024-04-27
210285692,Luzula comosa,Pacific Woodrush,Plantae,49.252575,-123.238475,2024-04-26
210286113,Pseudacris regilla,Pacific chorus frog,Amphibia,49.3035979411,-123.1375775859,2024-04-27
210286138,Bryopsida,Joint-toothed Mosses,Plantae,49.2525638889,-123.2384805556,2024-04-26
210286234,Populus,"poplars, cottonwoods, and aspens",Plantae,49.0140481531,-123.0399600302,2024-04-27
210286610,Rubus spectabilis,Salmonberry,Plantae,49.1258866049,-123.0569338709,2024-04-27
210287082,Anas platyrhynchos,Mallard,Aves,49.3036633076,-123.1375816092,2024-04-27
210287220,Cerastium pumilum,Dwarf Mouse-ear,Plantae,49.2525638889,-123.2384805556,2024-04-26
210287458,Erodium cicutarium,Redstem Stork's-bill,Plantae,49.2525388889,-123.2384833333,2024-04-26
210287935,Symphoricarpos albus,Common Snowberry,Plantae,49.1258285496,-123.0569740164,2024-04-27
210287984,Argentina pacifica,Pacific silverweed,Plantae,49.0138630079,-123.0398544673,2024-04-27
210288013,Agelaius phoeniceus,Red-winged Blackbird,Aves,49.3036305151,-123.1375953555,2024-04-27
210288133,Brassicaceae,mustard family,Plantae,49.2525222222,-123.2384833333,2024-04-26
210288384,Tripleurospermum,,Plantae,49.0140293073,-123.0399216247,2024-04-27
210288457,Alnus rubra,Red Alder,Plantae,49.1258694,-123.0585652,2024-04-27
210288499,Plantago major,greater plantain,Plantae,49.0138819704,-123.0398158143,2024-04-27
210288906,Tripleurospermum inodorum,scentless mayweed,Plantae,49.2525194444,-123.2384777778,2024-04-26
210289016,Kindbergia praelonga,Common Feather-moss,Plantae,49.1257025309,-123.0572399306,2024-04-27
210289021,Trichophorum cespitosum,Tufted Bulrush,Plantae,49.0139065125,-123.0398966466,2024-04-27
210289135,Lysichiton americanus,western skunk cabbage,Plantae,49.1255871488,-123.0576799927,2024-04-27
210289142,Trichophorum cespitosum,Tufted Bulrush,Plantae,49.0139189313,-123.0398492647,2024-04-27
210289192,Syringa vulgaris,common lilac,Plantae,49.2276833333,-123.1561444444,2024-04-27
210289268,Geranium robertianum,Herb Robert,Plantae,49.2434837367,-122.9879098891,2024-04-27
210289307,Syringa vulgaris,common lilac,Plantae,49.2276805556,-123.1561333333,2024-04-27
210289832,Athyrium filix-femina,lady fern,Plantae,49.1256048019,-123.057301377,2024-04-27
210290038,Magnoliopsida,Dicots,Plantae,49.2280888889,-123.1564194444,2024-04-27
210290252,Prunus laurocerasus,Cherry laurel,Plantae,49.2282166667,-123.1563527778,2024-04-27
210290317,Salix babylonica,weeping willow,Plantae,49.0138635925,-123.0400146337,2024-04-27
210290376,Iris pseudacorus,Yellow Iris,Plantae,49.1253884726,-123.0577575858,2024-04-27
210290454,Lamium galeobdolon,yellow archangel,Plantae,49.2282138889,-123.1563555556,2024-04-27
210290493,Calliergonella cuspidata,Pointed Spear-moss,Plantae,49.1255834389,-123.0578738064,2024-04-27
210290813,Hesperocyparis arizonica,Arizona cypress,Plantae,49.2283055556,-123.1563444444,2024-04-27
210290913,Salix,Willows,Plantae,49.0139321192,-123.0399417413,2024-04-27
210291331,Plantago lanceolata,ribwort plantain,Plantae,49.125535692,-123.0580171573,2024-04-27
210291902,Holodiscus discolor,Ocean spray,Plantae,49.0139754955,-123.0402632711,2024-04-27
210292327,Symphoricarpos albus,Common Snowberry,Plantae,49.013988697,-123.0401988142,2024-04-27
210292703,Thuja plicata,western redcedar,Plantae,49.125277202,-123.0580373493,2024-04-27
210292824,Plantago major,greater plantain,Plantae,49.2206442259,-122.9103954265,2024-04-27
210293277,Ribes sanguineum,Red-flowering Currant,Plantae,49.0138000204,-123.0402714853,2024-04-27
210293531,Teesdalia,Shepherdscress,Plantae,49.1251981939,-123.0580384926,2024-04-27
210293858,Hyacinthoides × massartiana,Hybrid bluebell,Plantae,49.2290638889,-123.1563222222,2024-04-27
210294157,Ribes sanguineum,Red-flowering Currant,Plantae,49.0136354868,-123.0399907047,2024-04-27
210294590,Taraxacum officinale,common dandelion,Plantae,49.1249132465,-123.0579347393,2024-04-27
210294658,Erodium cicutarium,Redstem Stork's-bill,Plantae,49.1252234096,-123.05801936,2024-04-27
210294728,Hyacinthoides hispanica,Spanish Bluebell,Plantae,49.2281777778,-123.1564,2024-04-27
210295278,Cirsium arvense,creeping thistle,Plantae,49.0136813326,-123.0399888476,2024-04-27
210295691,Phalaris arundinacea,reed canary grass,Plantae,49.0136942408,-123.0402663724,2024-04-27
210296111,Lathyrus latifolius,broad-leaved sweet pea,Plantae,49.1246722021,-123.0579854568,2024-04-27
210296346,Bellis perennis,Lawn daisy,Plantae,49.0136776446,-123.0401092955,2024-04-27
210296561,Equisetum,horsetails,Plantae,49.1245763241,-123.0578844197,2024-04-27
210296697,Hydrachnidia,Water Mites,Arachnida,49.0526011997,-122.6897055997,2024-04-27
210296708,Bellis perennis,Lawn daisy,Plantae,49.0135763797,-123.0400257683,2024-04-27
210296911,Rosa multiflora,multiflora rose,Plantae,49.2439043997,-122.9357382997,2024-04-27
210297802,Rubus parviflorus,thimbleberry,Plantae,49.0133783268,-123.0398628676,2024-04-27
210297942,Polistes dominula,European Paper Wasp,Insecta,49.0946286,-122.4912352,2024-04-27
210297945,Trifolium repens,white clover,Plantae,49.05256367,-122.68974682,2024-04-27
210298357,Lathyrus latifolius,broad-leaved sweet pea,Plantae,49.1245216534,-123.0580378912,2024-04-27
210298634,Salix hookeriana,coastal willow,Plantae,49.0134260618,-123.0398160127,2024-04-27
210299172,Malus fusca,Pacific Crab Apple,Plantae,49.1242314764,-123.0578232561,2024-04-27
210299197,Salix hookeriana,coastal willow,Plantae,49.0133510184,-123.0397083719,2024-04-27
210299925,Salix hookeriana,coastal willow,Plantae,49.0133380099,-123.0395943952,2024-04-27
210300179,Cornus nuttallii,Pacific Dogwood,Plantae,49.05255189,-122.68974796,2024-04-27
210300220,Cepaea nemoralis,Brown-lipped Snail,Mollusca,49.1242364916,-123.0579243967,2024-04-27
210300571,Lonicera involucrata,twinberry honeysuckle,Plantae,49.0134771076,-123.0394296908,2024-04-27
210301044,Cepaea nemoralis,Brown-lipped Snail,Mollusca,49.1241039615,-123.0579220853,2024-04-27
210301211,Cytisus scoparius,Scotch Broom,Plantae,49.05255042,-122.69016708,2024-04-27
210301298,Cornus sericea,red osier dogwood,Plantae,49.0132145444,-123.0395473727,2024-04-27
210301628,Gaillardia pulchella,firewheel,Plantae,49.1239905973,-123.0579500946,2024-04-27
210301644,Plantago lanceolata,ribwort plantain,Plantae,49.0133331065,-123.0395418407,2024-04-27
210301797,Lamium purpureum,red deadnettle,Plantae,49.05255884,-122.69017711,2024-04-27
210302088,Cytisus scoparius,Scotch Broom,Plantae,49.1241014374,-123.0578106629,2024-04-27
210303209,Picea sitchensis,Sitka spruce,Plantae,49.0524855,-122.6900813997,2024-04-27
210303349,Cepaea nemoralis,Brown-lipped Snail,Mollusca,49.12393846,-123.058026628,2024-04-27
210303543,Medicago lupulina,Black Medick,Plantae,49.1238903849,-123.0579356098,2024-04-27
210303827,Lamium purpureum,red deadnettle,Plantae,49.1240097575,-123.0580837489,2024-04-27
210303868,Ulva,Sea Lettuces,Plantae,49.013772863,-123.038787637,2024-04-27
210304275,Teesdalia nudicaulis,Shepherd's Cress,Plantae,49.1236416344,-123.057950847,2024-04-27
210304760,Picea sitchensis,Sitka spruce,Plantae,49.05254388,-122.69001623,2024-04-27
210304811,Symphoricarpos albus,Common Snowberry,Plantae,49.1235680443,-123.0577967175,2024-04-27
210305320,Populus,"poplars, cottonwoods, and aspens",Plantae,49.1238358043,-123.0580057704,2024-04-27
210305448,Aira caryophyllea,Silver Hairgrass,Plantae,49.1232851199,-123.0582032338,2024-04-27
210305451,Sorbus,Rowans and Mountain Ashes,Plantae,49.0525268997,-122.6900071,2024-04-27
210305607,Nereocystis luetkeana,Bull Kelp,Chromista,49.0139131761,-123.0388206617,2024-04-27
210306077,Rubus parviflorus,thimbleberry,Plantae,49.2765485,-123.08707,2024-04-27
210306240,Racomitrium,,Plantae,49.1232548337,-123.0583708873,2024-04-27
210306464,Corylus,hazels,Plantae,49.0525312997,-122.6899970997,2024-04-27
210306992,Poa,Meadow-grasses,Plantae,49.1233564573,-123.0581255382,2024-04-27
210307736,Lupinus polyphyllus,Large-leaved lupine,Plantae,49.1225798012,-123.0589531035,2024-04-27
210308129,Teesdalia nudicaulis,Shepherd's Cress,Plantae,49.112667,-123.0494444,2024-04-27
210308783,Equisetum hyemale,rough horsetail,Plantae,49.1232146574,-123.058558148,2024-04-27
210308812,Betula papyrifera,paper birch,Plantae,49.1223751424,-123.0590609049,2024-04-27
210309255,Prunus,"plums, cherries, and allies",Plantae,49.0523845,-122.6898281997,2024-04-27
210309364,Aesculus hippocastanum,horse-chestnut,Plantae,49.3047063172,-123.1406369805,2024-04-27
210309779,Magallana gigas,Pacific Oyster,Mollusca,49.0150056314,-123.039253587,2024-04-27
210309834,Rubus spectabilis,Salmonberry,Plantae,49.1222375156,-123.0591871998,2024-04-27
210310676,Lupinus polyphyllus,Large-leaved lupine,Plantae,49.1165427,-123.0625725,2024-04-27
210310916,Populus trichocarpa,black cottonwood,Plantae,49.122019137,-123.0595227976,2024-04-27
210311111,Maleae,,Plantae,49.0523785997,-122.689721,2024-04-27
210311633,Sambucus racemosa,red-berried elder,Plantae,49.1218418209,-123.0598207504,2024-04-27
210312201,Trifolium pratense,Red Clover,Plantae,49.0524897,-122.6894913,2024-04-27
210312462,Cornus sericea,red osier dogwood,Plantae,49.1214853944,-123.0603353568,2024-04-27
210313340,Rubus parviflorus,thimbleberry,Plantae,49.0524486997,-122.6891882997,2024-04-27
210313738,Rosa nutkana,Nootka rose,Plantae,49.0158734518,-123.0407236052,2024-04-27
210314110,Malus fusca,Pacific Crab Apple,Plantae,49.0159538628,-123.0407648609,2024-04-27
210314758,Lonicera involucrata,twinberry honeysuckle,Plantae,49.0523852997,-122.6891442,2024-04-27
210315212,Teesdalia nudicaulis,Shepherd's Cress,Plantae,49.0161429299,-123.0408143812,2024-04-27
210316663,Cornus sericea,red osier dogwood,Plantae,49.0523690997,-122.6890982,2024-04-27
210316758,Hyacinthoides,Bluebells,Plantae,49.1206646303,-123.0616130458,2024-04-27
210316882,Lathyrus latifolius,broad-leaved sweet pea,Plantae,49.0163639607,-123.04119844,2024-04-27
210317027,Rubus spectabilis,Salmonberry,Plantae,49.0523562997,-122.689097,2024-04-27
210317560,Hypherpes,,Insecta,49.305275,-123.1377861667,2024-04-27
210317643,Hyacinthoides hispanica,Spanish Bluebell,Plantae,49.1207028327,-123.0616620794,2024-04-27
210317991,Arion ater,Black Slug,Mollusca,49.31023,-123.1393583333,2024-04-27
210318173,Equisetum telmateia,great horsetail,Plantae,49.1204637415,-123.0618552036,2024-04-27
210318187,Amelanchier alnifolia,Saskatoon,Plantae,49.0525587997,-122.6891678,2024-04-27
210318608,Scathophaga furcata,Furcate Dung Fly,Insecta,49.30183,-123.1358945,2024-04-27
210318857,Typha latifolia,broadleaf cattail,Plantae,49.0167622688,-123.0413484761,2024-04-27
210319325,Lomatium nudicaule,Barestem Biscuitroot,Plantae,49.0167728719,-123.0413544272,2024-04-27
210319814,Rubus parviflorus,thimbleberry,Plantae,49.1204176192,-123.0618921017,2024-04-27
210320324,Alchemilla arvensis,Field Parsley Piert,Plantae,49.016939085,-123.0413479732,2024-04-27
210320879,Ribes sanguineum,Red-flowering Currant,Plantae,49.3694416667,-123.2702116667,2024-04-27
210321624,Chamaenerion angustifolium,fireweed,Plantae,49.0170270531,-123.0416785554,2024-04-27
210321784,Prunus laurocerasus,Cherry laurel,Plantae,49.1203053151,-123.0625263147,2024-04-27
210323443,Tanacetum vulgare,tansy,Plantae,49.0178874555,-123.0425973797,2024-04-27
210324169,Prunus cerasifera,Cherry-plum,Plantae,49.1198081427,-123.0623295269,2024-04-27
210324242,Arion ater,Black Slug,Mollusca,49.1197236908,-123.0624387918,2024-04-27
210324578,Laburnum anagyroides,Common Laburnum,Plantae,49.0183284693,-123.0435425231,2024-04-27
210324877,Arion ater,Black Slug,Mollusca,49.1163579,-123.0608972,2024-04-27
210324889,Sorbus aucuparia,European mountain ash,Plantae,49.1196716039,-123.0624361099,2024-04-27
210325287,Crataegus monogyna,common hawthorn,Plantae,49.1195569202,-123.062486266,2024-04-27
210325733,Lysichiton americanus,western skunk cabbage,Plantae,49.1195139427,-123.0624987336,2024-04-27
210327091,Trillium ovatum,Pacific trillium,Plantae,49.0507435122,-122.6876042296,2024-04-27
210327390,Rubus parviflorus,thimbleberry,Plantae,49.0525638889,-122.6909055556,2024-04-27
210327687,Geranium robertianum,Herb Robert,Plantae,49.0525638889,-122.6909055556,2024-04-27
210327859,Lecanoromycetes,Common Lichens,Fungi,49.1198850226,-123.0624213707,2024-04-27
210327978,Agelaius phoeniceus,Red-winged Blackbird,Aves,49.0184321953,-123.0443487783,2024-04-27
210328001,Geum macrophyllum,Large-leaved Avens,Plantae,49.0495277778,-122.6917777778,2024-04-27
210328167,Thuja plicata,western redcedar,Plantae,49.3051548908,-123.1383154449,2024-04-27
210328531,Cardamine nuttallii,Nuttall's toothwort,Plantae,49.1201019694,-123.062687429,2024-04-27
210328617,Salix,Willows,Plantae,49.3052743,-123.13809909,2024-04-27
210329027,Fungi,Fungi Including Lichens,Fungi,49.0522393997,-122.6896705,2024-04-27
210329255,Pteridium aquilinum,common bracken,Plantae,49.30530134,-123.13867161,2024-04-27
210329332,Salix,Willows,Plantae,49.3051479338,-123.1382599567,2024-04-27
210329468,Polystichum munitum,western sword fern,Plantae,49.0511166667,-122.6900888889,2024-04-27
210329633,Porella navicularis,Tree Ruffle Liverwort,Plantae,49.0508472222,-122.6900638889,2024-04-27
210329841,Chamaecyparis lawsoniana,Lawson's cypress,Plantae,49.30526686,-123.13847287,2024-04-27
210329872,Pteridium aquilinum,common bracken,Plantae,49.3052103371,-123.1383340528,2024-04-27
210329880,Pteridium aquilinum pubescens,Hairy brackenfern,Plantae,49.30525253,-123.13833421,2024-04-27
210330033,Ilex aquifolium,European holly,Plantae,49.052196,-122.6897122,2024-04-27
210330343,Mycelis muralis,Wall Lettuce,Plantae,49.0511166667,-122.6900888889,2024-04-27
210330348,Arctium minus,lesser burdock,Plantae,49.1202371649,-123.0624374867,2024-04-27
210330379,Barbarea orthoceras,American yellowrocket,Plantae,49.0176118166,-123.0443783664,2024-04-27
210330423,Atrichum undulatum,Catherine's moss,Plantae,49.0508472222,-122.6900638889,2024-04-27
210330580,Gaultheria shallon,salal,Plantae,49.30520873,-123.13813062,2024-04-27
210330746,Rubus laciniatus,Cutleaf Blackberry,Plantae,49.0496194444,-122.6896944444,2024-04-27
210330753,Tanacetum vulgare,tansy,Plantae,49.05217467,-122.68973042,2024-04-27
210331004,Malus,apples and crabapples,Plantae,49.0176828113,-123.0443965552,2024-04-27
210331127,Lonicera involucrata,twinberry honeysuckle,Plantae,49.0579779,-122.7397703,2024-04-27
210331177,Equisetum arvense,field horsetail,Plantae,49.05217606,-122.68963663,2024-04-27
210331253,Iris pseudacorus,Yellow Iris,Plantae,49.30505931,-123.13884076,2024-04-27
210331271,Poales,"Grasses, Sedges, Cattails, and Allies",Plantae,49.3051830176,-123.1382682204,2024-04-27
210331392,Crataegus monogyna,common hawthorn,Plantae,49.0175352479,-123.0443251414,2024-04-27
210331628,Nuphar polysepala,western yellow pond-lily,Plantae,49.3051493587,-123.1383452845,2024-04-27
210331738,Nuphar polysepala,western yellow pond-lily,Plantae,49.30523754,-123.13834241,2024-04-27
210331747,Nuphar polysepala,western yellow pond-lily,Plantae,49.30520443,-123.13834622,2024-04-27
210331754,Xylaria hypoxylon,Candlesnuff Fungus,Fungi,49.0560166667,-122.6982027778,2024-04-27
210331831,Bellis perennis,Lawn daisy,Plantae,49.1203902463,-123.062253459,2024-04-27
210331879,Gaultheria shallon,salal,Plantae,49.3050601334,-123.1382773073,2024-04-27
210331975,Sambucus racemosa,red-berried elder,Plantae,49.0520527778,-122.6865222222,2024-04-27
210332270,Maianthemum dilatatum,Western Lily of the Valley,Plantae,49.0522833333,-122.6864638889,2024-04-27
210332295,Hedera helix,common ivy,Plantae,49.3051092094,-123.1383990125,2024-04-27
210332406,Magnoliopsida,Dicots,Plantae,49.30519054,-123.13841448,2024-04-27
210332521,Solidago,goldenrods,Plantae,49.05208734,-122.68964051,2024-04-27
210332581,Maianthemum stellatum,star-flowered lily-of-the-valley,Plantae,49.0522833333,-122.6864638889,2024-04-27
210332601,Phalaris arundinacea,reed canary grass,Plantae,49.1209707898,-123.0623159286,2024-04-27
210332895,Iris pseudacorus,Yellow Iris,Plantae,49.305071868,-123.1383771357,2024-04-27
210333447,Gaultheria shallon,salal,Plantae,49.3051706907,-123.1384473761,2024-04-27
210333449,Equisetum arvense,field horsetail,Plantae,49.1209274534,-123.0625899886,2024-04-27
210333495,Gaultheria shallon,salal,Plantae,49.302201,-123.136303,2024-04-27
210333517,Magnoliopsida,Dicots,Plantae,49.3052277794,-123.1384264141,2024-04-27
210333610,Rubus spectabilis,Salmonberry,Plantae,49.30517758,-123.13844837,2024-04-27
210333665,Rubus spectabilis,Salmonberry,Plantae,49.3051012801,-123.1383979784,2024-04-27
210333685,Turdus migratorius,American Robin,Aves,49.2945517699,-123.0032464669,2024-04-27
210333703,Equisetum arvense,field horsetail,Plantae,49.1209947535,-123.062589111,2024-04-27
210333721,Rumex acetosella,Sheep's sorrel,Plantae,49.0167543479,-123.0428562128,2024-04-27
210334015,Trillium ovatum,Pacific trillium,Plantae,49.0511278666,-122.691131942,2024-04-27
210334038,Rubus spectabilis,Salmonberry,Plantae,49.3052087445,-123.1383637247,2024-04-27
210334132,Rubus bifrons,Himalayan Blackberry,Plantae,49.05210377,-122.68961417,2024-04-27
210334331,Geum macrophyllum,Large-leaved Avens,Plantae,49.30519113,-123.13846409,2024-04-27
210334449,Geum macrophyllum,Large-leaved Avens,Plantae,49.3050517515,-123.1386766211,2024-04-27
210334535,Geum macrophyllum,Large-leaved Avens,Plantae,49.302201,-123.136303,2024-04-27
210334585,Myosotis,Forget-me-nots,Plantae,49.30522826,-123.1384785,2024-04-27
210334915,Rubus spectabilis,Salmonberry,Plantae,49.305044082,-123.1385744457,2024-04-27
210334949,Rubus spectabilis,Salmonberry,Plantae,49.3052068167,-123.1384389104,2024-04-27
210335022,Juncus,Rushes,Plantae,49.1217172664,-123.0632032855,2024-04-27
210335811,Pteridium aquilinum,common bracken,Plantae,49.30519778,-123.13850899,2024-04-27
210335833,Betula pendula,silver birch,Plantae,49.1219116744,-123.0639657939,2024-04-27
210335998,Pteridium aquilinum pubescens,Hairy brackenfern,Plantae,49.3052330101,-123.1385983342,2024-04-27
210336186,Rubus spectabilis,Salmonberry,Plantae,49.302201,-123.136303,2024-04-27
210336299,Rhyparochromus vulgaris,bright-spotted groundbug,Insecta,49.3523163828,-123.1049323436,2024-04-27
210336397,Myosotis sylvatica,Wood Forget-me-not,Plantae,49.0522273997,-122.6891202,2024-04-27
210336438,Vaccinium parvifolium,Red Huckleberry,Plantae,49.30531238,-123.13855691,2024-04-27
210336760,Sonchus arvensis,Perennial Sow Thistle,Plantae,49.0159899602,-123.0427210965,2024-04-27
210336896,Salix babylonica,weeping willow,Plantae,49.1219967106,-123.0638382029,2024-04-27
210336905,Rubus spectabilis,Salmonberry,Plantae,49.3052595818,-123.1385887909,2024-04-27
210336938,Rhyparochromus vulgaris,bright-spotted groundbug,Insecta,49.3523163828,-123.1049323436,2024-04-27
210337048,Ranunculus repens,Creeping buttercup,Plantae,49.1220003785,-123.0635978574,2024-04-27
210337219,Racomitrium heterostichum,Yellow-green Rock Moss,Plantae,49.1221361906,-123.0641314113,2024-04-27
210337988,Pseudotaxiphyllum elegans,Elegant Silk-moss,Plantae,49.1221761005,-123.064137319,2024-04-27
210338245,Anthophila,Bees,Insecta,49.30522164,-123.13863211,2024-04-27
210339189,Arion ater,Black Slug,Mollusca,49.0159573546,-123.0426998065,2024-04-27
210339296,Amelanchier alnifolia,Saskatoon,Plantae,49.0518022997,-122.6891329,2024-04-27
210339819,Empidonax hammondii,Hammond's Flycatcher,Aves,49.3030426507,-123.1416605785,2024-04-27
210339884,Vaccinium parvifolium,Red Huckleberry,Plantae,49.3052488519,-123.1386234799,2024-04-27
210340093,Haemorhous purpureus,Purple Finch,Aves,49.3030548934,-123.1393381208,2024-04-27
210340138,Scaphinotus angusticollis,Narrow-collared Snail-eating Beetle,Insecta,49.3102111111,-122.9081916667,2024-04-27
210340266,Aix sponsa,Wood Duck,Aves,49.3053399632,-123.1386214682,2024-04-27
210340373,Cornus nuttallii,Pacific Dogwood,Plantae,49.2173016755,-123.0317218602,2024-04-27
210340687,Vaccinium parvifolium,Red Huckleberry,Plantae,49.30524237,-123.13838098,2024-04-27
210340721,Anseriformes,Waterfowl,Aves,49.3006456,-123.1412171,2024-04-27
210340728,Branta canadensis,Canada Goose,Aves,49.305299772,-123.1386098174,2024-04-27
210340894,Melospiza melodia,Song Sparrow,Aves,49.3053573138,-123.1386017707,2024-04-27
210341170,Sitta canadensis,Red-breasted Nuthatch,Aves,49.3038749282,-123.1415998936,2024-04-27
210341173,Pseudotsuga menziesii menziesii,Coast Douglas-fir,Plantae,49.0516970997,-122.6888971,2024-04-27
210341317,Spiraea douglasii,Rose Spirea,Plantae,49.304625,-123.1375383333,2024-04-27
210341755,Anas platyrhynchos,Mallard,Aves,49.3053004845,-123.1384985895,2024-04-27
210342853,Sorbus,Rowans and Mountain Ashes,Plantae,49.0520927,-122.6887186997,2024-04-27
210343087,Lysichiton americanus,western skunk cabbage,Plantae,49.3047966667,-123.1378816667,2024-04-27
210343513,Polystichum munitum,western sword fern,Plantae,49.1237224779,-123.0631805678,2024-04-27
210343660,Poecile atricapillus,Black-capped Chickadee,Aves,49.3053781009,-123.138823975,2024-04-27
210343948,Spiraea douglasii,Rose Spirea,Plantae,49.3053430645,-123.1389283297,2024-04-27
210344103,Vaccinium,"blueberries, cranberries, and allies",Plantae,49.0520361,-122.6886077,2024-04-27
210344215,Larus glaucescens,Glaucous-winged Gull,Aves,49.0177,-122.79473,2024-04-26
210344708,Spiraea douglasii,Rose Spirea,Plantae,49.3051775107,-123.1389173455,2024-04-27
210345071,Ardea herodias,Great Blue Heron,Aves,49.3051338103,-123.1389674732,2024-04-27
210345261,Spiraea douglasii,Rose Spirea,Plantae,49.3047439185,-123.1404032931,2024-04-27
210345410,Cerioporus varius,Elegant Polypore,Fungi,49.2840853913,-122.7744846983,2024-04-27
210345554,Aix sponsa,Wood Duck,Aves,49.297583,-123.136776,2024-04-27
210345640,Branta canadensis,Canada Goose,Aves,49.297583,-123.136776,2024-04-27
210345669,Mycelis muralis,Wall Lettuce,Plantae,49.0521154,-122.68850072,2024-04-27
210345782,Athyrium filix-femina,lady fern,Plantae,49.3051191267,-123.1389172211,2024-04-27
210346045,Betula occidentalis,water birch,Plantae,49.30685206,-123.1406526416,2024-04-27
210346112,Coleoptera,Beetles,Insecta,49.3040087209,-123.1390618533,2024-04-27
210346233,Ranunculus,buttercups,Plantae,49.0521549997,-122.6884246997,2024-04-27
210346537,Tsuga heterophylla,western hemlock,Plantae,49.3046221514,-123.1392874941,2024-04-27
210346724,Branta canadensis,Canada Goose,Aves,49.3052565,-123.13878205,2024-04-27
210346907,Bryopsida,Joint-toothed Mosses,Plantae,49.1237860127,-123.0631314499,2024-04-27
210347203,Spiraea douglasii,Rose Spirea,Plantae,49.30521797,-123.13904914,2024-04-27
210347444,Typha angustifolia,narrow-leaved cattail,Plantae,49.3049848639,-123.1389931218,2024-04-27
210348031,Spiraea douglasii,Rose Spirea,Plantae,49.301705,-123.135682,2024-04-27
210348376,Spiraea douglasii,Rose Spirea,Plantae,49.3051936152,-123.1389518828,2024-04-27
210348836,Geophilus,Compost Centipedes,Animalia,49.3045102985,-123.1393531025,2024-04-27
210348983,Anas platyrhynchos,Mallard,Aves,49.301705,-123.135682,2024-04-27
210349031,Betula,birches,Plantae,49.30499182,-123.13883697,2024-04-27
210349092,Anas platyrhynchos,Mallard,Aves,49.301705,-123.135682,2024-04-27
210349104,Stereum ochraceoflavum,,Fungi,49.1242871982,-123.0623748729,2024-04-27
210349176,Anas platyrhynchos,Mallard,Aves,49.30513516,-123.13902425,2024-04-27
210349219,Spiraea douglasii,Rose Spirea,Plantae,49.30510016,-123.13905321,2024-04-27
210349252,Iris pseudacorus,Yellow Iris,Plantae,49.3051775219,-123.1392087043,2024-04-27
210349852,Lysichiton americanus,western skunk cabbage,Plantae,49.30401635,-123.1390777,2024-04-27
210349882,Alnus rubra,Red Alder,Plantae,49.3051892985,-123.1391486899,2024-04-27
210350136,Typha latifolia,broadleaf cattail,Plantae,49.30522626,-123.13923367,2024-04-27
210350235,Bryophyta,Mosses,Plantae,49.1250819597,-123.0619176538,2024-04-27
210350388,Nymphaeales,"Waterlilies, Fanworts, and Allies",Plantae,49.3053566694,-123.1393611283,2024-04-27
210350394,Nymphaeales,"Waterlilies, Fanworts, and Allies",Plantae,49.3026335,-123.1306494,2024-04-27
210350426,Maianthemum stellatum,star-flowered lily-of-the-valley,Plantae,49.2827269266,-122.7749441111,2024-04-27
210350820,Equisetum telmateia,great horsetail,Plantae,49.30514133,-123.13970414,2024-04-27
210350824,Tsuga heterophylla,western hemlock,Plantae,49.305142737,-123.1394508575,2024-04-27
210350927,Plethodon vehiculum,Western Red-backed Salamander,Amphibia,49.3138916667,-123.1401888333,2024-04-27
210351010,Scirpus microcarpus,Panicled Bulrush,Plantae,49.30516282,-123.1397303,2024-04-27
210351189,Equisetum telmateia,great horsetail,Plantae,49.3051359896,-123.1395040826,2024-04-27
210351350,Rhododendron ponticum,Pontic Rhododendron,Plantae,49.2851437675,-123.1421330665,2024-04-27
210351446,Scirpus microcarpus,Panicled Bulrush,Plantae,49.3051739596,-123.1400459727,2024-04-27
210351651,Tsuga heterophylla,western hemlock,Plantae,49.3051491492,-123.139311215,2024-04-27
210351652,Betula pendula,silver birch,Plantae,49.297583,-123.136776,2024-04-27
210351802,Iris pseudacorus,Yellow Iris,Plantae,49.297583,-123.136776,2024-04-27
210351844,Bryophyta,Mosses,Plantae,49.1253527743,-123.0611230681,2024-04-27
210352002,Spiraea douglasii,Rose Spirea,Plantae,49.30490908,-123.14002715,2024-04-27
210352179,Papaver cambricum,Welsh Poppy,Plantae,49.1254106878,-123.0609871484,2024-04-27
210352397,Papaver cambricum,Welsh Poppy,Plantae,49.1256159806,-123.0612123396,2024-04-27
210352458,Lysichiton americanus,western skunk cabbage,Plantae,49.3047247734,-123.1402419416,2024-04-27
210352515,Lysichiton americanus,western skunk cabbage,Plantae,49.3026335,-123.1306494,2024-04-27
210352668,Tsuga heterophylla,western hemlock,Plantae,49.297583,-123.136776,2024-04-27
210353162,Heracleum maximum,common cowparsnip,Plantae,49.125674637,-123.0607792077,2024-04-27
210353173,Iris pseudacorus,Yellow Iris,Plantae,49.30487357,-123.14054909,2024-04-27
210353508,Geum macrophyllum,Large-leaved Avens,Plantae,49.30486096,-123.1405238,2024-04-27
210353832,Urtica gracilis,slender stinging nettle,Plantae,49.1257860251,-123.0605449633,2024-04-27
210353923,Aesculus hippocastanum,horse-chestnut,Plantae,49.30486618,-123.14055403,2024-04-27
210353956,Aesculus hippocastanum,horse-chestnut,Plantae,49.3048015098,-123.1408132521,2024-04-27
210354826,Cladonia,pixie cup and reindeer lichens,Fungi,49.2020830624,-123.0179879137,2024-04-27
210355075,Taraxacum officinale,common dandelion,Plantae,49.3047285532,-123.140656072,2024-04-27
210355129,Arion,Arion Slugs,Mollusca,49.328034533,-123.012521557,2024-04-27
210355434,Urtica gracilis,slender stinging nettle,Plantae,49.1263121483,-123.059124541,2024-04-27
210355889,Nebria brevicollis,European Gazelle Beetle,Insecta,49.2453164115,-123.1328208275,2024-04-27
210355983,Taraxacum officinale,common dandelion,Plantae,49.30480339,-123.14099522,2024-04-27
210356026,Arion,Arion Slugs,Mollusca,49.3594412509,-123.166024561,2024-04-27
210356099,Phlebia radiata,Wrinkled Crust,Fungi,49.1263964718,-123.0590824694,2024-04-27
210356295,Arion,Arion Slugs,Mollusca,49.3249077117,-123.1681865078,2024-04-27
210356395,Thelephora terrestris,Common Fiber Vase,Fungi,49.1264577422,-123.0591776173,2024-04-27
210356737,Zygoptera,Damselflies,Insecta,49.3050116667,-123.1383278333,2024-04-27
210356764,Carex mertensii,mertens' sedge,Plantae,49.3046035711,-123.1410533936,2024-04-27
210356922,Poales,"Grasses, Sedges, Cattails, and Allies",Plantae,49.3059851,-123.1401009,2024-04-27
210357404,Mycelis muralis,Wall Lettuce,Plantae,49.2486383333,-122.9055866667,2024-04-27
210357680,Equisetum,,Plantae,49.30437168,-123.14124995,2024-04-27
210358094,Rhododendron calendulaceum,Flame Azalea,Plantae,49.2490166667,-122.8924466667,2024-04-27
210358746,Euphorbia characias,Mediterranean spurge,Plantae,49.2488883333,-122.893075,2024-04-27
210359495,Berberis thunbergii,Japanese barberry,Plantae,49.2489616667,-122.8930883333,2024-04-27
210360187,Rhododendron simsii,Red Azalea,Plantae,49.2489883333,-122.892595,2024-04-27
210360995,Cirsium,Plume Thistles,Plantae,49.1260229414,-123.0580268872,2024-04-27
210361719,Maianthemum dilatatum,Western Lily of the Valley,Plantae,49.305147389,-123.1396879816,2024-04-27
210361753,Arion,Arion Slugs,Mollusca,49.2798812308,-123.0080934122,2024-04-27
210362352,Maianthemum dilatatum,Western Lily of the Valley,Plantae,49.297583,-123.136776,2024-04-27
210362671,Bubo virginianus,Great Horned Owl,Aves,49.1257184478,-123.0573400988,2024-04-27
210362684,Sambucus racemosa,red-berried elder,Plantae,49.370705,-123.2699883333,2024-04-27
210362689,Nebria brevicollis,European Gazelle Beetle,Insecta,49.3588307063,-123.1059045517,2024-04-27
210362862,Gaultheria shallon,salal,Plantae,49.30401635,-123.1390777,2024-04-27
210362872,Julida,Snake Millipedes,Animalia,49.2578499694,-123.1262168309,2024-04-27
210363009,Ribes aureum,golden currant,Plantae,49.297583,-123.136776,2024-04-27
210364009,Ribes aureum,golden currant,Plantae,49.3051652844,-123.1396966988,2024-04-27
210364100,Rubus spectabilis,Salmonberry,Plantae,49.30401635,-123.1390777,2024-04-27
210364360,Rubus spectabilis,Salmonberry,Plantae,49.297583,-123.136776,2024-04-27
210364626,Camponotus modoc,Western Black Carpenter Ant,Insecta,49.3357860051,-123.0708468553,2024-04-27
210364933,Strix varia,Barred Owl,Aves,49.3046232686,-123.1409456861,2024-04-27
210364950,Bubo virginianus,Great Horned Owl,Aves,49.1257028333,-123.0573388333,2024-04-27
210365005,Equisetum,,Plantae,49.3044509338,-123.1411334404,2024-04-27
210365033,Agelaius phoeniceus,Red-winged Blackbird,Aves,49.3026033,-123.1406611,2024-04-27
210365258,Haemorhous purpureus,Purple Finch,Aves,49.3044084823,-123.1411238854,2024-04-27
210365908,Tamiasciurus douglasii,Douglas's Squirrel,Mammalia,49.3008201144,-123.1425319612,2024-04-27
210366529,Crematogastrini,,Insecta,49.2641572955,-123.1073555775,2024-04-27
210367239,Spiraea douglasii,Rose Spirea,Plantae,49.305135822,-123.1396749896,2024-04-27
210367298,Magnoliopsida,Dicots,Plantae,49.3037919933,-123.141586315,2024-04-27
210367505,Pteridium aquilinum,common bracken,Plantae,49.304895429,-123.1400406082,2024-04-27
210367581,Pterostichus algidus,,Insecta,49.3054883333,-123.137925,2024-04-27
210368231,Salix,Willows,Plantae,49.3032470834,-123.0027662996,2024-04-27
210368268,Fomitopsis mounceae,Northern Red Belt,Fungi,49.3039397164,-123.1390484991,2024-04-27
210368343,Poecile atricapillus,Black-capped Chickadee,Aves,49.3038966,-123.14194237,2024-04-27
210368401,Fomitopsis mounceae,Northern Red Belt,Fungi,49.30503978,-123.13973154,2024-04-27
210369512,Pimoa altioculata,,Arachnida,49.305625,-123.1380388333,2024-04-27
210369649,Lysichiton americanus,western skunk cabbage,Plantae,49.297583,-123.136776,2024-04-27
210369870,Lysichiton americanus,western skunk cabbage,Plantae,49.3047722988,-123.1402219088,2024-04-27
210370113,Frangula purshiana,Cascara,Plantae,49.0519235,-122.6887832997,2024-04-27
210370369,Spiraea douglasii,Rose Spirea,Plantae,49.297583,-123.136776,2024-04-27
210370600,Ajuga reptans,carpet bugle,Plantae,49.3027891737,-123.0038352719,2024-04-27
210371139,Aesculus hippocastanum,horse-chestnut,Plantae,49.3047842478,-123.1404583679,2024-04-27
210371325,Hypericum perforatum,Common St. John's Wort,Plantae,49.0520690997,-122.6888177,2024-04-27
210371544,Rubus spectabilis,Salmonberry,Plantae,49.3752966667,-123.2601383333,2024-04-27
210371561,Aesculus hippocastanum,horse-chestnut,Plantae,49.297583,-123.136776,2024-04-27
210371866,Viola sempervirens,Redwood Violet,Plantae,49.36812,-123.2715083333,2024-04-27
210372701,Equisetum telmateia,great horsetail,Plantae,49.297583,-123.136776,2024-04-27
210372852,Lonicera involucrata,twinberry honeysuckle,Plantae,49.0520921,-122.6887724997,2024-04-27
210373249,Strix varia,Barred Owl,Aves,49.3675533333,-123.2744,2024-04-27
210373686,Taraxacum officinale,common dandelion,Plantae,49.0522071997,-122.6883756,2024-04-27
210373973,Agelaius phoeniceus,Red-winged Blackbird,Aves,49.3030339059,-123.1393978,2024-04-27
210374214,Equisetum telmateia,great horsetail,Plantae,49.3049142464,-123.140716022,2024-04-27
210374988,Ranunculus repens,Creeping buttercup,Plantae,49.05215246,-122.68778773,2024-04-27
210375335,Melospiza melodia,Song Sparrow,Aves,49.297583,-123.136776,2024-04-27
210375633,Agelaius phoeniceus,Red-winged Blackbird,Aves,49.1168759421,-122.7333194096,2024-04-27
210375728,Plantago major,greater plantain,Plantae,49.30270405,-123.13880841,2024-04-27
210376122,Crataegus monogyna,common hawthorn,Plantae,49.0521644,-122.6878446,2024-04-27
210377234,Spinus pinus,Pine Siskin,Aves,49.3013900779,-123.1340162829,2024-04-27
210377253,Hyacinthoides,Bluebells,Plantae,49.3035069963,-123.0064833263,2024-04-27
210378535,Salix,Willows,Plantae,49.0513618,-122.6873535,2024-04-27
210379547,Cepaea nemoralis,Brown-lipped Snail,Mollusca,49.0516407509,-122.7845481691,2024-04-27
210380395,Betula pendula,silver birch,Plantae,49.30272312,-123.13795345,2024-04-27
210380567,Catharus,Brown Thrushes and Nightingale-Thrushes,Aves,49.2923498058,-123.0013962664,2024-04-27
210381128,Hedera helix,common ivy,Plantae,49.30373761,-123.13737704,2024-04-27
210381546,Anaphalis margaritacea,pearly everlasting,Plantae,49.0515187997,-122.6873341997,2024-04-27
210383457,Magnoliopsida,Dicots,Plantae,49.0516159,-122.6874073,2024-04-27
210383877,Anas platyrhynchos,Mallard,Aves,49.2707903127,-123.1943485513,2024-04-26
210384151,Polystichum munitum,western sword fern,Plantae,49.0516097,-122.6874612,2024-04-27
210384860,Berberis aquifolium,Oregon grape,Plantae,49.05167,-122.6874734,2024-04-27
210385140,Fulica americana,American Coot,Aves,49.2709751668,-123.1944152713,2024-04-26
210386350,Castor canadensis,American Beaver,Mammalia,49.2708817554,-123.1944055483,2024-04-26
210386947,Lonicera ciliosa,orange honeysuckle,Plantae,49.0524348,-122.6877171997,2024-04-27
210387147,Selasphorus rufus,Rufous Hummingbird,Aves,49.2712648065,-123.1997461617,2024-04-26
210387686,Rubus parviflorus,thimbleberry,Plantae,49.0526116997,-122.6878868,2024-04-27
210387695,Branta canadensis,Canada Goose,Aves,49.097916,-123.17827,2024-04-27
210387696,Branta canadensis,Canada Goose,Aves,49.09803,-123.17812,2024-04-27
210387700,Plantago lanceolata,ribwort plantain,Plantae,49.098015,-123.178154,2024-04-27
210387706,Sambucus racemosa,red-berried elder,Plantae,49.0980170833,-123.178154,2024-04-27
210387711,Crataegus monogyna,common hawthorn,Plantae,49.0980085,-123.1781825,2024-04-27
210387712,Junco hyemalis,Dark-eyed Junco,Aves,49.098106,-123.17811,2024-04-27
210387715,Calypte anna,Anna's Hummingbird,Aves,49.0983720633,-123.17813625,2024-04-27
210387719,Ardea herodias,Great Blue Heron,Aves,49.0983606667,-123.1781526667,2024-04-27
210387721,Pseudotsuga menziesii,Douglas-fir,Plantae,49.098057,-123.17848,2024-04-27
210387727,Malva neglecta,dwarf mallow,Plantae,49.0981,-123.17851,2024-04-27
210387732,Cirsium arvense,creeping thistle,Plantae,49.098213,-123.17858,2024-04-27
210387733,Malva neglecta,dwarf mallow,Plantae,49.09814,-123.178535,2024-04-27
210387745,Sturnus vulgaris,European Starling,Aves,49.09822,-123.17873,2024-04-27
210387747,Anas acuta,Northern Pintail,Aves,49.0982641767,-123.1787552933,2024-04-27
210387749,Spatula clypeata,Northern Shoveler,Aves,49.0982620583,-123.178751765,2024-04-27
210387756,Hirundo rustica,Barn Swallow,Aves,49.098286,-123.17881,2024-04-27
210387759,Larinioides sclopetarius,Grey Cross Spider,Arachnida,49.098293,-123.17901,2024-04-27
210387760,Cirsium arvense,creeping thistle,Plantae,49.0981504,-123.179228,2024-04-27
210387762,Mareca americana,American Wigeon,Aves,49.09813,-123.17926,2024-04-27
210387769,Passer domesticus,House Sparrow,Aves,49.098278,-123.17906,2024-04-27
210387778,Zonotrichia atricapilla,Golden-crowned Sparrow,Aves,49.098686,-123.179375,2024-04-27
210387780,Columba livia domestica,Feral Pigeon,Aves,49.098698,-123.179375,2024-04-27
210387787,Columba livia domestica,Feral Pigeon,Aves,49.098717,-123.17942,2024-04-27
210387788,Senecio vulgaris,common groundsel,Plantae,49.098843,-123.17951,2024-04-27
210387789,Polistes dominula,European Paper Wasp,Insecta,49.098793,-123.179565,2024-04-27
210387799,Anthriscus caucalis,Bur Parsley,Plantae,49.098793,-123.179665,2024-04-27
210387801,Polistes dominula,European Paper Wasp,Insecta,49.098793,-123.17957,2024-04-27
210387802,Rumex obtusifolius,broad-leaved dock,Plantae,49.098854,-123.17996,2024-04-27
210387816,Arctium minus,lesser burdock,Plantae,49.09889,-123.180176,2024-04-27
210387818,Aix sponsa,Wood Duck,Aves,49.0988973333,-123.1801666667,2024-04-27
210387819,Rumex obtusifolius,broad-leaved dock,Plantae,49.099045,-123.1802716667,2024-04-27
210387825,Anas crecca,Green-winged Teal,Aves,49.099148,-123.18044,2024-04-27
210387827,Pipilo maculatus,Spotted Towhee,Aves,49.099228,-123.18058,2024-04-27
210387829,Poecile atricapillus,Black-capped Chickadee,Aves,49.099342,-123.1807,2024-04-27
210387839,Spatula clypeata,Northern Shoveler,Aves,49.09957,-123.18094,2024-04-27
210387840,Spatula clypeata,Northern Shoveler,Aves,49.0998455,-123.181078,2024-04-27
210387849,Ilex aquifolium,European holly,Plantae,49.0995532,-123.18094,2024-04-27
210387852,Anas crecca,Green-winged Teal,Aves,49.099857,-123.18108,2024-04-27
210387854,Pipilo maculatus,Spotted Towhee,Aves,49.100292,-123.18141,2024-04-27
210387862,Narcissus,daffodils,Plantae,49.100464,-123.181595,2024-04-27
210387863,Rubus armeniacus,Armenian Blackberry,Plantae,49.100754,-123.18178,2024-04-27
210387867,Aesculus hippocastanum,horse-chestnut,Plantae,49.10084,-123.18184,2024-04-27
210387876,Betula pendula,silver birch,Plantae,49.10099,-123.18197,2024-04-27
210387878,Melospiza melodia,Song Sparrow,Aves,49.101166,-123.182076,2024-04-27
210387879,Melospiza melodia,Song Sparrow,Aves,49.101227,-123.18212,2024-04-27
210387884,Pipilo maculatus,Spotted Towhee,Aves,49.101376,-123.182205,2024-04-27
210387887,Lamium galeobdolon argentatum,Variegated Yellow Archangel,Plantae,49.102318,-123.18286,2024-04-27
210387892,Lamium galeobdolon argentatum,Variegated Yellow Archangel,Plantae,49.102352,-123.18291,2024-04-27
210387900,Hedera,ivies,Plantae,49.102467,-123.18302,2024-04-27
210387901,Artemisia suksdorfii,coastal mugwort,Plantae,49.102562,-123.18312,2024-04-27
210387938,Turdus migratorius,American Robin,Aves,49.2702228393,-123.1961771473,2024-04-26
210388200,Geranium robertianum,Herb Robert,Plantae,49.0526673,-122.6875900997,2024-04-27
210388543,Calypte anna,Anna's Hummingbird,Aves,49.2711613327,-123.1994822994,2024-04-26
210388617,Lamium galeobdolon argentatum,Variegated Yellow Archangel,Plantae,49.0526827997,-122.6875495997,2024-04-27
210389400,Agelaius phoeniceus,Red-winged Blackbird,Aves,49.270951978,-123.1951210275,2024-04-26
210389892,Daphne laureola,Spurge-laurel,Plantae,49.0525188,-122.6873156997,2024-04-27
210390047,Ilex aquifolium,European holly,Plantae,49.3256639757,-123.0988235529,2024-04-27
210390085,Tachycineta bicolor,Tree Swallow,Aves,49.2710123562,-123.1965027004,2024-04-26
210390121,Lithobates catesbeianus,American Bullfrog,Amphibia,49.304895,-123.1397388333,2024-04-27
210390347,Rubus spectabilis,Salmonberry,Plantae,49.3255562278,-123.0987869261,2024-04-27
210390568,Verbascum,mulleins,Plantae,49.0523,-122.6872431,2024-04-27
210390646,Acer circinatum,Vine Maple,Plantae,49.3254089476,-123.0988443799,2024-04-27
210390785,Prunus avium,wild cherry,Plantae,49.3253782824,-123.0988631293,2024-04-27
210390963,Cardamine hirsuta,hairy bittercress,Plantae,49.2490283333,-122.8923033333,2024-04-27
210391257,Osmorhiza berteroi,mountain sweet cicely,Plantae,49.3251971553,-123.0988605233,2024-04-27
210391501,Prunus laurocerasus,Cherry laurel,Plantae,49.3251348322,-123.0988721358,2024-04-27
210391576,Equisetum arvense,field horsetail,Plantae,49.26985,-123.1986055556,2024-04-26
210391581,Rubus ursinus,trailing blackberry,Plantae,49.0522463,-122.6868197,2024-04-27
210391948,Vaccinium parvifolium,Red Huckleberry,Plantae,49.3248219405,-123.0991342351,2024-04-27
210392023,Strix varia,Barred Owl,Aves,49.2629440578,-123.0353458309,2024-04-26
210392027,Reynoutria japonica,Japanese knotweed,Plantae,49.248775,-122.892145,2024-04-27
210392088,Daphne laureola,Spurge-laurel,Plantae,49.3248324959,-123.0991807334,2024-04-27
210392373,Aceria cephalonea,Sycamore Cherry Mite,Arachnida,49.3247432831,-123.0991545918,2024-04-27
210392536,Dryocopus pileatus,Pileated Woodpecker,Aves,49.2705030766,-123.1946737692,2024-04-26
210392767,Hyacinthoides hispanica,Spanish Bluebell,Plantae,49.2957642923,-123.1458649569,2024-04-27
210392920,Ribes bracteosum,Stink Currant,Plantae,49.3247010694,-123.0991245929,2024-04-27
210392968,Prunus,"plums, cherries, and allies",Plantae,49.0244138333,-123.0726471667,2024-04-26
210393173,Fomes excavatus,Tinder Polypore,Fungi,49.0522545997,-122.6868457,2024-04-27
210393241,Thuja plicata,western redcedar,Plantae,49.3245236057,-123.0992722022,2024-04-27
210393409,Ardea herodias,Great Blue Heron,Aves,49.293706,-123.138375,2024-04-27
210393650,Hyacinthoides × massartiana,Hybrid bluebell,Plantae,49.3244178278,-123.0992932873,2024-04-27
210394541,Ribes sanguineum,Red-flowering Currant,Plantae,49.3242745356,-123.0996717662,2024-04-27
210395084,Amelanchier,serviceberries,Plantae,49.3244287902,-123.1000302628,2024-04-27
210395597,Anas platyrhynchos,Mallard,Aves,49.3244350775,-123.1004756075,2024-04-27
210397234,Angiospermae,Flowering Plants,Plantae,49.3045932738,-123.0030190719,2024-04-27
210397680,Troglodytes pacificus,Pacific Wren,Aves,49.2434844707,-122.935025543,2024-04-27
210397725,Cydonia oblonga,Quince,Plantae,49.248325,-122.9057166667,2024-04-27
210397754,Coprinus comatus,Shaggy Mane,Fungi,49.2477092,-122.9163310997,2024-04-27
210398165,Aporrectodea,,Animalia,49.2483116667,-122.9055633333,2024-04-27
210398421,Rubus spectabilis,Salmonberry,Plantae,49.10277,-123.18333,2024-04-27
210398428,Aesculus hippocastanum,horse-chestnut,Plantae,49.1028676667,-123.1834593333,2024-04-27
210398431,Lamium galeobdolon argentatum,Variegated Yellow Archangel,Plantae,49.102905,-123.18352,2024-04-27
210398444,Rubus spectabilis,Salmonberry,Plantae,49.10294,-123.18308,2024-04-27
210398446,Setophaga coronata,Yellow-rumped Warbler,Aves,49.10274,-123.1832983333,2024-04-27
210398456,Zonotrichia atricapilla,Golden-crowned Sparrow,Aves,49.1027761817,-123.183209545,2024-04-27
210398460,Zonotrichia atricapilla,Golden-crowned Sparrow,Aves,49.1027772733,-123.1832068183,2024-04-27
210398461,Setophaga coronata,Yellow-rumped Warbler,Aves,49.1027744117,-123.1831844117,2024-04-27
210398471,Aix sponsa,Wood Duck,Aves,49.1027720583,-123.1831820583,2024-04-27
210398474,Aix sponsa,Wood Duck,Aves,49.10277147,-123.18318147,2024-04-27
210398475,Setophaga coronata,Yellow-rumped Warbler,Aves,49.102783,-123.18319,2024-04-27
210398491,Setophaga coronata,Yellow-rumped Warbler,Aves,49.1027833433,-123.18319,2024-04-27
210398493,Selasphorus rufus,Rufous Hummingbird,Aves,49.102802,-123.183205,2024-04-27
210398497,Setophaga coronata,Yellow-rumped Warbler,Aves,49.102837,-123.183214,2024-04-27
210398506,Ilex aquifolium,European holly,Plantae,49.102802,-123.183266,2024-04-27
210398508,Rubus spectabilis,Salmonberry,Plantae,49.102764,-123.18346,2024-04-27
210398510,Pseudotsuga menziesii,Douglas-fir,Plantae,49.102755,-123.18351,2024-04-27
210398515,Polystichum munitum,western sword fern,Plantae,49.102753,-123.1835226,2024-04-27
210398524,Heracleum maximum,common cowparsnip,Plantae,49.10266,-123.184586,2024-04-27
210398525,Pinus monticola,western white pine,Plantae,49.102627,-123.18487,2024-04-27
210398526,Rumex obtusifolius,broad-leaved dock,Plantae,49.102535,-123.18556,2024-04-27
210398537,Cirsium vulgare,Bull Thistle,Plantae,49.102528,-123.1856,2024-04-27
210398551,Bromus tectorum,Cheatgrass,Plantae,49.102356,-123.18611,2024-04-27
210398552,Geum macrophyllum,Large-leaved Avens,Plantae,49.102024,-123.1865288333,2024-04-27
210398557,Argentina anserina,common silverweed,Plantae,49.102024,-123.1865218333,2024-04-27
210398566,Betula pendula,silver birch,Plantae,49.101997,-123.18666,2024-04-27
210398582,Solidago canadensis,Canada goldenrod,Plantae,49.102024,-123.18659,2024-04-27
210398635,Spatula clypeata,Northern Shoveler,Aves,49.102173,-123.18605,2024-04-27
210398701,Taraxacum officinale,common dandelion,Plantae,49.102295,-123.18561,2024-04-27
210398746,Juncus effusus,Soft Rush,Plantae,49.102425,-123.18493,2024-04-27
210398791,Poaceae,Grasses,Plantae,49.10243,-123.18475,2024-04-27
210398798,Canis familiaris,Domestic Dog,Mammalia,49.2843257547,-122.856093219,2024-04-27
210398873,Rosa multiflora,multiflora rose,Plantae,49.102497,-123.18427,2024-04-27
210398918,Hyacinthoides,Bluebells,Plantae,49.26978,-123.1574555,2024-04-27
210398951,Ranunculus repens,Creeping buttercup,Plantae,49.10249,-123.1841,2024-04-27
210399024,Polystichum munitum,western sword fern,Plantae,49.10249,-123.183876,2024-04-27
210399074,Thuja plicata,western redcedar,Plantae,49.101925,-123.18304,2024-04-27
210399120,Rubus laciniatus,Cutleaf Blackberry,Plantae,49.101814,-123.18293,2024-04-27
210399158,Ixoreus naevius,Varied Thrush,Aves,49.3035044453,-123.0029173111,2024-04-27
210399196,Lonicera periclymenum,Common Honeysuckle,Plantae,49.10174,-123.18288,2024-04-27
210399273,Plantago major,greater plantain,Plantae,49.101673,-123.182846,2024-04-27
210399375,Crataegus monogyna,common hawthorn,Plantae,49.101612,-123.182846,2024-04-27
210399424,Rubus spectabilis,Salmonberry,Plantae,49.101585,-123.182846,2024-04-27
210399498,Berberis aquifolium,Oregon grape,Plantae,49.101513,-123.182846,2024-04-27
210399545,Taraxacum officinale,common dandelion,Plantae,49.10145,-123.182846,2024-04-27
210399594,Rubus armeniacus,Armenian Blackberry,Plantae,49.101383,-123.18283,2024-04-27
210399653,Rubus spectabilis,Salmonberry,Plantae,49.101303,-123.18278,2024-04-27
210399694,Anas acuta,Northern Pintail,Aves,49.10085,-123.18252,2024-04-27
210399705,Syntrichia,,Plantae,49.4025943307,-123.2450900411,2024-04-27
210399752,Rumex obtusifolius,broad-leaved dock,Plantae,49.100555,-123.18224,2024-04-27
210399806,Betula pendula,silver birch,Plantae,49.100414,-123.18217,2024-04-27
210399854,Mareca penelope,Eurasian Wigeon,Aves,49.099766,-123.182655,2024-04-27
210399876,Sorbus scopulina,Greene's mountain ash,Plantae,49.2965658711,-123.1425618203,2024-04-27
210400055,Geranium robertianum,Herb Robert,Plantae,49.4047767669,-123.2454388317,2024-04-27
210400658,Antigone canadensis,Sandhill Crane,Aves,49.2425389297,-122.9354520003,2024-04-27
210401456,Pipilo maculatus,Spotted Towhee,Aves,49.2420295297,-122.9441118613,2024-04-27
210401561,Lonicera,honeysuckles,Plantae,49.24419304,-122.93516919,2024-04-27
210401722,Coprinus comatus,Shaggy Mane,Fungi,49.2465139722,-122.914055,2024-04-27
210402131,Peziza vesiculosa,blistered cup,Fungi,49.2476359722,-122.9165189722,2024-04-27
210402550,Anas crecca,Green-winged Teal,Aves,49.2715345396,-123.1969226783,2024-04-26
210402807,Dicentra formosa,Pacific Bleeding Heart,Plantae,49.01241945,-123.08725,2024-04-27
210403610,Collinsia parviflora,small-flowered blue-eyed mary,Plantae,49.0178528333,-123.0423916667,2024-04-27
210404638,Agrobacterium radiobacter,bacterial crown gall,,49.0154111167,-123.042275,2024-04-27
210404763,Galium,bedstraws,Plantae,49.2420295297,-122.9441118613,2024-04-27
210404847,Branta canadensis,Canada Goose,Aves,49.2420295297,-122.9441118613,2024-04-27
210405539,Citrus,citrus,Plantae,49.24822,-122.9058,2024-04-27
210405816,Agrobacterium rubi,,,49.0181278333,-123.0430833333,2024-04-27
210406080,Malus domestica,apple,Plantae,49.2483633333,-122.9058383333,2024-04-27
210406147,Menyanthes trifoliata,Bogbean,Plantae,49.3049308019,-123.1397582214,2024-04-27
210406242,Lithobates clamitans,Green Frog,Amphibia,49.3037916667,-123.1417305,2024-04-27
210406576,Persea americana,Avocado,Plantae,49.24828,-122.9057216667,2024-04-27
210407242,Musa acuminata,Cavendish banana,Plantae,49.24828,-122.9057616667,2024-04-27
210409308,Spiraea douglasii,Rose Spirea,Plantae,49.2976180092,-123.1388772839,2024-04-27
210409384,Populus nigra,Black Poplar,Plantae,49.0180361667,-123.04095,2024-04-27
210409447,Rubus armeniacus,Armenian Blackberry,Plantae,49.2976118066,-123.1382031274,2024-04-27
210409790,Pemphigus spyrothecae,Poplar Spiral Gall Aphid,Insecta,49.0140083333,-123.0398971667,2024-04-27
210410750,Athyrium filix-femina,lady fern,Plantae,49.2420295297,-122.9441118613,2024-04-27
210411439,Zootermopsis angusticollis,Pacific Dampwood Termite,Insecta,49.30401635,-123.1390777,2024-04-27
210412631,Crataegus monogyna,common hawthorn,Plantae,49.2311333333,-122.8082583333,2024-04-27
210412633,Veronica chamaedrys,Germander Speedwell,Plantae,49.231619445,-122.8089,2024-04-27
210412635,Galium mollugo,Hedge Bedstraw,Plantae,49.2316361117,-122.809044445,2024-04-27
210412647,Ribes sanguineum,Red-flowering Currant,Plantae,49.2316083333,-122.8092583333,2024-04-27
210412648,Homalothecium fulgescens,tree mat homalothecium moss,Plantae,49.231869445,-122.809005555,2024-04-27
210412650,Anthriscus sylvestris,Cow Parsley,Plantae,49.2319333333,-122.8089972217,2024-04-27
210412656,Crataegus douglasii,Black Hawthorn,Plantae,49.2322833333,-122.8092416667,2024-04-27
210412659,Vicia sativa,Common Vetch,Plantae,49.2326166667,-122.8094722217,2024-04-27
210412664,Cepaea nemoralis,Brown-lipped Snail,Mollusca,49.2331361117,-122.809744445,2024-04-27
210412669,Arion ater,Black Slug,Mollusca,49.2332888883,-122.8098666667,2024-04-27
210412670,Lamium galeobdolon,yellow archangel,Plantae,49.233944445,-122.8102583333,2024-04-27
210412672,Passerculus sandwichensis,Savannah Sparrow,Aves,49.23238,-122.8093416667,2024-04-27
210412674,Spiraea douglasii,Rose Spirea,Plantae,49.2338135435,-122.8103767893,2024-04-27
210412676,Dacrymyces stillatus,Jelly Spot Fungus,Fungi,49.2369472217,-122.8120583333,2024-04-27
210412685,Alopecurus pratensis,Meadow Foxtail,Plantae,49.238025,-122.8127277783,2024-04-27
210412686,Urtica dioica,,Plantae,49.238394445,-122.8129416667,2024-04-27
210412692,Allogona townsendiana,Oregon forestsnail,Mollusca,49.2384083333,-122.8129583333,2024-04-27
210412700,Allogona townsendiana,Oregon forestsnail,Mollusca,49.23865,-122.813094445,2024-04-27
210412702,Allogona townsendiana,Oregon forestsnail,Mollusca,49.2384527783,-122.8129666667,2024-04-27
210412704,Allogona townsendiana,Oregon forestsnail,Mollusca,49.238905555,-122.8132333333,2024-04-27
210412710,Urtica dioica,,Plantae,49.2388888883,-122.8132472217,2024-04-27
210412711,Lamium purpureum,red deadnettle,Plantae,49.2389972217,-122.8132333333,2024-04-27
210412712,Allogona townsendiana,Oregon forestsnail,Mollusca,49.2400027783,-122.812080555,2024-04-27
210412720,Ranunculus repens,Creeping buttercup,Plantae,49.240319445,-122.811669445,2024-04-27
210412723,Agrocybe,,Fungi,49.2408111117,-122.8101888883,2024-04-27
210412727,Ilex,hollies,Plantae,49.242175,-122.806130555,2024-04-27
210412736,Mareca strepera,Gadwall,Aves,49.2419344827,-122.8058162387,2024-04-27
210412737,Salix lasiandra,Pacific Willow,Plantae,49.2424138883,-122.805380555,2024-04-27
210412738,Mareca strepera,Gadwall,Aves,49.2418675417,-122.805879948,2024-04-27
210412746,Hieracium maculatum,Spotted Hawkweed,Plantae,49.242405555,-122.8055888883,2024-04-27
210412750,Mergus merganser,Common Merganser,Aves,49.2418405126,-122.8062323998,2024-04-27
210412753,Odocoileus hemionus columbianus,Columbian Black-tailed Deer,Mammalia,49.2423963744,-122.8059203612,2024-04-27
210412757,Alnus rubra,Red Alder,Plantae,49.2401828221,-122.8075710799,2024-04-27
210412760,Alnus rubra,Red Alder,Plantae,49.2399564575,-122.8075598447,2024-04-27
210412761,Sambucus racemosa,red-berried elder,Plantae,49.2395263257,-122.8079797915,2024-04-27
210412769,Alnus rubra,Red Alder,Plantae,49.239318419,-122.80776405,2024-04-27
210412772,Anas platyrhynchos,Mallard,Aves,49.2391578312,-122.808124484,2024-04-27
210412773,Fomitopsis betulina,birch polypore,Fungi,49.237066502,-122.8071299219,2024-04-27
210412775,Pteridium aquilinum,common bracken,Plantae,49.236844445,-122.8076333333,2024-04-27
210412782,Zonotrichia leucophrys,White-crowned Sparrow,Aves,49.2361533325,-122.805353552,2024-04-27
210412783,Passerculus sandwichensis,Savannah Sparrow,Aves,49.2362786191,-122.805679585,2024-04-27
210412791,Chamaenerion angustifolium,fireweed,Plantae,49.235805555,-122.8031,2024-04-27
210412792,Setophaga coronata auduboni,Audubon's Warbler,Aves,49.2359281012,-122.8025254303,2024-04-27
210412796,Turdus migratorius,American Robin,Aves,49.2356618972,-122.8020925011,2024-04-27
210412801,Achillea millefolium,common yarrow,Plantae,49.234525,-122.8013527783,2024-04-27
210412803,Zonotrichia leucophrys,White-crowned Sparrow,Aves,49.2324272584,-122.8028010087,2024-04-27
210412810,Passerculus sandwichensis,Savannah Sparrow,Aves,49.2324885595,-122.8027446823,2024-04-27
210412817,Rubus bifrons,Himalayan Blackberry,Plantae,49.230769445,-122.8061611117,2024-04-27
210412818,Passerculus sandwichensis,Savannah Sparrow,Aves,49.2340844286,-122.8105674604,2024-04-27
210412973,Achillea millefolium,common yarrow,Plantae,49.099422,-123.18277,2024-04-27
210412974,Spatula clypeata,Northern Shoveler,Aves,49.099213,-123.18269,2024-04-27
210412976,Solidago elongata,west coast Canada goldenrod,Plantae,49.09917,-123.18249,2024-04-27
210412983,Argentina anserina,common silverweed,Plantae,49.09913,-123.18226,2024-04-27
210412984,Fulica americana,American Coot,Aves,49.099102,-123.18215,2024-04-27
210412985,Mareca americana,American Wigeon,Aves,49.099106,-123.18206,2024-04-27
210412993,Agelaius phoeniceus,Red-winged Blackbird,Aves,49.099155,-123.181114,2024-04-27
210412999,Abies,firs,Plantae,49.0992,-123.18056,2024-04-27
210413001,Gaultheria shallon,salal,Plantae,49.098797,-123.180214,2024-04-27
210413007,Vicia gigantea,giant vetch,Plantae,49.098667,-123.18054,2024-04-27
210413020,Setophaga coronata auduboni,Audubon's Warbler,Aves,49.098194,-123.180984,2024-04-27
210413022,Passer domesticus,House Sparrow,Aves,49.098133,-123.18104,2024-04-27
210413025,Tringa melanoleuca,Greater Yellowlegs,Aves,49.097836,-123.181046,2024-04-27
210413032,Barbarea orthoceras,American yellowrocket,Plantae,49.09703,-123.1811,2024-04-27
210413036,Cirsium arvense,creeping thistle,Plantae,49.095085,-123.18255,2024-04-27
210413040,Anas acuta,Northern Pintail,Aves,49.095215,-123.183685,2024-04-27
210413046,Hirundo rustica,Barn Swallow,Aves,49.095894,-123.18512,2024-04-27
210413052,Hirundo rustica,Barn Swallow,Aves,49.095905,-123.18513,2024-04-27
210413063,Tachycineta bicolor,Tree Swallow,Aves,49.09612,-123.18524,2024-04-27
210413064,Spinus tristis,American Goldfinch,Aves,49.0962934483,-123.18535,2024-04-27
210413066,Tachycineta bicolor,Tree Swallow,Aves,49.09613,-123.18525,2024-04-27
210413077,Hirundo rustica,Barn Swallow,Aves,49.09629,-123.1853524,2024-04-27
210413079,Bucephala albeola,Bufflehead,Aves,49.0962921817,-123.1853581817,2024-04-27
210413080,Bucephala albeola,Bufflehead,Aves,49.0962929083,-123.1853589083,2024-04-27
210413087,Hirundo rustica,Barn Swallow,Aves,49.09689364,-123.18552656,2024-04-27
210413089,Hirundo rustica,Barn Swallow,Aves,49.096912,-123.18545,2024-04-27
210413094,Tachycineta bicolor,Tree Swallow,Aves,49.0969425317,-123.1853509383,2024-04-27
210413095,Hirundo rustica,Barn Swallow,Aves,49.0969420933,-123.185356,2024-04-27
210413103,Argentina anserina,common silverweed,Plantae,49.09692,-123.1853351,2024-04-27
210413105,Lupinus polyphyllus,Large-leaved lupine,Plantae,49.096935,-123.18525,2024-04-27
210413106,Lupinus polyphyllus,Large-leaved lupine,Plantae,49.097054,-123.18487,2024-04-27
210413109,Taphrina populina,Poplar Leaf Curl,Fungi,49.0140388833,-123.0398916667,2024-04-27
210413118,Sciurus carolinensis,Eastern Gray Squirrel,Mammalia,49.09854,-123.18372,2024-04-27
210413120,Ramalina farinacea,Farinose Cartilage Lichen,Fungi,49.0977,-123.18349,2024-04-27
210413122,Sciurus carolinensis,Eastern Gray Squirrel,Mammalia,49.099083,-123.18413,2024-04-27
210413128,Sorbus aucuparia,European mountain ash,Plantae,49.09977,-123.1846,2024-04-27
210413133,Sorbus aucuparia,European mountain ash,Plantae,49.100872,-123.18537,2024-04-27
210413135,Osmorhiza berteroi,mountain sweet cicely,Plantae,49.1013,-123.18567,2024-04-27
210413136,Malus fusca,Pacific Crab Apple,Plantae,49.10147,-123.1858,2024-04-27
210413142,Vicia gigantea,giant vetch,Plantae,49.101902,-123.18609,2024-04-27
210413143,Cirsium arvense,creeping thistle,Plantae,49.1018,-123.18601,2024-04-27
210413144,Ardea herodias,Great Blue Heron,Aves,49.10114,-123.18509,2024-04-27
210415285,Polygonatum,Solomon's seals,Plantae,49.3012817479,-123.1342686415,2024-04-27
210415773,Pemphigus populiglobuli,,Insecta,49.01538055,-123.0422416667,2024-04-27
210415800,Symphoricarpos,snowberries,Plantae,49.3002472092,-123.1347391298,2024-04-27
210415930,Aythya collaris,Ring-necked Duck,Aves,49.098736,-123.183014,2024-04-27
210415933,Bellis perennis,Lawn daisy,Plantae,49.0986717233,-123.18291,2024-04-27
210415935,Crataegus monogyna,common hawthorn,Plantae,49.098670345,-123.18291,2024-04-27
210415941,Setophaga coronata coronata,Myrtle Warbler,Aves,49.098545,-123.18265,2024-04-27
210415942,Fulica americana,American Coot,Aves,49.09821,-123.182526,2024-04-27
210415944,Fulica americana,American Coot,Aves,49.098198,-123.182495,2024-04-27
210415951,Haliaeetus leucocephalus,Bald Eagle,Aves,49.090397495,-123.1603357567,2024-04-27
210415952,Agelaius phoeniceus,Red-winged Blackbird,Aves,49.0938404983,-123.1659212817,2024-04-27
210415960,Turdus migratorius,American Robin,Aves,49.0853706617,-123.1214753917,2024-04-27
210415981,Anemonoides,,Plantae,49.3009187855,-123.1358189632,2024-04-27
210416936,Sambucus racemosa,red-berried elder,Plantae,49.3003948918,-123.1396847126,2024-04-27
210417116,Dicentra formosa,Pacific Bleeding Heart,Plantae,49.3005943447,-123.1369144821,2024-04-27
210417880,Pemphigus populivenae,Sugarbeet Root Aphid,Insecta,49.0152277833,-123.0419945,2024-04-27
210418773,Ganoderma brownii,Artist's Conk,Fungi,49.2390479671,-123.204858261,2024-04-27
210418800,Lysichiton americanus,western skunk cabbage,Plantae,49.3034702586,-123.136721314,2024-04-27
210419021,Equisetidae,Horsetails,Plantae,49.3034556568,-123.137099016,2024-04-27
210419121,Populus trichocarpa,black cottonwood,Plantae,49.01538055,-123.042225,2024-04-27
210419203,Brachythecium rivulare,Waterside Feather Moss,Plantae,49.2769856888,-123.1879987155,2024-04-27
210419627,Charadrius vociferus,Killdeer,Aves,49.2144,-122.8616388889,2024-04-27
210419834,Digitalis purpurea,purple foxglove,Plantae,49.3138066132,-123.1192788694,2024-04-27
210420206,Nebria brevicollis,European Gazelle Beetle,Insecta,49.2714091434,-123.0126489189,2024-04-27
210420510,Nebria brevicollis,European Gazelle Beetle,Insecta,49.22945222,-123.1765738468,2024-04-27
210420761,Hyacinthoides,Bluebells,Plantae,49.2933860077,-123.0647850344,2024-04-27
210420762,Salix × pendulina tristis,Golden Weeping Willow,Plantae,49.01355,-123.0402166667,2024-04-27
210421328,Ranunculus,buttercups,Plantae,49.382373689,-123.0210728837,2024-04-27
210421644,Spinus tristis,American Goldfinch,Aves,49.2389611111,-123.1597166667,2024-04-27
210421663,Crataegus monogyna,common hawthorn,Plantae,49.10173,-123.185425,2024-04-27
210421665,Betula pendula,silver birch,Plantae,49.10112,-123.18507,2024-04-27
210421666,Sorbus aucuparia,European mountain ash,Plantae,49.10076,-123.18469,2024-04-27
210421679,Betula pendula,silver birch,Plantae,49.09973,-123.18355,2024-04-27
210421684,Armadillidium vulgare,Common Pill Woodlouse,Animalia,49.09941,-123.18336,2024-04-27
210421685,Homalothecium fulgescens,tree mat homalothecium moss,Plantae,49.09867,-123.18051,2024-04-27
210421701,Xanthoria parietina,Common Sunburst Lichen,Fungi,49.098743,-123.18023,2024-04-27
210421702,Hirundo rustica,Barn Swallow,Aves,49.098618,-123.17938,2024-04-27
210421704,Parmelia sulcata,Netted shield lichen,Fungi,49.098614235,-123.179375,2024-04-27
210421722,Chironomus,,Insecta,49.0982944383,-123.1789695117,2024-04-27
210421724,Chironomus,,Insecta,49.0983134633,-123.1788817067,2024-04-27
210421725,Geranium pusillum,Small-flowered Crane's-bill,Plantae,49.098274,-123.17847,2024-04-27
210421733,Homalothecium fulgescens,tree mat homalothecium moss,Plantae,49.098324,-123.17842,2024-04-27
210421738,Prunella vulgaris,common selfheal,Plantae,49.09822,-123.178246,2024-04-27
210421799,Lumbricidae,Lumbricid Earthworms,Animalia,49.2049479892,-123.101624252,2024-04-27
210422182,Salix lasiandra,Pacific Willow,Plantae,49.01355,-123.0402166667,2024-04-27
210422329,Spinus pinus,Pine Siskin,Aves,49.2381806352,-123.1596521661,2024-04-27
210422600,Centaurea,knapweeds,Plantae,49.3430144353,-123.0474607505,2024-04-27
210422921,Lumbricidae,Lumbricid Earthworms,Animalia,49.2902780589,-123.0326656016,2024-04-27
210423004,Trifolium pratense,Red Clover,Plantae,49.3183789591,-123.1875579313,2024-04-27
210423105,Lumbricidae,Lumbricid Earthworms,Animalia,49.328085782,-123.1067640689,2024-04-27
210423207,Vinealobryum insulanum,Cylindric Beard-moss,Plantae,49.2316797595,-123.156841211,2024-04-27
210423396,Hermissenda crassicornis,Horned Nudibranch,Mollusca,49.4020888503,-123.3798689023,2024-04-26
210423535,Oniscus asellus,Common Shiny Woodlouse,Animalia,49.359671293,-123.0568452175,2024-04-27
210423797,Oniscus asellus,Common Shiny Woodlouse,Animalia,49.2467166573,-123.0260962253,2024-04-27
210423926,Ambystoma gracile,Northwestern Salamander,Amphibia,49.3056366667,-123.1380388333,2024-04-27
210424012,Laburnum anagyroides,Common Laburnum,Plantae,49.2385321988,-123.1596769765,2024-04-27
210424865,Nebria brevicollis,European Gazelle Beetle,Insecta,49.3914123868,-123.1821829726,2024-04-27
210425202,Dryopteris expansa,spreading wood fern,Plantae,49.2389543045,-123.2053358049,2024-04-27
210425625,Mytilus trossulus,Northern Bay Mussel,Mollusca,49.4021835402,-123.3798152581,2024-04-26
210426031,Berberis aquifolium,Oregon grape,Plantae,49.2958574147,-123.1370200217,2024-04-27
210426127,Fomitopsis mounceae,Northern Red Belt,Fungi,49.3590632752,-123.1758635684,2024-04-27
210426376,Fomitopsis mounceae,Northern Red Belt,Fungi,49.2238216236,-123.0095728248,2024-04-27
210426522,Metacarcinus magister,Dungeness Crab,Animalia,49.0096017997,-123.0264374,2024-04-27
210426868,Xanthorhoe defensaria,,Insecta,49.1445252,-122.9310082,2024-04-27
210427533,Hedera helix,common ivy,Plantae,49.3301504,-123.1016319997,2024-04-27
210427691,Daphne laureola,Spurge-laurel,Plantae,49.3301504,-123.1016319997,2024-04-27
210428285,Aculus tetanothrix,Willow Bead Gall Mite,Arachnida,49.0152583333,-123.0422388333,2024-04-27
210429472,Caprella mutica,Japanese Skeleton Shrimp,Animalia,49.4020203418,-123.3798306808,2024-04-26
210430673,Colaptes auratus,Northern Flicker,Aves,49.3302261997,-123.1015435,2024-04-27
210431638,Zostera marina,Eelgrass,Plantae,49.0098218997,-123.0270067,2024-04-27
210431695,Anthomyiidae,Root-maggot Flies,Insecta,49.013275,-123.0397416667,2024-04-27
210432035,Ischnura cervula,Pacific Forktail,Insecta,49.254525,-123.0628888333,2024-04-26
210432144,Fucus distichus,Rockweed,Chromista,49.0098218997,-123.0270067,2024-04-27
210432286,Pipilo maculatus,Spotted Towhee,Aves,49.2628640812,-123.0076219947,2024-04-27
210432883,Selasphorus,"Rufous, Allen's, and Allied Hummingbirds",Aves,49.2416191642,-123.1877483337,2024-04-27
210432902,Earomyia,,Insecta,49.2545866667,-123.0628055,2024-04-26
210433001,Viola × williamsii,Horned pansy,Plantae,49.3736870268,-123.0119559387,2024-04-27
210433031,Lamium purpureum,red deadnettle,Plantae,49.0149527833,-123.0413361667,2024-04-27
210433465,Oxalis,Woodsorrels,Plantae,49.3209458434,-123.1137699523,2024-04-27
210433532,Ramalina subleptocarpha,Slit-rimmed ramalina,Fungi,49.0144972167,-123.0410278333,2024-04-27
210433721,Parmelia sulcata,Netted shield lichen,Fungi,49.0145861167,-123.0410138333,2024-04-27
210433978,Monarthropalpus flavus,Boxwood Gall Midge,Insecta,49.01413055,-123.0404638333,2024-04-27
210434319,Vaccinium parvifolium,Red Huckleberry,Plantae,49.2425151554,-123.1966300506,2024-04-27
210434471,Psylla buxi,Box Sucker,Insecta,49.0139472167,-123.0400195,2024-04-27
210434585,Hyacinthoides,Bluebells,Plantae,49.2425346555,-123.1965607915,2024-04-27
210434685,Toxicoscordion venenosum,Meadow Deathcamas,Plantae,49.33730138,-123.25095882,2024-04-27
210434783,Ceramium,Banded Weeds,Plantae,49.0097719997,-123.0270569,2024-04-27
210435199,Muscoidea,Muscoid Flies,Insecta,49.2552866667,-123.0632028333,2024-04-26
210435773,Clinocardium nuttallii,Nuttall's Cockle,Mollusca,49.0097677997,-123.0271007997,2024-04-27
210436067,Cytisus scoparius,Scotch Broom,Plantae,49.014842,-123.0423791997,2024-04-27
210436202,Zonotrichia leucophrys,White-crowned Sparrow,Aves,49.2572833333,-123.0643,2024-04-26
210436448,Nuttallia obscurata,Purple Mahogany Clam,Mollusca,49.0097718,-123.0270375,2024-04-27
210436695,Eurytetranychus buxi,Boxwood Mite,Arachnida,49.01355,-123.0402166667,2024-04-27
210436976,Macoma,,Mollusca,49.0102814997,-123.028356,2024-04-27
210437575,Ruditapes philippinarum,Japanese Littleneck,Mollusca,49.0113361,-123.0304423997,2024-04-27
210437576,Polyporales,Shelf Fungi,Fungi,49.2431577,-122.94579345,2024-04-27
210437578,Circus hudsonius,Northern Harrier,Aves,49.0183111667,-123.0435416667,2024-04-27
210437876,Taraxacum,dandelions,Plantae,49.0145967997,-123.0422468,2024-04-27
210438032,Saxidomus gigantea,Butter Clam,Mollusca,49.0113361,-123.0304423997,2024-04-27
210438234,Spatula clypeata,Northern Shoveler,Aves,49.0136111167,-123.0396278333,2024-04-27
210438359,Hyacinthoides,Bluebells,Plantae,49.014842,-123.0423791997,2024-04-27
210438630,Batillaria attramentaria,Japanese False Cerith,Mollusca,49.0113361,-123.0304423997,2024-04-27
210438839,Pipilo maculatus,Spotted Towhee,Aves,49.0133361167,-123.0402083333,2024-04-27
210438971,Ulva,Sea Lettuces,Plantae,49.0122228,-123.0322965997,2024-04-27
210439495,Mammalia,Mammals,Mammalia,49.0134371596,-123.039204888,2024-04-27
210439640,Arion ater,Black Slug,Mollusca,49.247321,-122.934823,2024-04-27
210439722,Rumex acetosella,Sheep's sorrel,Plantae,49.0169935997,-123.0416093,2024-04-27
210439825,Acer platanoides,Norway maple,Plantae,49.0134372,-123.039205,2024-04-27
210439835,Lolium arundinaceum,tall fescue,Plantae,49.0134372,-123.039205,2024-04-27
210439837,Boeremia hedericola,,Fungi,49.0134372,-123.039205,2024-04-27
210439839,Cirsium arvense,creeping thistle,Plantae,49.0134372,-123.039205,2024-04-27
210439843,Amelanchier alnifolia,Saskatoon,Plantae,49.0134372,-123.039205,2024-04-27
210439849,Prunus emarginata,Bitter cherry,Plantae,49.0134372,-123.039205,2024-04-27
210439850,Foeniculum vulgare,fennel,Plantae,49.0134372,-123.039205,2024-04-27
210439856,Spiraea douglasii,Rose Spirea,Plantae,49.0134372,-123.039205,2024-04-27
210439864,Tanacetum vulgare,tansy,Plantae,49.0134372,-123.039205,2024-04-27
210439865,Crataegus monogyna,common hawthorn,Plantae,49.0134372,-123.039205,2024-04-27
210439866,Lepidium heterophyllum,Smith's Cress,Plantae,49.0134372,-123.039205,2024-04-27
210439876,Medicago polymorpha,bur clover,Plantae,49.0134372,-123.039205,2024-04-27
210439877,Bucephala albeola,Bufflehead,Aves,49.0134372,-123.039205,2024-04-27
210439881,Corvus brachyrhynchos,American Crow,Aves,49.0134372,-123.039205,2024-04-27
210439885,Calystegia silvatica,large bindweed,Plantae,49.0134372,-123.039205,2024-04-27
210439886,Sonchus arvensis,Perennial Sow Thistle,Plantae,49.0134372,-123.039205,2024-04-27
210439891,Anas crecca,Green-winged Teal,Aves,49.0134372,-123.039205,2024-04-27
210439897,Calidris alpina,Dunlin,Aves,49.0134372,-123.039205,2024-04-27
210439900,Calidris mauri,Western Sandpiper,Aves,49.0134372,-123.039205,2024-04-27
210439906,Symphoricarpos albus,Common Snowberry,Plantae,49.0134372,-123.039205,2024-04-27
210439916,Sarcodiotheca gaudichaudii,succulent seaweed,Plantae,49.0122228,-123.0322965997,2024-04-27
210439959,Sambucus racemosa,red-berried elder,Plantae,49.0157442,-123.0426226997,2024-04-27
210440144,Holodiscus discolor,Ocean spray,Plantae,49.0144361167,-123.0403555,2024-04-27
210440648,Kalmia microphylla,Western Bog Laurel,Plantae,49.2546984446,-123.1959513654,2024-04-27
210440775,Vaccinium,"blueberries, cranberries, and allies",Plantae,49.2431577,-122.94579345,2024-04-27
210440810,Malus × floribunda,Japanese Crabapple,Plantae,49.0175874997,-123.0442898,2024-04-27
210440844,Symphoricarpos albus,Common Snowberry,Plantae,49.0139166667,-123.0401416667,2024-04-27
210441284,Metacarcinus magister,Dungeness Crab,Animalia,49.0150596,-123.0393184997,2024-04-27
210441514,Philadelphus lewisii,Lewis' mock orange,Plantae,49.01355,-123.0402166667,2024-04-27
210442096,Telmessus cheiragonus,Helmet Crab,Animalia,49.0151912997,-123.0394576,2024-04-27
210442377,Nereocystis luetkeana,Bull Kelp,Chromista,49.0138476997,-123.0387312,2024-04-27
210442573,Phaeophyceae,brown algae,Chromista,49.0135713997,-123.038875,2024-04-27
210442647,Petrochelidon pyrrhonota,Cliff Swallow,Aves,49.2970639184,-123.138262555,2024-04-27
210442680,Rosa gymnocarpa,Baldhip Rose,Plantae,49.01355,-123.0402166667,2024-04-27
210442810,Aves,Birds,Aves,49.0136313,-123.0400920997,2024-04-27
210443020,Rosa nutkana,Nootka rose,Plantae,49.01385555,-123.0402778333,2024-04-27
210443264,Mollusca,Molluscs,Mollusca,49.0149884,-123.0392726997,2024-04-27
210443371,Vaccinium ovalifolium,Oval-leaf Blueberry,Plantae,49.254327614,-123.1959810244,2024-04-27
210443388,Lysichiton americanus,western skunk cabbage,Plantae,49.247321,-122.934823,2024-04-27
210443708,Nuttallia obscurata,Purple Mahogany Clam,Mollusca,49.0137897997,-123.0386828997,2024-04-27
210444025,Ribes sanguineum,Red-flowering Currant,Plantae,49.0138779997,-123.0403117997,2024-04-27
210444115,Ribes sanguineum,Red-flowering Currant,Plantae,49.01355,-123.0402166667,2024-04-27
210444507,Ixoreus naevius,Varied Thrush,Aves,49.2980626834,-123.1367222965,2024-04-27
210444561,Agelaius phoeniceus,Red-winged Blackbird,Aves,49.247321,-122.934823,2024-04-27
210444595,Laburnum anagyroides,Common Laburnum,Plantae,49.0183220997,-123.0435181,2024-04-27
210444794,Lathyrus latifolius,broad-leaved sweet pea,Plantae,49.0162386,-123.0412163,2024-04-27
210444832,Solanum dulcamara,bittersweet nightshade,Plantae,49.01355,-123.0402166667,2024-04-27
210444942,Amelanchier,serviceberries,Plantae,49.2545032061,-123.1970778972,2024-04-27
210445109,Tanacetum vulgare,tansy,Plantae,49.0178758997,-123.0425563997,2024-04-27
210445350,Chamaenerion angustifolium,fireweed,Plantae,49.0174085,-123.0422982,2024-04-27
210445533,Racomitrium elongatum,Elongate Rock Moss,Plantae,49.0162168,-123.0412084,2024-04-27
210445806,Barbarea,wintercresses,Plantae,49.0180306,-123.0443913,2024-04-27
210445848,Pantherinae,Amanita ser. Pantherinae,Fungi,49.2629842367,-123.2562213299,2024-04-27
210445939,Branta canadensis,Canada Goose,Aves,49.247321,-122.934823,2024-04-27
210445949,Crataegus,hawthorns,Plantae,49.0167371,-123.0411852,2024-04-27
210446200,Malus,apples and crabapples,Plantae,49.0169935997,-123.0416093,2024-04-27
210446918,Malus fusca,Pacific Crab Apple,Plantae,49.0159177997,-123.0407172,2024-04-27
210447095,Anas crecca,Green-winged Teal,Aves,49.2423622963,-122.9354052245,2024-04-27
210447178,Typhaceae,"bulrushes, cattails, and allies",Plantae,49.2465212252,-122.9523835366,2024-04-27
210447514,Sargassum muticum,Japanese Wireweed,Chromista,49.0145551,-123.0388995997,2024-04-27
210447650,Anaphalis margaritacea,pearly everlasting,Plantae,49.0521843234,-122.6872505213,2024-04-27
210447813,Zostera,Eelgrasses,Plantae,49.0135713997,-123.038875,2024-04-27
210447857,Anthoxanthum odoratum,sweet vernal grass,Plantae,49.0177305,-123.0413888333,2024-04-27
210447967,Fucus distichus,Rockweed,Chromista,49.0138853997,-123.038775,2024-04-27
210448049,Tsuga heterophylla,western hemlock,Plantae,49.2464446354,-122.9526253218,2024-04-27
210448474,Rubus ursinus,trailing blackberry,Plantae,49.2427864029,-122.9280789335,2024-04-27
210448610,Zostera,Eelgrasses,Plantae,49.0137001,-123.038707,2024-04-27
210448712,Lymnaeoidea,"Pond Snails, Bladder Snails, and Allies",Mollusca,49.0517879435,-122.6896896237,2024-04-27
210448824,Claytonia rubra,Redstem Springbeauty,Plantae,49.0178528333,-123.0408,2024-04-27
210448829,Spiraea,meadowsweets,Plantae,49.0136863,-123.040261,2024-04-27
210448914,Epilobium ciliatum,fringed willowherb,Plantae,49.2426257609,-122.9281365487,2024-04-27
210449049,Rubus parviflorus,thimbleberry,Plantae,49.0134131,-123.0396898997,2024-04-27
210449143,Claytonia exigua,Pale Springbeauty,Plantae,49.0180055,-123.0409583333,2024-04-27
210449300,Salix,Willows,Plantae,49.0134016,-123.0396566997,2024-04-27
210449533,Rubus ursinus,trailing blackberry,Plantae,49.0139192997,-123.0398772,2024-04-27
210449543,Lysichiton americanus,western skunk cabbage,Plantae,49.243495969,-122.9316821509,2024-04-27
210449917,Ulva,Sea Lettuces,Plantae,49.0137001,-123.038707,2024-04-27
210450078,Dicranoweisia cirrata,Common Pincushion,Plantae,49.0137027833,-123.0408361667,2024-04-27
210450103,Leymus mollis,American lyme grass,Plantae,49.0135713997,-123.038875,2024-04-27
210450374,Racomitrium elongatum,Elongate Rock Moss,Plantae,49.0178528333,-123.0423555,2024-04-27
210450427,Salix,Willows,Plantae,49.0133798,-123.0396133997,2024-04-27
210450670,Argentina,Silverweeds,Plantae,49.0139076997,-123.039814,2024-04-27
210450957,Rosa pisocarpa,cluster rose,Plantae,49.0136424,-123.0400506,2024-04-27
210451221,Urtica dioica,,Plantae,49.0523958163,-122.6878737146,2024-04-27
210451278,Fungi,Fungi Including Lichens,Fungi,49.2433753073,-122.9279915814,2024-04-27
210451459,Lomatium nudicaule,Barestem Biscuitroot,Plantae,49.0175874997,-123.0442898,2024-04-27
210451595,Prunus avium,wild cherry,Plantae,49.2505275127,-122.8615541398,2024-04-27
210451883,Verbascum thapsus,great mullein,Plantae,49.0521928406,-122.6880314498,2024-04-27
210451929,Ulva,Sea Lettuces,Plantae,49.0137897997,-123.0386828997,2024-04-27
210451981,Ramalina,bushy lichens,Fungi,49.2425580847,-122.9280297864,2024-04-27
210452039,Rubus spectabilis,Salmonberry,Plantae,49.05218644,-122.6882290582,2024-04-27
210452273,Vaccinium parvifolium,Red Huckleberry,Plantae,49.052164754,-122.6865471771,2024-04-27
210452472,Ilex aquifolium,European holly,Plantae,49.052242206,-122.6867441655,2024-04-27
210452725,Bryopsida,Joint-toothed Mosses,Plantae,49.2430309791,-122.9288533812,2024-04-27
210452755,Mergus merganser,Common Merganser,Aves,49.1154846906,-123.149059388,2024-04-26
210452787,Maianthemum dilatatum,Western Lily of the Valley,Plantae,49.0520362687,-122.6862499466,2024-04-27
210452949,Acer circinatum,Vine Maple,Plantae,49.0522720296,-122.6866674639,2024-04-27
210453144,Rubus ursinus,trailing blackberry,Plantae,49.052280793,-122.6870016596,2024-04-27
210453361,Lysichiton americanus,western skunk cabbage,Plantae,49.2435277947,-122.9317764839,2024-04-27
210453397,Thuja plicata,western redcedar,Plantae,49.0522355411,-122.6868052152,2024-04-27
210453662,Pteridium aquilinum,common bracken,Plantae,49.0521887949,-122.6870553141,2024-04-27
210453776,Bucephala albeola,Bufflehead,Aves,49.2944263205,-123.1384127587,2024-04-27
210453898,Daphne laureola,Spurge-laurel,Plantae,49.0523004083,-122.6871369025,2024-04-27
210454064,Arion,ater-group Arion Slugs,Mollusca,49.2433204061,-122.932128431,2024-04-27
210454207,Aythya collaris,Ring-necked Duck,Aves,49.3042953246,-123.1385881081,2024-04-27
210454403,Prunus emarginata,Bitter cherry,Plantae,49.0522242697,-122.6872638674,2024-04-27
210454586,Phlyctis argena,Whitewash Lichen,Fungi,49.2431528556,-122.9286308097,2024-04-27
210454679,Achillea millefolium,common yarrow,Plantae,49.0521529081,-122.6867206253,2024-04-27
210454943,Geranium robertianum,Herb Robert,Plantae,49.052440425,-122.6873186454,2024-04-27
210454991,Hirundo rustica erythrogaster,American Barn Swallow,Aves,49.2970770371,-123.1375396997,2024-04-27
210455160,Lamium galeobdolon,yellow archangel,Plantae,49.052328186,-122.6873220545,2024-04-27
210455348,Sambucus racemosa,red-berried elder,Plantae,49.24409353,-122.9335764177,2024-04-27
210455395,Lonicera ciliosa,orange honeysuckle,Plantae,49.0522697459,-122.6870506911,2024-04-27
210455585,Gaultheria shallon,salal,Plantae,49.0518736408,-122.6876519089,2024-04-27
210455844,Cirsium vulgare,Bull Thistle,Plantae,49.0519744893,-122.687396336,2024-04-27
210456243,Lecanorales,"shield lichens, rim lichens, and allies",Fungi,49.2441784853,-122.9318997077,2024-04-27
210456364,Equisetum arvense,field horsetail,Plantae,49.0517473524,-122.6874587911,2024-04-27
210456961,Dicentra formosa,Pacific Bleeding Heart,Plantae,49.2437109652,-122.9323631216,2024-04-27
210457596,Athyrium filix-femina,lady fern,Plantae,49.2428662221,-122.9353832516,2024-04-27
210457768,Polytrichum,haircap mosses,Plantae,49.0519090322,-122.6874793044,2024-04-27
210458065,Lythrum salicaria,purple loosestrife,Plantae,49.0516063005,-122.6874969616,2024-04-27
210458255,Salix lasiandra,Pacific Willow,Plantae,49.0511778333,-122.6884616667,2024-04-27
210458518,Tanacetum vulgare,tansy,Plantae,49.0515378164,-122.687860592,2024-04-27
210458724,Cytisus scoparius,Scotch Broom,Plantae,49.0515327653,-122.6878142093,2024-04-27
210458864,Rhododendron,rhododendrons and azaleas,Plantae,49.1250754009,-123.1936607325,2024-04-27
210458959,Prunus emarginata,Bitter cherry,Plantae,49.0517392847,-122.6880700187,2024-04-27
210459032,Rubus spectabilis,Salmonberry,Plantae,49.2436192014,-122.9316214105,2024-04-27
210459196,Symphoricarpos albus,Common Snowberry,Plantae,49.0519094346,-122.6880086562,2024-04-27
210459394,Amelanchier alnifolia,Saskatoon,Plantae,49.0518337981,-122.687979621,2024-04-27
210459751,Polystichum munitum,western sword fern,Plantae,49.243276621,-122.9352934062,2024-04-27
210459800,Struthiopteris spicant,deer fern,Plantae,49.1249771649,-123.1937971899,2024-04-27
210460050,Aix sponsa,Wood Duck,Aves,49.2425515355,-122.9354570829,2024-04-27
210460259,Cornus sericea,red osier dogwood,Plantae,49.1258772967,-123.1940588863,2024-04-27
210460328,Sargassum muticum,Japanese Wireweed,Chromista,49.0422055556,-123.1334333333,2024-04-27
210460559,Lottia,Lottia Limpets,Mollusca,49.0422055556,-123.1334333333,2024-04-27
210460681,Geranium robertianum,Herb Robert,Plantae,49.0424805556,-123.1333472222,2024-04-27
210460765,Berberis aquifolium,Oregon grape,Plantae,49.1250760714,-123.1938732975,2024-04-27
210460856,Crataegus monogyna,common hawthorn,Plantae,49.0519526418,-122.6873848802,2024-04-27
210461064,Polystichum munitum,western sword fern,Plantae,49.0522419597,-122.6879279161,2024-04-27
210461076,Aix sponsa,Wood Duck,Aves,49.2431849095,-122.9356254223,2024-04-27
210461213,Picea sitchensis,Sitka spruce,Plantae,49.052214158,-122.6882651051,2024-04-27
210461431,Plantago lanceolata,ribwort plantain,Plantae,49.0520554507,-122.6883737974,2024-04-27
210461501,Branta canadensis,Canada Goose,Aves,49.2425357123,-122.9349977602,2024-04-27
210461647,Betula papyrifera,paper birch,Plantae,49.0524391143,-122.6884823441,2024-04-27
210461819,Corylus cornuta,beaked hazelnut,Plantae,49.0523494427,-122.6885155356,2024-04-27
210461922,Aix sponsa,Wood Duck,Aves,49.2427373667,-122.9353439297,2024-04-27
210462406,Fulica americana,American Coot,Aves,49.242725103,-122.9353615658,2024-04-27
210462732,Haliaeetus leucocephalus,Bald Eagle,Aves,49.1252346151,-123.1964076498,2024-04-27
210462930,Larus glaucescens,Glaucous-winged Gull,Aves,49.1253702343,-123.1967515593,2024-04-27
210462976,Columba livia domestica,Feral Pigeon,Aves,49.2427650938,-122.9355340355,2024-04-27
210463596,Molothrus ater,Brown-headed Cowbird,Aves,49.2432304335,-122.9355866076,2024-04-27
210464349,Anas platyrhynchos,Mallard,Aves,49.2432311227,-122.9351122717,2024-04-27
210464916,Branta canadensis,Canada Goose,Aves,49.2431375359,-122.9351441842,2024-04-27
210464971,Poecile atricapillus,Black-capped Chickadee,Aves,49.3044283333,-123.0019083333,2024-04-27
210465349,Rubus spectabilis,Salmonberry,Plantae,49.2435399452,-122.9353301398,2024-04-27
210465560,Zonotrichia leucophrys,White-crowned Sparrow,Aves,49.346445,-123.0819083333,2024-04-27
210465853,Junco hyemalis,Dark-eyed Junco,Aves,49.34643,-123.0818861667,2024-04-26
210465862,Melospiza melodia,Song Sparrow,Aves,49.2435833321,-122.9353570037,2024-04-27
210466038,Equisetum arvense,field horsetail,Plantae,49.1445252,-122.9310082,2024-04-27
210466041,Geranium robertianum,Herb Robert,Plantae,49.1445252,-122.9310082,2024-04-27
210466042,Ranunculus repens,Creeping buttercup,Plantae,49.1445252,-122.9310082,2024-04-27
210466048,Juncus effusus,Soft Rush,Plantae,49.1445252,-122.9310082,2024-04-27
210466052,Barbarea orthoceras,American yellowrocket,Plantae,49.1445252,-122.9310082,2024-04-27
210466055,Lamium purpureum,red deadnettle,Plantae,49.1445252,-122.9310082,2024-04-27
210466058,Rubus bifrons,Himalayan Blackberry,Plantae,49.1445252,-122.9310082,2024-04-27
210466061,Sisymbrium officinale,Hedge mustard,Plantae,49.1445252,-122.9310082,2024-04-27
210466067,Leucanthemum vulgare,oxeye daisy,Plantae,49.1445252,-122.9310082,2024-04-27
210466068,Cirsium vulgare,Bull Thistle,Plantae,49.1445252,-122.9310082,2024-04-27
210466070,Barbarea verna,land cress,Plantae,49.1445252,-122.9310082,2024-04-27
210466073,Arabidopsis thaliana,mouse-ear cress,Plantae,49.1445252,-122.9310082,2024-04-27
210466074,Acer circinatum,Vine Maple,Plantae,49.1445252,-122.9310082,2024-04-27
210466077,Thuja plicata,western redcedar,Plantae,49.1445252,-122.9310082,2024-04-27
210466082,Arctium minus,lesser burdock,Plantae,49.1445252,-122.9310082,2024-04-27
210466084,Hedera helix,common ivy,Plantae,49.1445252,-122.9310082,2024-04-27
210466086,Ranunculus repens,Creeping buttercup,Plantae,49.1445252,-122.9310082,2024-04-27
210466096,Populus trichocarpa,black cottonwood,Plantae,49.1445252,-122.9310082,2024-04-27
210466097,Prunus laurocerasus,Cherry laurel,Plantae,49.1445252,-122.9310082,2024-04-27
210466100,Pteridium aquilinum,common bracken,Plantae,49.1445252,-122.9310082,2024-04-27
210466110,Poecile atricapillus,Black-capped Chickadee,Aves,49.1445252,-122.9310082,2024-04-27
210466113,Lonicera involucrata,twinberry honeysuckle,Plantae,49.1445252,-122.9310082,2024-04-27
210466114,Geum macrophyllum,Large-leaved Avens,Plantae,49.1445252,-122.9310082,2024-04-27
210466118,Alnus rubra,Red Alder,Plantae,49.1445252,-122.9310082,2024-04-27
210466119,Spiraea douglasii,Rose Spirea,Plantae,49.1445252,-122.9310082,2024-04-27
210466121,Frangula purshiana,Cascara,Plantae,49.1445252,-122.9310082,2024-04-27
210466122,Anas platyrhynchos,Mallard,Aves,49.1445252,-122.9310082,2024-04-27
210466125,Coriolopsis gallica,Brownflesh Bracket,Fungi,49.1445252,-122.9310082,2024-04-27
210466127,Turdus migratorius,American Robin,Aves,49.1445252,-122.9310082,2024-04-27
210466133,Pseudisothecium stoloniferum,Cat's Tail Moss,Plantae,49.1445252,-122.9310082,2024-04-27
210466135,Corvus brachyrhynchos,American Crow,Aves,49.1445252,-122.9310082,2024-04-27
210466140,Jacobaea vulgaris,ragwort,Plantae,49.1445252,-122.9310082,2024-04-27
210466143,Dactylis glomerata,orchard grass,Plantae,49.1445252,-122.9310082,2024-04-27
210466145,Rubus parviflorus,thimbleberry,Plantae,49.1445252,-122.9310082,2024-04-27
210466147,Rubus spectabilis,Salmonberry,Plantae,49.1445252,-122.9310082,2024-04-27
210466164,Rumex obtusifolius,broad-leaved dock,Plantae,49.1445252,-122.9310082,2024-04-27
210466177,Picea sitchensis,Sitka spruce,Plantae,49.1445252,-122.9310082,2024-04-27
210466189,Athyrium filix-femina,lady fern,Plantae,49.1445252,-122.9310082,2024-04-27
210466198,Lapsana communis,nipplewort,Plantae,49.1445252,-122.9310082,2024-04-27
210466209,Polystichum munitum,western sword fern,Plantae,49.1445252,-122.9310082,2024-04-27
210466214,Acer circinatum,Vine Maple,Plantae,49.1445252,-122.9310082,2024-04-27
210466222,Impatiens glandulifera,Himalayan balsam,Plantae,49.1445252,-122.9310082,2024-04-27
210466232,Tellima grandiflora,fringe cups,Plantae,49.1445252,-122.9310082,2024-04-27
210466252,Urtica gracilis,slender stinging nettle,Plantae,49.1445252,-122.9310082,2024-04-27
210466267,Colaptes auratus,Northern Flicker,Aves,49.1445252,-122.9310082,2024-04-27
210466659,Poecile atricapillus,Black-capped Chickadee,Aves,49.2430582377,-122.9353418819,2024-04-27
210466683,Lonicera involucrata,twinberry honeysuckle,Plantae,49.0522562119,-122.6886574573,2024-04-27
210466826,Alnus rubra,Red Alder,Plantae,49.0521031868,-122.688653262,2024-04-27
210466879,Pipilo maculatus oregonus,Pacific Spotted Towhee,Aves,49.3040788963,-123.1412740052,2024-04-27
210466955,Frangula purshiana,Cascara,Plantae,49.0520610826,-122.6884650487,2024-04-27
210466997,Columba livia domestica,Feral Pigeon,Aves,49.1251948849,-123.1996852254,2024-04-27
210467239,Oemleria cerasiformis,Osoberry,Plantae,49.0522622362,-122.6881330912,2024-04-27
210467434,Populus trichocarpa,black cottonwood,Plantae,49.0518301013,-122.6885827241,2024-04-27
210467603,Branta canadensis,Canada Goose,Aves,49.0515795514,-122.6886547261,2024-04-27
210467689,Haemorhous purpureus,Purple Finch,Aves,49.3464866667,-123.0819471667,2024-04-27
210467818,Berberis aquifolium,Oregon grape,Plantae,49.0519036664,-122.6889171534,2024-04-27
210468278,Colaptes auratus,Northern Flicker,Aves,49.3464283333,-123.0819028333,2024-04-27
210468316,Spiraea douglasii,Rose Spirea,Plantae,49.0516989001,-122.6890957185,2024-04-27
210468463,Cepaea nemoralis,Brown-lipped Snail,Mollusca,49.2963616667,-123.1378388333,2024-04-27
210468470,Plantago major,greater plantain,Plantae,49.0517456838,-122.6888361749,2024-04-27
210468787,Trifolium pratense,Red Clover,Plantae,49.051939494,-122.6886211373,2024-04-27
210469073,Adelges cooleyi,Douglas Fir Adelgid,Insecta,49.0520251716,-122.6888880625,2024-04-27
210469134,Dicentra formosa,Pacific Bleeding Heart,Plantae,49.36365,-123.2843083333,2024-04-27
210469661,Sorbus aucuparia,European mountain ash,Plantae,49.0522315665,-122.6891250893,2024-04-27
210469978,Fragaria chiloensis,beach strawberry,Plantae,49.3050783333,-123.1382055,2024-04-27
210470061,Rubus leucodermis,whitebark raspberry,Plantae,49.3052616667,-123.1378555,2024-04-27
210470158,Libelluloidea,,Insecta,49.0524894067,-122.6881975738,2024-04-27
210470242,Berberis aquifolium,Oregon grape,Plantae,49.3052616667,-123.1381138333,2024-04-27
210470385,Sambucus racemosa,red-berried elder,Plantae,49.3056466667,-123.1379916667,2024-04-27
210470506,Rubus parviflorus,thimbleberry,Plantae,49.30567,-123.1379471667,2024-04-27
210470621,Trillium ovatum,Pacific trillium,Plantae,49.3057466667,-123.1378028333,2024-04-27
210470744,Ambystoma gracile,Northwestern Salamander,Amphibia,49.3057533333,-123.1378333333,2024-04-27
210470844,Nuphar polysepala,western yellow pond-lily,Plantae,49.3051533333,-123.1384583333,2024-04-27
210470922,Reynoutria japonica,Japanese knotweed,Plantae,49.3052866667,-123.1384195,2024-04-27
210471039,Lysichiton americanus,western skunk cabbage,Plantae,49.30543,-123.1386195,2024-04-27
210471116,Sambucus racemosa,red-berried elder,Plantae,49.1445252,-122.9310082,2024-04-27
210471121,Agaricomycetes,"Mushrooms, Bracket Fungi, Puffballs, and Allies",Fungi,49.1445252,-122.9310082,2024-04-27
210471122,Homalothecium fulgescens,tree mat homalothecium moss,Plantae,49.1445252,-122.9310082,2024-04-27
210471127,Acer circinatum,Vine Maple,Plantae,49.1445252,-122.9310082,2024-04-27
210471128,Cardamine flexuosa,wavy bittercress,Plantae,49.1445252,-122.9310082,2024-04-27
210471131,Dicentra formosa,Pacific Bleeding Heart,Plantae,49.1445252,-122.9310082,2024-04-27
210471136,Trichaptum abietinum,Purplepore Bracket,Fungi,49.1445252,-122.9310082,2024-04-27
210471138,Hildenbrandia,encrusting red algae,Plantae,49.1445252,-122.9310082,2024-04-27
210471139,Peltigera britannica,flaky freckle pelt lichen,Fungi,49.1445252,-122.9310082,2024-04-27
210471145,Trametes ochracea,Ochre Bracket,Fungi,49.1445252,-122.9310082,2024-04-27
210471151,Athyrium filix-femina,lady fern,Plantae,49.1445252,-122.9310082,2024-04-27
210471153,Kretzschmaria deusta,Brittle Cinder,Fungi,49.1445252,-122.9310082,2024-04-27
210471160,Picea,spruces,Plantae,49.1445252,-122.9310082,2024-04-27
210471163,Symphoricarpos albus,Common Snowberry,Plantae,49.1445252,-122.9310082,2024-04-27
210471168,Lepraria finkii,Fluffy Dust Lichen,Fungi,49.1445252,-122.9310082,2024-04-27
210471170,Lepraria finkii,Fluffy Dust Lichen,Fungi,49.1445252,-122.9310082,2024-04-27
210471171,Maianthemum dilatatum,Western Lily of the Valley,Plantae,49.1445252,-122.9310082,2024-04-27
210471176,Tsuga heterophylla,western hemlock,Plantae,49.1445252,-122.9310082,2024-04-27
210471178,Picea sitchensis,Sitka spruce,Plantae,49.1445252,-122.9310082,2024-04-27
210471181,Lamium galeobdolon argentatum,Variegated Yellow Archangel,Plantae,49.1445252,-122.9310082,2024-04-27
210471187,Fomitopsis ochracea,Ochre-banded Conk,Fungi,49.1445252,-122.9310082,2024-04-27
210471190,Fomes fomentarius,Hoof Fungus,Fungi,49.1445252,-122.9310082,2024-04-27
210471191,Stereum hirsutum,hairy curtain crust,Fungi,49.1445252,-122.9310082,2024-04-27
210471194,Stereum hirsutum,hairy curtain crust,Fungi,49.1445252,-122.9310082,2024-04-27
210471199,Stereum hirsutum,hairy curtain crust,Fungi,49.1445252,-122.9310082,2024-04-27
210471201,Athyrium filix-femina,lady fern,Plantae,49.1445252,-122.9310082,2024-04-27
210471204,Lysichiton americanus,western skunk cabbage,Plantae,49.1445252,-122.9310082,2024-04-27
210471208,Thuja plicata,western redcedar,Plantae,49.1445252,-122.9310082,2024-04-27
210471213,Plicatura nivea,Snow-White Crust,Fungi,49.1445252,-122.9310082,2024-04-27
210471214,Polypodium glycyrrhiza,licorice fern,Plantae,49.1445252,-122.9310082,2024-04-27
210471220,Rubus spectabilis,Salmonberry,Plantae,49.1445252,-122.9310082,2024-04-27
210471225,Dacrymyces chrysospermus,Orange Jelly Spot,Fungi,49.1445252,-122.9310082,2024-04-27
210471233,Rubus spectabilis,Salmonberry,Plantae,49.3052133333,-123.138275,2024-04-27
210471363,Gaultheria shallon,salal,Plantae,49.3053666667,-123.1385278333,2024-04-27
210471480,Ardea herodias,Great Blue Heron,Aves,49.3050716667,-123.1382528333,2024-04-27
210471636,Equisetum telmateia,great horsetail,Plantae,49.3050583333,-123.1394416667,2024-04-27
210471646,Ardea herodias,Great Blue Heron,Aves,49.1264993186,-123.1998813619,2024-04-27
210471728,Ribes aureum,golden currant,Plantae,49.3050383333,-123.1396028333,2024-04-27
210471776,Berosus,,Insecta,49.0519073156,-122.6888222081,2024-04-27
210471838,Achlys triphylla,vanilla leaf,Plantae,49.3051116667,-123.1395416667,2024-04-27
210471965,Larus glaucescens,Glaucous-winged Gull,Aves,49.0068944,-123.1303546,2024-04-27
210471968,Larus glaucescens × occidentalis,Olympic Gull,Aves,49.0068944,-123.1303546,2024-04-27
210471969,Xanthoria parietina,Common Sunburst Lichen,Fungi,49.0068944,-123.1303546,2024-04-27
210471970,Thuja plicata,western redcedar,Plantae,49.3051383333,-123.1398471667,2024-04-27
210472088,Dicentra formosa,Pacific Bleeding Heart,Plantae,49.3051866667,-123.1399166667,2024-04-27
210472176,Struthiopteris spicant,deer fern,Plantae,49.30522,-123.1398916667,2024-04-27
210472239,Polystichum munitum,western sword fern,Plantae,49.305205,-123.1398916667,2024-04-27
210472331,Ilex aquifolium,European holly,Plantae,49.3051,-123.1400666667,2024-04-27
210472448,Asarum caudatum,Western Wild Ginger,Plantae,49.30518,-123.1397555,2024-04-27
210472622,Vaccinium parvifolium,Red Huckleberry,Plantae,49.30518,-123.1397638333,2024-04-27
210472716,Maianthemum dilatatum,Western Lily of the Valley,Plantae,49.305245,-123.1396166667,2024-04-27
210472969,Adiantum aleuticum,western maidenhair fern,Plantae,49.0084237,-123.0372807,2024-04-27
210472971,Trillium ovatum,Pacific trillium,Plantae,49.0084237,-123.0372807,2024-04-27
210472974,Acer palmatum,Japanese maple,Plantae,49.0084237,-123.0372807,2024-04-27
210473096,Alectoria sarmentosa,Witch's Hair,Fungi,49.348145,-123.0853111667,2024-04-26
210473182,Anas platyrhynchos,Mallard,Aves,49.1263891804,-123.1989740209,2024-04-27
210473451,Bombus flavifrons,Yellow-fronted Bumble Bee,Insecta,49.0035072966,-123.0869432324,2024-04-27
210473582,Columba livia domestica,Feral Pigeon,Aves,49.1267959385,-123.1945613194,2024-04-27
210473895,Cornus nuttallii,Pacific Dogwood,Plantae,49.0524492502,-122.6891297193,2024-04-27
210474359,Ephemeroptera,Mayflies,Insecta,49.0518319415,-122.6886481238,2024-04-27
210474630,Regulus satrapa,Golden-crowned Kinglet,Aves,49.1264446266,-123.1987545827,2024-04-27
210475204,Coprinus comatus,Shaggy Mane,Fungi,49.2813033596,-123.1305723265,2024-04-27
210475560,Bombus mixtus,Fuzzy-Horned Bumble Bee,Insecta,49.003534769,-123.0869985152,2024-04-27
210475748,Molothrus ater,Brown-headed Cowbird,Aves,49.1264310061,-123.1986939815,2024-04-27
210475993,Corvus brachyrhynchos,American Crow,Aves,49.127790337,-123.1950528729,2024-04-27
210476161,Cornus nuttallii,Pacific Dogwood,Plantae,49.025812,-123.066674,2024-04-27
210476162,Sequoiadendron giganteum,giant sequoia,Plantae,49.025812,-123.066674,2024-04-27
210476163,Pipilo maculatus,Spotted Towhee,Aves,49.025812,-123.066674,2024-04-27
210476169,Chrysoperla,Common Green Lacewings,Insecta,49.025812,-123.066674,2024-04-27
210476172,Parasteatoda tepidariorum,Common House Spider,Arachnida,49.025812,-123.066674,2024-04-27
210477232,Acanthomorpha,Spiny-rayed fishes,Actinopterygii,49.0525248456,-122.6880073828,2024-04-27
210477261,Calliphora,Bluebottle Flies,Insecta,49.2673226623,-123.1669177571,2024-04-27
210477466,Tetramorium,"Fierce, Pennant, and Pavement Ants",Insecta,49.2236645563,-123.06100094,2024-04-27
210477807,Plagiothecium undulatum,Waved Silk-moss,Plantae,49.3706531795,-123.1800449614,2024-04-27
210477810,Diplophyllum albicans,White Earwort,Plantae,49.3706599885,-123.1800422792,2024-04-27
210477812,Lysichiton americanus,western skunk cabbage,Plantae,49.3738449036,-123.1772615069,2024-04-27
210477821,Lycopodium clavatum,stag's-horn clubmoss,Plantae,49.3738793895,-123.1772844832,2024-04-27
210477824,Hypogymnia duplicata,Ticker-tape Lichen,Fungi,49.3706867922,-123.1800525229,2024-04-27
210477834,Arion,ater-group Arion Slugs,Mollusca,49.345638087,-123.1586274275,2024-04-27
210478214,Gloeophyllum sepiarium,Conifer Mazegill,Fungi,49.025812,-123.066674,2024-04-27
210479480,Julida,Snake Millipedes,Animalia,49.3978375234,-123.1611264333,2024-04-27
210480297,Galium,bedstraws,Plantae,49.2109741445,-123.0757769723,2024-04-27
210480750,Plantago major,greater plantain,Plantae,49.3480444568,-123.1095644447,2024-04-27
210482590,Amelanchier,serviceberries,Plantae,49.2969486296,-122.8245893353,2024-04-26
210482848,Achillea,yarrows,Plantae,49.2959261441,-122.8200423514,2024-04-26
210483062,Corylus cornuta,beaked hazelnut,Plantae,49.2581638461,-123.2120322717,2024-04-27
210487132,Branta canadensis,Canada Goose,Aves,49.2881934457,-123.134142344,2024-04-27
210487270,Rosa,roses,Plantae,49.2483466667,-122.905655,2024-04-27
210487300,Branta canadensis,Canada Goose,Aves,49.2882513145,-123.1340552159,2024-04-27
210488061,Aquilegia vulgaris,common columbine,Plantae,49.2483366667,-122.905625,2024-04-27
210488364,Passerellidae,New World Sparrows,Aves,49.280258123,-122.8486903645,2024-04-27
210488559,Pholcus phalangioides,Long-bodied Cellar Spider,Arachnida,49.0515368572,-122.7844061797,2024-04-27
210488710,Buxus sempervirens,common box,Plantae,49.2483116667,-122.905595,2024-04-27
210489365,Hyacinthoides hispanica,Spanish Bluebell,Plantae,49.248295,-122.9055783333,2024-04-27
210489613,Paeonia officinalis,common peony,Plantae,49.248275,-122.9056333333,2024-04-27
210489808,Poaceae,Grasses,Plantae,49.2482116667,-122.905625,2024-04-27
210490443,Bellis perennis,Lawn daisy,Plantae,49.24828,-122.9060883333,2024-04-27
210490839,Ranunculus occidentalis,Western Buttercup,Plantae,49.2483716667,-122.9067216667,2024-04-27
210491124,Anas crecca,Green-winged Teal,Aves,49.2798666888,-122.8473075958,2024-04-27
210491397,Hedera hibernica,Atlantic Ivy,Plantae,49.248345,-122.9068133333,2024-04-27
210491428,Larus glaucescens × occidentalis,Olympic Gull,Aves,49.0241396686,-123.0510612524,2024-04-27
210491429,Larus brachyrhynchus,Short-billed Gull,Aves,49.0241377237,-123.0510612525,2024-04-27
210491748,Cardamine hirsuta,hairy bittercress,Plantae,49.2485966667,-122.9070883333,2024-04-27
210492298,Taraxacum officinale,common dandelion,Plantae,49.2486083333,-122.9070666667,2024-04-27
210492602,Silene coronaria,Rose campion,Plantae,49.2486283333,-122.9071116667,2024-04-27
210492894,Rubus spectabilis,Salmonberry,Plantae,49.3062336366,-123.0017739835,2024-04-27
210493044,Setophaga,Setophaga Warblers,Aves,49.2802602778,-122.8483118562,2024-04-27
210493098,Cirsium vulgare,Bull Thistle,Plantae,49.305959731,-123.0018422132,2024-04-27
210493133,Rubus bifrons,Himalayan Blackberry,Plantae,49.2487616667,-122.9076166667,2024-04-27
210493468,Calidris alpina,Dunlin,Aves,49.0234011463,-123.0482947605,2024-04-27
210493474,Calidris mauri,Western Sandpiper,Aves,49.0231886139,-123.0484664228,2024-04-27
210493524,Ambystoma gracile,Northwestern Salamander,Amphibia,49.314625,-123.1417611667,2024-04-27
210493544,Rubus spectabilis,Salmonberry,Plantae,49.3057503094,-123.0018324141,2024-04-27
210493615,Pteridium aquilinum pubescens,Hairy brackenfern,Plantae,49.2487866667,-122.9075383333,2024-04-27
210493628,Dicentra formosa,Pacific Bleeding Heart,Plantae,49.305733249,-123.0017599435,2024-04-27
210493753,Geum macrophyllum,Large-leaved Avens,Plantae,49.3056935164,-123.0018351579,2024-04-27
210493941,Plantago lanceolata,ribwort plantain,Plantae,49.2488466667,-122.9075866667,2024-04-27
210493964,Lithobates clamitans,Green Frog,Amphibia,49.3038216667,-123.1415945,2024-04-27
210494038,Guepiniopsis alpina,alpine jelly cone,Fungi,49.3117616667,-123.1359721667,2024-04-27
210494088,Rubus parviflorus,thimbleberry,Plantae,49.3055092662,-123.0019565859,2024-04-27
210494128,Agelaius phoeniceus,Red-winged Blackbird,Aves,49.3038583333,-123.1416333333,2024-04-27
210494311,Aruncus dioicus,Goatsbeard,Plantae,49.3054158008,-123.00187081,2024-04-27
210494354,Leersia oryzoides,rice cutgrass,Plantae,49.2490366667,-122.9078916667,2024-04-27
210494584,Ranunculus acris,meadow buttercup,Plantae,49.3054151773,-123.0018601097,2024-04-27
210494615,Branta canadensis,Canada Goose,Aves,49.2804600146,-122.8485443339,2024-04-27
210494773,Populus trichocarpa,black cottonwood,Plantae,49.248755,-122.9079883333,2024-04-27
210494881,Ixoreus naevius,Varied Thrush,Aves,49.02943,-122.660919,2024-04-27
210494882,Sambucus racemosa,red-berried elder,Plantae,49.029289,-122.660767,2024-04-27
210494884,Rubus parviflorus,thimbleberry,Plantae,49.029289,-122.660767,2024-04-27
210494895,Porella navicularis,Tree Ruffle Liverwort,Plantae,49.029289,-122.660767,2024-04-27
210494896,Vaccinium parvifolium,Red Huckleberry,Plantae,49.029289,-122.660767,2024-04-27
210494899,Oemleria cerasiformis,Osoberry,Plantae,49.029144,-122.660652,2024-04-27
210494906,Geranium robertianum,Herb Robert,Plantae,49.029144,-122.660652,2024-04-27
210494907,Sambucus racemosa,red-berried elder,Plantae,49.029087,-122.660812,2024-04-27
210494920,Lamium galeobdolon,yellow archangel,Plantae,49.029087,-122.660812,2024-04-27
210494921,Acer circinatum,Vine Maple,Plantae,49.029171,-122.660881,2024-04-27
210494922,Mycelis muralis,Wall Lettuce,Plantae,49.029171,-122.660881,2024-04-27
210494931,Circaea alpina,Alpine Enchanter's-nightshade,Plantae,49.029171,-122.660881,2024-04-27
210494932,Dryopteris expansa,spreading wood fern,Plantae,49.029171,-122.660881,2024-04-27
210494933,Lamium galeobdolon,yellow archangel,Plantae,49.029171,-122.660881,2024-04-27
210494939,Polystichum munitum,western sword fern,Plantae,49.029106,-122.660896,2024-04-27
210494940,Berberis nervosa,Cascade Oregon-grape,Plantae,49.029106,-122.660896,2024-04-27
210494943,Tellima grandiflora,fringe cups,Plantae,49.029137,-122.661057,2024-04-27
210494946,Spiraea douglasii,Rose Spirea,Plantae,49.3053464297,-123.0018858334,2024-04-27
210494950,Haworthia,Haworthias,Plantae,49.2833106873,-122.8620500022,2024-04-27
210494952,Dicranum fuscescens,Dusky Fork-moss,Plantae,49.029137,-122.661057,2024-04-27
210494953,Pseudotsuga menziesii,Douglas-fir,Plantae,49.029137,-122.661057,2024-04-27
210494954,Amelanchier alnifolia,Saskatoon,Plantae,49.029125,-122.661194,2024-04-27
210494965,Circaea alpina,Alpine Enchanter's-nightshade,Plantae,49.029179,-122.661552,2024-04-27
210494966,Maianthemum stellatum,star-flowered lily-of-the-valley,Plantae,49.029121,-122.661674,2024-04-27
210494975,Pseudisothecium stoloniferum,Cat's Tail Moss,Plantae,49.029121,-122.661674,2024-04-27
210494976,Maianthemum dilatatum,Western Lily of the Valley,Plantae,49.029121,-122.661674,2024-04-27
210494977,Gaultheria shallon,salal,Plantae,49.029121,-122.661674,2024-04-27
210494984,Cameraria gaultheriella,gaultheria leafminer moth,Insecta,49.029121,-122.661674,2024-04-27
210494985,Athyrium filix-femina,lady fern,Plantae,49.029121,-122.661674,2024-04-27
210494992,Geum macrophyllum,Large-leaved Avens,Plantae,49.029121,-122.661674,2024-04-27
210494993,Kindbergia oregana,Oregon Beaked Moss,Plantae,49.029121,-122.661674,2024-04-27
210494994,Lepidozia reptans,Creeping Fingerwort,Plantae,49.029121,-122.661674,2024-04-27
210495000,Rubus parviflorus,thimbleberry,Plantae,49.029156,-122.66185,2024-04-27
210495001,Kindbergia praelonga,Common Feather-moss,Plantae,49.029156,-122.66185,2024-04-27
210495002,Geranium robertianum,Herb Robert,Plantae,49.029156,-122.66185,2024-04-27
210495009,Ribes lacustre,swamp currant,Plantae,49.02914,-122.662041,2024-04-27
210495010,Oemleria cerasiformis,Osoberry,Plantae,49.028946,-122.6623,2024-04-27
210495015,Tellima grandiflora,fringe cups,Plantae,49.028946,-122.6623,2024-04-27
210495016,Tellima grandiflora,fringe cups,Plantae,49.028946,-122.6623,2024-04-27
210495019,Berberis nervosa,Cascade Oregon-grape,Plantae,49.028881,-122.662163,2024-04-27
210495027,Holodiscus discolor,Ocean spray,Plantae,49.028732,-122.662186,2024-04-27
210495028,Dryopteris expansa,spreading wood fern,Plantae,49.028732,-122.662186,2024-04-27
210495029,Pteridium aquilinum,common bracken,Plantae,49.028732,-122.662186,2024-04-27
210495030,Symphoricarpos albus,Common Snowberry,Plantae,49.028732,-122.662186,2024-04-27
210495031,Circaea alpina,Alpine Enchanter's-nightshade,Plantae,49.028732,-122.662186,2024-04-27
210495039,Geranium robertianum,Herb Robert,Plantae,49.028564,-122.662109,2024-04-27
210495042,Dryopteris expansa,spreading wood fern,Plantae,49.028564,-122.662109,2024-04-27
210495045,Kindbergia oregana,Oregon Beaked Moss,Plantae,49.028156,-122.661934,2024-04-27
210495046,Rubus ursinus,trailing blackberry,Plantae,49.028416,-122.661987,2024-04-27
210495052,Sambucus racemosa,red-berried elder,Plantae,49.027908,-122.662178,2024-04-27
210495053,Picipes melanopus,,Fungi,49.027889,-122.662193,2024-04-27
210495060,Ilex aquifolium,European holly,Plantae,49.027763,-122.662384,2024-04-27
210495061,Veronica serpyllifolia,thyme-leaved speedwell,Plantae,49.027653,-122.662292,2024-04-27
210495062,Rosa gymnocarpa,Baldhip Rose,Plantae,49.027672,-122.662453,2024-04-27
210495075,Plagiomnium insigne,Badge Moss,Plantae,49.02766,-122.662735,2024-04-27
210495076,Neckera douglasii,Douglas' Neckera Moss,Plantae,49.027691,-122.662537,2024-04-27
210495077,Porella navicularis,Tree Ruffle Liverwort,Plantae,49.027691,-122.662537,2024-04-27
210495085,Amelanchier alnifolia,Saskatoon,Plantae,49.027756,-122.662613,2024-04-27
210495086,Pulvigera pringlei,,Plantae,49.027634,-122.662712,2024-04-27
210495099,Oemleria cerasiformis,Osoberry,Plantae,49.027534,-122.662651,2024-04-27
210495100,Alnus rubra,Red Alder,Plantae,49.027328,-122.662727,2024-04-27
210495113,Neckera douglasii,Douglas' Neckera Moss,Plantae,49.027225,-122.662666,2024-04-27
210495179,Vicia villosa,hairy vetch,Plantae,49.248825,-122.9078366667,2024-04-27
210495187,Lonicera involucrata,twinberry honeysuckle,Plantae,49.3053106272,-123.0019096137,2024-04-27
210495358,Lotus,bird's-foot trefoils,Plantae,49.305467611,-123.0018294445,2024-04-27
210495423,Trifolium hybridum,Alsike clover,Plantae,49.2488533333,-122.9078,2024-04-27
210495569,Alnus rubra,Red Alder,Plantae,49.3050741434,-123.0020579034,2024-04-27
210495712,Lamium purpureum,red deadnettle,Plantae,49.26621443,-123.12359367,2024-04-27
210495726,Branta canadensis,Canada Goose,Aves,49.266028059,-123.2523560151,2024-04-26
210495740,Brassica juncea,Brown Mustard,Plantae,49.248805,-122.9078,2024-04-27
210495799,Lupinus polyphyllus,Large-leaved lupine,Plantae,49.3038621141,-123.0033026266,2024-04-27
210496027,Taraxacum officinale,common dandelion,Plantae,49.26616151,-123.12342568,2024-04-27
210496164,Geranium dissectum,Cut-leaved crane's-bill,Plantae,49.2487,-122.9078966667,2024-04-27
210496168,Geranium robertianum,Herb Robert,Plantae,49.26626995,-123.1233792,2024-04-27
210496204,Tanacetum vulgare,tansy,Plantae,49.3037973064,-123.00321729,2024-04-27
210496254,Ribes sanguineum,Red-flowering Currant,Plantae,49.2662564,-123.12332286,2024-04-27
210496314,Salix lasiandra,Pacific Willow,Plantae,49.3037049238,-123.0031612978,2024-04-27
210496409,Thuja plicata,western redcedar,Plantae,49.26619162,-123.12325406,2024-04-27
210496424,Lathyrus latifolius,broad-leaved sweet pea,Plantae,49.3035634841,-123.0031071537,2024-04-27
210496453,Arabidopsis thaliana,mouse-ear cress,Plantae,49.248695,-122.907845,2024-04-27
210496650,Rumex obtusifolius,broad-leaved dock,Plantae,49.26627854,-123.12271,2024-04-27
210496659,Anas platyrhynchos,Mallard,Aves,49.2662965058,-123.2597639412,2024-04-26
210496712,Hyacinthoides,Bluebells,Plantae,49.3033747524,-123.0028987592,2024-04-27
210496790,Plantago lanceolata,ribwort plantain,Plantae,49.2662876,-123.1226602,2024-04-27
210496802,Anas platyrhynchos,Mallard,Aves,49.29039195,-122.8820092,2024-04-27
210496953,Lapsana communis,nipplewort,Plantae,49.266263,-123.12261357,2024-04-27
210496983,Equisetum arvense,field horsetail,Plantae,49.2706608,-123.1974886997,2024-04-27
210496991,Rubus parviflorus,thimbleberry,Plantae,49.2486633333,-122.9078666667,2024-04-27
210497075,Plantago lanceolata,ribwort plantain,Plantae,49.26627186,-123.1225711,2024-04-27
210497168,Lamium purpureum,red deadnettle,Plantae,49.26626111,-123.1225521,2024-04-27
210497212,Salix,Willows,Plantae,49.3031725836,-123.0028849867,2024-04-27
210497242,Coprinus comatus,Shaggy Mane,Fungi,49.272288,-123.20153,2024-04-27
210497277,Galium aparine,catchweed bedstraw,Plantae,49.26624528,-123.1224055,2024-04-27
210497285,Galium aparine,catchweed bedstraw,Plantae,49.2486083333,-122.9079216667,2024-04-27
210497398,Rubus armeniacus,Armenian Blackberry,Plantae,49.26615911,-123.1221639,2024-04-27
210497453,Polystichum munitum,western sword fern,Plantae,49.2708599722,-123.200837,2024-04-27
210497468,Taraxacum officinale,common dandelion,Plantae,49.3032718014,-123.0028280814,2024-04-27
210497544,Galium aparine,catchweed bedstraw,Plantae,49.26617029,-123.12192017,2024-04-27
210497589,Chamaenerion angustifolium,fireweed,Plantae,49.2486033333,-122.9078916667,2024-04-27
210497690,Rubus armeniacus,Armenian Blackberry,Plantae,49.26623844,-123.12181457,2024-04-27
210497787,Malus fusca,Pacific Crab Apple,Plantae,49.3031436198,-123.0035263134,2024-04-27
210498050,Trifolium pratense,Red Clover,Plantae,49.3032133465,-123.0029785736,2024-04-27
210498059,Rubus spectabilis,Salmonberry,Plantae,49.2485666667,-122.9079366667,2024-04-27
210498144,Barbarea intermedia,Medium-flowered Winter-cress,Plantae,49.26634831,-123.12149515,2024-04-27
210498235,Rubus armeniacus,Armenian Blackberry,Plantae,49.26634866,-123.1214846,2024-04-27
210498350,Sorbus,Rowans and Mountain Ashes,Plantae,49.3028619375,-123.0030370585,2024-04-27
210498373,Calypte anna,Anna's Hummingbird,Aves,49.2499300708,-123.1979556466,2024-04-27
210498374,Typha,Cattails,Plantae,49.2498248715,-123.1963851805,2024-04-27
210498376,Equisetum arvense,field horsetail,Plantae,49.2499743567,-123.1966176658,2024-04-27
210498386,Setophaga coronata auduboni,Audubon's Warbler,Aves,49.2502903263,-123.1923436149,2024-04-27
210498390,Junco hyemalis,Dark-eyed Junco,Aves,49.24236034,-123.19449835,2024-04-27
210498391,Cardellina pusilla,Wilson's Warbler,Aves,49.242482807,-123.2003676448,2024-04-27
210498402,Pipilo maculatus,Spotted Towhee,Aves,49.2423843338,-123.2005708648,2024-04-27
210498416,Polypodium glycyrrhiza,licorice fern,Plantae,49.2422060295,-123.2008328791,2024-04-27
210498426,Polyporales,Shelf Fungi,Fungi,49.2421087083,-123.2008601876,2024-04-27
210498436,Polyporales,Shelf Fungi,Fungi,49.2421204517,-123.2008309525,2024-04-27
210498441,Junco hyemalis,Dark-eyed Junco,Aves,49.2406005283,-123.2037360103,2024-04-27
210498447,Lysichiton americanus,western skunk cabbage,Plantae,49.2406228433,-123.2050912316,2024-04-27
210498451,Guepiniopsis alpina,alpine jelly cone,Fungi,49.2405065287,-123.2048262455,2024-04-27
210498452,Equisetum telmateia braunii,Braun's Giant Horsetail,Plantae,49.2403084364,-123.2049278966,2024-04-27
210498455,Turdus migratorius,American Robin,Aves,49.2394273397,-123.2050296733,2024-04-27
210498464,Corthylio calendula,Ruby-crowned Kinglet,Aves,49.2375727973,-123.2029041692,2024-04-27
210498465,Troglodytes pacificus,Pacific Wren,Aves,49.2410889222,-123.2100680809,2024-04-27
210498468,Haemorhous purpureus,Purple Finch,Aves,49.2375691339,-123.2022227006,2024-04-27
210498472,Corvus corax,Common Raven,Aves,49.2428839067,-123.2109433602,2024-04-27
210498473,Junco hyemalis,Dark-eyed Junco,Aves,49.2434931173,-123.2119724256,2024-04-27
210498479,Junco hyemalis,Dark-eyed Junco,Aves,49.2489454444,-123.2081079073,2024-04-27
210498485,Zonotrichia atricapilla,Golden-crowned Sparrow,Aves,49.2501895669,-123.19839356,2024-04-27
210498585,Spiraea douglasii,Rose Spirea,Plantae,49.3028766322,-123.0029755496,2024-04-27
210498588,Alchemilla arvensis,Field Parsley Piert,Plantae,49.2484383333,-122.9079133333,2024-04-27
210498645,Nannopterum auritum,Double-crested Cormorant,Aves,49.2801409114,-122.8476947291,2024-04-27
210498715,Syringa vulgaris,common lilac,Plantae,49.0327294423,-123.074162918,2024-04-27
210498717,Hydroprogne caspia,Caspian Tern,Aves,49.0130862937,-123.0366486942,2024-04-27
210498720,Haemorhous mexicanus,House Finch,Aves,49.0164638912,-123.039554625,2024-04-27
210498726,Haliaeetus leucocephalus,Bald Eagle,Aves,49.0130838043,-123.0413570695,2024-04-27
210498727,Spatula clypeata,Northern Shoveler,Aves,49.0144911645,-123.0415287309,2024-04-27
210498731,Agelaius phoeniceus,Red-winged Blackbird,Aves,49.0133040106,-123.0400448779,2024-04-27
210498733,Passerculus sandwichensis,Savannah Sparrow,Aves,49.0224357451,-123.0484416285,2024-04-27
210498734,Zonotrichia atricapilla,Golden-crowned Sparrow,Aves,49.0146158053,-123.0392640514,2024-04-27
210498738,Colaptes auratus,Northern Flicker,Aves,49.0233222201,-123.050244073,2024-04-27
210498743,Anas platyrhynchos,Mallard,Aves,49.0226890253,-123.0486776629,2024-04-27
210498744,Charadrius vociferus,Killdeer,Aves,49.0229282332,-123.0494286815,2024-04-27
210498752,Passer domesticus,House Sparrow,Aves,49.0205991939,-123.0452000274,2024-04-27
210498755,Anas crecca,Green-winged Teal,Aves,49.0227113693,-123.0497705106,2024-04-27
210498849,Salix sitchensis,Sitka willow,Plantae,49.3030899201,-123.0030784134,2024-04-27
210498989,Leucanthemum vulgare,oxeye daisy,Plantae,49.2483966667,-122.907905,2024-04-27
210499150,Cornus sericea,red osier dogwood,Plantae,49.3057406883,-123.0018648557,2024-04-27
210499252,Hypericum perforatum,Common St. John's Wort,Plantae,49.2484033333,-122.9078966667,2024-04-27
210499385,Solidago lepida,Elegant Goldenrod,Plantae,49.3057243544,-123.0021042272,2024-04-27
210499418,Ardea herodias,Great Blue Heron,Aves,49.29039195,-122.8820092,2024-04-27
210499509,Berberis pinnata,California barberry,Plantae,49.2667391009,-123.2597203553,2024-04-26
210499677,Tanacetum vulgare,tansy,Plantae,49.24842,-122.9080116667,2024-04-27
210499692,Acer macrophyllum,bigleaf maple,Plantae,49.3064134593,-123.0017671328,2024-04-27
210499888,Berberis nervosa,Cascade Oregon-grape,Plantae,49.3062803171,-123.0017836651,2024-04-27
210499948,Haliaeetus leucocephalus,Bald Eagle,Aves,49.3002612659,-122.8803885,2024-04-27
210500020,Berberis,Barberries,Plantae,49.2607284151,-123.2187584137,2024-04-27
210500042,Cytisus scoparius,Scotch Broom,Plantae,49.248375,-122.9080366667,2024-04-27
210500309,Heracleum maximum,common cowparsnip,Plantae,49.3062138708,-123.0017513656,2024-04-27
210500350,Equisetum arvense,field horsetail,Plantae,49.2481633333,-122.9081283333,2024-04-27
210500445,Symphoricarpos albus,Common Snowberry,Plantae,49.3061878434,-123.0019257361,2024-04-27
210500459,Polypodium glycyrrhiza,licorice fern,Plantae,49.027225,-122.662666,2024-04-27
210500460,Lepidozia reptans,Creeping Fingerwort,Plantae,49.0271,-122.66272,2024-04-27
210500461,Tetraphis pellucida,Tetraphis Moss,Plantae,49.027042,-122.662621,2024-04-27
210500468,Scapania bolanderi,Yellow-ladle Liverwort,Plantae,49.027042,-122.662621,2024-04-27
210500469,Dicranum fuscescens,Dusky Fork-moss,Plantae,49.027042,-122.662621,2024-04-27
210500470,Tomocerinae,,Animalia,49.2423415,-123.1996876799,2024-04-27
210500472,Lepidozia reptans,Creeping Fingerwort,Plantae,49.027042,-122.662621,2024-04-27
210500474,Entomobrya,,Animalia,49.2423415,-123.1996876799,2024-04-27
210500475,Polystichum munitum,western sword fern,Plantae,49.2423437462,-123.1997215707,2024-04-27
210500479,Lepraria finkii,Fluffy Dust Lichen,Fungi,49.24248263,-123.19985339,2024-04-27
210500480,Scapania bolanderi,Yellow-ladle Liverwort,Plantae,49.027042,-122.662621,2024-04-27
210500483,Rhizomnium glabrescens,rhizomnium moss,Plantae,49.027042,-122.662621,2024-04-27
210500484,Geometridae,Geometer Moths,Insecta,49.027042,-122.662621,2024-04-27
210500486,Porcellio scaber,Common Rough Woodlouse,Animalia,49.24243981,-123.19996238,2024-04-27
210500487,Geophilomorpha,Soil Centipedes,Animalia,49.24247992,-123.1999422799,2024-04-27
210500489,Diastrophus kincaidii,Thimbleberry Gall Wasp,Insecta,49.027042,-122.662621,2024-04-27
210500490,Lonicera,honeysuckles,Plantae,49.026951,-122.662766,2024-04-27
210500493,Oemleria cerasiformis,Osoberry,Plantae,49.026951,-122.662766,2024-04-27
210500499,Hyacinthoides,Bluebells,Plantae,49.24241703,-123.1970940801,2024-04-27
210500502,Evernia,oakmoss lichens,Fungi,49.026951,-122.662766,2024-04-27
210500503,Dicentra formosa,Pacific Bleeding Heart,Plantae,49.026951,-122.662766,2024-04-27
210500510,Acer macrophyllum,bigleaf maple,Plantae,49.2424437899,-123.19698485,2024-04-27
210500511,Rosa,roses,Plantae,49.026943,-122.662613,2024-04-27
210500515,Pseudisothecium stoloniferum,Cat's Tail Moss,Plantae,49.026943,-122.662613,2024-04-27
210500517,Prosartes hookeri,Hooker's fairybells,Plantae,49.026943,-122.662613,2024-04-27
210500528,Mycelis muralis,Wall Lettuce,Plantae,49.24248039,-123.1971464299,2024-04-27
210500529,Plagiomnium insigne,Badge Moss,Plantae,49.026943,-122.662613,2024-04-27
210500530,Dryopteris expansa,spreading wood fern,Plantae,49.026943,-122.662613,2024-04-27
210500534,Ribes lacustre,swamp currant,Plantae,49.026844,-122.66259,2024-04-27
210500538,Trillium ovatum,Pacific trillium,Plantae,49.026844,-122.66259,2024-04-27
210500539,Philoscia muscorum,Common Striped Woodlouse,Animalia,49.24249118,-123.19717634,2024-04-27
210500540,Trillium ovatum,Pacific trillium,Plantae,49.026844,-122.66259,2024-04-27
210500542,Parmotrema arnoldii,Arnold's Parmotrema Lichen,Fungi,49.026844,-122.66259,2024-04-27
210500546,Evernia prunastri,Oakmoss,Fungi,49.026844,-122.66259,2024-04-27
210500547,Parmelia sulcata,Netted shield lichen,Fungi,49.026844,-122.66259,2024-04-27
210500548,Theridiidae,Comb-footed Spiders,Arachnida,49.24249118,-123.19717634,2024-04-27
210500549,Phoca vitulina,Harbor Seal,Mammalia,49.300264,-122.8803885,2024-04-27
210500550,Evernia prunastri,Oakmoss,Fungi,49.026844,-122.66259,2024-04-27
210500555,Polycauliona polycarpa,Pin-cushion Sunburst Lichen,Fungi,49.026844,-122.66259,2024-04-27
210500556,Parmotrema arnoldii,Arnold's Parmotrema Lichen,Fungi,49.026844,-122.66259,2024-04-27
210500557,Thuja plicata,western redcedar,Plantae,49.24249118,-123.19717634,2024-04-27
210500558,Pulvigera papillosa,,Plantae,49.026844,-122.66259,2024-04-27
210500562,Parmelia sulcata,Netted shield lichen,Fungi,49.026844,-122.66259,2024-04-27
210500564,Achlys triphylla,vanilla leaf,Plantae,49.026844,-122.66259,2024-04-27
210500565,Galium aparine,catchweed bedstraw,Plantae,49.026844,-122.66259,2024-04-27
210500567,Berberis nervosa,Cascade Oregon-grape,Plantae,49.2424513416,-123.1978424249,2024-04-27
210500573,Tellima grandiflora,fringe cups,Plantae,49.026703,-122.662552,2024-04-27
210500574,Neckera menziesii,Menzies' metaneckera moss,Plantae,49.02676,-122.662361,2024-04-27
210500575,Maianthemum stellatum,star-flowered lily-of-the-valley,Plantae,49.026714,-122.662537,2024-04-27
210500577,Vinca minor,lesser periwinkle,Plantae,49.2425505078,-123.1975606065,2024-04-27
210500581,Osmorhiza,sweet cicely,Plantae,49.2424461486,-123.1979256621,2024-04-27
210500582,Berberis nervosa,Cascade Oregon-grape,Plantae,49.2426843112,-123.1979765393,2024-04-27
210500583,Claopodium crispifolium,crispleaf roughmoss,Plantae,49.026714,-122.662537,2024-04-27
210500584,Porella cordaeana,Cliff Scalewort,Plantae,49.026714,-122.662537,2024-04-27
210500585,Populus tremuloides,quaking aspen,Plantae,49.026714,-122.662537,2024-04-27
210500588,Oniscus asellus,Common Shiny Woodlouse,Animalia,49.2427436579,-123.1980609171,2024-04-27
210500591,Mollisia cinerea,common grey disco,Fungi,49.2427733312,-123.198103106,2024-04-27
210500593,Pteridium aquilinum,common bracken,Plantae,49.2425996956,-123.1986230332,2024-04-27
210500595,Populus tremuloides,quaking aspen,Plantae,49.026714,-122.662537,2024-04-27
210500597,Plagiomnium venustum,magnificent leafy moss,Plantae,49.026714,-122.662537,2024-04-27
210500598,Symphoricarpos albus,Common Snowberry,Plantae,49.2426164703,-123.1987601044,2024-04-27
210500599,Claopodium crispifolium,crispleaf roughmoss,Plantae,49.026714,-122.662537,2024-04-27
210500603,Plagiomnium venustum,magnificent leafy moss,Plantae,49.026714,-122.662537,2024-04-27
210500605,Ranunculus acris,meadow buttercup,Plantae,49.026714,-122.662537,2024-04-27
210500607,Plagiomnium venustum,magnificent leafy moss,Plantae,49.026714,-122.662537,2024-04-27
210500609,Geum macrophyllum,Large-leaved Avens,Plantae,49.2427318382,-123.1989116391,2024-04-27
210500610,Claopodium crispifolium,crispleaf roughmoss,Plantae,49.026714,-122.662537,2024-04-27
210500614,Maianthemum stellatum,star-flowered lily-of-the-valley,Plantae,49.026581,-122.662445,2024-04-27
210500616,Cornus sericea,red osier dogwood,Plantae,49.026581,-122.662445,2024-04-27
210500622,Acer macrophyllum,bigleaf maple,Plantae,49.2426126928,-123.1990062775,2024-04-27
210500627,Cladonia coniocraea,Common Powderhorn,Fungi,49.026581,-122.662445,2024-04-27
210500628,Mycelis muralis,Wall Lettuce,Plantae,49.026581,-122.662445,2024-04-27
210500629,Dicranum fuscescens,Dusky Fork-moss,Plantae,49.026581,-122.662445,2024-04-27
210500640,Bryopsida,Joint-toothed Mosses,Plantae,49.2426324348,-123.1991067213,2024-04-27
210500643,Lysimachia latifolia,Western Starflower,Plantae,49.026546,-122.66227,2024-04-27
210500644,Poa pratensis,Smooth Meadow-grass,Plantae,49.026466,-122.662201,2024-04-27
210500646,Acer circinatum,Vine Maple,Plantae,49.026394,-122.662025,2024-04-27
210500656,Polyporaceae,Bracket Fungi,Fungi,49.026394,-122.662025,2024-04-27
210500658,Thelotrema lepadinum,Bark Barnacles,Fungi,49.2426210801,-123.1990869675,2024-04-27
210500659,Oemleria cerasiformis,Osoberry,Plantae,49.026302,-122.661926,2024-04-27
210500673,Cladonia,pixie cup and reindeer lichens,Fungi,49.2426644957,-123.1991522678,2024-04-27
210500685,Trametes,Turkey-tails and allies,Fungi,49.2426830499,-123.1992153403,2024-04-27
210500693,Rhiscosomides meineri,,Animalia,49.24262446,-123.1992645,2024-04-27
210500701,Tellima grandiflora,fringe cups,Plantae,49.24262406,-123.1992493701,2024-04-27
210500710,Rosa,roses,Plantae,49.24259617,-123.1993613801,2024-04-27
210500719,Bryopsida,Joint-toothed Mosses,Plantae,49.24262032,-123.19941161,2024-04-27
210500737,Oniscus asellus,Common Shiny Woodlouse,Animalia,49.2424998786,-123.1994642765,2024-04-27
210500749,Trichoniscus,,Animalia,49.2424831334,-123.1995212451,2024-04-27
210500750,Julida,Snake Millipedes,Animalia,49.2424733172,-123.1995546404,2024-04-27
210500751,Tomocerus minor,,Animalia,49.2424617688,-123.199593929,2024-04-27
210500754,Vaccinium ovatum,Evergreen Huckleberry,Plantae,49.3061822609,-123.0018286095,2024-04-27
210500760,Dryopteris expansa,spreading wood fern,Plantae,49.24242335,-123.1995962199,2024-04-27
210500762,Plagiomnium insigne,Badge Moss,Plantae,49.2424100401,-123.19969152,2024-04-27
210500765,Kindbergia,,Plantae,49.24243441,-123.1997142501,2024-04-27
210500780,Tomocerus minor,,Animalia,49.2423415,-123.1996876799,2024-04-27
210500792,Lachnum virgineum,stalked hairy fairy cup,Fungi,49.2423415,-123.1996876799,2024-04-27
210500808,Limnesiidae,,Arachnida,49.052342204,-122.6879929068,2024-04-27
210500811,Oemleria cerasiformis,Osoberry,Plantae,49.2481116667,-122.9082716667,2024-04-27
210500999,Berberis aquifolium,Oregon grape,Plantae,49.3061367246,-123.0021184072,2024-04-27
210501154,Acer macrophyllum,bigleaf maple,Plantae,49.2478866667,-122.9080366667,2024-04-27
210501206,Pinus contorta,lodgepole pine,Plantae,49.26624951,-123.12131149,2024-04-27
210501214,Lonicera involucrata,twinberry honeysuckle,Plantae,49.3061334639,-123.0020321236,2024-04-27
210501245,Zygoptera,Damselflies,Insecta,49.052018217,-122.6888949533,2024-04-27
210501383,Fraxinus excelsior,European ash,Plantae,49.26625633,-123.12098402,2024-04-27
210501429,Cornus sericea,red osier dogwood,Plantae,49.3061745114,-123.0020087138,2024-04-27
210501452,Ribes sanguineum,Red-flowering Currant,Plantae,49.01385,-123.0402971667,2024-04-27
210501474,Ranunculus acris,meadow buttercup,Plantae,49.26627113,-123.12101226,2024-04-27
210501610,Cytisus scoparius,Scotch Broom,Plantae,49.2662728,-123.12097336,2024-04-27
210501641,Hedera helix,common ivy,Plantae,49.2478916667,-122.9080716667,2024-04-27
210501669,Rubus spectabilis,Salmonberry,Plantae,49.3061372103,-123.0020195153,2024-04-27
210501719,Cytisus scoparius,Scotch Broom,Plantae,49.26631156,-123.12104124,2024-04-27
210501899,Acer pseudoplatanus,sycamore maple,Plantae,49.3061684844,-123.0021201475,2024-04-27
210502051,Pseudotsuga menziesii,Douglas-fir,Plantae,49.2663164,-123.12079337,2024-04-27
210502182,Hypericum perforatum,Common St. John's Wort,Plantae,49.24758,-122.907845,2024-04-27
210502309,Zonotrichia leucophrys,White-crowned Sparrow,Aves,49.0521310312,-122.6887830582,2024-04-27
210502343,Rubus,brambles,Plantae,49.3062749581,-123.0019664338,2024-04-27
210502381,Sylvanelater furtivus,,Insecta,49.2413271856,-123.2025605976,2024-04-27
210502384,Lumbricidae,Lumbricid Earthworms,Animalia,49.2412781654,-123.2025991245,2024-04-27
210502385,Tomocerinae,,Animalia,49.2412279389,-123.2027012478,2024-04-27
210502391,Orchesella cincta,Belted Springtail,Animalia,49.2411969165,-123.202764324,2024-04-27
210502393,Tomocerus minor,,Animalia,49.2411850911,-123.202788352,2024-04-27
210502408,Julida,Snake Millipedes,Animalia,49.24242788,-123.19999539,2024-04-27
210502413,Tomocerus minor,,Animalia,49.2423629099,-123.1999229999,2024-04-27
210502424,Oniscus asellus,Common Shiny Woodlouse,Animalia,49.24237175,-123.1999669,2024-04-27
210502436,Gaultheria shallon,salal,Plantae,49.24234746,-123.20008948,2024-04-27
210502448,Fungi,Fungi Including Lichens,Fungi,49.24232604,-123.20009175,2024-04-27
210502458,Dicentra formosa,Pacific Bleeding Heart,Plantae,49.2422408726,-123.2003788068,2024-04-27
210502470,Rubus spectabilis,Salmonberry,Plantae,49.2422483457,-123.2003897914,2024-04-27
210502485,Malus,apples and crabapples,Plantae,49.2422882517,-123.2003931456,2024-04-27
210502497,Pterygota,Winged and Once-winged Insects,Insecta,49.2422063782,-123.2005051829,2024-04-27
210502505,Oemleria cerasiformis,Osoberry,Plantae,49.3072090931,-123.0046286883,2024-04-27
210502507,Lumbricidae,Lumbricid Earthworms,Animalia,49.2422110256,-123.2005761455,2024-04-27
210502514,Rubus spectabilis,Salmonberry,Plantae,49.2420251462,-123.2010417117,2024-04-27
210502515,Acer circinatum,Vine Maple,Plantae,49.2421127646,-123.2008436285,2024-04-27
210502516,Sambucus racemosa,red-berried elder,Plantae,49.2419271217,-123.2010374316,2024-04-27
210502524,Hedera hibernica,Atlantic Ivy,Plantae,49.2419333927,-123.2009532306,2024-04-27
210502534,Sambucus racemosa,red-berried elder,Plantae,49.2419003233,-123.2013452306,2024-04-27
210502546,Zootermopsis,,Insecta,49.2417754397,-123.2014066333,2024-04-27
210502555,Tomocerus minor,,Animalia,49.24176218,-123.20150808,2024-04-27
210502567,Plantago major,greater plantain,Plantae,49.24177961,-123.20161778,2024-04-27
210502577,Rhizomnium glabrescens,rhizomnium moss,Plantae,49.24151534,-123.20185626,2024-04-27
210502585,Neckera,,Plantae,49.24162485,-123.20200615,2024-04-27
210502588,Laburnum anagyroides,Common Laburnum,Plantae,49.26629605,-123.12080218,2024-04-27
210502593,Claopodium,claopodium mosses,Plantae,49.2416075,-123.2020252,2024-04-27
210502599,Tomoceroidea,,Animalia,49.2414827,-123.20196995,2024-04-27
210502610,Tomocerus minor,,Animalia,49.2415029,-123.20202306,2024-04-27
210502620,Vespericola columbianus,Northwest Hesperian,Mollusca,49.2413852197,-123.2022177757,2024-04-27
210502631,Metallina,,Insecta,49.2413772179,-123.2023446759,2024-04-27
210502637,Orchesella villosa,Shaggy Springtail,Animalia,49.2413728925,-123.2024132706,2024-04-27
210502647,Vaccinium,"blueberries, cranberries, and allies",Plantae,49.24139302,-123.20245081,2024-04-27
210502655,Dryopteris expansa,spreading wood fern,Plantae,49.2414293001,-123.20255055,2024-04-27
210502661,Mesostigmata,Mesostigs,Arachnida,49.24120013,-123.20246302,2024-04-27
210502668,Trametes versicolor,turkey-tail,Fungi,49.24134504,-123.20249329,2024-04-27
210502699,Agrocybe,,Fungi,49.247425,-122.9078366667,2024-04-27
210502741,Malus fusca,Pacific Crab Apple,Plantae,49.3036017068,-123.0030759841,2024-04-27
210502819,Rosa rugosa,rugosa rose,Plantae,49.26630076,-123.1207952,2024-04-27
210502933,Physocarpus capitatus,Pacific ninebark,Plantae,49.3030354239,-123.0028543213,2024-04-27
210502960,Taraxacum officinale,common dandelion,Plantae,49.26631577,-123.12077721,2024-04-27
210503224,Pseudotsuga menziesii,Douglas-fir,Plantae,49.26657165,-123.12073746,2024-04-27
210503304,Glechoma hederacea,ground-ivy,Plantae,49.2473116667,-122.9079133333,2024-04-27
210503327,Berberis aquifolium,Oregon grape,Plantae,49.26658673,-123.12071418,2024-04-27
210503426,Galium aparine,catchweed bedstraw,Plantae,49.2473033333,-122.907905,2024-04-27
210503475,Tanacetum vulgare,tansy,Plantae,49.304299818,-123.0032918053,2024-04-27
210503595,Tellima grandiflora,fringe cups,Plantae,49.24713,-122.9082116667,2024-04-27
210503625,Geranium robertianum,Herb Robert,Plantae,49.26661333,-123.12074499,2024-04-27
210503697,Oemleria cerasiformis,Osoberry,Plantae,49.3039856394,-123.0032112927,2024-04-27
210503726,Lapsana communis,nipplewort,Plantae,49.26659632,-123.12075758,2024-04-27
210503836,Polystichum munitum,western sword fern,Plantae,49.26659849,-123.12077443,2024-04-27
210503898,Daphne laureola,Spurge-laurel,Plantae,49.26659356,-123.12079745,2024-04-27
210503947,Crataegus monogyna,common hawthorn,Plantae,49.3041620743,-123.0030481398,2024-04-27
210503966,Oemleria cerasiformis,Osoberry,Plantae,49.2471283333,-122.90828,2024-04-27
210504135,Cotoneaster,Cotoneasters,Plantae,49.304258939,-123.0032255876,2024-04-27
210504171,Ranunculus acris,meadow buttercup,Plantae,49.26652358,-123.12093925,2024-04-27
210504259,Geranium robertianum,Herb Robert,Plantae,49.26654022,-123.12092996,2024-04-27
210504323,Homalothecium fulgescens,tree mat homalothecium moss,Plantae,49.24715,-122.908355,2024-04-27
210504325,Spiraea douglasii,Rose Spirea,Plantae,49.3041944243,-123.0030401018,2024-04-27
210504352,Polystichum munitum,western sword fern,Plantae,49.26655601,-123.12090279,2024-04-27
210504502,Lupinus polyphyllus,Large-leaved lupine,Plantae,49.3041954679,-123.0029663307,2024-04-27
210504505,Polystichum munitum,western sword fern,Plantae,49.26656185,-123.12089677,2024-04-27
210504509,Arctium minus,lesser burdock,Plantae,49.2470383333,-122.908355,2024-04-27
210504698,Lapsana communis,nipplewort,Plantae,49.24705,-122.908425,2024-04-27
210504741,Polystichum munitum,western sword fern,Plantae,49.26635125,-123.12064396,2024-04-27
210504756,Lonicera involucrata,twinberry honeysuckle,Plantae,49.3063603753,-123.0020456711,2024-04-27
210504815,Pseudotsuga menziesii,Douglas-fir,Plantae,49.26643489,-123.12087681,2024-04-27
210504892,Thuja plicata,western redcedar,Plantae,49.246945,-122.9085533333,2024-04-27
210504897,Berberis aquifolium,Oregon grape,Plantae,49.2664512,-123.12067518,2024-04-27
210504979,Berberis aquifolium,Oregon grape,Plantae,49.26643576,-123.12077454,2024-04-27
210505011,Prunus laurocerasus,Cherry laurel,Plantae,49.26661912,-123.12089735,2024-04-27
210505065,Rubus parviflorus,thimbleberry,Plantae,49.3062416197,-123.0019754156,2024-04-27
210505099,Hedera helix,common ivy,Plantae,49.26662659,-123.1210073,2024-04-27
210505182,Lepraria finkii,Fluffy Dust Lichen,Fungi,49.246995,-122.9086383333,2024-04-27
210505273,Homalothecium fulgescens,tree mat homalothecium moss,Plantae,49.246995,-122.9086,2024-04-27
210505309,Cotoneaster,Cotoneasters,Plantae,49.3067056488,-123.0019693414,2024-04-27
210505413,Trichiidia,,Protozoa,49.2412575675,-123.2034845239,2024-04-27
210505414,Lysichiton americanus,western skunk cabbage,Plantae,49.24118693,-123.20345018,2024-04-27
210505415,Mitrula,,Fungi,49.2412117686,-123.2034684171,2024-04-27
210505424,Dictyoptera simplicipes,Red Net-winged Beetle,Insecta,49.2413363499,-123.20349072,2024-04-27
210505425,Ptenothrix maculosa,,Animalia,49.2411727804,-123.2034583718,2024-04-27
210505438,Tomocerus minor,,Animalia,49.2411298873,-123.2034373691,2024-04-27
210505447,Caloscypha fulgens,Spring Orange Peel Fungus,Fungi,49.2412952753,-123.2034956782,2024-04-27
210505455,Plagiothecium undulatum,Waved Silk-moss,Plantae,49.2410604823,-123.2025165132,2024-04-27
210505466,Oniscus asellus,Common Shiny Woodlouse,Animalia,49.2410184274,-123.2023651898,2024-04-27
210505479,Julida,Snake Millipedes,Animalia,49.2410410177,-123.2024136882,2024-04-27
210505484,Fomitopsis mounceae,Northern Red Belt,Fungi,49.241060784,-123.2024561243,2024-04-27
210505490,Dryopteris expansa,spreading wood fern,Plantae,49.24106469,-123.20246451,2024-04-27
210505500,Plethodon vehiculum,Western Red-backed Salamander,Amphibia,49.24106469,-123.20246451,2024-04-27
210505514,Oniscus asellus,Common Shiny Woodlouse,Animalia,49.24122622,-123.2025138,2024-04-27
210505517,Linyphiidae,Sheetweb and Dwarf Weavers,Arachnida,49.24115265,-123.20267601,2024-04-27
210505519,Maianthemum dilatatum,Western Lily of the Valley,Plantae,49.24105718,-123.20270848,2024-04-27
210505521,Rubus,brambles,Plantae,49.24105718,-123.20270848,2024-04-27
210505523,Dicentra formosa,Pacific Bleeding Heart,Plantae,49.3062812243,-123.001827454,2024-04-27
210505524,Scytinotus longinquus,Rosy Oysterling,Fungi,49.24105718,-123.20270848,2024-04-27
210505526,Pterygota,Winged and Once-winged Insects,Insecta,49.24105718,-123.20270848,2024-04-27
210505536,Tsuga heterophylla,western hemlock,Plantae,49.24105718,-123.20270848,2024-04-27
210505543,Guepiniopsis alpina,alpine jelly cone,Fungi,49.2415886579,-123.2022771428,2024-04-27
210505549,Tomocerus minor,,Animalia,49.2411215759,-123.2030778807,2024-04-27
210505555,Polystichum munitum,western sword fern,Plantae,49.2469,-122.90847,2024-04-27
210505557,Orchesella cincta,Belted Springtail,Animalia,49.2410409016,-123.2029779732,2024-04-27
210505565,Entomobrya triangularis,,Animalia,49.2409630091,-123.2028815109,2024-04-27
210505575,Entomobryomorpha,Elongate Springtails,Animalia,49.2409296267,-123.2028401698,2024-04-27
210505583,Ilex aquifolium,European holly,Plantae,49.2408892201,-123.20279013,2024-04-27
210505586,Fomitopsis mounceae,Northern Red Belt,Fungi,49.2408892201,-123.20279013,2024-04-27
210505592,Rhiscosomides meineri,,Animalia,49.2408892201,-123.20279013,2024-04-27
210505601,Tomocerus minor,,Animalia,49.2408892201,-123.20279013,2024-04-27
210505606,Mollisia cinerea,common grey disco,Fungi,49.2408892201,-123.20279013,2024-04-27
210505610,Cybaeus,Soft Spiders,Arachnida,49.2404558466,-123.2033897929,2024-04-27
210505614,Julida,Snake Millipedes,Animalia,49.2405099567,-123.2033831489,2024-04-27
210505624,Scaphinotus angusticollis,Narrow-collared Snail-eating Beetle,Insecta,49.2407196336,-123.2033574036,2024-04-27
210505632,Tomoceroidea,,Animalia,49.2407940351,-123.2033482682,2024-04-27
210505640,Haplotrema vancouverense,Robust Lancetooth Snail,Mollusca,49.2408684366,-123.2033391327,2024-04-27
210505644,Gaultheria shallon,salal,Plantae,49.2409462199,-123.2033295821,2024-04-27
210505648,Ptenothrix maculosa,,Animalia,49.2410510584,-123.2033167094,2024-04-27
210505657,Cybaeus,Soft Spiders,Arachnida,49.2411626605,-123.2033030062,2024-04-27
210505664,Pristoceuthophilus celatus,,Insecta,49.2411194399,-123.20340553,2024-04-27
210505670,Ariolimax columbianus,Pacific Banana Slug,Mollusca,49.24116945,-123.20335628,2024-04-27
210505679,Guepiniopsis alpina,alpine jelly cone,Fungi,49.2412231894,-123.2034694535,2024-04-27
210505738,Geranium robertianum,Herb Robert,Plantae,49.246945,-122.9085916667,2024-04-27
210505761,Ribes sanguineum,Red-flowering Currant,Plantae,49.3062930981,-123.0018825807,2024-04-27
210506035,Lamium galeobdolon,yellow archangel,Plantae,49.2468916667,-122.908675,2024-04-27
210506084,Sorbus,Rowans and Mountain Ashes,Plantae,49.3062449951,-123.0019678834,2024-04-27
210506433,Lonicera ligustrina,Boxleaf Honeysuckle,Plantae,49.306585967,-123.0020553941,2024-04-27
210506533,Symphoricarpos albus,Common Snowberry,Plantae,49.2667706,-123.1211589,2024-04-27
210506621,Daphne laureola,Spurge-laurel,Plantae,49.2665855,-123.12094949,2024-04-27
210506682,Agelaius phoeniceus,Red-winged Blackbird,Aves,49.21907,-123.21328,2024-04-26
210506705,Equisetum telmateia,great horsetail,Plantae,49.26658435,-123.12096799,2024-04-27
210506904,Geranium robertianum,Herb Robert,Plantae,49.26648355,-123.12078763,2024-04-27
210506957,Acer macrophyllum,bigleaf maple,Plantae,49.3066030648,-123.0021257858,2024-04-27
210506969,Maianthemum dilatatum,Western Lily of the Valley,Plantae,49.026241,-122.662071,2024-04-27
210506971,Homalothecium fulgescens,tree mat homalothecium moss,Plantae,49.026241,-122.662071,2024-04-27
210506972,Cardamine flexuosa,wavy bittercress,Plantae,49.026241,-122.662071,2024-04-27
210506981,Radula complanata,Flat-leaved Scalewort,Plantae,49.026043,-122.661842,2024-04-27
210506985,Neckera douglasii,Douglas' Neckera Moss,Plantae,49.025967,-122.661766,2024-04-27
210506986,Trillium ovatum,Pacific trillium,Plantae,49.025879,-122.661674,2024-04-27
210506992,Dicentra formosa,Pacific Bleeding Heart,Plantae,49.025787,-122.661621,2024-04-27
210506994,Maianthemum racemosum,Solomon's plume,Plantae,49.025787,-122.661621,2024-04-27
210506999,Corylus avellana,common hazel,Plantae,49.025787,-122.661621,2024-04-27
210507001,Reynoutria japonica,Japanese knotweed,Plantae,49.2469116667,-122.9087216667,2024-04-27
210507009,Trillium ovatum,Pacific trillium,Plantae,49.025787,-122.661621,2024-04-27
210507010,Populus trichocarpa,black cottonwood,Plantae,49.025787,-122.661621,2024-04-27
210507011,Hylocomiadelphus triquetrus,rough goose neck moss,Plantae,49.025787,-122.661621,2024-04-27
210507022,Rubus parviflorus,thimbleberry,Plantae,49.025639,-122.661545,2024-04-27
210507023,Thuja plicata,western redcedar,Plantae,49.025536,-122.661537,2024-04-27
210507025,Maianthemum stellatum,star-flowered lily-of-the-valley,Plantae,49.025536,-122.661537,2024-04-27
210507036,Populus trichocarpa,black cottonwood,Plantae,49.025398,-122.661476,2024-04-27
210507046,Rubus spectabilis,Salmonberry,Plantae,49.025398,-122.661476,2024-04-27
210507048,Thuja plicata,western redcedar,Plantae,49.025467,-122.661293,2024-04-27
210507049,Trametes gibbosa,Lumpy Bracket,Fungi,49.025417,-122.661438,2024-04-27
210507051,Geum macrophyllum,Large-leaved Avens,Plantae,49.025417,-122.661438,2024-04-27
210507052,Dicentra formosa,Pacific Bleeding Heart,Plantae,49.025238,-122.661293,2024-04-27
210507053,Taraxacum officinale,common dandelion,Plantae,49.025238,-122.661293,2024-04-27
210507060,Circaea alpina,Alpine Enchanter's-nightshade,Plantae,49.025043,-122.661201,2024-04-27
210507065,Gymnocarpium disjunctum,Pacific oak fern,Plantae,49.025043,-122.661201,2024-04-27
210507066,Gymnocarpium disjunctum,Pacific oak fern,Plantae,49.025043,-122.661201,2024-04-27
210507067,Gymnocarpium disjunctum,Pacific oak fern,Plantae,49.025043,-122.661201,2024-04-27
210507071,Vinca minor,lesser periwinkle,Plantae,49.26655604,-123.12094929,2024-04-27
210507167,Lapsana communis,nipplewort,Plantae,49.26662423,-123.12092776,2024-04-27
210507198,Rubus bifrons,Himalayan Blackberry,Plantae,49.2468833333,-122.9086916667,2024-04-27
210507271,Polystichum munitum,western sword fern,Plantae,49.26663875,-123.12090551,2024-04-27
210507287,Lonicera involucrata,twinberry honeysuckle,Plantae,49.3065383572,-123.0021658573,2024-04-27
210507341,Symphoricarpos albus,Common Snowberry,Plantae,49.26664407,-123.12088844,2024-04-27
210507362,Equisetum telmateia,great horsetail,Plantae,49.26660259,-123.12070658,2024-04-27
210507529,Equisetum arvense,field horsetail,Plantae,49.26653289,-123.12092953,2024-04-27
210507779,Berberis aquifolium,Oregon grape,Plantae,49.26669214,-123.12102099,2024-04-27
210507871,Crataegus monogyna,common hawthorn,Plantae,49.3065959478,-123.0021973489,2024-04-27
210507935,Acer macrophyllum,bigleaf maple,Plantae,49.2469883333,-122.908645,2024-04-27
210507950,Hedera helix,common ivy,Plantae,49.26659944,-123.12106168,2024-04-27
210508108,Hyacinthoides hispanica,Spanish Bluebell,Plantae,49.247025,-122.90867,2024-04-27
210508141,Prunus,"plums, cherries, and allies",Plantae,49.3066853378,-123.0020504277,2024-04-27
210508156,Hypherpes,,Insecta,49.2407884981,-123.2041245428,2024-04-27
210508158,Berberis nervosa,Cascade Oregon-grape,Plantae,49.2407578537,-123.2040614294,2024-04-27
210508159,Neanuridae,Short-legged Springtails,Animalia,49.24079864,-123.20397234,2024-04-27
210508165,Lysichiton americanus,western skunk cabbage,Plantae,49.2413480149,-123.2035198006,2024-04-27
210508167,Ariolimax columbianus,Pacific Banana Slug,Mollusca,49.2413671929,-123.2035285724,2024-04-27
210508172,Arion ater,Black Slug,Mollusca,49.2413767819,-123.2035329582,2024-04-27
210508183,Pseudisothecium stoloniferum,Cat's Tail Moss,Plantae,49.2410591908,-123.2033368659,2024-04-27
210508193,Julida,Snake Millipedes,Animalia,49.241233655,-123.2035070438,2024-04-27
210508206,Gaultheria shallon,salal,Plantae,49.2408949401,-123.2036996855,2024-04-27
210508215,Plagiomnium insigne,Badge Moss,Plantae,49.2409175984,-123.2038057838,2024-04-27
210508222,Prunus laurocerasus,Cherry laurel,Plantae,49.24105596,-123.2038393185,2024-04-27
210508232,Arion,Arion Slugs,Mollusca,49.2410468181,-123.2038089867,2024-04-27
210508236,Rhiscosomides meineri,,Animalia,49.2408535572,-123.2037325491,2024-04-27
210508237,Vespericola columbianus,Northwest Hesperian,Mollusca,49.2409382891,-123.2038426463,2024-04-27
210508241,Julida,Snake Millipedes,Animalia,49.2409022654,-123.2038234628,2024-04-27
210508252,Ilex aquifolium,European holly,Plantae,49.240765073,-123.2038893991,2024-04-27
210508263,Tsuga heterophylla,western hemlock,Plantae,49.2407162461,-123.2038442585,2024-04-27
210508270,Agaricales,Common Gilled Mushrooms and Allies,Fungi,49.2406805995,-123.2037534172,2024-04-27
210508279,Polystichum munitum,western sword fern,Plantae,49.2665773,-123.12103134,2024-04-27
210508283,Rhytidiadelphus loreus,Lanky Moss,Plantae,49.24060885,-123.20374643,2024-04-27
210508297,Sorbus,Rowans and Mountain Ashes,Plantae,49.24060885,-123.20374643,2024-04-27
210508306,Vespericola columbianus,Northwest Hesperian,Mollusca,49.24060885,-123.20374643,2024-04-27
210508322,Oniscus asellus,Common Shiny Woodlouse,Animalia,49.24060885,-123.20374643,2024-04-27
210508333,Entomobryomorpha,Elongate Springtails,Animalia,49.24060885,-123.20374643,2024-04-27
210508343,Lysichiton americanus,western skunk cabbage,Plantae,49.24060885,-123.20374643,2024-04-27
210508351,Ariolimax columbianus,Pacific Banana Slug,Mollusca,49.24060885,-123.20374643,2024-04-27
210508357,Tomoceroidea,,Animalia,49.24060885,-123.20374643,2024-04-27
210508364,Linopodes,,Arachnida,49.24060885,-123.20374643,2024-04-27
210508375,Agaricales,Common Gilled Mushrooms and Allies,Fungi,49.24060885,-123.20374643,2024-04-27
210508385,Struthiopteris spicant,deer fern,Plantae,49.24060885,-123.20374643,2024-04-27
210508391,Plethodon vehiculum,Western Red-backed Salamander,Amphibia,49.24060885,-123.20374643,2024-04-27
210508397,Rubus spectabilis,Salmonberry,Plantae,49.24060885,-123.20374643,2024-04-27
210508404,Agaricales,Common Gilled Mushrooms and Allies,Fungi,49.24060885,-123.20374643,2024-04-27
210508411,Oniscus asellus,Common Shiny Woodlouse,Animalia,49.24060885,-123.20374643,2024-04-27
210508417,Thuja plicata,western redcedar,Plantae,49.24083257,-123.20421344,2024-04-27
210508426,Rubus armeniacus,Armenian Blackberry,Plantae,49.26651202,-123.12109109,2024-04-27
210508427,Dryopteris expansa,spreading wood fern,Plantae,49.2408465299,-123.20427195,2024-04-27
210508434,Dicranales,,Plantae,49.2408319111,-123.2042139534,2024-04-27
210508453,Alnus rubra,Red Alder,Plantae,49.3066117232,-123.0019336519,2024-04-27
210508499,Clematis vitalba,Old man's beard,Plantae,49.247075,-122.908845,2024-04-27
210508621,Dicentra formosa,Pacific Bleeding Heart,Plantae,49.24733,-122.90912,2024-04-27
210508625,Impatiens parviflora,small balsam,Plantae,49.26649516,-123.12100188,2024-04-27
210508667,Oemleria cerasiformis,Osoberry,Plantae,49.3068835879,-123.002246345,2024-04-27
210508896,Crataegus monogyna,common hawthorn,Plantae,49.3067637891,-123.002121131,2024-04-27
210509084,Taraxacum officinale,common dandelion,Plantae,49.2473216667,-122.909095,2024-04-27
210509232,Cardamine flexuosa,wavy bittercress,Plantae,49.2471383333,-122.9088216667,2024-04-27
210509398,Oreoscoptes montanus,Sage Thrasher,Aves,49.3266739266,-123.1529576822,2024-04-27
210509438,Myosotis scorpioides,water forget-me-not,Plantae,49.2471166667,-122.9088966667,2024-04-27
210509603,Tracheophyta,Vascular Plants,Plantae,49.21728,-123.20897,2024-04-26
210509604,Fraxinus excelsior,European ash,Plantae,49.26655862,-123.12078311,2024-04-27
210509774,Rorippa curvisiliqua,curvepod yellowcress,Plantae,49.24732,-122.90937,2024-04-27
210509833,Berberis aquifolium,Oregon grape,Plantae,49.2664908,-123.12123386,2024-04-27
210509951,Daphne laureola,Spurge-laurel,Plantae,49.21728,-123.20897,2024-04-26
210510070,Polystichum munitum,western sword fern,Plantae,49.24733,-122.9092633333,2024-04-27
210510173,Symphoricarpos,snowberries,Plantae,49.2171883333,-123.209075,2024-04-26
210510346,Bombus vosnesenskii,Yellow-faced Bumble Bee,Insecta,49.26624621,-123.12117367,2024-04-27
210510454,Populus trichocarpa,black cottonwood,Plantae,49.2473833333,-122.909005,2024-04-27
210510462,Acer macrophyllum,bigleaf maple,Plantae,49.26633319,-123.12126557,2024-04-27
210510565,Pinus contorta,lodgepole pine,Plantae,49.21705,-123.209045,2024-04-26
210510949,Nidula candida,jellied bird's nest fungus,Fungi,49.2404935499,-123.2047579578,2024-04-27
210510951,Acer circinatum,Vine Maple,Plantae,49.2403669086,-123.2047057841,2024-04-27
210510954,Polystichum munitum,western sword fern,Plantae,49.2400767129,-123.2047090914,2024-04-27
210510956,Lysichiton americanus,western skunk cabbage,Plantae,49.240035375,-123.2045870621,2024-04-27
210510968,Scathophaga,,Insecta,49.2399979285,-123.2047932604,2024-04-27
210510981,Sambucus racemosa,red-berried elder,Plantae,49.2399895494,-123.2048236628,2024-04-27
210510993,Struthiopteris spicant,deer fern,Plantae,49.2399185321,-123.204934486,2024-04-27
210510995,Camelinodae,,Plantae,49.2197887667,-123.2079024983,2024-04-26
210510998,Rumex obtusifolius,broad-leaved dock,Plantae,49.2205000367,-123.2079078633,2024-04-26
210511000,Rubus spectabilis,Salmonberry,Plantae,49.220853915,-123.208664245,2024-04-26
210511007,Mycelis muralis,Wall Lettuce,Plantae,49.2397828077,-123.204900756,2024-04-27
210511028,Plagiomnium insigne,Badge Moss,Plantae,49.2396659232,-123.2047251742,2024-04-27
210511049,Ophyiulus pilosus,Furry Snake Millipede,Animalia,49.2396699753,-123.204681129,2024-04-27
210511065,Ptenothrix maculosa,,Animalia,49.2396726138,-123.2046524485,2024-04-27
210511075,Mollisia cinerea,common grey disco,Fungi,49.2396731793,-123.2046463026,2024-04-27
210511085,Enchytraeidae,Potworms,Animalia,49.2396749696,-123.2046268408,2024-04-27
210511094,Scapania,,Plantae,49.239574412,-123.2049234451,2024-04-27
210511098,Crataegus,hawthorns,Plantae,49.2170966667,-123.2103716667,2024-04-26
210511102,Pristoceuthophilus celatus,,Insecta,49.239601437,-123.2048047355,2024-04-27
210511112,Tomocerinae,,Animalia,49.2396396032,-123.2049253709,2024-04-27
210511118,Ophyiulus pilosus,Furry Snake Millipede,Animalia,49.2396503543,-123.2049593527,2024-04-27
210511119,Dryopteris expansa,spreading wood fern,Plantae,49.025043,-122.661201,2024-04-27
210511121,Lepidozia reptans,Creeping Fingerwort,Plantae,49.025043,-122.661201,2024-04-27
210511122,Scapania bolanderi,Yellow-ladle Liverwort,Plantae,49.025043,-122.661201,2024-04-27
210511128,Leucolepis acanthoneura,Menzies' Tree Moss,Plantae,49.025043,-122.661201,2024-04-27
210511130,Bryopsida,Joint-toothed Mosses,Plantae,49.24079864,-123.20397234,2024-04-27
210511131,Hylocomiadelphus triquetrus,rough goose neck moss,Plantae,49.024944,-122.661362,2024-04-27
210511132,Polyporaceae,Bracket Fungi,Fungi,49.024944,-122.661362,2024-04-27
210511133,Leucolepis acanthoneura,Menzies' Tree Moss,Plantae,49.024944,-122.661362,2024-04-27
210511136,Kindbergia,,Plantae,49.24079864,-123.20397234,2024-04-27
210511137,Neckera menziesii,Menzies' metaneckera moss,Plantae,49.024944,-122.661362,2024-04-27
210511138,Tetraphis pellucida,Tetraphis Moss,Plantae,49.024876,-122.661125,2024-04-27
210511149,Rhizomnium glabrescens,rhizomnium moss,Plantae,49.2405461436,-123.2045006001,2024-04-27
210511150,Tetraphis pellucida,Tetraphis Moss,Plantae,49.024876,-122.661125,2024-04-27
210511151,Bazzania denudata,Bazzania Liverwort,Plantae,49.024876,-122.661125,2024-04-27
210511152,Tetraphis pellucida,Tetraphis Moss,Plantae,49.024876,-122.661125,2024-04-27
210511160,Leucolepis acanthoneura,Menzies' Tree Moss,Plantae,49.024704,-122.661095,2024-04-27
210511162,Leucolepis acanthoneura,Menzies' Tree Moss,Plantae,49.024429,-122.660759,2024-04-27
210511163,Hypherpes,,Insecta,49.2405900856,-123.2045903302,2024-04-27
210511164,Junco hyemalis,Dark-eyed Junco,Aves,49.024517,-122.660927,2024-04-27
210511171,Parmelia sulcata,Netted shield lichen,Fungi,49.024361,-122.660881,2024-04-27
210511172,Trillium ovatum,Pacific trillium,Plantae,49.024242,-122.660957,2024-04-27
210511173,Orthotrichum pulchellum,Elegant Bristle-moss,Plantae,49.024361,-122.660881,2024-04-27
210511175,Usofila pacifica,,Arachnida,49.24064699,-123.20454784,2024-04-27
210511180,Acer circinatum,Vine Maple,Plantae,49.240647757,-123.2045540898,2024-04-27
210511182,Trillium ovatum,Pacific trillium,Plantae,49.02425,-122.660988,2024-04-27
210511183,Tetraphis pellucida,Tetraphis Moss,Plantae,49.024162,-122.660881,2024-04-27
210511184,Polypodium glycyrrhiza,licorice fern,Plantae,49.0242,-122.66111,2024-04-27
210511189,Ilex aquifolium,European holly,Plantae,49.2406454965,-123.2047959822,2024-04-27
210511195,Lepidozia reptans,Creeping Fingerwort,Plantae,49.024162,-122.660881,2024-04-27
210511202,Pteridium aquilinum,common bracken,Plantae,49.2406903407,-123.2047895201,2024-04-27
210511203,Tetraphis pellucida,Tetraphis Moss,Plantae,49.024265,-122.660904,2024-04-27
210511209,Homalothecium fulgescens,tree mat homalothecium moss,Plantae,49.2473616667,-122.9091333333,2024-04-27
210511210,Dacrymycetes,,Fungi,49.2406191319,-123.2046837447,2024-04-27
210511215,Lepidozia reptans,Creeping Fingerwort,Plantae,49.024143,-122.660919,2024-04-27
210511216,Trillium ovatum,Pacific trillium,Plantae,49.024055,-122.660889,2024-04-27
210511217,Cetrelia cetrarioides,Speckled Rag Lichen,Fungi,49.024055,-122.660889,2024-04-27
210511219,Pellia neesiana,Ring Pellia,Plantae,49.24070626,-123.20493686,2024-04-27
210511220,Antitrichia curtipendula,Pendulous Wing-moss,Plantae,49.024055,-122.660889,2024-04-27
210511221,Pulvigera papillosa,,Plantae,49.024055,-122.660889,2024-04-27
210511226,Tsuga heterophylla,western hemlock,Plantae,49.24081506,-123.2049108,2024-04-27
210511228,Sambucus racemosa,red-berried elder,Plantae,49.023888,-122.66069,2024-04-27
210511229,Rhytidiadelphus loreus,Lanky Moss,Plantae,49.023968,-122.660835,2024-04-27
210511230,Trillium ovatum,Pacific trillium,Plantae,49.023888,-122.66069,2024-04-27
210511239,Rhizomnium glabrescens,rhizomnium moss,Plantae,49.24080391,-123.20488379,2024-04-27
210511242,Acer macrophyllum,bigleaf maple,Plantae,49.023888,-122.66069,2024-04-27
210511243,Urtica gracilis,slender stinging nettle,Plantae,49.023888,-122.66069,2024-04-27
210511246,Oniscus asellus,Common Shiny Woodlouse,Animalia,49.2408095616,-123.2049376362,2024-04-27
210511247,Populus trichocarpa,black cottonwood,Plantae,49.023769,-122.660461,2024-04-27
210511248,Gastropoda,Gastropods,Mollusca,49.023823,-122.660591,2024-04-27
210511254,Dryopteris expansa,spreading wood fern,Plantae,49.2408621996,-123.2050203335,2024-04-27
210511260,Lysichiton americanus,western skunk cabbage,Plantae,49.24083949,-123.20496266,2024-04-27
210511265,Oniscus asellus,Common Shiny Woodlouse,Animalia,49.24081351,-123.20489035,2024-04-27
210511274,Dicranum,Forkmosses,Plantae,49.24078438,-123.20487993,2024-04-27
210511284,Pseudisothecium stoloniferum,Cat's Tail Moss,Plantae,49.2407217358,-123.2046758677,2024-04-27
210511295,Ptenothrix delongi,,Animalia,49.2406572404,-123.2047175812,2024-04-27
210511297,Liliopsida,Monocots,Plantae,49.2406100205,-123.2047481215,2024-04-27
210511299,Scolopocryptops spinicaudus,Thorn-tailed Bark Centipede,Animalia,49.2405823796,-123.2047659987,2024-04-27
210511302,Ophyiulus pilosus,Furry Snake Millipede,Animalia,49.2405512835,-123.2047861106,2024-04-27
210511307,Fungi,Fungi Including Lichens,Fungi,49.2405397665,-123.2047935595,2024-04-27
210511534,Alnus alnobetula,green alder,Plantae,49.2170916667,-123.2104716667,2024-04-26
210511609,Geranium robertianum,Herb Robert,Plantae,49.2476166667,-122.9094616667,2024-04-27
210511631,Berberis aquifolium,Oregon grape,Plantae,49.26636422,-123.12141101,2024-04-27
210511665,Prunus domestica,Plum,Plantae,49.2050267951,-123.0118922794,2024-04-27
210511943,Gastropoda,Gastropods,Mollusca,49.2880595991,-123.0181731329,2024-04-27
210511969,Laburnum anagyroides,Common Laburnum,Plantae,49.2663402,-123.1214024,2024-04-27
210512087,Acer macrophyllum,bigleaf maple,Plantae,49.26617603,-123.12139874,2024-04-27
210512119,Nebria brevicollis,European Gazelle Beetle,Insecta,49.2702077844,-123.1755150321,2024-04-27
210512166,Cerastium glomeratum,Sticky mouse-ear chickweed,Plantae,49.14147583,-123.18119765,2024-04-27
210512239,Ophyiulus,,Animalia,49.3493529756,-123.1914972938,2024-04-27
210512288,Medicago lupulina,Black Medick,Plantae,49.14117216,-123.18201498,2024-04-27
210512328,Kobeltia,hortensis-group Arion Slugs,Mollusca,49.266999313,-123.1866294209,2024-04-27
210512415,Rubus spectabilis,Salmonberry,Plantae,49.2782072761,-123.1769389326,2024-04-27
210512448,Rosa nutkana,Nootka rose,Plantae,49.2210816583,-123.2094742733,2024-04-26
210512456,Vicia sativa,Common Vetch,Plantae,49.14109619,-123.18211454,2024-04-27
210512464,Thuja plicata,western redcedar,Plantae,49.26632175,-123.12186627,2024-04-27
210512509,Amelanchier alnifolia,Saskatoon,Plantae,49.26640879,-123.12191435,2024-04-27
210512532,Funaria hygrometrica,Bonfire moss,Plantae,49.14110727,-123.18211332,2024-04-27
210512545,Pseudotsuga menziesii,Douglas-fir,Plantae,49.26635305,-123.12181574,2024-04-27
210512634,Acer palmatum,Acer ser. Palmata,Plantae,49.3189810467,-123.1236376326,2024-04-27
210512637,Thuja plicata,western redcedar,Plantae,49.26636698,-123.12183918,2024-04-27
210512690,Ranunculus repens,Creeping buttercup,Plantae,49.14114201,-123.18219232,2024-04-27
210512761,Galium,bedstraws,Plantae,49.2717176815,-123.1384211829,2024-04-27
210512817,Capsella bursa-pastoris,shepherd's-purse,Plantae,49.14110962,-123.18275634,2024-04-27
210512907,Matricaria discoidea,pineapple-weed,Plantae,49.14112236,-123.1830229,2024-04-27
210512913,Oxalis oregana,Oregon woodsorrel,Plantae,49.3721902595,-123.1798909534,2024-04-27
210512998,Passeriformes,Perching Birds,Aves,49.14086755,-123.18560302,2024-04-27
210513040,Ptychostomum pseudotriquetrum,Long-leaved Thread Moss,Plantae,49.14082389,-123.18543047,2024-04-27
210513118,Cymbalaria muralis,Ivy-leaved toadflax,Plantae,49.3454175562,-123.1355803811,2024-04-27
210513151,Sphaerulina,,Fungi,49.14070207,-123.18578754,2024-04-27
210513309,Lumbricidae,Lumbricid Earthworms,Animalia,49.3442661888,-123.0644185353,2024-04-27
210513460,Salix scouleriana,Scouler's willow,Plantae,49.26633877,-123.12180377,2024-04-27
210513467,Lumbricus terrestris,Nightcrawler,Animalia,49.1409083,-123.18707139,2024-04-27
210513498,Papaver cambricum,Welsh Poppy,Plantae,49.2239991065,-123.0161797577,2024-04-27
210513570,Pinus contorta,lodgepole pine,Plantae,49.2211131917,-123.2099463417,2024-04-26
210513573,Selasphorus rufus,Rufous Hummingbird,Aves,49.2213304217,-123.210096545,2024-04-26
210513592,Geranium molle,Dove's-foot crane's-bill,Plantae,49.14022855,-123.18710138,2024-04-27
210513611,Cymbalaria muralis,Ivy-leaved toadflax,Plantae,49.2694435327,-123.1170029077,2024-04-27
210513695,Pseudothelomma occidentale,,Fungi,49.14018077,-123.18700324,2024-04-27
210513727,Syringa vulgaris,common lilac,Plantae,49.26642044,-123.12177788,2024-04-27
210513768,Nectria cinnabarina,Coral Spot,Fungi,49.14018819,-123.18702738,2024-04-27
210513876,Lumbricus terrestris,Nightcrawler,Animalia,49.14007871,-123.18707151,2024-04-27
210513950,Arion intermedius,Hedgehog Slug,Mollusca,49.14002981,-123.18712634,2024-04-27
210514053,Arthoniales,,Fungi,49.13952905,-123.18715752,2024-04-27
210514160,Ramularia rubella,,Fungi,49.13917109,-123.1869824,2024-04-27
210514256,Chrysotrichaceae,,Fungi,49.13837848,-123.18719512,2024-04-27
210514304,Ardea herodias,Great Blue Heron,Aves,49.2851735157,-122.8401804013,2024-04-27
210514474,Pseudotsuga menziesii,Douglas-fir,Plantae,49.26641391,-123.12207307,2024-04-27
210514567,Berberis aquifolium,Oregon grape,Plantae,49.2213023933,-123.2107617333,2024-04-26
210514568,Lathyrus japonicus,seaside pea,Plantae,49.2214075033,-123.21176488,2024-04-26
210514605,Pseudotsuga menziesii,Douglas-fir,Plantae,49.266368,-123.12221278,2024-04-27
210514637,Haliaeetus leucocephalus,Bald Eagle,Aves,49.2808624181,-122.8421544268,2024-04-27
210514658,Byssomerulius corium,Netted Crust,Fungi,49.13836037,-123.18712354,2024-04-27
210514726,Oniscus asellus,Common Shiny Woodlouse,Animalia,49.2388998643,-123.2039911918,2024-04-27
210514727,Mycelis muralis,Wall Lettuce,Plantae,49.2387917219,-123.2041204677,2024-04-27
210514731,Dryopteris expansa,spreading wood fern,Plantae,49.2387818908,-123.2041322201,2024-04-27
210514735,Acer circinatum,Vine Maple,Plantae,49.23879535,-123.20421295,2024-04-27
210514736,Oniscus asellus,Common Shiny Woodlouse,Animalia,49.23875121,-123.20420686,2024-04-27
210514746,Tsuga heterophylla,western hemlock,Plantae,49.23869137,-123.20418384,2024-04-27
210514758,Linyphiidae,Sheetweb and Dwarf Weavers,Arachnida,49.2386499951,-123.2041813265,2024-04-27
210514764,Ptenothrix maculosa,,Animalia,49.2386254237,-123.2041802931,2024-04-27
210514772,Dendrolasma mirabile,,Arachnida,49.2386083306,-123.2041795742,2024-04-27
210514776,Berberis aquifolium,Oregon grape,Plantae,49.26631943,-123.12221562,2024-04-27
210514783,Rubus spectabilis,Salmonberry,Plantae,49.23960802,-123.20483015,2024-04-27
210514788,Hedera hibernica,Atlantic Ivy,Plantae,49.2394284702,-123.2048237394,2024-04-27
210514798,Hylocomium splendens,stairstep moss,Plantae,49.2393942876,-123.2048181273,2024-04-27
210514806,Dryopteris expansa,spreading wood fern,Plantae,49.23941316,-123.20476404,2024-04-27
210514811,Hylocomium splendens,stairstep moss,Plantae,49.23937119,-123.20474711,2024-04-27
210514818,Acer circinatum,Vine Maple,Plantae,49.23931931,-123.2047031,2024-04-27
210514824,Kindbergia,,Plantae,49.23925591,-123.20480265,2024-04-27
210514826,Polycauliona polycarpa,Pin-cushion Sunburst Lichen,Fungi,49.13836571,-123.18713571,2024-04-27
210514829,Ophyiulus pilosus,Furry Snake Millipede,Animalia,49.2392720009,-123.2047779666,2024-04-27
210514832,Agaricales,Common Gilled Mushrooms and Allies,Fungi,49.2390729452,-123.2046077944,2024-04-27
210514841,Entomobrya,,Animalia,49.2390644338,-123.2045841929,2024-04-27
210514846,Lumbricidae,Lumbricid Earthworms,Animalia,49.2390131824,-123.2047011113,2024-04-27
210514848,Bucephala albeola,Bufflehead,Aves,49.2808624181,-122.8421544268,2024-04-27
210514854,Dinothenarus,,Insecta,49.2389739889,-123.2047355331,2024-04-27
210514859,Rubus spectabilis,Salmonberry,Plantae,49.2389976298,-123.2046846596,2024-04-27
210514867,Araneomorphae,Typical Spiders,Arachnida,49.2388460319,-123.2046667721,2024-04-27
210514875,Stemonitidales,,Protozoa,49.2389666599,-123.2045812201,2024-04-27
210514882,Ptenothrix maculosa,,Animalia,49.2389360776,-123.2046377092,2024-04-27
210514894,Oniscus asellus,Common Shiny Woodlouse,Animalia,49.2388300123,-123.2045817532,2024-04-27
210514904,Mollisia cinerea,common grey disco,Fungi,49.2388253182,-123.2045936099,2024-04-27
210514913,Dacrymyces stillatus,Jelly Spot Fungus,Fungi,49.2388229636,-123.2045724158,2024-04-27
210514924,Lysimachia latifolia,Western Starflower,Plantae,49.2388198733,-123.2045445985,2024-04-27
210514933,Guepiniopsis alpina,alpine jelly cone,Fungi,49.2388145756,-123.2044969118,2024-04-27
210514945,Lysimachia latifolia,Western Starflower,Plantae,49.23887432,-123.20421279,2024-04-27
210514961,Lepraria finkii,Fluffy Dust Lichen,Fungi,49.23887437,-123.20426204,2024-04-27
210514974,Guepiniopsis alpina,alpine jelly cone,Fungi,49.23885201,-123.20401126,2024-04-27
210514975,Rilaena,,Arachnida,49.2388917243,-123.2040988306,2024-04-27
210514976,Pterostichus herculaneus,,Insecta,49.2389898915,-123.2043152309,2024-04-27
210514989,Kindbergia oregana,Oregon Beaked Moss,Plantae,49.2387649866,-123.204407636,2024-04-27
210514991,Oniscus asellus,Common Shiny Woodlouse,Animalia,49.2387756387,-123.2043308972,2024-04-27
210514992,Polyxenus,,Animalia,49.2387793983,-123.204303813,2024-04-27
210515012,Polyxenus,,Animalia,49.2387925568,-123.2042090181,2024-04-27
210515030,Porcellio scaber,Common Rough Woodlouse,Animalia,49.2388182472,-123.2040239424,2024-04-27
210515047,Polyxenus,,Animalia,49.23885986,-123.20401149,2024-04-27
210515049,Thuja plicata,western redcedar,Plantae,49.2388540012,-123.2040246212,2024-04-27
210515050,Rilaena,,Arachnida,49.2388166918,-123.2040329619,2024-04-27
210515176,Tilia platyphyllos,Bigleaf Linden,Plantae,49.26630703,-123.12226707,2024-04-27
210515207,Corvus brachyrhynchos,American Crow,Aves,49.2808624181,-122.8421544268,2024-04-27
210515361,Maianthemum racemosum,Solomon's plume,Plantae,49.26631772,-123.12232803,2024-04-27
210515456,Sturnus vulgaris,European Starling,Aves,49.13871881,-123.18718168,2024-04-27
210515503,Circinaria contorta,Chiseled Sunken Disk Lichen,Fungi,49.13890292,-123.18792271,2024-04-27
210515513,Carex macrocephala,big-head sedge,Plantae,49.22128137,-123.2125641767,2024-04-26
210515516,Cladonia,pixie cup and reindeer lichens,Fungi,49.22072778,-123.2122047617,2024-04-26
210515546,Polygonatum multiflorum,Solomon's-seal,Plantae,49.26633876,-123.12238468,2024-04-27
210515720,Candelariella vitellina,Common Goldspeck,Fungi,49.13885615,-123.18805973,2024-04-27
210515841,Polystichum munitum,western sword fern,Plantae,49.26639183,-123.12262393,2024-04-27
210515898,Zonotrichia leucophrys,White-crowned Sparrow,Aves,49.1396752798,-123.1871142983,2024-04-27
210515963,Myriolecis dispersa,Mortar Rim Lichen,Fungi,49.14015136,-123.18728475,2024-04-27
210516057,Sturnus vulgaris,European Starling,Aves,49.2808624181,-122.8421544268,2024-04-27
210516093,Lamium galeobdolon,yellow archangel,Plantae,49.26641787,-123.1226308,2024-04-27
210516147,Parmelia sulcata,Netted shield lichen,Fungi,49.14031336,-123.18738396,2024-04-27
210516150,Vespula germanica,German Yellowjacket,Insecta,49.0328796361,-123.0739567998,2024-04-27
210516183,Ranunculus acris,meadow buttercup,Plantae,49.26641066,-123.12272451,2024-04-27
210516336,Thuja plicata,western redcedar,Plantae,49.26643697,-123.12276272,2024-04-27
210516361,Cladonia fimbriata,Trumpet Lichen,Fungi,49.14021251,-123.18760372,2024-04-27
210516376,Symphoricarpos albus,Common Snowberry,Plantae,49.26646166,-123.1228719,2024-04-27
210516410,Nannopterum auritum,Double-crested Cormorant,Aves,49.2808624181,-122.8421544268,2024-04-27
210516477,Veronica filiformis,Slender speedwell,Plantae,49.1402033,-123.18827879,2024-04-27
210516509,Aythya collaris,Ring-necked Duck,Aves,49.220461495,-123.2112767167,2024-04-26
210516510,Aythya collaris,Ring-necked Duck,Aves,49.220461495,-123.2112767167,2024-04-26
210516512,Aythya collaris,Ring-necked Duck,Aves,49.220461495,-123.2112767167,2024-04-26
210516696,Nannopterum auritum,Double-crested Cormorant,Aves,49.2808624181,-122.8421544268,2024-04-27
210516738,Tuckermanopsis orbata,variable wrinkle-lichen,Fungi,49.14020891,-123.19016591,2024-04-27
210516844,Larus,Large White-headed Gulls,Aves,49.14020537,-123.19157459,2024-04-27
210516876,Anaphalis,everlastings,Plantae,49.14133678,-123.19408313,2024-04-27
210516997,Lonicera involucrata,twinberry honeysuckle,Plantae,49.221379475,-123.2113679117,2024-04-26
210517123,Anas crecca,Green-winged Teal,Aves,49.2808624181,-122.8421544268,2024-04-27
210517223,Berberis aquifolium,Oregon grape,Plantae,49.26640728,-123.12294886,2024-04-27
210517246,Lepidium heterophyllum,Smith's Cress,Plantae,49.01538055,-123.0414778333,2024-04-27
210517371,Entomobryomorpha,Elongate Springtails,Animalia,49.23771766,-123.20342486,2024-04-27
210517372,Limax maximus,Leopard Slug,Mollusca,49.23771766,-123.20342486,2024-04-27
210517373,Arion,ater-group Arion Slugs,Mollusca,49.23771766,-123.20342486,2024-04-27
210517379,Geum macrophyllum,Large-leaved Avens,Plantae,49.23771766,-123.20342486,2024-04-27
210517381,Graphis scripta,Common Script Lichen,Fungi,49.23771766,-123.20342486,2024-04-27
210517382,Thuja plicata,western redcedar,Plantae,49.2385342901,-123.2040321497,2024-04-27
210517384,Polystichum munitum,western sword fern,Plantae,49.2385365202,-123.2040447303,2024-04-27
210517386,Vaccinium,"blueberries, cranberries, and allies",Plantae,49.2385173901,-123.2040633066,2024-04-27
210517387,Pseudotsuga menziesii,Douglas-fir,Plantae,49.2385053377,-123.2040855152,2024-04-27
210517390,Guepiniopsis alpina,alpine jelly cone,Fungi,49.2383723965,-123.2041634921,2024-04-27
210517391,Rubus,brambles,Plantae,49.2383158623,-123.2039064762,2024-04-27
210517392,Tomocerus minor,,Animalia,49.2382222502,-123.2038230048,2024-04-27
210517395,Tomocerus minor,,Animalia,49.2382188609,-123.2038163035,2024-04-27
210517396,Bryopsida,Joint-toothed Mosses,Plantae,49.2381918072,-123.2038331657,2024-04-27
210517397,Plagiomnium insigne,Badge Moss,Plantae,49.2380051819,-123.2039060592,2024-04-27
210517407,Acer circinatum,Vine Maple,Plantae,49.2380866933,-123.2039343231,2024-04-27
210517412,Larus brachyrhynchus,Short-billed Gull,Aves,49.2808624181,-122.8421544268,2024-04-27
210517414,Rubus spectabilis,Salmonberry,Plantae,49.2381022395,-123.2037593696,2024-04-27
210517422,Alnus rubra,Red Alder,Plantae,49.2380539909,-123.2037653679,2024-04-27
210517424,Agaricales,Common Gilled Mushrooms and Allies,Fungi,49.2380946716,-123.2037127162,2024-04-27
210517425,Callobius pictus,,Arachnida,49.2381295283,-123.2036791825,2024-04-27
210517428,Limax maximus,Leopard Slug,Mollusca,49.2381479818,-123.2036614293,2024-04-27
210517429,Oniscus asellus,Common Shiny Woodlouse,Animalia,49.2381725866,-123.2036377584,2024-04-27
210517436,Julida,Snake Millipedes,Animalia,49.2382525514,-123.2035608657,2024-04-27
210517443,Galium,bedstraws,Plantae,49.2381772074,-123.2035658524,2024-04-27
210517454,Neanuridae,Short-legged Springtails,Animalia,49.2380520222,-123.2036982811,2024-04-27
210517458,Tomocerus minor,,Animalia,49.2382610759,-123.2036798121,2024-04-27
210517464,Pteridium aquilinum,common bracken,Plantae,49.23808482,-123.20368661,2024-04-27
210517475,Geranium robertianum,Herb Robert,Plantae,49.23801283,-123.20380402,2024-04-27
210517482,Acer pseudoplatanus,sycamore maple,Plantae,49.23805532,-123.20380081,2024-04-27
210517491,Spiraea douglasii,Rose Spirea,Plantae,49.26671313,-123.12320528,2024-04-27
210517494,Geum macrophyllum,Large-leaved Avens,Plantae,49.2379919008,-123.2038471419,2024-04-27
210517509,Opiliones,Harvestmen,Arachnida,49.2379463558,-123.2038229595,2024-04-27
210517516,Philoscia muscorum,Common Striped Woodlouse,Animalia,49.2378864282,-123.2037911404,2024-04-27
210517518,Rubus spectabilis,Salmonberry,Plantae,49.2378069,-123.20363789,2024-04-27
210517521,Symphoricarpos albus,Common Snowberry,Plantae,49.2378069,-123.20363789,2024-04-27
210517522,Epilobium ciliatum,fringed willowherb,Plantae,49.2377157592,-123.2034651021,2024-04-27
210517527,Philoscia muscorum,Common Striped Woodlouse,Animalia,49.23775327,-123.20341215,2024-04-27
210517529,Coleoptera,Beetles,Insecta,49.23775327,-123.20341215,2024-04-27
210517530,Julida,Snake Millipedes,Animalia,49.23772193,-123.2033453,2024-04-27
210517535,Arion,ater-group Arion Slugs,Mollusca,49.23772193,-123.2033453,2024-04-27
210517541,Tomoceroidea,,Animalia,49.23771766,-123.20342486,2024-04-27
210517554,Physocarpus capitatus,Pacific ninebark,Plantae,49.26636281,-123.12325282,2024-04-27
210517613,Physocarpus capitatus,Pacific ninebark,Plantae,49.26644666,-123.12321935,2024-04-27
210517630,Larus glaucescens,Glaucous-winged Gull,Aves,49.2808624181,-122.8421544268,2024-04-27
210517711,Symphoricarpos albus,Common Snowberry,Plantae,49.26655564,-123.12318601,2024-04-27
210517749,Malus domestica,apple,Plantae,49.2211657483,-123.2103540367,2024-04-26
210517756,Picea pungens,blue spruce,Plantae,49.221228815,-123.2107134533,2024-04-26
210517804,Symphoricarpos albus,Common Snowberry,Plantae,49.26652981,-123.12319261,2024-04-27
210517921,Anas platyrhynchos,Mallard,Aves,49.2808624181,-122.8421544268,2024-04-27
210518146,Teesdalia nudicaulis,Shepherd's Cress,Plantae,49.015075,-123.0412333333,2024-04-27
210518202,Turdus migratorius,American Robin,Aves,49.2808624181,-122.8421544268,2024-04-27
210518330,Ardea herodias,Great Blue Heron,Aves,49.1260861667,-123.2005616667,2024-04-27
210518510,Dicentra formosa,Pacific Bleeding Heart,Plantae,49.023602,-122.660461,2024-04-27
210518512,Scolopocryptops spinicaudus,Thorn-tailed Bark Centipede,Animalia,49.023529,-122.660332,2024-04-27
210518514,Geophilomorpha,Soil Centipedes,Animalia,49.023529,-122.660332,2024-04-27
210518524,Circaea alpina,Alpine Enchanter's-nightshade,Plantae,49.023167,-122.660042,2024-04-27
210518525,Tellima grandiflora,fringe cups,Plantae,49.023167,-122.660042,2024-04-27
210518526,Rhytidiadelphus loreus,Lanky Moss,Plantae,49.023167,-122.660042,2024-04-27
210518537,Geum macrophyllum,Large-leaved Avens,Plantae,49.023026,-122.659943,2024-04-27
210518538,Galium odoratum,Sweet Woodruff,Plantae,49.023026,-122.659943,2024-04-27
210518543,Tellima grandiflora,fringe cups,Plantae,49.023026,-122.659943,2024-04-27
210518546,Veronica serpyllifolia,thyme-leaved speedwell,Plantae,49.023026,-122.659943,2024-04-27
210518548,Urtica gracilis,slender stinging nettle,Plantae,49.022873,-122.659698,2024-04-27
210518551,Sambucus racemosa,red-berried elder,Plantae,49.022873,-122.659698,2024-04-27
210518561,Circaea alpina,Alpine Enchanter's-nightshade,Plantae,49.022823,-122.659409,2024-04-27
210518564,Urtica gracilis,slender stinging nettle,Plantae,49.022732,-122.659302,2024-04-27
210518566,Pseudotsuga menziesii,Douglas-fir,Plantae,49.26667885,-123.12332928,2024-04-27
210518577,Cerastium glomeratum,Sticky mouse-ear chickweed,Plantae,49.022453,-122.658775,2024-04-27
210518578,Alchemilla,Lady's-mantles,Plantae,49.022453,-122.658775,2024-04-27
210518580,Prunella vulgaris,common selfheal,Plantae,49.022453,-122.658775,2024-04-27
210518585,Rubus ursinus,trailing blackberry,Plantae,49.022408,-122.658623,2024-04-27
210518588,Acer circinatum,Vine Maple,Plantae,49.022343,-122.658348,2024-04-27
210518596,Porella navicularis,Tree Ruffle Liverwort,Plantae,49.022343,-122.658348,2024-04-27
210518597,Graphis scripta,Common Script Lichen,Fungi,49.022343,-122.658348,2024-04-27
210518598,Pulvigera pringlei,,Plantae,49.022343,-122.658348,2024-04-27
210518609,Xanthorioideae,,Fungi,49.021988,-122.658295,2024-04-27
210518610,Physcia tenella,Fringed Rosette Lichen,Fungi,49.022404,-122.658531,2024-04-27
210518611,Plagiomnium insigne,Badge Moss,Plantae,49.021896,-122.658188,2024-04-27
210518622,Acer macrophyllum,bigleaf maple,Plantae,49.021896,-122.658188,2024-04-27
210518623,Stereodon subimponens,Curly Plait Moss,Plantae,49.021896,-122.658188,2024-04-27
210518636,Sambucus racemosa,red-berried elder,Plantae,49.02116,-122.658249,2024-04-27
210518637,Hylocomiadelphus triquetrus,rough goose neck moss,Plantae,49.021641,-122.658051,2024-04-27
210518648,Arion,Arion Slugs,Mollusca,49.021038,-122.657921,2024-04-27
210518649,Acer circinatum,Vine Maple,Plantae,49.021095,-122.658096,2024-04-27
210518650,Urtica gracilis,slender stinging nettle,Plantae,49.021038,-122.657921,2024-04-27
210518661,Antitrichia curtipendula,Pendulous Wing-moss,Plantae,49.020771,-122.657463,2024-04-27
210518662,Dryopteris expansa,spreading wood fern,Plantae,49.021038,-122.657921,2024-04-27
210518663,Porella cordaeana,Cliff Scalewort,Plantae,49.020683,-122.657593,2024-04-27
210518680,Plagiothecium undulatum,Waved Silk-moss,Plantae,49.020622,-122.657608,2024-04-27
210518681,Plagiothecium undulatum,Waved Silk-moss,Plantae,49.020622,-122.657608,2024-04-27
210518682,Circaea alpina,Alpine Enchanter's-nightshade,Plantae,49.020622,-122.657608,2024-04-27
210518879,Turdus migratorius,American Robin,Aves,49.2213216633,-123.2109387583,2024-04-26
210518880,Schoenoplectus pungens,three-square bulrush,Plantae,49.2198435717,-123.2115006817,2024-04-26
210519196,Geranium robertianum,Herb Robert,Plantae,49.0152888833,-123.0420221667,2024-04-27
210519260,Pseudotaxiphyllum elegans,Elegant Silk-moss,Plantae,49.3663893533,-123.1830728765,2024-04-27
210519382,Geranium molle,Dove's-foot crane's-bill,Plantae,49.01355,-123.0402166667,2024-04-27
210519830,Brachythecium albicans,Whitish Feather-moss,Plantae,49.2196613733,-123.2106101883,2024-04-26
210519874,Cirsium vulgare,Bull Thistle,Plantae,49.26654831,-123.12328411,2024-04-27
210520005,Tanacetum vulgare,tansy,Plantae,49.0158388833,-123.0423555,2024-04-27
210520177,Symphoricarpos albus,Common Snowberry,Plantae,49.26676275,-123.12328243,2024-04-27
210520352,Thuja plicata,western redcedar,Plantae,49.26681413,-123.12328334,2024-04-27
210520382,Polystichum munitum,western sword fern,Plantae,49.2374202401,-123.2046275709,2024-04-27
210520383,Porcellio scaber,Common Rough Woodlouse,Animalia,49.2375035479,-123.2046414471,2024-04-27
210520384,Tomocerus minor,,Animalia,49.2375762715,-123.204652049,2024-04-27
210520395,Oniscus asellus,Common Shiny Woodlouse,Animalia,49.2376074388,-123.2046565926,2024-04-27
210520396,Pteridium aquilinum,common bracken,Plantae,49.23771766,-123.20342486,2024-04-27
210520397,Linopodes,,Arachnida,49.2376074388,-123.2046565926,2024-04-27
210520408,Geranium robertianum,Herb Robert,Plantae,49.2377861146,-123.2031140076,2024-04-27
210520417,Homalothecium,homalothecium mosses,Plantae,49.2377044323,-123.2030649615,2024-04-27
210520418,Arion ater,Black Slug,Mollusca,49.2377698599,-123.2031270899,2024-04-27
210520423,Julida,Snake Millipedes,Animalia,49.2377291948,-123.2030881197,2024-04-27
210520427,Coprinellus,,Fungi,49.2376694295,-123.2029960993,2024-04-27
210520430,Oemleria cerasiformis,Osoberry,Plantae,49.2376699806,-123.203014316,2024-04-27
210520443,Rubus bifrons,Himalayan Blackberry,Plantae,49.2375826005,-123.2027625982,2024-04-27
210520453,Hypochaeris,Cat's-Ears,Plantae,49.2376680322,-123.2026638703,2024-04-27
210520454,Lomatium nudicaule,Barestem Biscuitroot,Plantae,49.0165111167,-123.0429055,2024-04-27
210520466,Atrichum undulatum,Catherine's moss,Plantae,49.2375301727,-123.2027080858,2024-04-27
210520478,Trifolium pratense,Red Clover,Plantae,49.2375409302,-123.2027187495,2024-04-27
210520491,Taraxacum,dandelions,Plantae,49.2376761294,-123.2028739757,2024-04-27
210520501,Polystichum munitum,western sword fern,Plantae,49.23772611,-123.20372777,2024-04-27
210520504,Ranunculus,buttercups,Plantae,49.23757552,-123.20381695,2024-04-27
210520505,Vinca minor,lesser periwinkle,Plantae,49.2375213141,-123.2038179227,2024-04-27
210520512,Ranunculus acris,meadow buttercup,Plantae,49.237438043,-123.2037410812,2024-04-27
210520514,Rubus spectabilis,Salmonberry,Plantae,49.23736941,-123.20367603,2024-04-27
210520516,Crataegus,hawthorns,Plantae,49.23733043,-123.20354778,2024-04-27
210520537,Oemleria cerasiformis,Osoberry,Plantae,49.23727519,-123.20354536,2024-04-27
210520547,Prunus,"plums, cherries, and allies",Plantae,49.23725068,-123.20353368,2024-04-27
210520557,Polystichum munitum,western sword fern,Plantae,49.26687756,-123.1235197,2024-04-27
210520558,Spiraea douglasii,Rose Spirea,Plantae,49.23722591,-123.20343762,2024-04-27
210520577,Tacamahaca,balsam poplars,Plantae,49.23722151,-123.20343142,2024-04-27
210520588,Berberis aquifolium,Oregon grape,Plantae,49.23731749,-123.20359869,2024-04-27
210520601,Homalothecium,homalothecium mosses,Plantae,49.23757224,-123.20381591,2024-04-27
210520615,Malus,apples and crabapples,Plantae,49.23761011,-123.20381534,2024-04-27
210520629,Crataegus,hawthorns,Plantae,49.2376670305,-123.2041217094,2024-04-27
210520641,Rubus spectabilis,Salmonberry,Plantae,49.2376586759,-123.204173396,2024-04-27
210520655,Thuja plicata,western redcedar,Plantae,49.2376327018,-123.2042362312,2024-04-27
210520669,Tenebrionidae,Darkling Beetles,Insecta,49.2375171186,-123.2046231781,2024-04-27
210520676,Arthropoda,Arthropods,Animalia,49.2375088394,-123.2045817506,2024-04-27
210520684,Gaultheria shallon,salal,Plantae,49.2375189641,-123.2044689269,2024-04-27
210520692,Mycelis muralis,Wall Lettuce,Plantae,49.2375261701,-123.20448947,2024-04-27
210520770,Aythya collaris,Ring-necked Duck,Aves,49.21773423,-123.2115972417,2024-04-26
210520774,Corvus brachyrhynchos,American Crow,Aves,49.220586375,-123.2123697167,2024-04-26
210520915,Plantago major,greater plantain,Plantae,49.26694134,-123.12328811,2024-04-27
210520930,Barbarea orthoceras,American yellowrocket,Plantae,49.017931,-123.044192,2024-04-27
210521073,Acer macrophyllum,bigleaf maple,Plantae,49.26697873,-123.1232366,2024-04-27
210521179,Polystichum munitum,western sword fern,Plantae,49.26697247,-123.12326238,2024-04-27
210521283,Thuja plicata,western redcedar,Plantae,49.26708809,-123.12320733,2024-04-27
210521310,Polygonatum multiflorum,Solomon's-seal,Plantae,49.26697023,-123.12333078,2024-04-27
210521851,Oplopanax horridus,Devil's Club,Plantae,49.26699303,-123.12332971,2024-04-27
210522062,Rumex acetosella,Sheep's sorrel,Plantae,49.2202219833,-123.2121765983,2024-04-26
210522063,Racomitrium elongatum,Elongate Rock Moss,Plantae,49.220158915,-123.2111359017,2024-04-26
210522066,Oenothera biennis,common evening-primrose,Plantae,49.220158915,-123.2111359017,2024-04-26
210522146,Sequoia sempervirens,coast redwood,Plantae,49.26696724,-123.12337754,2024-04-27
210522233,Thuja plicata,western redcedar,Plantae,49.26693884,-123.12356209,2024-04-27
210522423,Dicentra formosa,Pacific Bleeding Heart,Plantae,49.020485,-122.657547,2024-04-27
210522425,Ganoderma applanatum,artist's bracket,Fungi,49.020428,-122.65744,2024-04-27
210522426,Hylocomiadelphus triquetrus,rough goose neck moss,Plantae,49.020428,-122.65744,2024-04-27
210522429,Claopodium crispifolium,crispleaf roughmoss,Plantae,49.020313,-122.657379,2024-04-27
210522431,Polypodium glycyrrhiza,licorice fern,Plantae,49.020313,-122.657379,2024-04-27
210522432,Acer pseudoplatanus,sycamore maple,Plantae,49.020218,-122.657448,2024-04-27
210522439,Atrichum,Smoothcap Mosses,Plantae,49.020218,-122.657448,2024-04-27
210522441,Acer pseudoplatanus,sycamore maple,Plantae,49.020264,-122.657585,2024-04-27
210522442,Acer pseudoplatanus,sycamore maple,Plantae,49.020229,-122.657822,2024-04-27
210522446,Homalothecium fulgescens,tree mat homalothecium moss,Plantae,49.020229,-122.657822,2024-04-27
210522450,Acer macrophyllum,bigleaf maple,Plantae,49.020035,-122.65799,2024-04-27
210522451,Evernia prunastri,Oakmoss,Fungi,49.019928,-122.658134,2024-04-27
210522454,Geum macrophyllum,Large-leaved Avens,Plantae,49.019688,-122.658096,2024-04-27
210522456,Rubus laciniatus,Cutleaf Blackberry,Plantae,49.019402,-122.658157,2024-04-27
210522460,Equisetum arvense,field horsetail,Plantae,49.019276,-122.658203,2024-04-27
210522462,Acer pseudoplatanus,sycamore maple,Plantae,49.019276,-122.658203,2024-04-27
210522463,Phalaris arundinacea,reed canary grass,Plantae,49.019276,-122.658203,2024-04-27
210522468,Rubus bifrons,Himalayan Blackberry,Plantae,49.019379,-122.65844,2024-04-27
210522470,Turdus migratorius,American Robin,Aves,49.019329,-122.659378,2024-04-27
210522471,Urtica gracilis,slender stinging nettle,Plantae,49.019386,-122.659073,2024-04-27
210522477,Poa pratensis,Smooth Meadow-grass,Plantae,49.019157,-122.659836,2024-04-27
210522481,Ranunculus acris,meadow buttercup,Plantae,49.019157,-122.659836,2024-04-27
210522483,Malus fusca,Pacific Crab Apple,Plantae,49.019157,-122.659836,2024-04-27
210522486,Ramalina farinacea,Farinose Cartilage Lichen,Fungi,49.019157,-122.659836,2024-04-27
210522487,Platismatia glauca,Varied Rag Lichen,Fungi,49.019142,-122.660011,2024-04-27
210522490,Ramalina farinacea,Farinose Cartilage Lichen,Fungi,49.019131,-122.660156,2024-04-27
210522491,Rubus laciniatus,Cutleaf Blackberry,Plantae,49.019131,-122.660156,2024-04-27
210522494,Ramalina subleptocarpha,Slit-rimmed ramalina,Fungi,49.019073,-122.660385,2024-04-27
210522495,Menegazzia subsimilis,Tree Flute Lichen,Fungi,49.019073,-122.660385,2024-04-27
210522496,Evernia prunastri,Oakmoss,Fungi,49.018963,-122.660576,2024-04-27
210522502,Stellaria,chickweeds,Plantae,49.018963,-122.660576,2024-04-27
210522503,Antitrichia curtipendula,Pendulous Wing-moss,Plantae,49.018703,-122.660835,2024-04-27
210522510,Hypogymnia physodes,Hooded Tube Lichen,Fungi,49.018608,-122.661095,2024-04-27
210522511,Scytinotus longinquus,Rosy Oysterling,Fungi,49.018459,-122.66156,2024-04-27
210522512,Prophysaon vanattae,Scarletback Taildropper,Mollusca,49.018459,-122.66156,2024-04-27
210522517,Physcia tenella,Fringed Rosette Lichen,Fungi,49.01844,-122.661713,2024-04-27
210522518,Agaricales,Common Gilled Mushrooms and Allies,Fungi,49.018459,-122.66156,2024-04-27
210522519,Spiraea douglasii,Rose Spirea,Plantae,49.018387,-122.662064,2024-04-27
210522527,Athyrium filix-femina,lady fern,Plantae,49.018372,-122.662201,2024-04-27
210522528,Urtica gracilis,slender stinging nettle,Plantae,49.018246,-122.662498,2024-04-27
210522529,Lonicera periclymenum,Common Honeysuckle,Plantae,49.018326,-122.662346,2024-04-27
210522539,Geum macrophyllum,Large-leaved Avens,Plantae,49.018082,-122.662613,2024-04-27
210522540,Geranium robertianum,Herb Robert,Plantae,49.018082,-122.662613,2024-04-27
210522541,Spiraea douglasii,Rose Spirea,Plantae,49.017975,-122.662849,2024-04-27
210522543,Rubus laciniatus,Cutleaf Blackberry,Plantae,49.017746,-122.663109,2024-04-27
210522598,Laburnum anagyroides,Common Laburnum,Plantae,49.0183111667,-123.0435221667,2024-04-27
210522630,Schizophyllum commune,splitgill mushroom,Fungi,49.2933283333,-123.1397333333,2024-04-27
210522662,Petasites hybridus,Common Butterbur,Plantae,49.26702659,-123.12353933,2024-04-27
210522814,Petasites hybridus,Common Butterbur,Plantae,49.26732999,-123.12293893,2024-04-27
210522988,Scapanus orarius,Coast Mole,Mammalia,49.0163583333,-123.0424445,2024-04-27
210523135,Darmera peltata,Umbrella Plant,Plantae,49.26698861,-123.1234649,2024-04-27
210523319,Athyrium filix-femina,lady fern,Plantae,49.2669952,-123.12344975,2024-04-27
210523345,Rumex acetosella,Sheep's sorrel,Plantae,49.0162666667,-123.042675,2024-04-27
210523569,Equisetum hyemale,rough horsetail,Plantae,49.2670826,-123.12325778,2024-04-27
210523656,Epilobium ciliatum,fringed willowherb,Plantae,49.26700787,-123.12342764,2024-04-27
210523804,Rumex crispus,curled dock,Plantae,49.0178833333,-123.0443221667,2024-04-27
210524084,Hyacinthoides hispanica,Spanish Bluebell,Plantae,49.2201659217,-123.2106101883,2024-04-26
210524158,Juncus effusus,Soft Rush,Plantae,49.26709278,-123.12332715,2024-04-27
210524344,Marasmius oreades,fairy ring marasmius,Fungi,49.0185555,-123.0443555,2024-04-27
210524355,Salticidae,Jumping Spiders,Arachnida,49.2635222543,-123.1759490447,2024-04-26
210524678,Hydropus,,Fungi,49.30217769,-123.13832547,2024-04-27
210524743,Cirsium arvense,creeping thistle,Plantae,49.0185861667,-123.0444195,2024-04-27
210524800,Cardamine flexuosa,wavy bittercress,Plantae,49.26716008,-123.12356861,2024-04-27
210524864,Gaultheria shallon,salal,Plantae,49.26703687,-123.12363251,2024-04-27
210524927,Polystichum munitum,western sword fern,Plantae,49.26719856,-123.12352367,2024-04-27
210524939,Cricotopus,,Insecta,49.2200327783,-123.2102346783,2024-04-26
210525021,Lithobates catesbeianus,American Bullfrog,Amphibia,49.3049352,-123.13975256,2024-04-27
210525052,Ribes sanguineum,Red-flowering Currant,Plantae,49.2672778,-123.12329895,2024-04-27
210525185,Prunus laurocerasus,Cherry laurel,Plantae,49.26720362,-123.12315506,2024-04-27
210525192,Menyanthes trifoliata,Bogbean,Plantae,49.30491757,-123.13975985,2024-04-27
210525244,Rabdophaga rigidae,willow beaked-gall midge,Insecta,49.0189221667,-123.045,2024-04-27
210525281,Lonicera involucrata,twinberry honeysuckle,Plantae,49.2200327783,-123.2102346783,2024-04-26
210525296,Tsuga heterophylla,western hemlock,Plantae,49.26738152,-123.12328092,2024-04-27
210525406,Rubus bifrons,Himalayan Blackberry,Plantae,49.26737436,-123.12322633,2024-04-27
210525541,Salix hookeriana,coastal willow,Plantae,49.0188916667,-123.0447778333,2024-04-27
210525691,Elaeagnus umbellata,autumn olive,Plantae,49.26738036,-123.12322293,2024-04-27
210526084,Racomitrium elongatum,Elongate Rock Moss,Plantae,49.219598305,-123.2091510667,2024-04-26
210526085,Polystichum munitum,western sword fern,Plantae,49.2197524733,-123.20984844,2024-04-26
210526170,Ulmus minor,Field Elm,Plantae,49.26727057,-123.12299965,2024-04-27
210526291,Polystichum munitum,western sword fern,Plantae,49.26726999,-123.12296213,2024-04-27
210526743,Selasphorus rufus,Rufous Hummingbird,Aves,49.2216795367,-123.212208785,2024-04-26
210526799,Lonicera,honeysuckles,Plantae,49.2585133333,-123.0918445,2024-04-27
210527110,Polystichum munitum,western sword fern,Plantae,49.26723256,-123.12296647,2024-04-27
210527290,Carex lyngbyei,Lyngbye's sedge,Plantae,49.22201589,-123.211286105,2024-04-26
210528162,Branta canadensis,Canada Goose,Aves,49.26758966,-123.12302569,2024-04-27
210528165,Cladonia,pixie cup and reindeer lichens,Fungi,49.22093675,-123.2120049367,2024-04-26
210528166,Xanthocephalus xanthocephalus,Yellow-headed Blackbird,Aves,49.221006825,-123.211650885,2024-04-26
210528201,Polystichum munitum,western sword fern,Plantae,49.26716983,-123.12295782,2024-04-27
210528217,Carex macrocephala,big-head sedge,Plantae,49.0180361667,-123.0410055,2024-04-27
210528283,Polystichum munitum,western sword fern,Plantae,49.26714515,-123.12302096,2024-04-27
210528767,Hypericum perforatum,Common St. John's Wort,Plantae,49.01385555,-123.0405416667,2024-04-27
210528800,Prunus emarginata,Bitter cherry,Plantae,49.019737,-122.665924,2024-04-27
210528803,Polystichum munitum,western sword fern,Plantae,49.019924,-122.665497,2024-04-27
210528807,Agaricales,Common Gilled Mushrooms and Allies,Fungi,49.019878,-122.664856,2024-04-27
210528809,Chamaenerion angustifolium,fireweed,Plantae,49.26724764,-123.12289486,2024-04-27
210528811,Mycelis muralis,Wall Lettuce,Plantae,49.019978,-122.664719,2024-04-27
210528812,Tellima grandiflora,fringe cups,Plantae,49.020542,-122.663612,2024-04-27
210528816,Acer pseudoplatanus,sycamore maple,Plantae,49.020607,-122.662895,2024-04-27
210528822,Malus,apples and crabapples,Plantae,49.020603,-122.662056,2024-04-27
210528823,Buellia erubescens,Common Button Lichen,Fungi,49.020603,-122.662056,2024-04-27
210528825,Parmelia sulcata,Netted shield lichen,Fungi,49.020603,-122.662056,2024-04-27
210528828,Melanelixia,,Fungi,49.020603,-122.662056,2024-04-27
210528834,Melanelixia,,Fungi,49.020649,-122.661591,2024-04-27
210528835,Lecanoromycetes,Common Lichens,Fungi,49.020603,-122.662056,2024-04-27
210528836,Evernia prunastri,Oakmoss,Fungi,49.020603,-122.662056,2024-04-27
210528838,Spiraea douglasii,Rose Spirea,Plantae,49.0205,-122.661003,2024-04-27
210528846,Alnus rubra,Red Alder,Plantae,49.02058,-122.660286,2024-04-27
210528847,Equisetum arvense,field horsetail,Plantae,49.020515,-122.660858,2024-04-27
210528849,Cirsium arvense,creeping thistle,Plantae,49.020519,-122.660133,2024-04-27
210528855,Graphis scripta,Common Script Lichen,Fungi,49.020573,-122.659416,2024-04-27
210528856,Cetrelia cetrarioides,Speckled Rag Lichen,Fungi,49.020573,-122.659416,2024-04-27
210528857,Frangula purshiana,Cascara,Plantae,49.020573,-122.659813,2024-04-27
210528864,Antitrichia curtipendula,Pendulous Wing-moss,Plantae,49.020046,-122.658218,2024-04-27
210528865,Parmelia sulcata,Netted shield lichen,Fungi,49.020573,-122.659416,2024-04-27
210528870,Picea sitchensis,Sitka spruce,Plantae,49.020111,-122.657906,2024-04-27
210528871,Circaea alpina,Alpine Enchanter's-nightshade,Plantae,49.020317,-122.657394,2024-04-27
210528872,Dicentra formosa,Pacific Bleeding Heart,Plantae,49.020226,-122.657753,2024-04-27
210528875,Arion ater,Black Slug,Mollusca,49.021034,-122.657852,2024-04-27
210528876,Usnea,beard lichens,Fungi,49.022465,-122.658783,2024-04-27
210528877,Tolmiea menziesii,Youth-on-Age,Plantae,49.021313,-122.658165,2024-04-27
210528884,Veronica officinalis,heath speedwell,Plantae,49.023952,-122.659126,2024-04-27
210528891,Achlys triphylla,vanilla leaf,Plantae,49.024082,-122.658615,2024-04-27
210528892,Maianthemum stellatum,star-flowered lily-of-the-valley,Plantae,49.023952,-122.658455,2024-04-27
210528896,Maianthemum stellatum,star-flowered lily-of-the-valley,Plantae,49.023922,-122.658272,2024-04-27
210528897,Amanita pantherinoides,Western Panther,Fungi,49.024105,-122.65818,2024-04-27
210528900,Hylocomiadelphus triquetrus,rough goose neck moss,Plantae,49.024105,-122.65818,2024-04-27
210528903,Crataegus monogyna,common hawthorn,Plantae,49.024323,-122.658234,2024-04-27
210528904,Crataegus monogyna,common hawthorn,Plantae,49.024105,-122.65818,2024-04-27
210528907,Lathyrus latifolius,broad-leaved sweet pea,Plantae,49.025112,-122.658493,2024-04-27
210528909,Holodiscus discolor,Ocean spray,Plantae,49.024689,-122.658356,2024-04-27
210528914,Pinus contorta,lodgepole pine,Plantae,49.26725621,-123.12289307,2024-04-27
210528917,Lupinus polyphyllus,Large-leaved lupine,Plantae,49.025509,-122.658676,2024-04-27
210528919,Prunus avium,wild cherry,Plantae,49.025509,-122.658676,2024-04-27
210528924,Chamaenerion angustifolium,fireweed,Plantae,49.026012,-122.65905,2024-04-27
210528925,Hypericum perforatum,Common St. John's Wort,Plantae,49.025955,-122.658951,2024-04-27
210528932,Lupinus polyphyllus,Large-leaved lupine,Plantae,49.026089,-122.658997,2024-04-27
210528933,Crataegus monogyna,common hawthorn,Plantae,49.026218,-122.659058,2024-04-27
210528938,Malus fusca,Pacific Crab Apple,Plantae,49.026966,-122.659035,2024-04-27
210528939,Plantago lanceolata,ribwort plantain,Plantae,49.026325,-122.659081,2024-04-27
210528940,Geranium molle,Dove's-foot crane's-bill,Plantae,49.026325,-122.659081,2024-04-27
210528947,Blaesodiplosis,,Insecta,49.027576,-122.659302,2024-04-27
210528948,Veronica officinalis,heath speedwell,Plantae,49.027264,-122.659058,2024-04-27
210528955,Physocarpus capitatus,Pacific ninebark,Plantae,49.028172,-122.659843,2024-04-27
210528956,Geum macrophyllum,Large-leaved Avens,Plantae,49.028427,-122.659866,2024-04-27
210528957,Polystichum munitum,western sword fern,Plantae,49.028427,-122.659866,2024-04-27
210528964,Prunus avium,wild cherry,Plantae,49.028561,-122.660019,2024-04-27
210528965,Achlys triphylla,vanilla leaf,Plantae,49.028561,-122.660019,2024-04-27
210528972,Sorbus aucuparia,European mountain ash,Plantae,49.028694,-122.660164,2024-04-27
210528973,Aquilegia formosa,western columbine,Plantae,49.028893,-122.660217,2024-04-27
210528974,Lamium galeobdolon,yellow archangel,Plantae,49.028893,-122.660217,2024-04-27
210529137,Digitalis purpurea,purple foxglove,Plantae,49.2212240567,-123.2119083767,2024-04-26
210529138,Picea sitchensis,Sitka spruce,Plantae,49.220642435,-123.211929835,2024-04-26
210529162,Polystichum munitum,western sword fern,Plantae,49.26720649,-123.12278852,2024-04-27
210529263,Chamaenerion angustifolium,fireweed,Plantae,49.26725185,-123.12283124,2024-04-27
210529811,Dicentra formosa,Pacific Bleeding Heart,Plantae,49.26740108,-123.12323693,2024-04-27
210529890,Crataegus douglasii,Black Hawthorn,Plantae,49.2200818317,-123.21063701,2024-04-26
210529892,Turdus migratorius,American Robin,Aves,49.2199136483,-123.2102561367,2024-04-26
210529894,Selasphorus rufus,Rufous Hummingbird,Aves,49.2199136483,-123.2102561367,2024-04-26
210529901,Dicentra formosa,Pacific Bleeding Heart,Plantae,49.26749521,-123.12317973,2024-04-27
210530017,Dicentra formosa,Pacific Bleeding Heart,Plantae,49.26774779,-123.12300309,2024-04-27
210530210,Rubus bifrons,Himalayan Blackberry,Plantae,49.26761836,-123.12309604,2024-04-27
210530366,Pinus contorta,lodgepole pine,Plantae,49.26757886,-123.12321085,2024-04-27
210530439,Goodyera oblongifolia,Western Rattlesnake Plantain,Plantae,49.2431984329,-123.189559738,2024-04-27
210530519,Saccharina latissima,Sugar Kelp,Chromista,49.3028793416,-123.1279759482,2024-04-27
210530945,Cerastium fontanum,Common mouse-ear chickweed,Plantae,49.2199206567,-123.2093227283,2024-04-26
210530946,Betula pendula,silver birch,Plantae,49.2204952767,-123.209161795,2024-04-26
210531273,Tuckermanopsis,Wrinkle Lichens,Fungi,49.0172721667,-123.0418278333,2024-04-27
210531437,Branta canadensis,Canada Goose,Aves,49.2679085,-123.12313684,2024-04-27
210531550,Branta canadensis,Canada Goose,Aves,49.2678847,-123.12317702,2024-04-27
210531639,Branta canadensis,Canada Goose,Aves,49.26792238,-123.12321814,2024-04-27
210531827,Berberis nervosa,Cascade Oregon-grape,Plantae,49.2385173904,-123.2069322394,2024-04-27
210531830,Gaultheria shallon,salal,Plantae,49.23859556,-123.2071864802,2024-04-27
210531832,Geophilomorpha,Soil Centipedes,Animalia,49.2386220707,-123.2070363867,2024-04-27
210531839,Lachnum virgineum,stalked hairy fairy cup,Fungi,49.238772244,-123.2073703504,2024-04-27
210531848,Thuja plicata,western redcedar,Plantae,49.2389645419,-123.2074212784,2024-04-27
210531851,Dryopteris expansa,spreading wood fern,Plantae,49.2392063,-123.2073323301,2024-04-27
210531852,Vaccinium,"blueberries, cranberries, and allies",Plantae,49.2390893554,-123.2073806654,2024-04-27
210531860,Branta canadensis,Canada Goose,Aves,49.26779398,-123.12315131,2024-04-27
210531862,Gaultheria shallon,salal,Plantae,49.23922425,-123.20733002,2024-04-27
210531872,Vaccinium,"blueberries, cranberries, and allies",Plantae,49.2376549702,-123.2047279596,2024-04-27
210531877,Acer circinatum,Vine Maple,Plantae,49.2377033423,-123.2047350854,2024-04-27
210531886,Scolopocryptops spinicaudus,Thorn-tailed Bark Centipede,Animalia,49.2377355716,-123.2047024895,2024-04-27
210531891,Gymnopilus,rustgills and gyms,Fungi,49.2378621286,-123.2044450984,2024-04-27
210531900,Oniscus asellus,Common Shiny Woodlouse,Animalia,49.23790364,-123.2046052269,2024-04-27
210531916,Sorbus,Rowans and Mountain Ashes,Plantae,49.2377776214,-123.2047321358,2024-04-27
210531929,Dinothenarus,,Insecta,49.2377437851,-123.2049171217,2024-04-27
210531941,Ortholasma pictipes,,Arachnida,49.23775519,-123.2047801,2024-04-27
210531954,Lachnum virgineum,stalked hairy fairy cup,Fungi,49.2377567201,-123.2047840901,2024-04-27
210531966,Rubus spectabilis,Salmonberry,Plantae,49.2377617999,-123.2050255894,2024-04-27
210531978,Ilex aquifolium,European holly,Plantae,49.237759001,-123.2050227006,2024-04-27
210531983,Ptenothrix maculosa,,Animalia,49.2377301324,-123.205161623,2024-04-27
210531984,Phytomyza ilicis,European Holly Leafminer,Insecta,49.2377590464,-123.2049770177,2024-04-27
210531985,Oniscus asellus,Common Shiny Woodlouse,Animalia,49.2377287413,-123.2052796965,2024-04-27
210531995,Lachnum virgineum,stalked hairy fairy cup,Fungi,49.2377275765,-123.2052428826,2024-04-27
210531996,Berberis nervosa,Cascade Oregon-grape,Plantae,49.23775418,-123.20517761,2024-04-27
210531997,Acer circinatum,Vine Maple,Plantae,49.23790422,-123.20540673,2024-04-27
210532000,Lysimachia latifolia,Western Starflower,Plantae,49.2381055064,-123.2052404004,2024-04-27
210532001,Polystichum munitum,western sword fern,Plantae,49.23805398,-123.20534096,2024-04-27
210532003,Trichoniscus,,Animalia,49.2381693406,-123.2052652006,2024-04-27
210532014,Gaultheria shallon,salal,Plantae,49.23794938,-123.2055307,2024-04-27
210532021,Rubus bifrons,Himalayan Blackberry,Plantae,49.23776586,-123.20559966,2024-04-27
210532025,Julida,Snake Millipedes,Animalia,49.2379406441,-123.2055798797,2024-04-27
210532027,Vaccinium,"blueberries, cranberries, and allies",Plantae,49.23792409,-123.20563621,2024-04-27
210532037,Osmorhiza,sweet cicely,Plantae,49.237967,-123.20575808,2024-04-27
210532043,Thuja plicata,western redcedar,Plantae,49.23795392,-123.20588424,2024-04-27
210532049,Scolopocryptops spinicaudus,Thorn-tailed Bark Centipede,Animalia,49.23791569,-123.20591639,2024-04-27
210532053,Julidae,,Animalia,49.23791363,-123.20592477,2024-04-27
210532058,Oniscus asellus,Common Shiny Woodlouse,Animalia,49.23792122,-123.20591853,2024-04-27
210532064,Oniscus asellus,Common Shiny Woodlouse,Animalia,49.23788321,-123.20592197,2024-04-27
210532067,Porcellio scaber,Common Rough Woodlouse,Animalia,49.23786163,-123.20593616,2024-04-27
210532075,Acer circinatum,Vine Maple,Plantae,49.23810668,-123.20650906,2024-04-27
210532080,Lasius,"Citronella Ants, Fuzzy Ants, and Allies",Insecta,49.2381168999,-123.2061838999,2024-04-27
210532083,Mesostigmata,Mesostigs,Arachnida,49.2380628365,-123.2061040486,2024-04-27
210532089,Hypnum circinale,Coiled-leaf claw-moss,Plantae,49.2380182699,-123.2063570575,2024-04-27
210532096,Polystichum munitum,western sword fern,Plantae,49.2381446152,-123.2065632411,2024-04-27
210532107,Sambucus racemosa,red-berried elder,Plantae,49.238328144,-123.206876327,2024-04-27
210532115,Rubus parviflorus,thimbleberry,Plantae,49.2383776266,-123.2069136667,2024-04-27
210532131,Dryopteris expansa,spreading wood fern,Plantae,49.2384074002,-123.2068813192,2024-04-27
210532138,Acer circinatum,Vine Maple,Plantae,49.2384165353,-123.2068865895,2024-04-27
210532156,Desmarestia viridis,stringy acid kelp,Chromista,49.3027890514,-123.128072843,2024-04-27
210532344,Spiraea douglasii,Rose Spirea,Plantae,49.2204812617,-123.2087862867,2024-04-26
210532541,Corvus brachyrhynchos,American Crow,Aves,49.26772889,-123.12371878,2024-04-27
210532616,Nereocystis luetkeana,Bull Kelp,Chromista,49.3027910189,-123.127498515,2024-04-27
210532669,Berberis aquifolium,Oregon grape,Plantae,49.26778686,-123.12365168,2024-04-27
210532865,Galium aparine,catchweed bedstraw,Plantae,49.2201168683,-123.2087594633,2024-04-26
210532867,Cirsium vulgare,Bull Thistle,Plantae,49.2201168683,-123.2087594633,2024-04-26
210533042,Polystichum munitum,western sword fern,Plantae,49.26786053,-123.12371626,2024-04-27
210533518,Alaria marginata,winged kelp,Chromista,49.302872783,-123.1275947392,2024-04-27
210533646,Cladonia uncialis,Thorn Lichen,Fungi,49.0172111667,-123.0418416667,2024-04-27
210533760,Rubus bifrons,Himalayan Blackberry,Plantae,49.26820598,-123.1238828,2024-04-27
210533856,Sorbus aucuparia,European mountain ash,Plantae,49.26819124,-123.12385306,2024-04-27
210533998,Berberis aquifolium,Oregon grape,Plantae,49.26814552,-123.12388328,2024-04-27
210534253,Coprinopsis lagopus,hare's foot inkcap,Fungi,49.24777,-122.9094383333,2024-04-27
210534379,Vinca minor,lesser periwinkle,Plantae,49.26815725,-123.12354759,2024-04-27
210534562,Coprinellus micaceus,mica cap,Fungi,49.2478133333,-122.909455,2024-04-27
210534770,Fucus distichus,Rockweed,Chromista,49.26816605,-123.12340541,2024-04-27
210534932,Symphoricarpos albus,Common Snowberry,Plantae,49.2478916667,-122.909455,2024-04-27
210534934,Polynoidae,Scaleworms,Animalia,49.3027894886,-123.1278468668,2024-04-27
210535493,Mycelis muralis,Wall Lettuce,Plantae,49.2480883333,-122.9093466667,2024-04-27
210535558,Balanus glandula,Pacific Acorn Barnacle,Animalia,49.26820547,-123.12339648,2024-04-27
210535616,Fucus distichus,Rockweed,Chromista,49.26826828,-123.1234847,2024-04-27
210535722,Mytilus trossulus,Northern Bay Mussel,Mollusca,49.2682495,-123.12349325,2024-04-27
210535846,Maianthemum dilatatum,Western Lily of the Valley,Plantae,49.2483366667,-122.909295,2024-04-27
210535972,Nucella lamellosa,Frilled Dogwinkle,Mollusca,49.3028299334,-123.1269231811,2024-04-27
210536263,Athyrium filix-femina,lady fern,Plantae,49.2481333333,-122.9087916667,2024-04-27
210536837,Rubus spectabilis,Salmonberry,Plantae,49.2482916667,-122.908875,2024-04-27
210537118,Acer pseudoplatanus,sycamore maple,Plantae,49.0346820997,-123.0558941997,2024-04-27
210537199,Malus fusca,Pacific Crab Apple,Plantae,49.2483133333,-122.9087833333,2024-04-27
210537462,Acer pseudoplatanus,sycamore maple,Plantae,49.0346912997,-123.0558257997,2024-04-27
210537683,Melospiza melodia,Song Sparrow,Aves,49.2800245997,-122.9074279997,2024-04-27
210537744,Peziza,Cups,Fungi,49.27980874,-122.91026764,2024-04-27
210537768,Laburnum anagyroides,Common Laburnum,Plantae,49.034623,-123.0552734997,2024-04-27
210537775,Dermasterias imbricata,Leather Star,Animalia,49.30282731,-123.1274448708,2024-04-27
210537779,Tsuga heterophylla,western hemlock,Plantae,49.28172518,-122.90892249,2024-04-27
210537809,Thuja plicata,western redcedar,Plantae,49.28189666,-122.90872302,2024-04-27
210537814,Plantago major,greater plantain,Plantae,49.248295,-122.9087533333,2024-04-27
210537879,Polypodium glycyrrhiza,licorice fern,Plantae,49.28224546,-122.90810269,2024-04-27
210537909,Stereum complicatum,crowded parchment,Fungi,49.28254764,-122.90654702,2024-04-27
210537985,Claytonia sibirica,Candy Flower,Plantae,49.28257146,-122.90648203,2024-04-27
210538026,Adiantum aleuticum,western maidenhair fern,Plantae,49.28253536,-122.90939972,2024-04-27
210538079,Ganoderma,"Artist's Brackets, Reishi, and Allies",Fungi,49.28210133,-122.90984782,2024-04-27
210538111,Mycelis muralis,Wall Lettuce,Plantae,49.28201207,-122.91030197,2024-04-27
210538142,Cetrelia,Sea-storm Lichens,Fungi,49.28182634,-122.91088174,2024-04-27
210538148,Spiraea douglasii,Rose Spirea,Plantae,49.26744975,-123.12409864,2024-04-27
210538168,Berberis nervosa,Cascade Oregon-grape,Plantae,49.28223209,-122.91214011,2024-04-27
210538175,Impatiens parviflora,small balsam,Plantae,49.2482833333,-122.9087916667,2024-04-27
210538213,Fomitopsis,,Fungi,49.28235589,-122.91262484,2024-04-27
210538231,Adiantum aleuticum,western maidenhair fern,Plantae,49.28230559,-122.91317387,2024-04-27
210538290,Aruncus dioicus,Goatsbeard,Plantae,49.28092344,-122.91866852,2024-04-27
210538343,Fomitopsis mounceae,Northern Red Belt,Fungi,49.28087603,-122.91892373,2024-04-27
210538377,Hedera helix,common ivy,Plantae,49.0346613997,-123.0543401,2024-04-27
210538408,Vinca major,greater periwinkle,Plantae,49.2801986,-122.91994771,2024-04-27
210538532,Vaccinium parvifolium,Red Huckleberry,Plantae,49.27898973,-122.90726493,2024-04-27
210538554,Oemleria cerasiformis,Osoberry,Plantae,49.2479133333,-122.9087216667,2024-04-27
210538881,Anisolabis maritima,Maritime Earwig,Insecta,49.0357592004,-123.0522920564,2024-04-27
210539084,Symphoricarpos albus,Common Snowberry,Plantae,49.24803,-122.9090116667,2024-04-27
210539171,Claytonia sibirica,Candy Flower,Plantae,49.300236,-122.707024,2024-04-27
210539174,Sambucus racemosa,red-berried elder,Plantae,49.300377,-122.706581,2024-04-27
210539178,Dicentra formosa,Pacific Bleeding Heart,Plantae,49.300465,-122.706314,2024-04-27
210539180,Racomitrium heterostichum,Yellow-green Rock Moss,Plantae,49.300583,-122.706078,2024-04-27
210539181,Scapania americana,American Earwort,Plantae,49.300583,-122.706078,2024-04-27
210539182,Polytrichaceae,Haircap Moss Family,Plantae,49.300583,-122.706078,2024-04-27
210539186,Sphagnum,Sphagnum mosses,Plantae,49.300583,-122.706078,2024-04-27
210539187,Tiarella trifoliata,Threeleaf Foamflower,Plantae,49.300686,-122.705513,2024-04-27
210539191,Tsuga heterophylla,western hemlock,Plantae,49.300602,-122.704445,2024-04-27
210539192,Viola glabella,stream violet,Plantae,49.30064,-122.704842,2024-04-27
210539194,Viola glabella,stream violet,Plantae,49.300602,-122.704445,2024-04-27
210539198,Rhytidiadelphus squarrosus,Square Gooseneck Moss,Plantae,49.300617,-122.703789,2024-04-27
210539202,Hylocomium splendens,stairstep moss,Plantae,49.300552,-122.703636,2024-04-27
210539210,Tiarella trifoliata,Threeleaf Foamflower,Plantae,49.300552,-122.703636,2024-04-27
210539211,Equisetum telmateia,great horsetail,Plantae,49.300552,-122.703056,2024-04-27
210539212,Anthoxanthum odoratum,sweet vernal grass,Plantae,49.300201,-122.702316,2024-04-27
210539221,Digitalis purpurea,purple foxglove,Plantae,49.30003,-122.702065,2024-04-27
210539222,Racomitrium elongatum,Elongate Rock Moss,Plantae,49.30003,-122.702065,2024-04-27
210539224,Hypochaeris radicata,Common Cat's-ear,Plantae,49.30003,-122.702286,2024-04-27
210539226,Cymbalaria muralis,Ivy-leaved toadflax,Plantae,49.2678188,-123.12546771,2024-04-27
210539238,Polytrichum juniperinum,juniper haircap moss,Plantae,49.30003,-122.702065,2024-04-27
210539245,Micranthes ferruginea,Russethair Saxifrage,Plantae,49.30003,-122.702065,2024-04-27
210539246,Selaginella wallacei,Wallace's spikemoss,Plantae,49.30003,-122.702065,2024-04-27
210539247,Racomitrium heterostichum,Yellow-green Rock Moss,Plantae,49.30003,-122.702065,2024-04-27
210539260,Cladonia,pixie cup and reindeer lichens,Fungi,49.299889,-122.702042,2024-04-27
210539267,Anthoxanthum odoratum,sweet vernal grass,Plantae,49.299889,-122.702042,2024-04-27
210539268,Campylopus introflexus,Heath Star-moss,Plantae,49.299889,-122.702042,2024-04-27
210539269,Bryophyta,Mosses,Plantae,49.299889,-122.702042,2024-04-27
210539282,Polytrichum juniperinum,juniper haircap moss,Plantae,49.299889,-122.702042,2024-04-27
210539293,Larus glaucescens × occidentalis,Olympic Gull,Aves,49.26806829,-123.12546746,2024-04-27
210539294,Campylopus introflexus,Heath Star-moss,Plantae,49.299889,-122.702042,2024-04-27
210539296,Lichenomphalia ericetorum,Lichen Agaric,Fungi,49.29977,-122.702019,2024-04-27
210539297,Amelanchier alnifolia,Saskatoon,Plantae,49.300053,-122.702141,2024-04-27
210539310,Tetraphis pellucida,Tetraphis Moss,Plantae,49.29977,-122.702019,2024-04-27
210539318,Lichenomphalia ericetorum,Lichen Agaric,Fungi,49.29977,-122.702019,2024-04-27
210539320,Dicranum scoparium,Broom Forkmoss,Plantae,49.29977,-122.702019,2024-04-27
210539321,Nannopterum auritum,Double-crested Cormorant,Aves,49.2994638625,-122.7007220319,2024-04-27
210539327,Branta canadensis,Canada Goose,Aves,49.2993835005,-122.7009202515,2024-04-27
210539328,Branta canadensis,Canada Goose,Aves,49.299979199,-122.7015961682,2024-04-27
210539329,Castor canadensis,American Beaver,Mammalia,49.3000050192,-122.7015862894,2024-04-27
210539340,Utricularia,Bladderworts,Plantae,49.299484,-122.701683,2024-04-27
210539341,Brasenia schreberi,Watershield,Plantae,49.299484,-122.701683,2024-04-27
210539352,Senecio viscosus,Sticky Groundsel,Plantae,49.26783647,-123.12545506,2024-04-27
210539639,Sonchus arvensis,Perennial Sow Thistle,Plantae,49.26788024,-123.12547556,2024-04-27
210539825,Dermasterias imbricata,Leather Star,Animalia,49.3028935519,-123.1270063296,2024-04-27
210539861,Ilex aquifolium,European holly,Plantae,49.2479583333,-122.909155,2024-04-27
210539908,Sedum album,white stonecrop,Plantae,49.26782907,-123.1254704,2024-04-27
210540175,Urtica gracilis,slender stinging nettle,Plantae,49.2478416667,-122.9097966667,2024-04-27
210540607,Thuja plicata,western redcedar,Plantae,49.248045,-122.9102466667,2024-04-27
210540729,Bucephala albeola,Bufflehead,Aves,49.2986440886,-122.7020384872,2024-04-27
210540732,Aythya collaris,Ring-necked Duck,Aves,49.2989934255,-122.7002083351,2024-04-27
210540737,Geothlypis trichas,Common Yellowthroat,Aves,49.299152,-122.701561,2024-04-27
210540749,Utricularia,Section Utricularia,Plantae,49.299149,-122.701599,2024-04-27
210540750,Tachycineta thalassina,Violet-green Swallow,Aves,49.2987640515,-122.700360618,2024-04-27
210540751,Tachycineta thalassina,Violet-green Swallow,Aves,49.299053,-122.701691,2024-04-27
210540762,Viola glabella,stream violet,Plantae,49.300537,-122.70343,2024-04-27
210540763,Brasenia schreberi,Watershield,Plantae,49.299149,-122.701599,2024-04-27
210540764,Stellaria crispa,Crisp Starwort,Plantae,49.300529,-122.703156,2024-04-27
210540771,Equisetum telmateia,great horsetail,Plantae,49.301098,-122.705055,2024-04-27
210540772,Ranunculus repens,Creeping buttercup,Plantae,49.301098,-122.705055,2024-04-27
210540786,Oenanthe sarmentosa,water parsley,Plantae,49.301098,-122.705055,2024-04-27
210540787,Rubus spectabilis,Salmonberry,Plantae,49.301098,-122.705055,2024-04-27
210540788,Lysichiton americanus,western skunk cabbage,Plantae,49.301098,-122.705055,2024-04-27
210540798,Lapsana communis,nipplewort,Plantae,49.301289,-122.705109,2024-04-27
210540799,Viola glabella,stream violet,Plantae,49.301208,-122.705017,2024-04-27
210540800,Cerastium glomeratum,Sticky mouse-ear chickweed,Plantae,49.301289,-122.705109,2024-04-27
210540803,Rumex obtusifolius,broad-leaved dock,Plantae,49.301289,-122.705109,2024-04-27
210540804,Acer circinatum,Vine Maple,Plantae,49.301289,-122.705109,2024-04-27
210540813,Oemleria cerasiformis,Osoberry,Plantae,49.301163,-122.705101,2024-04-27
210540814,Sambucus racemosa,red-berried elder,Plantae,49.300976,-122.705063,2024-04-27
210540815,Equisetum telmateia,great horsetail,Plantae,49.301064,-122.705048,2024-04-27
210540824,Claytonia sibirica,Candy Flower,Plantae,49.300701,-122.705528,2024-04-27
210540825,Sambucus racemosa,red-berried elder,Plantae,49.300976,-122.705063,2024-04-27
210540834,Polyporales,Shelf Fungi,Fungi,49.300629,-122.705772,2024-04-27
210540835,Polyporaceae,Bracket Fungi,Fungi,49.300629,-122.705772,2024-04-27
210540845,Dicentra formosa,Pacific Bleeding Heart,Plantae,49.300415,-122.706612,2024-04-27
210540846,Trametes,Turkey-tails and allies,Fungi,49.300346,-122.706787,2024-04-27
210540848,Geum macrophyllum,Large-leaved Avens,Plantae,49.30056,-122.7061,2024-04-27
210540857,Poa annua,Annual Meadow-grass,Plantae,49.300217,-122.707108,2024-04-27
210540859,Geum macrophyllum,Large-leaved Avens,Plantae,49.300301,-122.706947,2024-04-27
210540860,Racomitrium heterostichum,Yellow-green Rock Moss,Plantae,49.299835,-122.707039,2024-04-27
210540868,Grimmia pulvinata,Grey-cushioned Grimmia,Plantae,49.299725,-122.70697,2024-04-27
210540869,Hyacinthoides,Bluebells,Plantae,49.299725,-122.70697,2024-04-27
210540870,Bryophyta,Mosses,Plantae,49.299835,-122.707039,2024-04-27
210540921,Saccharina latissima,Sugar Kelp,Chromista,49.3028251237,-123.1279803067,2024-04-27
210540951,Corylus avellana,common hazel,Plantae,49.247905,-122.9102783333,2024-04-27
210541155,Saccharina latissima,Sugar Kelp,Chromista,49.3027953914,-123.1273137778,2024-04-27
210541328,Geum macrophyllum,Large-leaved Avens,Plantae,49.24783,-122.9106916667,2024-04-27
210541461,Thuja plicata,western redcedar,Plantae,49.2666688,-123.12531667,2024-04-27
210541644,Polystichum munitum,western sword fern,Plantae,49.26654405,-123.12512478,2024-04-27
210541733,Hyacinthoides hispanica,Spanish Bluebell,Plantae,49.2478466667,-122.9110866667,2024-04-27
210542044,Thuja plicata,western redcedar,Plantae,49.26641278,-123.12572645,2024-04-27
210542142,Trifolium pratense,Red Clover,Plantae,49.26643713,-123.12570722,2024-04-27
210542193,Prunus lusitanica,Portuguese laurel,Plantae,49.2482333333,-122.9122866667,2024-04-27
210542469,Thuja plicata,western redcedar,Plantae,49.26624498,-123.12554595,2024-04-27
210542470,Trametes versicolor,turkey-tail,Fungi,49.1572098,-122.5087032,2024-04-27
210542474,Lysichiton americanus,western skunk cabbage,Plantae,49.1572098,-122.5087032,2024-04-27
210542476,Fomitopsis mounceae,Northern Red Belt,Fungi,49.1572098,-122.5087032,2024-04-27
210542478,Fomitopsis mounceae,Northern Red Belt,Fungi,49.1572098,-122.5087032,2024-04-27
210542481,Vaccinium ovalifolium,Oval-leaf Blueberry,Plantae,49.1572098,-122.5087032,2024-04-27
210542486,Pleurotus,Oyster Mushrooms,Fungi,49.1572098,-122.5087032,2024-04-27
210542495,Pleurotus,Oyster Mushrooms,Fungi,49.1572098,-122.5087032,2024-04-27
210542497,Pseudoscleropodium purum,Neat Feather-moss,Plantae,49.1572098,-122.5087032,2024-04-27
210542498,Bazzania denudata,Bazzania Liverwort,Plantae,49.1572098,-122.5087032,2024-04-27
210542502,Trillium ovatum,Pacific trillium,Plantae,49.1572098,-122.5087032,2024-04-27
210542505,Polypodium glycyrrhiza,licorice fern,Plantae,49.1572098,-122.5087032,2024-04-27
210542506,Dicentra formosa,Pacific Bleeding Heart,Plantae,49.1572098,-122.5087032,2024-04-27
210542509,Achlys triphylla,vanilla leaf,Plantae,49.1572098,-122.5087032,2024-04-27
210542510,Pseudisothecium stoloniferum,Cat's Tail Moss,Plantae,49.1572098,-122.5087032,2024-04-27
210542514,Hylocomium splendens,stairstep moss,Plantae,49.1572098,-122.5087032,2024-04-27
210542519,Kindbergia oregana,Oregon Beaked Moss,Plantae,49.1572098,-122.5087032,2024-04-27
210542520,Dryopteris expansa,spreading wood fern,Plantae,49.1572098,-122.5087032,2024-04-27
210542527,Anas platyrhynchos,Mallard,Aves,49.1572098,-122.5087032,2024-04-27
210542528,Vaccinium parvifolium,Red Huckleberry,Plantae,49.1572098,-122.5087032,2024-04-27
210542529,Plagiomnium insigne,Badge Moss,Plantae,49.1572098,-122.5087032,2024-04-27
210542539,Trillium ovatum,Pacific trillium,Plantae,49.1572098,-122.5087032,2024-04-27
210542542,Dryopteris expansa,spreading wood fern,Plantae,49.1572098,-122.5087032,2024-04-27
210542547,Maianthemum dilatatum,Western Lily of the Valley,Plantae,49.1572098,-122.5087032,2024-04-27
210542549,Sambucus racemosa,red-berried elder,Plantae,49.1572098,-122.5087032,2024-04-27
210542550,Berberis nervosa,Cascade Oregon-grape,Plantae,49.1572098,-122.5087032,2024-04-27
210542553,Polypodium glycyrrhiza,licorice fern,Plantae,49.1572098,-122.5087032,2024-04-27
210542556,Rubus spectabilis,Salmonberry,Plantae,49.1572098,-122.5087032,2024-04-27
210542557,Polystichum munitum,western sword fern,Plantae,49.1572098,-122.5087032,2024-04-27
210542559,Prosartes hookeri,Hooker's fairybells,Plantae,49.1572098,-122.5087032,2024-04-27
210542560,Trametes hirsuta,Hairy Bracket,Fungi,49.1572098,-122.5087032,2024-04-27
210542581,Morchella importuna,Landscaping Black Morel,Fungi,49.33822,-123.1568445,2024-04-26
210542791,Hosta sieboldii,Small-leaved Plantain Lily,Plantae,49.248245,-122.9123083333,2024-04-27
210542892,Thuja plicata,western redcedar,Plantae,49.26623244,-123.12528726,2024-04-27
210543061,Lepidium campestre,field peppergrass,Plantae,49.26625946,-123.12524435,2024-04-27
210543397,Tanacetum vulgare,tansy,Plantae,49.26629776,-123.12488172,2024-04-27
210543511,Paeonia officinalis,common peony,Plantae,49.24822,-122.9123166667,2024-04-27
210543751,Juncus effusus,Soft Rush,Plantae,49.017746,-122.663109,2024-04-27
210543753,Rumex,docks and sorrels,Plantae,49.017639,-122.663185,2024-04-27
210543754,Abies grandis,grand fir,Plantae,49.017799,-122.663101,2024-04-27
210543758,Epilobium ciliatum,fringed willowherb,Plantae,49.017956,-122.662933,2024-04-27
210543761,Spiraea douglasii,Rose Spirea,Plantae,49.018017,-122.663208,2024-04-27
210543765,Cerastium glomeratum,Sticky mouse-ear chickweed,Plantae,49.018181,-122.663559,2024-04-27
210543774,Pteridium aquilinum,common bracken,Plantae,49.018181,-122.663559,2024-04-27
210543775,Plantago major,greater plantain,Plantae,49.018162,-122.663757,2024-04-27
210543777,Rubus laciniatus,Cutleaf Blackberry,Plantae,49.018185,-122.663887,2024-04-27
210543789,Arctium,burdocks,Plantae,49.018192,-122.664032,2024-04-27
210543791,Pteridium aquilinum,common bracken,Plantae,49.01836,-122.664383,2024-04-27
210543792,Stellaria media,common chickweed,Plantae,49.01836,-122.664383,2024-04-27
210543802,Brachythecium,,Plantae,49.018288,-122.664581,2024-04-27
210543803,Lysichiton americanus,western skunk cabbage,Plantae,49.018211,-122.66468,2024-04-27
210543804,Prunus,"plums, cherries, and allies",Plantae,49.018127,-122.665077,2024-04-27
210543821,Populus tremuloides,quaking aspen,Plantae,49.018238,-122.665695,2024-04-27
210543823,Ilex aquifolium,European holly,Plantae,49.018147,-122.665543,2024-04-27
210543826,Phytomyza ilicis,European Holly Leafminer,Insecta,49.018147,-122.665543,2024-04-27
210543839,Populus tremuloides,quaking aspen,Plantae,49.018238,-122.665695,2024-04-27
210543848,Rumex crispus,curled dock,Plantae,49.017998,-122.66626,2024-04-27
210543849,Glechoma hederacea,ground-ivy,Plantae,49.018017,-122.66613,2024-04-27
210543851,Prunus avium,wild cherry,Plantae,49.018108,-122.6661,2024-04-27
210543865,Frangula purshiana,Cascara,Plantae,49.017998,-122.66626,2024-04-27
210543866,Rumex crispus,curled dock,Plantae,49.017868,-122.666542,2024-04-27
210543880,Rumex obtusifolius,broad-leaved dock,Plantae,49.017868,-122.666542,2024-04-27
210543883,Geranium,geraniums and cranesbills,Plantae,49.017948,-122.666702,2024-04-27
210543884,Veronica arvensis,corn speedwell,Plantae,49.018078,-122.666946,2024-04-27
210543895,Lonicera involucrata,twinberry honeysuckle,Plantae,49.018265,-122.666954,2024-04-27
210543896,Equisetum telmateia,great horsetail,Plantae,49.018406,-122.666992,2024-04-27
210543898,Stellaria media,common chickweed,Plantae,49.018406,-122.666992,2024-04-27
210543911,Prunus avium,wild cherry,Plantae,49.018559,-122.666992,2024-04-27
210543913,Poa annua,Annual Meadow-grass,Plantae,49.018406,-122.666992,2024-04-27
210543923,Amelanchier alnifolia,Saskatoon,Plantae,49.018559,-122.666992,2024-04-27
210543924,Symphoricarpos albus,Common Snowberry,Plantae,49.018559,-122.666992,2024-04-27
210543925,Blaesodiplosis,,Insecta,49.018559,-122.666992,2024-04-27
210543937,Frangula purshiana,Cascara,Plantae,49.018803,-122.66713,2024-04-27
210543939,Fomitopsis mounceae,Northern Red Belt,Fungi,49.018822,-122.667206,2024-04-27
210543952,Frangula purshiana,Cascara,Plantae,49.018822,-122.667206,2024-04-27
210543953,Dicranum scoparium,Broom Forkmoss,Plantae,49.018822,-122.667206,2024-04-27
210543954,Kindbergia praelonga,Common Feather-moss,Plantae,49.018822,-122.667206,2024-04-27
210543980,Phytomyza ilicis,European Holly Leafminer,Insecta,49.018906,-122.667114,2024-04-27
210543981,Lysimachia latifolia,Western Starflower,Plantae,49.018906,-122.667114,2024-04-27
210543984,Thuja plicata,western redcedar,Plantae,49.019157,-122.666786,2024-04-27
210543993,Radula complanata,Flat-leaved Scalewort,Plantae,49.019211,-122.666466,2024-04-27
210543994,Radula complanata,Flat-leaved Scalewort,Plantae,49.019211,-122.666466,2024-04-27
210544010,Radula complanata,Flat-leaved Scalewort,Plantae,49.019211,-122.666466,2024-04-27
210544012,Radula complanata,Flat-leaved Scalewort,Plantae,49.019211,-122.666466,2024-04-27
210544013,Radula complanata,Flat-leaved Scalewort,Plantae,49.019211,-122.666466,2024-04-27
210544022,Radula complanata,Flat-leaved Scalewort,Plantae,49.019211,-122.666466,2024-04-27
210544024,Radula complanata,Flat-leaved Scalewort,Plantae,49.019211,-122.666466,2024-04-27
210544025,Melanelixia glabratula,Polished Camouflage Lichen,Fungi,49.019211,-122.666466,2024-04-27
210544035,Radula complanata,Flat-leaved Scalewort,Plantae,49.019211,-122.666466,2024-04-27
210544036,Radula complanata,Flat-leaved Scalewort,Plantae,49.019211,-122.666466,2024-04-27
210544038,Radula complanata,Flat-leaved Scalewort,Plantae,49.019211,-122.666466,2024-04-27
210544049,Radula complanata,Flat-leaved Scalewort,Plantae,49.019211,-122.666466,2024-04-27
210544058,Plagiomnium insigne,Badge Moss,Plantae,49.019211,-122.666466,2024-04-27
210544060,Prunella vulgaris,common selfheal,Plantae,49.019268,-122.66629,2024-04-27
210544061,Sorbus aucuparia,European mountain ash,Plantae,49.019604,-122.665947,2024-04-27
210544239,Tracheophyta,Vascular Plants,Plantae,49.24822,-122.9123216667,2024-04-27
210544431,Oxalis oregana,Oregon woodsorrel,Plantae,49.26639988,-123.12408398,2024-04-27
210544644,Rhododendron,rhododendrons and azaleas,Plantae,49.26635668,-123.12421665,2024-04-27
210544720,Berberis aquifolium,Oregon grape,Plantae,49.26629527,-123.12430474,2024-04-27
210544765,Picea,spruces,Plantae,49.248245,-122.9123616667,2024-04-27
210544836,Rubus bifrons,Himalayan Blackberry,Plantae,49.26623348,-123.12425802,2024-04-27
210544927,Geranium robertianum,Herb Robert,Plantae,49.26624942,-123.12429087,2024-04-27
210545072,Lonicera fragrantissima,Winter honeysuckle,Plantae,49.26610797,-123.12438148,2024-04-27
210545226,Aucuba japonica,Japanese aucuba,Plantae,49.2482716667,-122.91237,2024-04-27
210545284,Fumaria muralis,common ramping-fumitory,Plantae,49.26596595,-123.12439175,2024-04-27
210545589,Malus × floribunda,Japanese Crabapple,Plantae,49.2480966667,-122.91265,2024-04-27
210545723,Berberis aquifolium,Oregon grape,Plantae,49.26539925,-123.12423248,2024-04-27
210545904,Ribes sanguineum,Red-flowering Currant,Plantae,49.26525122,-123.12460378,2024-04-27
210545943,Calidris,Calidris Sandpipers,Aves,49.0608166667,-123.1538555,2024-04-27
210546170,Daphne laureola,Spurge-laurel,Plantae,49.0523945,-122.6875133333,2024-04-27
210546246,Leucanthemum vulgare,oxeye daisy,Plantae,49.248225,-122.9131083333,2024-04-27
210546248,Acrosiphonia coalita,green rope,Plantae,49.3029250332,-123.1268041581,2024-04-27
210546288,Goodyera oblongifolia,Western Rattlesnake Plantain,Plantae,49.052625,-122.6869883333,2024-04-27
210546441,Malus domestica,apple,Plantae,49.2483866667,-122.9131383333,2024-04-27
210546489,Berberis nervosa,Cascade Oregon-grape,Plantae,49.0526416667,-122.68643,2024-04-27
210546678,Frangula purshiana,Cascara,Plantae,49.0523388333,-122.6867616667,2024-04-27
210546737,Achillea millefolium,common yarrow,Plantae,49.2483466667,-122.9131166667,2024-04-27
210546865,Trillium ovatum,Pacific trillium,Plantae,49.0264205933,-122.6621170044,2024-04-27
210546870,Malus domestica,apple,Plantae,49.2483783333,-122.9131383333,2024-04-27
210546912,Maianthemum stellatum,star-flowered lily-of-the-valley,Plantae,49.0523916667,-122.6865216667,2024-04-27
210547241,Sambucus racemosa,red-berried elder,Plantae,49.0521778333,-122.686425,2024-04-27
210547243,Corvus brachyrhynchos,American Crow,Aves,49.24872,-122.9134616667,2024-04-27
210547364,Acer pseudoplatanus,sycamore maple,Plantae,49.2496333333,-122.914605,2024-04-27
210547492,Lysimachia latifolia,Western Starflower,Plantae,49.052025,-122.6863466667,2024-04-27
210547639,Zonotrichia leucophrys,White-crowned Sparrow,Aves,49.2496216667,-122.91475,2024-04-27
210547716,Phaeolus schweinitzii,Dyer's Polypore,Fungi,49.0515833333,-122.6873383333,2024-04-27
210547836,Scytosiphon lomentaria,Beanweed,Chromista,49.3029193491,-123.1267139688,2024-04-27
210547870,Humulus neomexicanus,western hop,Plantae,49.2495533333,-122.9149383333,2024-04-27
210548121,Lamprocapnos spectabilis,Asian Bleeding-heart,Plantae,49.2976416667,-123.1345305,2024-04-27
210548163,Pipilo maculatus,Spotted Towhee,Aves,49.2488883333,-122.9168783333,2024-04-27
210548300,Prunus padus,bird cherry,Plantae,49.2479583333,-122.9174883333,2024-04-27
210548485,Prunus lusitanica,Portuguese laurel,Plantae,49.297195,-123.1351555,2024-04-27
210548517,Rumex obtusifolius,broad-leaved dock,Plantae,49.2479533333,-122.9176416667,2024-04-27
210548544,Carex,true sedges,Plantae,49.0523416667,-122.6910138889,2024-04-27
210548573,Sorbus aucuparia,European mountain ash,Plantae,49.2980783333,-123.1342166667,2024-04-27
210548643,Ramularia rubella,,Fungi,49.2479533333,-122.917655,2024-04-27
210548717,Vinca minor,lesser periwinkle,Plantae,49.0522471667,-122.6857383333,2024-04-27
210548724,Glechoma hederacea,ground-ivy,Plantae,49.24775,-122.9180833333,2024-04-27
210548859,Branta canadensis,Canada Goose,Aves,49.24753,-122.91828,2024-04-27
210548930,Hedera helix,common ivy,Plantae,49.0509445,-122.6861333333,2024-04-27
210549048,Nymphaea odorata,American white waterlily,Plantae,49.2473833333,-122.9188533333,2024-04-27
210549186,Vaccinium parvifolium,Red Huckleberry,Plantae,49.0500861667,-122.68647,2024-04-27
210549201,Coprinellus micaceus,mica cap,Fungi,49.2474666667,-122.9192116667,2024-04-27
210549523,Branta canadensis,Canada Goose,Aves,49.2473216667,-122.9190966667,2024-04-27
210549638,Parmelia sulcata,Netted shield lichen,Fungi,49.2473216667,-122.919425,2024-04-27
210549827,Cladonia fimbriata,Trumpet Lichen,Fungi,49.24732,-122.919425,2024-04-27
210549938,Dryopteris expansa,spreading wood fern,Plantae,49.0498611667,-122.6867216667,2024-04-27
210549939,Dacrymyces stillatus,Jelly Spot Fungus,Fungi,49.2473533333,-122.9194633333,2024-04-27
210549957,Nemophila menziesii,Menzies' baby blue eyes,Plantae,49.1750731997,-123.1227812997,2024-04-27
210550061,Ardea herodias,Great Blue Heron,Aves,49.247355,-122.9195633333,2024-04-27
210550132,Typha latifolia,broadleaf cattail,Plantae,49.2474466667,-122.9185416667,2024-04-27
210550296,Mniaceae,,Plantae,49.0492833333,-122.689195,2024-04-27
210550354,Aix sponsa,Wood Duck,Aves,49.2475166667,-122.91828,2024-04-27
210550676,Aix sponsa,Wood Duck,Aves,49.2475916667,-122.9180366667,2024-04-27
210550760,Thuja plicata,western redcedar,Plantae,49.24958,-122.9141916667,2024-04-27
210550874,Achillea millefolium,common yarrow,Plantae,49.175125,-123.122922,2024-04-27
210550970,Capsella bursa-pastoris,shepherd's-purse,Plantae,49.2497366667,-122.9141466667,2024-04-27
210551166,Luzula,woodrushes,Plantae,49.0508583333,-122.6901033333,2024-04-27
210551206,Mopalia muscosa,Mossy Chiton,Mollusca,49.3028723458,-123.1265982985,2024-04-27
210551214,Calystegia silvatica,large bindweed,Plantae,49.2497366667,-122.9142083333,2024-04-27
210551371,Styrax japonicus,Japanese snowbell,Plantae,49.24993,-122.9141533333,2024-04-27
210551547,Tracheophyta,Vascular Plants,Plantae,49.2500283333,-122.9141083333,2024-04-27
210551699,Vinca minor,lesser periwinkle,Plantae,49.250275,-122.91413,2024-04-27
210551759,Pisaster ochraceus,Ochre Sea Star,Animalia,49.3028754064,-123.1264102086,2024-04-27
210551877,Rosa multiflora,multiflora rose,Plantae,49.2504616667,-122.9140333333,2024-04-27
210551979,Dicentra formosa,Pacific Bleeding Heart,Plantae,49.0264205933,-122.6621170044,2024-04-27
210552101,Spiraea douglasii,Rose Spirea,Plantae,49.250695,-122.9139466667,2024-04-27
210552273,Acer pseudoplatanus,sycamore maple,Plantae,49.2507283333,-122.9137716667,2024-04-27
210552432,Aceria cephalonea,Sycamore Cherry Mite,Arachnida,49.2507133333,-122.9137033333,2024-04-27
210552549,Reynoutria japonica,Japanese knotweed,Plantae,49.2507333333,-122.9138416667,2024-04-27
210552773,Sambucus racemosa,red-berried elder,Plantae,49.25053,-122.9123533333,2024-04-27
210552788,Pulvigera,,Plantae,49.0522,-122.6909033333,2024-04-27
210552967,Melospiza melodia,Song Sparrow,Aves,49.3288587494,-123.0617444504,2024-04-27
210553002,Styrax japonicus,Japanese snowbell,Plantae,49.250205,-122.9110416667,2024-04-27
210553046,Cornus nuttallii,Pacific Dogwood,Plantae,49.0526611667,-122.6901783333,2024-04-27
210553049,Cancer productus,Red Rock Crab,Animalia,49.3028183465,-123.126379028,2024-04-27
210553209,Urtica gracilis,slender stinging nettle,Plantae,49.2501616667,-122.9101033333,2024-04-27
210553371,Acer circinatum,Vine Maple,Plantae,49.0522471667,-122.6909783333,2024-04-27
210553374,Araucaria araucana,monkey-puzzle,Plantae,49.250155,-122.90995,2024-04-27
210553558,Rubus ursinus,trailing blackberry,Plantae,49.0524305,-122.6908033333,2024-04-27
210553801,Turdus migratorius,American Robin,Aves,49.2501616667,-122.9098966667,2024-04-27
210554001,Rubus spectabilis,Salmonberry,Plantae,49.0515111667,-122.6898633333,2024-04-27
210554194,Pteraster tesselatus,Slime Star,Animalia,49.3029652593,-123.1265483424,2024-04-27
210554251,Turdus migratorius,American Robin,Aves,49.2501,-122.9097966667,2024-04-27
210554428,Alliaria petiolata,garlic mustard,Plantae,49.2502633333,-122.9092633333,2024-04-27
210555173,Aesculus hippocastanum,horse-chestnut,Plantae,49.2502783333,-122.9091716667,2024-04-27
210555501,Galium aparine,catchweed bedstraw,Plantae,49.2501716667,-122.90915,2024-04-27
210555691,Hedera helix,common ivy,Plantae,49.2502333333,-122.9091333333,2024-04-27
210556007,Prunus emarginata,Bitter cherry,Plantae,49.2496833333,-122.9069966667,2024-04-27
210556237,Cotoneaster salicifolius,Willow-leaved Cotoneaster,Plantae,49.2490666667,-122.9075866667,2024-04-27
210556422,Turdus migratorius,American Robin,Aves,49.2481533333,-122.90632,2024-04-27
210556709,Amara,Sun Beetles,Insecta,49.0584603238,-122.8766398877,2024-04-27
210557467,Mopalia muscosa,Mossy Chiton,Mollusca,49.3029267822,-123.1266076863,2024-04-27
210559884,Dermasterias imbricata,Leather Star,Animalia,49.3029348711,-123.1265627593,2024-04-27
210561380,Hyacinthoides hispanica,Spanish Bluebell,Plantae,49.2957466667,-123.1458888333,2024-04-27
210561450,Cladonia macilenta,Lipstick Powderhorn,Fungi,49.1704746822,-122.5752276555,2024-04-27
210561676,Cardellina pusilla,Wilson's Warbler,Aves,49.2971922634,-123.1376546994,2024-04-27
210562059,Ribes sanguineum,Red-flowering Currant,Plantae,49.2955801639,-123.1370106339,2024-04-27
210562710,Pisaster ochraceus,Ochre Sea Star,Animalia,49.3028165975,-123.1269288808,2024-04-27
210562780,Ardea herodias fannini,Northwest Coast Great Blue Heron,Aves,49.2965562196,-123.1369995698,2024-04-27
210563086,Pisaster ochraceus,Ochre Sea Star,Animalia,49.3028461113,-123.1266985461,2024-04-27
210563696,Juncus effusus,Soft Rush,Plantae,49.1748726,-123.1195763,2024-04-27
210564179,Corvus brachyrhynchos,American Crow,Aves,49.3151426446,-122.9163817048,2024-04-27
210564180,Ruditapes philippinarum,Japanese Littleneck,Mollusca,49.3152948697,-122.9163464036,2024-04-27
210564182,Mytilus californianus,California Mussel,Mollusca,49.3152951921,-122.9163832125,2024-04-27
210564187,Leukoma staminea,Pacific Littleneck Clam,Mollusca,49.3152843907,-122.9163619865,2024-04-27
210564189,Ruditapes philippinarum,Japanese Littleneck,Mollusca,49.3152594877,-122.9163888254,2024-04-27
210564191,Ruditapes philippinarum,Japanese Littleneck,Mollusca,49.3152468362,-122.9164439852,2024-04-27
210564203,Balanus glandula,Pacific Acorn Barnacle,Animalia,49.315296,-122.916374,2024-04-27
210564204,Larus glaucescens × occidentalis,Olympic Gull,Aves,49.3159094272,-122.9170367429,2024-04-27
210564205,Bucephala albeola,Bufflehead,Aves,49.3157068354,-122.9159397299,2024-04-27
210564215,Littorina scutulata,Checkered Periwinkle,Mollusca,49.315296,-122.916374,2024-04-27
210564216,Littorina scutulata,Checkered Periwinkle,Mollusca,49.315296,-122.916374,2024-04-27
210564221,Larus glaucescens × occidentalis,Olympic Gull,Aves,49.3155397219,-122.9160166415,2024-04-27
210564229,Clinocardium nuttallii,Nuttall's Cockle,Mollusca,49.315361,-122.916496,2024-04-27
210564230,Nuttallia obscurata,Purple Mahogany Clam,Mollusca,49.315361,-122.916496,2024-04-27
210564233,Mya arenaria,Soft-shelled Clam,Mollusca,49.315361,-122.916496,2024-04-27
210564240,Littorina,,Mollusca,49.315372,-122.916275,2024-04-27
210564241,Littorina,,Mollusca,49.315372,-122.916275,2024-04-27
210564242,Mytilus californianus,California Mussel,Mollusca,49.315372,-122.916473,2024-04-27
210564246,Hemigrapsus oregonensis,Yellow Shore Crab,Animalia,49.315372,-122.916473,2024-04-27
210564248,Phoca vitulina,Harbor Seal,Mammalia,49.3158850592,-122.9175025167,2024-04-27
210564253,Dermasterias imbricata,Leather Star,Animalia,49.315372,-122.916473,2024-04-27
210564254,Ruditapes philippinarum,Japanese Littleneck,Mollusca,49.315269,-122.916573,2024-04-27
210564256,Clinocardium nuttallii,Nuttall's Cockle,Mollusca,49.315269,-122.916573,2024-04-27
210564265,Mya arenaria,Soft-shelled Clam,Mollusca,49.315269,-122.916573,2024-04-27
210564266,Nuttallia obscurata,Purple Mahogany Clam,Mollusca,49.315269,-122.916573,2024-04-27
210564267,Ruditapes philippinarum,Japanese Littleneck,Mollusca,49.315269,-122.916573,2024-04-27
210564280,Nuttallia obscurata,Purple Mahogany Clam,Mollusca,49.315269,-122.916573,2024-04-27
210564281,Nassarius mendicus,Lean Western Nassa,Mollusca,49.315269,-122.916573,2024-04-27
210564283,Hemigrapsus oregonensis,Yellow Shore Crab,Animalia,49.315269,-122.916573,2024-04-27
210564290,Pagurus hirsutiusculus,Pacific Hairy Hermit Crab,Animalia,49.315269,-122.916573,2024-04-27
210564291,Nassarius mendicus,Lean Western Nassa,Mollusca,49.315269,-122.916573,2024-04-27
210564292,Pagurus hirsutiusculus,Pacific Hairy Hermit Crab,Animalia,49.315269,-122.916573,2024-04-27
210564299,Nassarius mendicus,Lean Western Nassa,Mollusca,49.315269,-122.916573,2024-04-27
210564300,Hemigrapsus oregonensis,Yellow Shore Crab,Animalia,49.315228,-122.916756,2024-04-27
210564301,Nereis,,Animalia,49.315228,-122.916756,2024-04-27
210564306,Ulva intestinalis,Gutweed,Plantae,49.315228,-122.916756,2024-04-27
210564307,Ulva intestinalis,Gutweed,Plantae,49.315228,-122.916756,2024-04-27
210564309,Clinocardium nuttallii,Nuttall's Cockle,Mollusca,49.315228,-122.916756,2024-04-27
210564316,Ulva,Sea Lettuces,Plantae,49.315228,-122.916756,2024-04-27
210564317,Ulva intestinalis,Gutweed,Plantae,49.315228,-122.916756,2024-04-27
210564325,Metacarcinus magister,Dungeness Crab,Animalia,49.315022,-122.917091,2024-04-27
210564326,Cancer productus,Red Rock Crab,Animalia,49.314949,-122.917259,2024-04-27
210564327,Nudibranchia,Nudibranchs,Mollusca,49.315022,-122.917091,2024-04-27
210564334,Magallana gigas,Pacific Oyster,Mollusca,49.314949,-122.917259,2024-04-27
210564335,Pisaster ochraceus,Ochre Sea Star,Animalia,49.314949,-122.917259,2024-04-27
210564359,Nuphar polysepala,western yellow pond-lily,Plantae,49.3043491036,-123.1387393177,2024-04-27
210564481,Alaria marginata,winged kelp,Chromista,49.3028284031,-123.1268034875,2024-04-27
210565046,Maianthemum dilatatum,Western Lily of the Valley,Plantae,49.3023916667,-123.1398,2024-04-27
210565346,Nymphaea odorata,American white waterlily,Plantae,49.3049942285,-123.1386424229,2024-04-27
210565667,Reynoutria japonica,Japanese knotweed,Plantae,49.2488583333,-123.0964861111,2024-04-27
210565772,Junco hyemalis,Dark-eyed Junco,Aves,49.335125,-123.266925,2024-04-27
210565901,Mergus merganser,Common Merganser,Aves,49.3332194444,-123.2679638889,2024-04-27
210565980,Semibalanus cariosus,Thatched Barnacle,Animalia,49.3028395527,-123.1266210973,2024-04-27
210566089,Rubus spectabilis,Salmonberry,Plantae,49.3037619037,-123.1376225129,2024-04-27
210566149,Urile pelagicus,Pelagic Cormorant,Aves,49.3332194444,-123.2679638889,2024-04-27
210566419,Semibalanus cariosus,Thatched Barnacle,Animalia,49.3027665334,-123.1266137213,2024-04-27
210567797,Ilex aquifolium,European holly,Plantae,49.3015507684,-123.1357137859,2024-04-27
210567895,Lottia persona,Mask Limpet,Mollusca,49.3027577886,-123.1266278028,2024-04-27
210568431,Prunus emarginata,Bitter cherry,Plantae,49.3332027778,-123.2679472222,2024-04-27
210568895,Pholis ornata,Saddleback Gunnel,Actinopterygii,49.314949,-122.917259,2024-04-27
210568898,Balanus glandula,Pacific Acorn Barnacle,Animalia,49.314919,-122.917496,2024-04-27
210568899,Macoma nasuta,Bent-nosed Clam,Mollusca,49.314949,-122.917259,2024-04-27
210568911,Littorina sitkana,Sitka Periwinkle,Mollusca,49.314919,-122.917496,2024-04-27
210568919,Pholis laeta,Crescent Gunnel,Actinopterygii,49.314919,-122.917496,2024-04-27
210568921,Littorina sitkana,Sitka Periwinkle,Mollusca,49.314919,-122.917496,2024-04-27
210568931,Mya arenaria,Soft-shelled Clam,Mollusca,49.31485,-122.917625,2024-04-27
210568945,Pisaster ochraceus,Ochre Sea Star,Animalia,49.314754,-122.917664,2024-04-27
210568949,Balanus glandula,Pacific Acorn Barnacle,Animalia,49.314697,-122.917786,2024-04-27
210568965,Clinocardium nuttallii,Nuttall's Cockle,Mollusca,49.314697,-122.917786,2024-04-27
210568970,Metacarcinus magister,Dungeness Crab,Animalia,49.314697,-122.917786,2024-04-27
210568975,Ruditapes philippinarum,Japanese Littleneck,Mollusca,49.314617,-122.917946,2024-04-27
210568978,Metacarcinus magister,Dungeness Crab,Animalia,49.314259,-122.918144,2024-04-27
210568986,Fucus distichus,Rockweed,Chromista,49.314259,-122.918144,2024-04-27
210568987,Mytilus californianus,California Mussel,Mollusca,49.314259,-122.918144,2024-04-27
210568988,Vaccinium parvifolium,Red Huckleberry,Plantae,49.314182,-122.917961,2024-04-27
210569004,Tsuga heterophylla,western hemlock,Plantae,49.314182,-122.917961,2024-04-27
210569008,Fomitopsis mounceae,Northern Red Belt,Fungi,49.314182,-122.917961,2024-04-27
210569022,Ruditapes philippinarum,Japanese Littleneck,Mollusca,49.314182,-122.917961,2024-04-27
210569024,Rhizomnium glabrescens,rhizomnium moss,Plantae,49.314182,-122.917961,2024-04-27
210569033,Rhizomnium glabrescens,rhizomnium moss,Plantae,49.314182,-122.917961,2024-04-27
210569034,Ilex aquifolium,European holly,Plantae,49.314182,-122.917961,2024-04-27
210569042,Dicranum tauricum,Fragile Fork-moss,Plantae,49.314182,-122.917961,2024-04-27
210569047,Atrichum,Smoothcap Mosses,Plantae,49.314182,-122.917961,2024-04-27
210569048,Rubus leucodermis,whitebark raspberry,Plantae,49.313862,-122.918343,2024-04-27
210569061,Rubus spectabilis,Salmonberry,Plantae,49.313862,-122.918343,2024-04-27
210569062,Platismatia glauca,Varied Rag Lichen,Fungi,49.313862,-122.918343,2024-04-27
210569063,Rhytidiadelphus loreus,Lanky Moss,Plantae,49.313862,-122.918343,2024-04-27
210569080,Kindbergia oregana,Oregon Beaked Moss,Plantae,49.313862,-122.918343,2024-04-27
210569082,Plagiothecium undulatum,Waved Silk-moss,Plantae,49.313862,-122.918343,2024-04-27
210569092,Dryopteris expansa,spreading wood fern,Plantae,49.313877,-122.917946,2024-04-27
210569093,Luzula parviflora,Small-flower Woodrush,Plantae,49.313877,-122.917946,2024-04-27
210569094,Acer circinatum,Vine Maple,Plantae,49.313877,-122.917946,2024-04-27
210569105,Pseudotaxiphyllum elegans,Elegant Silk-moss,Plantae,49.313938,-122.917671,2024-04-27
210569106,Aruncus dioicus,Goatsbeard,Plantae,49.313938,-122.917671,2024-04-27
210569107,Aruncus dioicus,Goatsbeard,Plantae,49.314091,-122.917557,2024-04-27
210569122,Pogonatum contortum,contorted pogonatum moss,Plantae,49.314091,-122.917557,2024-04-27
210569123,Oligotrichum aligerum,Small Hair Moss,Plantae,49.314091,-122.917557,2024-04-27
210569135,Sambucus racemosa,red-berried elder,Plantae,49.314415,-122.917374,2024-04-27
210569136,Sorbus aucuparia,European mountain ash,Plantae,49.314415,-122.917374,2024-04-27
210569147,Phytomyza ilicis,European Holly Leafminer,Insecta,49.314415,-122.917374,2024-04-27
210569148,Malus fusca,Pacific Crab Apple,Plantae,49.314415,-122.917374,2024-04-27
210569149,Ilex aquifolium,European holly,Plantae,49.314415,-122.917374,2024-04-27
210569158,Acer pseudoplatanus,sycamore maple,Plantae,49.314682,-122.916702,2024-04-27
210569159,Acer pseudoplatanus,sycamore maple,Plantae,49.314682,-122.916702,2024-04-27
210569172,Cerastium glomeratum,Sticky mouse-ear chickweed,Plantae,49.314789,-122.916542,2024-04-27
210569173,Epilobium ciliatum,fringed willowherb,Plantae,49.3144832987,-122.9172069325,2024-04-27
210569179,Lysimachia nummularia,creeping Jenny,Plantae,49.3147515386,-122.9166386395,2024-04-27
210569187,Papaver cambricum,Welsh Poppy,Plantae,49.3145939916,-122.9170848948,2024-04-27
210569194,Vinca minor,lesser periwinkle,Plantae,49.3146752587,-122.9169639106,2024-04-27
210569305,Haliaeetus leucocephalus,Bald Eagle,Aves,49.3328361111,-123.2676583333,2024-04-27
210569413,Hyacinthoides,Bluebells,Plantae,49.2948728176,-123.137164861,2024-04-27
210569733,Lottia,Lottia Limpets,Mollusca,49.3327638889,-123.2677555556,2024-04-27
210569971,Chaenomeles japonica,Japanese Quince,Plantae,49.2950962833,-123.1371675432,2024-04-27
210570112,Cancer productus,Red Rock Crab,Animalia,49.3329944444,-123.2679361111,2024-04-27
210570460,Pagurus hirsutiusculus,Pacific Hairy Hermit Crab,Animalia,49.3329944444,-123.2679361111,2024-04-27
210570509,Aythya collaris,Ring-necked Duck,Aves,49.2952491227,-123.1372406334,2024-04-27
210570551,Pisaster ochraceus,Ochre Sea Star,Animalia,49.3327805556,-123.2677666667,2024-04-27
210570616,Evasterias troschelii,Mottled Star,Animalia,49.3316861111,-123.3694694444,2024-04-27
210570657,Strongylocentrotus droebachiensis,Arctic Green Sea Urchin,Animalia,49.3328222222,-123.2679194444,2024-04-27
210570669,Lecanora circumborealis,Black-eyed Rim Lichen,Fungi,49.0172416667,-123.0418221667,2024-04-27
210571472,Pisaster ochraceus,Ochre Sea Star,Animalia,49.3328222222,-123.2679194444,2024-04-27
210571578,Mytilus,Black Mussels,Mollusca,49.2660083333,-123.2449972222,2024-04-27
210571764,Grindelia,gumplants,Plantae,49.333025,-123.2674722222,2024-04-27
210572137,Rosa nutkana,Nootka rose,Plantae,49.3328083333,-123.2673305556,2024-04-27
210572349,Malus fusca,Pacific Crab Apple,Plantae,49.3328083333,-123.2673305556,2024-04-27
210572672,Rhizomnium,,Plantae,49.3319277778,-123.2649555556,2024-04-27
210572750,Holodiscus discolor,Ocean spray,Plantae,49.3319222222,-123.26495,2024-04-27
210572882,Spiraea douglasii,Rose Spirea,Plantae,49.3319222222,-123.26495,2024-04-27
210573225,Lilium columbianum,Columbia lily,Plantae,49.3316638889,-123.2645861111,2024-04-27
210573566,Vicia hirsuta,Hairy tare,Plantae,49.0188916667,-123.0445555,2024-04-27
210573628,Erythronium oregonum,giant white fawn lily,Plantae,49.3315277778,-123.2644666667,2024-04-27
210573860,Trifolium dubium,Lesser hop trefoil,Plantae,49.3311944444,-123.2645083333,2024-04-27
210574050,Hypericum perforatum,Common St. John's Wort,Plantae,49.3312527778,-123.2644694444,2024-04-27
210574142,Geranium molle,Dove's-foot crane's-bill,Plantae,49.3312555556,-123.2642694444,2024-04-27
210574194,Selaginella wallacei,Wallace's spikemoss,Plantae,49.3312555556,-123.2642694444,2024-04-27
210574291,Pinus contorta,lodgepole pine,Plantae,49.3312555556,-123.2642694444,2024-04-27
210574478,Pipilo maculatus,Spotted Towhee,Aves,49.3158416667,-123.1016388333,2024-04-27
210574508,Arbutus menziesii,Pacific madrone,Plantae,49.3310472222,-123.26375,2024-04-27
210574617,Sedum,stonecrops,Plantae,49.3310472222,-123.26375,2024-04-27
210574755,Doronicum pardalianches,Leopard's-bane,Plantae,49.3311888889,-123.2636777778,2024-04-27
210574765,Dicentra formosa,Pacific Bleeding Heart,Plantae,49.31398,-123.0573721667,2024-04-27
210574921,Hyacinthoides,Bluebells,Plantae,49.3319333333,-123.2638055556,2024-04-27
210575012,Trillium ovatum,Pacific trillium,Plantae,49.332,-123.2634777778,2024-04-27
210575188,Corvus brachyrhynchos,American Crow,Aves,49.3142666667,-123.0571888333,2024-04-27
210575246,Rumex obtusifolius,broad-leaved dock,Plantae,49.3321138889,-123.2636777778,2024-04-27
210575307,Vinca minor,lesser periwinkle,Plantae,49.332325,-123.2633555556,2024-04-27
210575514,Stellaria,chickweeds,Plantae,49.3324861111,-123.2637888889,2024-04-27
210575572,Sorbus aucuparia,European mountain ash,Plantae,49.3324861111,-123.2637888889,2024-04-27
210575650,Rubus ursinus,trailing blackberry,Plantae,49.3324861111,-123.2637888889,2024-04-27
210575783,Prunus,"plums, cherries, and allies",Plantae,49.3323833333,-123.2635333333,2024-04-27
210575833,Magnoliopsida,Dicots,Plantae,49.3152866667,-123.057075,2024-04-27
210575960,Geranium robertianum,Herb Robert,Plantae,49.3323833333,-123.2635333333,2024-04-27
210576018,Bellis perennis,Lawn daisy,Plantae,49.3323833333,-123.2635333333,2024-04-27
210576072,Sanicula crassicaulis,Pacific Sanicle,Plantae,49.3323833333,-123.2635333333,2024-04-27
210576499,Picea abies,Norway spruce,Plantae,49.3154366667,-123.0574721667,2024-04-27
210576857,Rubus laciniatus,Cutleaf Blackberry,Plantae,49.3326472222,-123.2643277778,2024-04-27
210576964,Rhododendron ponticum,Pontic Rhododendron,Plantae,49.32375,-123.0571278333,2024-04-27
210577035,Poecile atricapillus,Black-capped Chickadee,Aves,49.3330472222,-123.2644861111,2024-04-27
210577193,Heuchera micrantha,crevice alumroot,Plantae,49.3332611111,-123.2645138889,2024-04-27
210577292,Sambucus racemosa,red-berried elder,Plantae,49.3246533333,-123.0505916667,2024-04-27
210577504,Claytonia sibirica,Candy Flower,Plantae,49.3332611111,-123.2645138889,2024-04-27
210577522,Lumbricidae,Lumbricid Earthworms,Animalia,49.3265116667,-123.0508111667,2024-04-27
210577573,Amelanchier alnifolia,Saskatoon,Plantae,49.3332333333,-123.2646583333,2024-04-27
210577741,Cytisus scoparius,Scotch Broom,Plantae,49.3337694444,-123.2641305556,2024-04-27
210577884,Lonicera ciliosa,orange honeysuckle,Plantae,49.3337694444,-123.2641305556,2024-04-27
210577910,Polystichum munitum,western sword fern,Plantae,49.3265383333,-123.0508333333,2024-04-27
210578008,Thuja plicata,western redcedar,Plantae,49.3351027778,-123.2639888889,2024-04-27
210578058,Polypodium glycyrrhiza,licorice fern,Plantae,49.3350916667,-123.26405,2024-04-27
210578139,Sambucus racemosa,red-berried elder,Plantae,49.3270383333,-123.0542971667,2024-04-27
210578162,Kindbergia oregana,Oregon Beaked Moss,Plantae,49.3350916667,-123.26405,2024-04-27
210578196,Plagiothecium undulatum,Waved Silk-moss,Plantae,49.3350916667,-123.26405,2024-04-27
210578210,Turdus migratorius,American Robin,Aves,49.1265472834,-123.0559965091,2024-04-27
210578291,Lysimachia latifolia,Western Starflower,Plantae,49.3350916667,-123.26405,2024-04-27
210578414,Ariolimax columbianus,Pacific Banana Slug,Mollusca,49.3350916667,-123.26405,2024-04-27
210578515,Tiarella trifoliata,Threeleaf Foamflower,Plantae,49.3350916667,-123.26405,2024-04-27
210578644,Rubus spectabilis,Salmonberry,Plantae,49.3350916667,-123.26405,2024-04-27
210578790,Vaccinium parvifolium,Red Huckleberry,Plantae,49.3350916667,-123.26405,2024-04-27
210578867,Athyrium filix-femina,lady fern,Plantae,49.3352416667,-123.2638083333,2024-04-27
210578934,Dicentra formosa,Pacific Bleeding Heart,Plantae,49.3352416667,-123.2638083333,2024-04-27
210579017,Maianthemum dilatatum,Western Lily of the Valley,Plantae,49.3352416667,-123.2638083333,2024-04-27
210579071,Sambucus racemosa,red-berried elder,Plantae,49.3366638889,-123.2629555556,2024-04-27
210579119,Lunaria annua,Annual Honesty,Plantae,49.328445,-123.0616305,2024-04-27
210579152,Cardamine,Bittercresses and Toothworts,Plantae,49.3366638889,-123.2629555556,2024-04-27
210579215,Geum macrophyllum,Large-leaved Avens,Plantae,49.33805,-123.2555416667,2024-04-27
210579301,Pteridium aquilinum,common bracken,Plantae,49.3365888889,-123.263075,2024-04-27
210579368,Berberis nervosa,Cascade Oregon-grape,Plantae,49.3365888889,-123.263075,2024-04-27
210579544,Prunus lusitanica,Portuguese laurel,Plantae,49.3365888889,-123.263075,2024-04-27
210579804,Geum macrophyllum,Large-leaved Avens,Plantae,49.023563385,-122.6549911499,2024-04-27
210579824,Mycelis muralis,Wall Lettuce,Plantae,49.2845916667,-123.1413722222,2024-04-27
210579886,Ariolimax columbianus,Pacific Banana Slug,Mollusca,49.3366638889,-123.2628583333,2024-04-27
210580059,Acer circinatum,Vine Maple,Plantae,49.3369222222,-123.2627833333,2024-04-27
210580112,Tellima grandiflora,fringe cups,Plantae,49.023563385,-122.6549911499,2024-04-27
210580120,Acer macrophyllum,bigleaf maple,Plantae,49.3369222222,-123.2627833333,2024-04-27
210580233,Gaultheria shallon,salal,Plantae,49.3369222222,-123.2627833333,2024-04-27
210580293,Polystichum munitum,western sword fern,Plantae,49.3369222222,-123.2627833333,2024-04-27
210580470,Galium aparine,catchweed bedstraw,Plantae,49.3369222222,-123.2627833333,2024-04-27
210580516,Osmorhiza berteroi,mountain sweet cicely,Plantae,49.3369222222,-123.2627833333,2024-04-27
210580761,Lysimachia latifolia,Western Starflower,Plantae,49.3369222222,-123.2627833333,2024-04-27
210580811,Bombus,Bumble Bees,Insecta,49.3369472222,-123.2628333333,2024-04-27
210581431,Nannopterum auritum,Double-crested Cormorant,Aves,49.1256137353,-123.0628605067,2024-04-27
210581617,Ariolimax columbianus,Pacific Banana Slug,Mollusca,49.0241279602,-122.6551742554,2024-04-27
210582175,Boeremia hedericola,,Fungi,49.01241945,-123.08725,2024-04-27
210582545,Tringa melanoleuca,Greater Yellowlegs,Aves,49.1197719442,-123.0619707526,2024-04-27
210584891,Larus glaucescens × occidentalis,Olympic Gull,Aves,49.3266975153,-123.1530982204,2024-04-27
210585126,Lumbricidae,Lumbricid Earthworms,Animalia,49.235395,-122.7673416667,2024-04-27
210585301,Lumbricidae,Lumbricid Earthworms,Animalia,49.2345283333,-122.76898,2024-04-27
210585734,Fomes fomentarius,Hoof Fungus,Fungi,49.119692301,-123.0624703824,2024-04-27
210585919,Cepaea nemoralis,Brown-lipped Snail,Mollusca,49.234695,-122.7687133333,2024-04-27
210586046,Lumbricidae,Lumbricid Earthworms,Animalia,49.234755,-122.7686166667,2024-04-27
210586123,Lysichiton americanus,western skunk cabbage,Plantae,49.0280456543,-122.6567764282,2024-04-27
210586177,Anas platyrhynchos,Mallard,Aves,49.1205244828,-123.0620785889,2024-04-27
210587113,Cepaea nemoralis,Brown-lipped Snail,Mollusca,49.235,-122.76832,2024-04-27
210587134,Ixoreus naevius,Varied Thrush,Aves,49.1223494789,-123.0630685913,2024-04-27
210587271,Cepaea nemoralis,Brown-lipped Snail,Mollusca,49.235,-122.768355,2024-04-27
210588074,Cepaea,,Mollusca,49.2349666667,-122.768355,2024-04-27
210588133,Bubo virginianus,Great Horned Owl,Aves,49.1256765731,-123.0566536511,2024-04-27
210588341,Cepaea nemoralis,Brown-lipped Snail,Mollusca,49.2349616667,-122.7683633333,2024-04-27
210589551,Nemopoda,,Insecta,49.2572133333,-123.0615778333,2024-04-26
210589621,Cepaea nemoralis,Brown-lipped Snail,Mollusca,49.2349966667,-122.768355,2024-04-27
210589794,Plethodon vehiculum,Western Red-backed Salamander,Amphibia,49.30545,-123.1377638333,2024-04-27
210590434,Felinae,Small Cats,Mammalia,49.23582,-122.764275,2024-04-27
210590522,Haemorhous mexicanus,House Finch,Aves,49.2203345569,-122.9104764574,2024-04-27
210590557,Sorbus,Rowans and Mountain Ashes,Plantae,49.2207170232,-122.9103813228,2024-04-27
210590705,Pulvigera,,Plantae,49.2206246627,-122.9103734897,2024-04-27
210590803,Homalothecium nuttallii,Nuttall's homalothecium moss,Plantae,49.2206976465,-122.9103909421,2024-04-27
210590881,Entomobrya nivalis,Cosmopolitan Springtail,Animalia,49.257205,-123.0610361667,2024-04-26
210590947,Bryopsida,Joint-toothed Mosses,Plantae,49.2206353105,-122.9104110701,2024-04-27
210591057,Physcia adscendens,Hooded Rosette Lichen,Fungi,49.220626792,-122.9104073906,2024-04-27
210591156,Dicranoweisia cirrata,Common Pincushion,Plantae,49.2214615038,-122.9110356142,2024-04-27
210591261,Tachypeza,,Insecta,49.2572116667,-123.0610416667,2024-04-26
210591317,Phlyctis argena,Whitewash Lichen,Fungi,49.2218260328,-122.9117376824,2024-04-27
210591331,Erodium cicutarium,Redstem Stork's-bill,Plantae,49.220020515,-123.2088238367,2024-04-26
210591411,Lecanoraceae,"rim lichens, disc lichens, and allies",Fungi,49.2215654394,-122.9139047397,2024-04-27
210591509,Bryopsida,Joint-toothed Mosses,Plantae,49.2228133333,-122.9133383333,2024-04-27
210591518,Entomobrya nivalis,Cosmopolitan Springtail,Animalia,49.2572033333,-123.0610416667,2024-04-26
210591704,Capsella bursa-pastoris,shepherd's-purse,Plantae,49.2226361957,-122.9127332621,2024-04-27
210591736,Ctenolepisma lineatum,Four-lined Silverfish,Insecta,49.3183419662,-123.0625017359,2024-04-26
210591878,Parmelia sulcata,Netted shield lichen,Fungi,49.2228746927,-122.9121619744,2024-04-27
210592015,Bellis perennis,Lawn daisy,Plantae,49.222950968,-122.9122574442,2024-04-27
210592234,Parmelia sulcata,Netted shield lichen,Fungi,49.2232269841,-122.912674863,2024-04-27
210592382,Hypochaeris radicata,Common Cat's-ear,Plantae,49.2234473414,-122.9127592172,2024-04-27
210592533,Salix,Willows,Plantae,49.2200082517,-123.20853684,2024-04-26
210592535,Galium,bedstraws,Plantae,49.220020515,-123.208335675,2024-04-26
210592563,Homalothecium,homalothecium mosses,Plantae,49.2241912892,-122.9142204059,2024-04-27
210592664,Bryopsida,Joint-toothed Mosses,Plantae,49.2246159073,-122.9134423939,2024-04-27
210592771,Lepraria finkii,Fluffy Dust Lichen,Fungi,49.2246554283,-122.9133739165,2024-04-27
210592843,Corvus brachyrhynchos,American Crow,Aves,49.2247366667,-122.9110033333,2024-04-27
210592934,Calystegia,false bindweeds,Plantae,49.2246370716,-122.9090910965,2024-04-27
210593126,Erodium cicutarium,Redstem Stork's-bill,Plantae,49.2252634932,-122.9098104314,2024-04-27
210593262,Hyacinthoides hispanica,Spanish Bluebell,Plantae,49.2252980685,-122.9097872974,2024-04-27
210593311,Charadrius vociferus,Killdeer,Aves,49.0593352865,-123.14798906,2024-04-26
210593312,Passerculus sandwichensis,Savannah Sparrow,Aves,49.0947847271,-123.1696063327,2024-04-26
210593314,Calidris mauri,Western Sandpiper,Aves,49.085791471,-123.1641131687,2024-04-26
210593316,Tringa melanoleuca,Greater Yellowlegs,Aves,49.0965831828,-123.1668597507,2024-04-26
210593317,Calidris minutilla,Least Sandpiper,Aves,49.0821937125,-123.1558734226,2024-04-26
210593319,Ardea herodias,Great Blue Heron,Aves,49.0803947354,-123.1421405124,2024-04-26
210593322,Haliaeetus leucocephalus,Bald Eagle,Aves,49.0875902526,-123.1503802585,2024-04-26
210593323,Hirundo rustica,Barn Swallow,Aves,49.0678000716,-123.1339007663,2024-04-26
210593324,Hydroprogne caspia,Caspian Tern,Aves,49.0911876202,-123.1311541843,2024-04-27
210593328,Canis latrans,Coyote,Mammalia,49.0767965859,-123.103688364,2024-04-27
210593329,Calidris mauri,Western Sandpiper,Aves,49.0980846255,-123.1311541843,2024-04-27
210593331,Calidris mauri,Western Sandpiper,Aves,49.0974911445,-123.1256610202,2024-04-27
210593339,Falco peregrinus,Peregrine Falcon,Aves,49.0982994873,-123.0945444165,2024-04-27
210593340,Falco columbarius,Merlin,Aves,49.0867498765,-123.1077220572,2024-04-27
210593344,Calidris alpina,Dunlin,Aves,49.0528084701,-123.1523593796,2024-04-27
210593351,Calidris minutilla,Least Sandpiper,Aves,49.0467443813,-123.1490770629,2024-04-27
210593440,Parmelia,shield lichens,Fungi,49.2257604057,-122.9104168001,2024-04-27
210593569,Cladonia fimbriata,Trumpet Lichen,Fungi,49.2267437792,-122.9115787615,2024-04-27
210593642,Solanum dulcamara,bittersweet nightshade,Plantae,49.2198978817,-123.208311535,2024-04-26
210593706,Carex,true sedges,Plantae,49.2289547576,-122.9088658747,2024-04-27
210594043,Chrysothrix,Gold Dust Lichens,Fungi,49.2294329871,-122.9079856911,2024-04-27
210594228,Cerastium,Mouse-ear Chickweeds,Plantae,49.2296843185,-122.9074458965,2024-04-27
210594348,Lamium purpureum,red deadnettle,Plantae,49.2302396195,-122.9064690695,2024-04-27
210594454,Vicia hirsuta,Hairy tare,Plantae,49.2302274128,-122.9064512508,2024-04-27
210594773,Rumex acetosella,Sheep's sorrel,Plantae,49.2302461993,-122.9064515514,2024-04-27
210594877,Cornus sericea,red osier dogwood,Plantae,49.2197489517,-123.2084097017,2024-04-26
210594920,Senecio vulgaris,common groundsel,Plantae,49.2302410286,-122.9064533989,2024-04-27
210595045,Trifolium pratense,Red Clover,Plantae,49.2307454255,-122.9046478496,2024-04-27
210595180,Xanthoparmelia,rock shield lichens,Fungi,49.2306170566,-122.9046225363,2024-04-27
210595210,Anodonta,,Mollusca,49.236075,-122.7647633333,2024-04-27
210595298,Trifolium,clovers,Plantae,49.2306328565,-122.9046298285,2024-04-27
210595354,Corbicula fluminea,Asian Clam,Mollusca,49.2358383333,-122.7631616667,2024-04-27
210595468,Corbicula fluminea,Asian Clam,Mollusca,49.23585,-122.7631533333,2024-04-27
210595546,Plantago lanceolata,ribwort plantain,Plantae,49.2304199143,-122.9045566545,2024-04-27
210595648,Corbicula fluminea,Asian Clam,Mollusca,49.23585,-122.7631533333,2024-04-27
210595728,Achillea millefolium,common yarrow,Plantae,49.2303796924,-122.9045271771,2024-04-27
210595822,Mycelis muralis,Wall Lettuce,Plantae,49.2197454467,-123.2082004883,2024-04-26
210595825,Hedera helix,common ivy,Plantae,49.2196806267,-123.2081683017,2024-04-26
210595827,Armadillidium vulgare,Common Pill Woodlouse,Animalia,49.0363588193,-123.0516308919,2024-04-27
210595828,Lamium purpureum,red deadnettle,Plantae,49.2196228133,-123.2081441617,2024-04-26
210595839,Corbicula fluminea,Asian Clam,Mollusca,49.23585,-122.7631533333,2024-04-27
210595873,Populus trichocarpa,black cottonwood,Plantae,49.22913983,-122.9041264114,2024-04-27
210595972,Papaver,Poppies,Plantae,49.2306430825,-122.9006336724,2024-04-27
210596249,Senecio vulgaris,common groundsel,Plantae,49.2299957176,-122.8999162072,2024-04-27
210596272,Dysdera crocata,Woodlouse Spider,Arachnida,49.0366799,-123.0517872,2024-04-27
210596395,Hypericum perforatum,Common St. John's Wort,Plantae,49.2297283235,-122.8986900767,2024-04-27
210596562,Streptopelia decaocto,Eurasian Collared-Dove,Aves,49.2345240294,-122.8983475921,2024-04-27
210596683,Cepaea nemoralis,Brown-lipped Snail,Mollusca,49.0366799,-123.0517872,2024-04-27
210596777,Geranium robertianum,Herb Robert,Plantae,49.2361988593,-122.895400012,2024-04-27
210596900,Lamium galeobdolon,yellow archangel,Plantae,49.2379513057,-122.8941430618,2024-04-27
210597067,Lepidium,Pepperweeds,Plantae,49.2377283333,-122.89418,2024-04-27
210597223,Equisetum telmateia,great horsetail,Plantae,49.2361775693,-122.8927246762,2024-04-27
210597307,Cornus sericea,red osier dogwood,Plantae,49.2373488984,-122.8919547984,2024-04-27
210597429,Epilobium ciliatum,fringed willowherb,Plantae,49.2373923491,-122.8919111935,2024-04-27
210597612,Reynoutria japonica,Japanese knotweed,Plantae,49.2373891315,-122.8919099552,2024-04-27
210597625,Ranunculus repens,Creeping buttercup,Plantae,49.2195807683,-123.2082165817,2024-04-26
210597626,Brachythecium albicans,Whitish Feather-moss,Plantae,49.2195579933,-123.2080851533,2024-04-26
210597627,Geranium robertianum,Herb Robert,Plantae,49.2195159467,-123.2081548917,2024-04-26
210597658,Eleodes rotundipennis,,Insecta,49.0368433,-123.0517971,2024-04-27
210597996,Tellima grandiflora,fringe cups,Plantae,49.2373881676,-122.8918822111,2024-04-27
210598157,Galium aparine,catchweed bedstraw,Plantae,49.2373207771,-122.8918191792,2024-04-27
210598365,Arctium lappa,greater burdock,Plantae,49.2371033924,-122.8914294207,2024-04-27
210598399,Armadillidium vulgare,Common Pill Woodlouse,Animalia,49.0368876,-123.0517717,2024-04-27
210598441,Impatiens glandulifera,Himalayan balsam,Plantae,49.2371504568,-122.8914472741,2024-04-27
210598543,Anas platyrhynchos,Mallard,Aves,49.2364383333,-122.8911216667,2024-04-27
210598599,Mareca strepera,Gadwall,Aves,49.2364466667,-122.8911133333,2024-04-27
210598671,Cornus sericea,red osier dogwood,Plantae,49.21950018,-123.207916175,2024-04-26
210598673,Equisetum telmateia,great horsetail,Plantae,49.2191935917,-123.207929585,2024-04-26
210598703,Aix sponsa,Wood Duck,Aves,49.23648,-122.8911283333,2024-04-27
210598804,Castor canadensis,American Beaver,Mammalia,49.2358241044,-122.8902211693,2024-04-27
210598859,Taraxacum officinale,common dandelion,Plantae,49.2352199788,-122.8913897743,2024-04-27
210599037,Urtica dioica,,Plantae,49.2351885293,-122.8912821995,2024-04-27
210599119,Acer circinatum,Vine Maple,Plantae,49.2348653582,-122.8914647416,2024-04-27
210599267,Capitotricha bicolor,,Fungi,49.2348824701,-122.8915669532,2024-04-27
210599351,Plethodon vehiculum,Western Red-backed Salamander,Amphibia,49.3062133333,-123.1376721667,2024-04-27
210599385,Poecile atricapillus,Black-capped Chickadee,Aves,49.2186793383,-123.2083211883,2024-04-26
210599387,Symphoricarpos albus,Common Snowberry,Plantae,49.2183010633,-123.2084514467,2024-04-26
210599389,Erodium cicutarium,Redstem Stork's-bill,Plantae,49.2173655067,-123.2088913283,2024-04-26
210599517,Bombus rufocinctus,Red-belted Bumble Bee,Insecta,49.0345786,-123.053745,2024-04-27
210599563,Rubus parviflorus,thimbleberry,Plantae,49.2348554411,-122.8915810265,2024-04-27
210599672,Aleyrodes proletella,Cabbage Whitefly,Insecta,49.2348240854,-122.8915640399,2024-04-27
210599714,Polystichum munitum,western sword fern,Plantae,49.2346617536,-122.8914738487,2024-04-27
210599729,Lumbricus terrestris,Nightcrawler,Animalia,49.0368876,-123.0517717,2024-04-27
210599756,Guepiniopsis alpina,alpine jelly cone,Fungi,49.3035966667,-123.1430971667,2024-04-27
210600001,Oniscus asellus,Common Shiny Woodlouse,Animalia,49.2344401684,-122.8915903532,2024-04-27
210600139,Rubus spectabilis,Salmonberry,Plantae,49.2343861313,-122.891680913,2024-04-27
210600223,Taraxacum officinale,common dandelion,Plantae,49.2338416586,-122.8919548822,2024-04-27
210600274,Marchantiophyta,liverworts,Plantae,49.2338138488,-122.8921648427,2024-04-27
210600368,Lepidium,Pepperweeds,Plantae,49.231725,-122.8924416667,2024-04-27
210600419,Ophyiulus,,Animalia,49.0368144997,-123.0517044,2024-04-27
210600595,Erodium cicutarium,Redstem Stork's-bill,Plantae,49.2317366667,-122.8924466667,2024-04-27
210600631,Rubus bifrons,Himalayan Blackberry,Plantae,49.216710255,-123.2093151183,2024-04-26
210600633,Tanacetum vulgare,tansy,Plantae,49.2167628167,-123.21011978,2024-04-26
210600842,Brassica,cabbages and mustards,Plantae,49.2271166062,-122.8930107505,2024-04-27
210601030,Schizophyllum commune,splitgill mushroom,Fungi,49.2255077837,-122.8937757668,2024-04-27
210601044,Polydesmidae,,Animalia,49.0357881997,-123.0522770997,2024-04-27
210601145,Glaucomaria carpinea,Rim lichen,Fungi,49.2254936272,-122.8937335009,2024-04-27
210601222,Achillea millefolium,common yarrow,Plantae,49.2228782969,-122.897242522,2024-04-27
210601292,Cladonia,pixie cup and reindeer lichens,Fungi,49.2166944221,-122.8957870045,2024-04-27
210601432,Chironomidae,Non-biting Midges,Insecta,49.2141815275,-122.8961480969,2024-04-27
210601516,Lamium purpureum,red deadnettle,Plantae,49.03661,-123.0518011997,2024-04-27
210601624,Chironomidae,Non-biting Midges,Insecta,49.2141699605,-122.8963552137,2024-04-27
210601723,Hypericum perforatum,Common St. John's Wort,Plantae,49.2168153767,-123.2105060183,2024-04-26
210601814,Eriophyes tiliae,Red Nail Gall Mite,Arachnida,49.2146537221,-122.898411546,2024-04-27
210601866,Agelaius phoeniceus,Red-winged Blackbird,Aves,49.2139854147,-122.8986997507,2024-04-27
210601961,Colletotrichum,,Fungi,49.21397576,-122.8989641556,2024-04-27
210602116,Bombus impatiens,Common Eastern Bumble Bee,Insecta,49.2139666667,-122.8989333333,2024-04-27
210602212,Prunus emarginata,Bitter cherry,Plantae,49.2170291217,-123.2113857833,2024-04-26
210602213,Trifolium pratense,Red Clover,Plantae,49.21705365,-123.21169692,2024-04-26
210602277,Arabidopsideae,,Plantae,49.2143044831,-122.9002048604,2024-04-27
210602363,Colaptes auratus,Northern Flicker,Aves,49.214405,-122.9032366667,2024-04-27
210602478,Cheiracanthium mildei,Northern Yellow Sac Spider,Arachnida,49.21557889,-122.9046176652,2024-04-27
210602707,Arion subfuscus,Western Dusky Slug,Mollusca,49.2147054377,-122.9034419452,2024-04-27
210602708,Myosotis discolor,Changing Forget-me-not,Plantae,49.14113909,-123.19466858,2024-04-27
210602736,Erodium cicutarium,Redstem Stork's-bill,Plantae,49.2172183383,-123.21215826,2024-04-26
210602738,Xanthoria parietina,Common Sunburst Lichen,Fungi,49.21749165,-123.21280199,2024-04-26
210602997,Lithobiomorpha,Stone Centipedes,Animalia,49.2146866667,-122.90342,2024-04-27
210603010,Anthriscus,Chervils,Plantae,49.14137734,-123.19451933,2024-04-27
210603189,Enchytraeidae,Potworms,Animalia,49.2146543088,-122.9033872952,2024-04-27
210603470,Arthropoda,Arthropods,Animalia,49.2105416667,-122.8993716667,2024-04-27
210603571,Barbarea,wintercresses,Plantae,49.14135089,-123.1945212,2024-04-27
210603585,Valerianella locusta,common cornsalad,Plantae,49.2177369283,-123.2130433883,2024-04-26
210603589,Aesculus hippocastanum,horse-chestnut,Plantae,49.21769488,-123.212796625,2024-04-26
210603636,Uleiota truncata,,Insecta,49.214675,-122.903595,2024-04-27
210603724,Argentina anserina,common silverweed,Plantae,49.14137254,-123.19452762,2024-04-27
210603864,Trichoderma,,Fungi,49.2148049735,-122.9034898059,2024-04-27
210603879,Rumex acetosella,Sheep's sorrel,Plantae,49.14138567,-123.19454242,2024-04-27
210603935,Cardamine pratensis,Cuckooflower,Plantae,49.2144461442,-122.9066730851,2024-04-27
210604005,Julidae,,Animalia,49.30401635,-123.1390777,2024-04-27
210604019,Phalaris arundinacea,reed canary grass,Plantae,49.14154476,-123.19467726,2024-04-27
210604081,Arion,Arion Slugs,Mollusca,49.2142799311,-122.9070157373,2024-04-27
210604084,Lathyrus japonicus,seaside pea,Plantae,49.14160587,-123.1946702,2024-04-27
210604125,Porcellio scaber,Common Rough Woodlouse,Animalia,49.2141480524,-122.9072034957,2024-04-27
210604141,Setophaga coronata,Yellow-rumped Warbler,Aves,49.21826252,-123.2131131267,2024-04-26
210604142,Petrochelidon pyrrhonota,Cliff Swallow,Aves,49.2187801633,-123.21286497,2024-04-26
210604158,Oxychilus,Typical Glass Snails,Mollusca,49.2141674218,-122.9071979961,2024-04-27
210604203,Cytisus scoparius,Scotch Broom,Plantae,49.2120633333,-122.9193883333,2024-04-27
210604264,Lapsana communis,nipplewort,Plantae,49.2125234195,-122.9212656432,2024-04-27
210604279,Rumex acetosella,Sheep's sorrel,Plantae,49.14177241,-123.19456029,2024-04-27
210604305,Homalothecium,homalothecium mosses,Plantae,49.2120472435,-122.9379715306,2024-04-27
210604336,Struthiopteris spicant,deer fern,Plantae,49.30401635,-123.1390777,2024-04-27
210604411,Turdus migratorius,American Robin,Aves,49.2118033333,-122.9384383333,2024-04-27
210604474,Magnoliopsida,Dicots,Plantae,49.1422744,-123.19454326,2024-04-27
210604477,Polyporales,Shelf Fungi,Fungi,49.2113843558,-122.9394866869,2024-04-27
210604579,Tubaria furfuracea,scurfy twiglet,Fungi,49.2106348588,-122.9408901872,2024-04-27
210604584,Cladonia,pixie cup and reindeer lichens,Fungi,49.14244965,-123.19457762,2024-04-27
210604638,Turdus migratorius,American Robin,Aves,49.2191533433,-123.212628935,2024-04-26
210604639,Turdus migratorius,American Robin,Aves,49.2191533433,-123.212628935,2024-04-26
210604640,Spiraea douglasii,Rose Spirea,Plantae,49.2196719117,-123.2128274183,2024-04-26
210604658,Cladonia coniocraea,Common Powderhorn,Fungi,49.14257496,-123.19453117,2024-04-27
210604673,Hypericum perforatum,Common St. John's Wort,Plantae,49.2074858537,-122.9469961581,2024-04-27
210604772,Dactylis glomerata,orchard grass,Plantae,49.14301678,-123.19439785,2024-04-27
210604791,Plantago lanceolata,ribwort plantain,Plantae,49.202674306,-122.9540297483,2024-04-27
210604813,Atriplex prostrata,Creeping Saltbush,Plantae,49.14301851,-123.19438797,2024-04-27
210604869,Medicago,medicks,Plantae,49.2026343637,-122.9540346016,2024-04-27
210604915,Rhizomnium,,Plantae,49.3044560318,-123.1393904704,2024-04-27
210604918,Hyacinthoides non-scripta,bluebell,Plantae,49.14298354,-123.1943904,2024-04-27
210604955,Bellis perennis,Lawn daisy,Plantae,49.2012503045,-122.9574637302,2024-04-27
210605006,Rubus laciniatus,Cutleaf Blackberry,Plantae,49.14295379,-123.1943721,2024-04-27
210605033,Rubus bifrons,Himalayan Blackberry,Plantae,49.2012163578,-122.957803365,2024-04-27
210605081,Plantago lanceolata,ribwort plantain,Plantae,49.14261732,-123.19430633,2024-04-27
210605149,Hedera helix,common ivy,Plantae,49.2014303319,-122.958086697,2024-04-27
210605189,Vicia,Vetches,Plantae,49.14212867,-123.1944433,2024-04-27
210605210,Tachycineta bicolor,Tree Swallow,Aves,49.2205268383,-123.2119315617,2024-04-26
210605212,Turdus migratorius,American Robin,Aves,49.22007485,-123.2127094017,2024-04-26
210605213,Tachycineta bicolor,Tree Swallow,Aves,49.2208386733,-123.211947655,2024-04-26
210605229,Mycelis muralis,Wall Lettuce,Plantae,49.2014308397,-122.9580783418,2024-04-27
210605366,Calystegia,false bindweeds,Plantae,49.2014245132,-122.95810192,2024-04-27
210605448,Sorbus aucuparia,European mountain ash,Plantae,49.2015609595,-122.9582007382,2024-04-27
210605542,Achillea millefolium,common yarrow,Plantae,49.0404862997,-123.0724143997,2024-04-27
210605570,Pinoideae,"pines, spruces, larches, and allies",Plantae,49.2016284251,-122.9583450398,2024-04-27
210605720,Rhus typhina,staghorn sumac,Plantae,49.2016155451,-122.9583743416,2024-04-27
210605919,Betula pendula,silver birch,Plantae,49.2016531388,-122.9584004079,2024-04-27
210606157,Cytisus scoparius,Scotch Broom,Plantae,49.201809358,-122.9585961471,2024-04-27
210606369,Amelanchier alnifolia,Saskatoon,Plantae,49.2018061085,-122.9585597479,2024-04-27
210606519,Populus trichocarpa,black cottonwood,Plantae,49.2021216453,-122.9588060082,2024-04-27
210606585,Carex macrocephala,big-head sedge,Plantae,49.0368245,-123.051725,2024-04-27
210606646,Thuja plicata,western redcedar,Plantae,49.2022141396,-122.9588545394,2024-04-27
210606732,Typha latifolia,broadleaf cattail,Plantae,49.1751927997,-123.1232274,2024-04-27
210606756,Tsuga heterophylla,western hemlock,Plantae,49.2023118378,-122.958862335,2024-04-27
210606858,Claytonia perfoliata,miner's lettuce,Plantae,49.0368773,-123.0517609,2024-04-27
210606904,Acer macrophyllum,bigleaf maple,Plantae,49.2023384325,-122.9588985539,2024-04-27
210606929,Oreoscoptes montanus,Sage Thrasher,Aves,49.326474194,-123.1527600835,2024-04-26
210607070,Sorbus aucuparia,European mountain ash,Plantae,49.2023303864,-122.9588625895,2024-04-27
210607172,Barbarea,wintercresses,Plantae,49.2024876641,-122.9589046571,2024-04-27
210607269,Lomatium nudicaule,Barestem Biscuitroot,Plantae,49.0369316,-123.0517872,2024-04-27
210607338,Melospiza melodia,Song Sparrow,Aves,49.2024083333,-122.9588166667,2024-04-27
210607403,Kindbergia praelonga,Common Feather-moss,Plantae,49.30401635,-123.1390777,2024-04-27
210607538,Laburnum anagyroides,Common Laburnum,Plantae,49.2021574852,-122.9586473446,2024-04-27
210607756,Prunus,"plums, cherries, and allies",Plantae,49.2016212456,-122.958206786,2024-04-27
210607866,Kindbergia,,Plantae,49.30401635,-123.1390777,2024-04-27
210607924,Spiraea douglasii,Rose Spirea,Plantae,49.1752015,-123.1232042997,2024-04-27
210607949,Claytonia,spring beauties,Plantae,49.0369687997,-123.0516781,2024-04-27
210608213,Plagiothecium undulatum,Waved Silk-moss,Plantae,49.30401635,-123.1390777,2024-04-27
210608518,Hyacinthoides hispanica,Spanish Bluebell,Plantae,49.0354178997,-123.0524278997,2024-04-27
210608619,Gavia immer,Common Loon,Aves,49.3333557418,-123.0934016813,2024-04-27
210608622,Oreoscoptes montanus,Sage Thrasher,Aves,49.2796350143,-123.0721647252,2024-04-27
210608737,Oniscus asellus,Common Shiny Woodlouse,Animalia,49.30401635,-123.1390777,2024-04-27
210608943,Cladonia fimbriata,Trumpet Lichen,Fungi,49.0367190997,-123.0518363997,2024-04-27
210609108,Marronoid,Meshweavers and Allies,Arachnida,49.30401635,-123.1390777,2024-04-27
210609745,Tripleurospermum inodorum,scentless mayweed,Plantae,49.1751677,-123.1228150997,2024-04-27
210610016,Acer macrophyllum,bigleaf maple,Plantae,49.2444030267,-122.9357982417,2024-04-27
210610019,Thuja plicata,western redcedar,Plantae,49.24436701,-122.9356898567,2024-04-27
210610020,Melospiza melodia,Song Sparrow,Aves,49.2443085867,-122.935571525,2024-04-27
210610115,Trechispora,,Fungi,49.30401635,-123.1390777,2024-04-27
210610343,Lymnaeoidea,"Pond Snails, Bladder Snails, and Allies",Mollusca,49.30401635,-123.1390777,2024-04-27
210610357,Branta canadensis,Canada Goose,Aves,49.1751344997,-123.1223351997,2024-04-27
210610548,Lupinus polyphyllus,Large-leaved lupine,Plantae,49.1751392997,-123.1209034,2024-04-27
210610619,Cepaea nemoralis,Brown-lipped Snail,Mollusca,49.234975,-122.7683333333,2024-04-27
210610718,Galium aparine,catchweed bedstraw,Plantae,49.1751198997,-123.1208546997,2024-04-27
210610899,Cepaea nemoralis,Brown-lipped Snail,Mollusca,49.2349883333,-122.7683333333,2024-04-27
210611073,Polystichum munitum,western sword fern,Plantae,49.30401635,-123.1390777,2024-04-27
210611217,Cepaea nemoralis,Brown-lipped Snail,Mollusca,49.23497,-122.768325,2024-04-27
210611311,Ariolimax columbianus,Pacific Banana Slug,Mollusca,49.30401635,-123.1390777,2024-04-27
210611399,Lonicera tatarica,Tatarian honeysuckle,Plantae,49.24426044,-122.93544199,2024-04-27
210611401,Amelanchier arborea,common serviceberry,Plantae,49.2442489233,-122.9353357983,2024-04-27
210611409,Vaccinium myrtilloides,velvetleaf blueberry,Plantae,49.1748985997,-123.1196937997,2024-04-27
210611514,Amphiagrion abbreviatum,Western Red Damsel,Insecta,49.30401635,-123.1390777,2024-04-27
210611885,Kindbergia oregana,Oregon Beaked Moss,Plantae,49.2439796367,-122.9352809833,2024-04-27
210611995,Rhododendron groenlandicum,Bog Labrador Tea,Plantae,49.1747944,-123.1197075,2024-04-27
210612334,Aesculus hippocastanum,horse-chestnut,Plantae,49.2439043267,-122.9352850467,2024-04-27
210612336,Dicentra formosa,Pacific Bleeding Heart,Plantae,49.2438433233,-122.9354965217,2024-04-27
210612340,Athyrium filix-femina,lady fern,Plantae,49.24384064,-122.9355558667,2024-04-27
210612494,Sphagnum,Sphagnum mosses,Plantae,49.1747969722,-123.1197099722,2024-04-27
210612881,Rhododendron groenlandicum,Bog Labrador Tea,Plantae,49.1747881,-123.1197219997,2024-04-27
210613270,Geum macrophyllum,Large-leaved Avens,Plantae,49.24384572,-122.9353461683,2024-04-27
210613272,Rubus spectabilis,Salmonberry,Plantae,49.243859075,-122.93514356,2024-04-27
210613273,Sambucus racemosa,red-berried elder,Plantae,49.24384559,-122.9351213483,2024-04-27
210613442,Anemonoides grayi,Gray's anemone,Plantae,49.3438459456,-122.9536605254,2024-04-27
210613448,Phalaris arundinacea,reed canary grass,Plantae,49.1747158,-123.1199344997,2024-04-27
210613672,Nemertea,Ribbon Worms,Animalia,49.3025433,-123.1571265997,2024-04-27
210614055,Lecanoromycetes,Common Lichens,Fungi,49.3459466233,-122.9446241632,2024-04-27
210614068,Pentidotea wosnesenskii,Rockweed isopod,Animalia,49.3026699997,-123.1562332997,2024-04-27
210614220,Polypodium glycyrrhiza,licorice fern,Plantae,49.2438187667,-122.9351152483,2024-04-27
210614221,Pipilo maculatus,Spotted Towhee,Aves,49.2437728967,-122.9352311883,2024-04-27
210614222,Aix sponsa,Wood Duck,Aves,49.2435725367,-122.93530518,2024-04-27
210614227,Anas platyrhynchos,Mallard,Aves,49.2435527283,-122.93529744,2024-04-27
210614231,Melospiza melodia,Song Sparrow,Aves,49.2432913533,-122.9353557167,2024-04-27
210614232,Aix sponsa,Wood Duck,Aves,49.2432793567,-122.9353575233,2024-04-27
210614234,Branta canadensis,Canada Goose,Aves,49.2432745267,-122.9353105283,2024-04-27
210614310,Pagurus hirsutiusculus,Pacific Hairy Hermit Crab,Animalia,49.3025398056,-123.1572112778,2024-04-27
210614414,Calluna vulgaris,common heather,Plantae,49.1749004997,-123.1196956997,2024-04-27
210614568,Dichelotarsus,,Insecta,49.30401635,-123.1390777,2024-04-27
210614592,Hemigrapsus oregonensis,Yellow Shore Crab,Animalia,49.3026809444,-123.1574249167,2024-04-27
210614799,Ardea herodias,Great Blue Heron,Aves,49.3036689722,-123.1376571389,2024-04-27
210615049,Fomitopsis,,Fungi,49.3487168819,-122.9451287538,2024-04-27
210615178,Lysichiton americanus,western skunk cabbage,Plantae,49.3028899997,-123.138975,2024-04-27
210615469,Nuphar polysepala,western yellow pond-lily,Plantae,49.305027,-123.1383819444,2024-04-27
210615591,Vaccinium corymbosum,Northern highbush blueberry,Plantae,49.174678,-123.1199411,2024-04-27
210615654,Fomitopsis mounceae,Northern Red Belt,Fungi,49.3461355641,-122.9527261108,2024-04-27
210615773,Polystichum munitum,western sword fern,Plantae,49.2991798997,-123.12783,2024-04-27
210616037,Thuja plicata,western redcedar,Plantae,49.3462602865,-122.9512230679,2024-04-27
210616138,Costaria costata,seersucker kelp,Chromista,49.3027479086,-123.1275815088,2024-04-27
210616162,Branta canadensis,Canada Goose,Aves,49.24326764,-122.935312455,2024-04-27
210616163,Melospiza melodia,Song Sparrow,Aves,49.2432302983,-122.93531701,2024-04-27
210616164,Molothrus ater,Brown-headed Cowbird,Aves,49.24312667,-122.9354106517,2024-04-27
210616167,Molothrus ater,Brown-headed Cowbird,Aves,49.2431179533,-122.9354087267,2024-04-27
210616330,Larus,Large White-headed Gulls,Aves,49.3001633,-123.1222,2024-04-27
210616557,Vaccinium uliginosum,bog bilberry,Plantae,49.1748716,-123.1195679,2024-04-27
210616558,Fomitopsis ochracea,Ochre-banded Conk,Fungi,49.346842393,-122.9463642463,2024-04-27
210617056,Fomitopsis mounceae,Northern Red Belt,Fungi,49.3460160837,-122.9521631822,2024-04-27
210617106,Molothrus ater,Brown-headed Cowbird,Aves,49.2430438567,-122.9353923717,2024-04-27
210617107,Fulica americana,American Coot,Aves,49.2428202917,-122.9353615,2024-04-27
210617108,Tamiasciurus douglasii,Douglas's Squirrel,Mammalia,49.2427119233,-122.9353644867,2024-04-27
210617174,Dicranum scoparium,Broom Forkmoss,Plantae,49.1749493,-123.1192939,2024-04-27
210617695,Linnaea borealis,Twinflower,Plantae,49.355261525,-122.9566169903,2024-04-27
210617782,Betula pendula,silver birch,Plantae,49.1743787997,-123.1181693997,2024-04-27
210617997,Scapania bolanderi,Yellow-ladle Liverwort,Plantae,49.3518997672,-122.9533195496,2024-04-27
210618268,Ganoderma oregonense,West Coast Reishi,Fungi,49.3519696561,-122.963651754,2024-04-27
210618460,Rubus chamaemorus,cloudberry,Plantae,49.1743929,-123.1175195997,2024-04-27
210618662,Polistes aurifer,Golden Paper Wasp,Insecta,49.200469561,-122.5538450852,2024-04-26
210618708,Oxalis corniculata,Creeping Woodsorrel,Plantae,49.20077848,-122.55394637,2024-04-26
210618716,Ganoderma oregonense,West Coast Reishi,Fungi,49.3523059946,-122.9573482275,2024-04-27
210618719,Sphagnum,Sphagnum mosses,Plantae,49.1744073997,-123.1185454,2024-04-27
210618756,Rubus ursinus,trailing blackberry,Plantae,49.20075143,-122.55369325,2024-04-26
210618781,Prunus avium,wild cherry,Plantae,49.20061984,-122.55350002,2024-04-26
210618799,Rubus bifrons,Himalayan Blackberry,Plantae,49.20048822,-122.55307332,2024-04-26
210618823,Lithobates clamitans,Green Frog,Amphibia,49.2005094325,-122.5525988638,2024-04-26
210618866,Lamium galeobdolon,yellow archangel,Plantae,49.20049602,-122.55385559,2024-04-26
210618902,Prunus cerasifera,Cherry-plum,Plantae,49.20060752,-122.55390608,2024-04-26
210618922,Penstemon davidsonii,Davidson's Penstemon,Plantae,49.20079376,-122.55385895,2024-04-26
210618946,Cacoxenus indagator,Houdini Fly,Insecta,49.20033003,-122.55406548,2024-04-27
210618993,Pseudacris regilla,Pacific chorus frog,Amphibia,49.2007168952,-122.5538584962,2024-04-26
210619013,Spatula clypeata,Northern Shoveler,Aves,49.2424305133,-122.9355127917,2024-04-27
210619014,Spatula clypeata,Northern Shoveler,Aves,49.24242776,-122.9355098267,2024-04-27
210619016,Anas crecca,Green-winged Teal,Aves,49.2423962433,-122.9354586367,2024-04-27
210619020,Magnoliopsida,Dicots,Plantae,49.24239493,-122.93545668,2024-04-27
210619056,Platismatia glauca,Varied Rag Lichen,Fungi,49.3517001468,-122.963651754,2024-04-27
210619103,Anas platyrhynchos,Mallard,Aves,49.1750681997,-123.1217166997,2024-04-27
210619363,Branta canadensis,Canada Goose,Aves,49.1751428,-123.1223171997,2024-04-27
210620094,Branta canadensis,Canada Goose,Aves,49.2423487833,-122.935497,2024-04-27
210620096,Aix sponsa,Wood Duck,Aves,49.2422951433,-122.9354669483,2024-04-27
210620098,Anas platyrhynchos,Mallard,Aves,49.2423009333,-122.9354959467,2024-04-27
210620102,Spiraea douglasii,Rose Spirea,Plantae,49.24224158,-122.935464375,2024-04-27
210621228,Anas crecca,Green-winged Teal,Aves,49.24271926,-122.93540087,2024-04-27
210621229,Anas crecca,Green-winged Teal,Aves,49.242723855,-122.9353994983,2024-04-27
210621232,Salix,Willows,Plantae,49.24358659,-122.93536854,2024-04-27
210622839,Fomitopsis mounceae,Northern Red Belt,Fungi,49.3547972304,-122.9484691098,2024-04-27
210624012,Geum macrophyllum,Large-leaved Avens,Plantae,49.2437723167,-122.935416235,2024-04-27
210624013,Tellima grandiflora,fringe cups,Plantae,49.243663175,-122.93590569,2024-04-27
210624014,Lysichiton americanus,western skunk cabbage,Plantae,49.2433167667,-122.9360791033,2024-04-27
210624249,Fungi,Fungi Including Lichens,Fungi,49.3490772683,-122.9541496933,2024-04-27
210624588,Fomitopsis mounceae,Northern Red Belt,Fungi,49.3527779566,-122.9567316547,2024-04-27
210624792,Lysichiton americanus,western skunk cabbage,Plantae,49.2429504017,-122.9361114617,2024-04-27
210624793,Cardamine pratensis,Cuckooflower,Plantae,49.2429970017,-122.9360351433,2024-04-27
210624794,Turdus migratorius,American Robin,Aves,49.2429730783,-122.9361567517,2024-04-27
210624908,Fomitopsis ochracea,Ochre-banded Conk,Fungi,49.3495494797,-122.9596244171,2024-04-27
210625171,Stereum sanguinolentum,Bleeding Conifer Crust,Fungi,49.3447708053,-122.9631350935,2024-04-27
210625314,Agelaius phoeniceus,Red-winged Blackbird,Aves,49.2429570717,-122.9361598483,2024-04-27
210625315,Nuphar polysepala,western yellow pond-lily,Plantae,49.242978025,-122.93614783,2024-04-27
210625318,Salix,Willows,Plantae,49.242991295,-122.9360574133,2024-04-27
210625390,Cameraria gaultheriella,gaultheria leafminer moth,Insecta,49.3469234286,-122.9591074213,2024-04-27
210625568,Rhytidiopsis robusta,Pipecleaner Moss,Plantae,49.3484718176,-122.96602685,2024-04-27
210626068,Boykinia occidentalis,coastal brookfoam,Plantae,49.3450416631,-122.9605521262,2024-04-27
210626127,Populus trichocarpa,black cottonwood,Plantae,49.24299256,-122.9361782217,2024-04-27
210626128,Sorbus aucuparia,European mountain ash,Plantae,49.243106515,-122.93604095,2024-04-27
210626130,Parmelia sulcata,Netted shield lichen,Fungi,49.2436134067,-122.9360298917,2024-04-27
210626753,Stereum,,Fungi,49.3402053158,-122.9593719542,2024-04-27
210627044,Lonicera involucrata,twinberry honeysuckle,Plantae,49.2437306483,-122.9356668817,2024-04-27
210627047,Bellis perennis,Lawn daisy,Plantae,49.2439511617,-122.93530545,2024-04-27
210627048,Columba livia domestica,Feral Pigeon,Aves,49.243356305,-122.935322375,2024-04-27
210627053,Pipilo maculatus,Spotted Towhee,Aves,49.2432919717,-122.935318825,2024-04-27
210627056,Spatula clypeata,Northern Shoveler,Aves,49.2425106533,-122.9355106383,2024-04-27
210627119,Stereum,,Fungi,49.3512297032,-122.9662333801,2024-04-27
210627552,Dicranum scoparium,Broom Forkmoss,Plantae,49.3483370535,-122.9693316668,2024-04-27
210627882,Castor canadensis,American Beaver,Mammalia,49.2424796967,-122.9354982167,2024-04-27
210627883,Podilymbus podiceps,Pied-billed Grebe,Aves,49.243201485,-122.9353566283,2024-04-27
210627885,Rubus parviflorus,thimbleberry,Plantae,49.2434122233,-122.9353725933,2024-04-27
210628020,Fungi,Fungi Including Lichens,Fungi,49.3471947115,-122.9738763347,2024-04-27
210628560,Ranunculus repens,Creeping buttercup,Plantae,49.2435771017,-122.9344737983,2024-04-27
210628561,Fomitopsis pinicola,Red-banded Conks,Fungi,49.2435742267,-122.9343410817,2024-04-27
210628563,Arion ater,Black Slug,Mollusca,49.2435410117,-122.934197075,2024-04-27
210628572,Corthylio calendula,Ruby-crowned Kinglet,Aves,49.243544625,-122.9335615817,2024-04-27
210628617,Ochrolechia,Crabseye Lichens,Fungi,49.3505565724,-122.9730488732,2024-04-27
210628937,Vaccinium,"blueberries, cranberries, and allies",Plantae,49.3555150725,-122.9422272742,2024-04-27
210629147,Ilex aquifolium,European holly,Plantae,49.2435406683,-122.9335484933,2024-04-27
210629244,Hieracium maculatum,Spotted Hawkweed,Plantae,49.3475957355,-122.959039025,2024-04-27
210629479,Pulvigera,,Plantae,49.2435490717,-122.933533955,2024-04-27
210629613,Aruncus dioicus,Goatsbeard,Plantae,49.3426748831,-122.9679892212,2024-04-27
210629840,Usnea,beard lichens,Fungi,49.2435671067,-122.933360725,2024-04-27
210629841,Parmelia sulcata,Netted shield lichen,Fungi,49.2435690967,-122.933346255,2024-04-27
210629842,Platismatia glauca,Varied Rag Lichen,Fungi,49.2435889817,-122.9333299,2024-04-27
210638762,Agelaius phoeniceus,Red-winged Blackbird,Aves,49.21907,-123.21328,2024-04-26
210638959,Daphne laureola,Spurge-laurel,Plantae,49.21728,-123.20897,2024-04-26
210642625,Berberis aquifolium,Oregon grape,Plantae,49.2172705775,-123.2119649649,2024-04-27
210643334,Cytisus scoparius,Scotch Broom,Plantae,49.2171446525,-123.2117024437,2024-04-27
210643762,Valerianella locusta,common cornsalad,Plantae,49.2170136901,-123.210500814,2024-04-27
210644667,Geum macrophyllum,Large-leaved Avens,Plantae,49.3019472,-122.70002459,2024-04-27
210644774,Polytrichastrum,,Plantae,49.30202724,-122.69388807,2024-04-27
210644870,Struthiopteris spicant,deer fern,Plantae,49.30106221,-122.69355739,2024-04-27
210644909,Berberis nervosa,Cascade Oregon-grape,Plantae,49.2990686433,-122.690121755,2024-04-27
210644933,Polystichum munitum,western sword fern,Plantae,49.29913438,-122.69012016,2024-04-27
210646174,Cepaea nemoralis,Brown-lipped Snail,Mollusca,49.2358466667,-122.7663633333,2024-04-27
210646339,Cepaea nemoralis,Brown-lipped Snail,Mollusca,49.235845,-122.76635,2024-04-27
210646420,Cepaea nemoralis,Brown-lipped Snail,Mollusca,49.2357966667,-122.7664333333,2024-04-27
210646514,Cepaea nemoralis,Brown-lipped Snail,Mollusca,49.23585,-122.7663716667,2024-04-27
210646675,Cepaea nemoralis,Brown-lipped Snail,Mollusca,49.2357366667,-122.7665466667,2024-04-27
210646740,Cepaea nemoralis,Brown-lipped Snail,Mollusca,49.23537,-122.767455,2024-04-27
210646821,Cepaea nemoralis,Brown-lipped Snail,Mollusca,49.235395,-122.7674466667,2024-04-27
210646951,Cepaea nemoralis,Brown-lipped Snail,Mollusca,49.2352866667,-122.7676783333,2024-04-27
210647225,Cepaea nemoralis,Brown-lipped Snail,Mollusca,49.2352916667,-122.7676916667,2024-04-27
210647691,Odocoileus hemionus columbianus,Columbian Black-tailed Deer,Mammalia,49.3251420962,-122.996189734,2024-04-27
210647708,Cepaea nemoralis,Brown-lipped Snail,Mollusca,49.2352833333,-122.7677,2024-04-27
210647811,Cepaea nemoralis,Brown-lipped Snail,Mollusca,49.235245,-122.7677833333,2024-04-27
210647975,Cepaea nemoralis,Brown-lipped Snail,Mollusca,49.235245,-122.7678083333,2024-04-27
210648101,Cepaea nemoralis,Brown-lipped Snail,Mollusca,49.2351883333,-122.7679133333,2024-04-27
210648286,Cepaea nemoralis,Brown-lipped Snail,Mollusca,49.23518,-122.7678833333,2024-04-27
210648361,Cepaea nemoralis,Brown-lipped Snail,Mollusca,49.23513,-122.768005,2024-04-27
210648514,Cepaea nemoralis,Brown-lipped Snail,Mollusca,49.23512,-122.7679966667,2024-04-27
210653373,Maianthemum racemosum,Solomon's plume,Plantae,49.0864445,-122.6673966667,2024-04-27
210653852,Fraxinus,ashes,Plantae,49.0855721667,-122.6687216667,2024-04-27
210654018,Phlyctis,Blemished Lichens,Fungi,49.0850361667,-122.6687783333,2024-04-27
210654241,Aesculus hippocastanum,horse-chestnut,Plantae,49.0850361667,-122.6687166667,2024-04-27
210655228,Cladonia coniocraea,Common Powderhorn,Fungi,49.0845916667,-122.6687616667,2024-04-27
210655462,Cladonia chlorophaea,Mealy Pixie Cup,Fungi,49.0845666667,-122.668755,2024-04-27
210655659,Porella,,Plantae,49.084575,-122.6687783333,2024-04-27
210657504,Carpinus betulus,European Hornbeam,Plantae,49.0845445,-122.6687466667,2024-04-27
210657793,Pseudotsuga menziesii,Douglas-fir,Plantae,49.0844083333,-122.6688383333,2024-04-27
210657843,Thuja plicata,western redcedar,Plantae,49.0842278333,-122.6688,2024-04-27
210658471,Chlorophyllum rhacodes,Shaggy Parasol,Fungi,49.0844278333,-122.669045,2024-04-27
210658930,Evernia prunastri,Oakmoss,Fungi,49.08475,-122.6703116667,2024-04-27
210658939,Polistes dominula,European Paper Wasp,Insecta,49.2483761669,-122.8934881843,2024-04-27
210659008,Usnea,beard lichens,Fungi,49.084725,-122.6703116667,2024-04-27
210659112,Parmelia sulcata,Netted shield lichen,Fungi,49.0847138333,-122.670295,2024-04-27
210659467,Prunus,"plums, cherries, and allies",Plantae,49.084775,-122.670425,2024-04-27
210659521,Ilex aquifolium,European holly,Plantae,49.0848416667,-122.6705116667,2024-04-27
210659593,Amelanchier alnifolia,Saskatoon,Plantae,49.08485,-122.67057,2024-04-27
210659949,Betula papyrifera,paper birch,Plantae,49.0848666667,-122.6706866667,2024-04-27
210660069,Rubus leucodermis,whitebark raspberry,Plantae,49.0848805,-122.6708216667,2024-04-27
210660245,Robinia pseudoacacia,black locust,Plantae,49.0850305,-122.6711633333,2024-04-27
210660419,Rubus spectabilis,Salmonberry,Plantae,49.0849195,-122.6719666667,2024-04-27
210660736,Cryptomeria japonica,sugi,Plantae,49.085075,-122.6725083333,2024-04-27
210661740,Rubus parviflorus,thimbleberry,Plantae,49.0849888333,-122.6725216667,2024-04-27
210661805,Daphne laureola,Spurge-laurel,Plantae,49.0848305,-122.6725166667,2024-04-27
210661927,Vinca minor,lesser periwinkle,Plantae,49.0847333333,-122.6724033333,2024-04-27
210662508,Ribes sanguineum,Red-flowering Currant,Plantae,49.0847805,-122.67222,2024-04-27
210662618,Symphoricarpos albus,Common Snowberry,Plantae,49.0847583333,-122.67212,2024-04-27
210662766,Pseudotsuga menziesii,Douglas-fir,Plantae,49.08485,-122.6709966667,2024-04-27
210663070,Sorbus aucuparia,European mountain ash,Plantae,49.0848305,-122.6710366667,2024-04-27
210663229,Lonicera ciliosa,orange honeysuckle,Plantae,49.0848721667,-122.6710366667,2024-04-27
210663402,Vaccinium parvifolium,Red Huckleberry,Plantae,49.0848695,-122.67102,2024-04-27
210663663,Frangula purshiana,Cascara,Plantae,49.0848778333,-122.67102,2024-04-27
210663762,Gaultheria shallon,salal,Plantae,49.0848611667,-122.6710283333,2024-04-27
210667041,Ariolimax columbianus,Pacific Banana Slug,Mollusca,49.2426967022,-122.9353970289,2024-04-27
210667570,Polyxenus lagurus,Bristly Millipede,Animalia,49.2835580992,-123.0003577761,2024-04-27
210670046,Turdus migratorius,American Robin,Aves,49.3040087209,-123.1390618533,2024-04-27
210670340,Melospiza melodia,Song Sparrow,Aves,49.3048798949,-123.1389844045,2024-04-27
210670856,Troglodytes pacificus,Pacific Wren,Aves,49.305404778,-123.1392610073,2024-04-27
210671040,Trametes,Turkey-tails and allies,Fungi,49.3337108628,-123.1004782006,2024-04-27
210671310,Coprinus,inky caps,Fungi,49.2445722222,-122.9351388889,2024-04-27
210671579,Pluteus,Deer Mushrooms,Fungi,49.3250466667,-123.0932305,2024-04-27
210671689,Dryocopus pileatus,Pileated Woodpecker,Aves,49.3047692774,-123.1410520524,2024-04-27
210671830,Ariolimax columbianus,Pacific Banana Slug,Mollusca,49.2444416667,-122.9302833333,2024-04-27
210671960,Sorbus scopulina,Greene's mountain ash,Plantae,49.2473638889,-122.92035,2024-04-27
210672126,Typha angustifolia,narrow-leaved cattail,Plantae,49.2473333333,-122.9184111111,2024-04-27
210672428,Picea sitchensis,Sitka spruce,Plantae,49.2447611111,-122.9297166667,2024-04-27
210672567,Ilex aquifolium,European holly,Plantae,49.2447611111,-122.9297166667,2024-04-27
210672693,Pulvigera,,Plantae,49.2435,-122.9340972222,2024-04-27
210673001,Physcia tenella,Fringed Rosette Lichen,Fungi,49.2435,-122.9340972222,2024-04-27
210683295,Cercyon fimbriatus,,Insecta,49.0074218282,-123.0356834829,2024-04-27
210684007,Cercyon setulosus,,Insecta,49.0078735586,-123.035848774,2024-04-27
210684906,Anisodactylus binotatus,,Insecta,49.0100582571,-123.0369404331,2024-04-27
210686017,Philonthus nudus,,Insecta,49.0086235011,-123.0357505381,2024-04-27
210687518,Oxytelus,,Insecta,49.0084488821,-123.0366846174,2024-04-27
210689241,Corvus brachyrhynchos,American Crow,Aves,49.0502663215,-122.6188957805,2024-04-27
210689477,Prunus,"plums, cherries, and allies",Plantae,49.1127547823,-122.6618384443,2024-04-27
210690133,Cheiracanthium,Longlegged Sac Spiders,Arachnida,49.195293011,-122.6094016032,2024-04-27
210691076,Limax maximus,Leopard Slug,Mollusca,49.1219511024,-122.6899070393,2024-04-27
210692456,Angiospermae,Flowering Plants,Plantae,49.1460842312,-122.7704315167,2024-04-27
210693470,Plantago lanceolata,ribwort plantain,Plantae,49.0919454524,-122.6187513981,2024-04-27
210694783,Armadillidium vulgare,Common Pill Woodlouse,Animalia,49.1039784958,-122.6495821895,2024-04-27
210695790,Coprinus comatus,Shaggy Mane,Fungi,49.1249903492,-122.6209556133,2024-04-27
210697148,Aphididae,Aphids,Insecta,49.1784870055,-122.6609233245,2024-04-27
210697924,Coprinus comatus,Shaggy Mane,Fungi,49.1771346736,-122.7669576952,2024-04-27
210698543,Agaricomycetes,"Mushrooms, Bracket Fungi, Puffballs, and Allies",Fungi,49.1906045129,-122.7646018118,2024-04-27
210777492,Rubus spectabilis,Salmonberry,Plantae,49.354705555,-123.110419445,2024-04-27
210777494,Lysichiton americanus,western skunk cabbage,Plantae,49.3549383333,-123.1100233333,2024-04-27
210777497,Lysichiton americanus,western skunk cabbage,Plantae,49.3547638883,-123.1105333333,2024-04-27
210777507,Lysichiton americanus,western skunk cabbage,Plantae,49.35474467,-123.1105158989,2024-04-27
210777508,Athyrium filix-femina,lady fern,Plantae,49.3551833333,-123.1104277783,2024-04-27
210777509,Hylocomium splendens,stairstep moss,Plantae,49.3551722217,-123.1103833333,2024-04-27
210777520,Vaccinium,"blueberries, cranberries, and allies",Plantae,49.3557888883,-123.111344445,2024-04-27
210777522,Fomitopsis,,Fungi,49.3563722217,-123.111375,2024-04-27
210777527,Trametes versicolor,turkey-tail,Fungi,49.3573833333,-123.1116777783,2024-04-27
210777536,Luzula parviflora,Small-flower Woodrush,Plantae,49.357105555,-123.111830555,2024-04-27
210777538,Lichenomphalia ericetorum,Lichen Agaric,Fungi,49.35635,-123.112219445,2024-04-27
210777541,Bazzania denudata,Bazzania Liverwort,Plantae,49.3555638883,-123.1122888883,2024-04-27
210777553,Sambucus racemosa,red-berried elder,Plantae,49.35525,-123.1121138883,2024-04-27
210777555,Hypnales,Feather Mosses,Plantae,49.354675,-123.1116166667,2024-04-27
210777558,Lichenomphalia ericetorum,Lichen Agaric,Fungi,49.354575,-123.1116722217,2024-04-27
210777564,Frangula,False-Buckthorns,Plantae,49.3545027783,-123.1117861117,2024-04-27
210780396,Mycena haematopus,Bleeding Fairy Helmet,Fungi,49.24368812,-123.21240235,2024-04-27
210780398,Polystichum munitum,western sword fern,Plantae,49.24366078,-123.21240726,2024-04-27
210780399,Tsuga heterophylla,western hemlock,Plantae,49.2437422199,-123.21244907,2024-04-27
210780404,Ilex aquifolium,European holly,Plantae,49.2439528199,-123.2125406001,2024-04-27
210780412,Lysimachia latifolia,Western Starflower,Plantae,49.24403703,-123.212265206,2024-04-27
210780423,Mycelis muralis,Wall Lettuce,Plantae,49.2443588801,-123.2126645199,2024-04-27
210780430,Ariolimax columbianus,Pacific Banana Slug,Mollusca,49.24458537,-123.21273285,2024-04-27
210780437,Arion,Arion Slugs,Mollusca,49.23922425,-123.20733003,2024-04-27
210780448,Lysimachia latifolia,Western Starflower,Plantae,49.23922425,-123.20733003,2024-04-27
210780459,Rubus spectabilis,Salmonberry,Plantae,49.23940982,-123.20783405,2024-04-27
210780465,Acer circinatum,Vine Maple,Plantae,49.23940617,-123.20795174,2024-04-27
210780473,Kindbergia,,Plantae,49.23939516,-123.20812919,2024-04-27
210780474,Plagiomnium insigne,Badge Moss,Plantae,49.23979006,-123.2082171299,2024-04-27
210780475,Polystichum munitum,western sword fern,Plantae,49.23979747,-123.2082561,2024-04-27
210780481,Lysimachia latifolia,Western Starflower,Plantae,49.24003902,-123.2084053999,2024-04-27
210780483,Dryopteris expansa,spreading wood fern,Plantae,49.24003429,-123.2084104401,2024-04-27
210780484,Maianthemum dilatatum,Western Lily of the Valley,Plantae,49.24011757,-123.20854393,2024-04-27
210780497,Platismatia glauca,Varied Rag Lichen,Fungi,49.240118514,-123.208545108,2024-04-27
210780501,Thuja plicata,western redcedar,Plantae,49.24016451,-123.20872747,2024-04-27
210780509,Ilex aquifolium,European holly,Plantae,49.24020229,-123.2087561501,2024-04-27
210780518,Gaultheria shallon,salal,Plantae,49.24021431,-123.20875045,2024-04-27
210780523,Tsuga heterophylla,western hemlock,Plantae,49.24023388,-123.20873644,2024-04-27
210780527,Porcellio scaber,Common Rough Woodlouse,Animalia,49.2402455873,-123.2086923792,2024-04-27
210780535,Sciaridae,Dark-winged Fungus Gnats,Insecta,49.2402668642,-123.2087778069,2024-04-27
210780544,Sistotrema,,Fungi,49.2402781676,-123.2088231904,2024-04-27
210780553,Tomocerus minor,,Animalia,49.2402947902,-123.2088899308,2024-04-27
210780561,Gaultheria shallon,salal,Plantae,49.24044804,-123.20905599,2024-04-27
210780570,Berberis nervosa,Cascade Oregon-grape,Plantae,49.24051631,-123.20922449,2024-04-27
210780578,Rubus parviflorus,thimbleberry,Plantae,49.2406772088,-123.2093223688,2024-04-27
210780583,Maianthemum dilatatum,Western Lily of the Valley,Plantae,49.240663774,-123.2093240019,2024-04-27
210780590,Tiarella trifoliata,Threeleaf Foamflower,Plantae,49.2406621376,-123.2093204143,2024-04-27
210780600,Lysimachia latifolia,Western Starflower,Plantae,49.2408246774,-123.2092804768,2024-04-27
210780603,Rosa,roses,Plantae,49.2410504248,-123.2094136451,2024-04-27
210780605,Ribes bracteosum,Stink Currant,Plantae,49.2412010418,-123.2096802917,2024-04-27
210780611,Capitotricha bicolor,,Fungi,49.2412580305,-123.2096869108,2024-04-27
210780612,Sambucus racemosa,red-berried elder,Plantae,49.2413470438,-123.2100768872,2024-04-27
210780613,Berberis nervosa,Cascade Oregon-grape,Plantae,49.2415776511,-123.2105925561,2024-04-27
210780619,Rubus ursinus,trailing blackberry,Plantae,49.2416557379,-123.2106788584,2024-04-27
210780626,Ptenothrix maculosa,,Animalia,49.2419117778,-123.2108070748,2024-04-27
210780633,Acer circinatum,Vine Maple,Plantae,49.2419217126,-123.21086574,2024-04-27
210780638,Sambucus racemosa,red-berried elder,Plantae,49.2419481414,-123.21089098,2024-04-27
210780639,Rubus spectabilis,Salmonberry,Plantae,49.2420661658,-123.2109412861,2024-04-27
210780640,Polystichum munitum,western sword fern,Plantae,49.2422057191,-123.2110484887,2024-04-27
210780646,Acer circinatum,Vine Maple,Plantae,49.2422784077,-123.2110520863,2024-04-27
210780647,Kindbergia praelonga,Common Feather-moss,Plantae,49.2425585421,-123.2112056527,2024-04-27
210780649,Vaccinium parvifolium,Red Huckleberry,Plantae,49.2428957601,-123.21156758,2024-04-27
210780653,Plagiomnium insigne,Badge Moss,Plantae,49.24295527,-123.21174301,2024-04-27
210780654,Gaultheria shallon,salal,Plantae,49.24308056,-123.2118911999,2024-04-27
210780655,Dicranum,Forkmosses,Plantae,49.24333427,-123.21211518,2024-04-27
210784472,Trentepohlia aurea,Orange Rock Hair,Plantae,49.24901807,-123.21328458,2024-04-27
210784475,Menegazzia,,Fungi,49.24900706,-123.21315574,2024-04-27
210784477,Cladonia,pixie cup and reindeer lichens,Fungi,49.2490088801,-123.2131560599,2024-04-27
210784482,Hypnum circinale,Coiled-leaf claw-moss,Plantae,49.2490101099,-123.2131261401,2024-04-27
210784483,Prunus laurocerasus,Cherry laurel,Plantae,49.24900608,-123.21309629,2024-04-27
210784492,Trentepohlia aurea,Orange Rock Hair,Plantae,49.2490125427,-123.2130605444,2024-04-27
210784500,Sambucus racemosa,red-berried elder,Plantae,49.24483733,-123.21275483,2024-04-27
210784506,Osmorhiza,sweet cicely,Plantae,49.24494829,-123.2128129701,2024-04-27
210784517,Athyrium filix-femina,lady fern,Plantae,49.24512759,-123.21280481,2024-04-27
210784525,Kindbergia praelonga,Common Feather-moss,Plantae,49.2453595943,-123.2127389355,2024-04-27
210784535,Trichoniscus,,Animalia,49.2453628023,-123.2127259623,2024-04-27
210784542,Vespericola columbianus,Northwest Hesperian,Mollusca,49.2453652699,-123.2127159827,2024-04-27
210784544,Enchytraeidae,Potworms,Animalia,49.2453671096,-123.2127198979,2024-04-27
210784545,Mollisia cinerea,common grey disco,Fungi,49.2456742623,-123.2127390889,2024-04-27
210784551,Berberis nervosa,Cascade Oregon-grape,Plantae,49.2458212124,-123.2128317696,2024-04-27
210784552,Dryopteris expansa,spreading wood fern,Plantae,49.2459073677,-123.2128665437,2024-04-27
210784553,Tiarella trifoliata,Threeleaf Foamflower,Plantae,49.246024,-123.2128305204,2024-04-27
210784559,Tsuga heterophylla,western hemlock,Plantae,49.2461274938,-123.2127940613,2024-04-27
210784560,Oniscus asellus,Common Shiny Woodlouse,Animalia,49.2462572344,-123.2127845238,2024-04-27
210784561,Rubus spectabilis,Salmonberry,Plantae,49.2463825899,-123.2128074102,2024-04-27
210784565,Tsuga heterophylla,western hemlock,Plantae,49.2465852957,-123.2125495695,2024-04-27
210784566,Pseudotsuga menziesii,Douglas-fir,Plantae,49.2467592243,-123.2127670973,2024-04-27
210784567,Fomitopsis mounceae,Northern Red Belt,Fungi,49.2470173051,-123.2130335691,2024-04-27
210784571,Thuja plicata,western redcedar,Plantae,49.2471374878,-123.2132164536,2024-04-27
210784572,Athyrium filix-femina,lady fern,Plantae,49.2472243478,-123.2132933771,2024-04-27
210784573,Pseudotsuga menziesii,Douglas-fir,Plantae,49.2473587811,-123.2133775903,2024-04-27
210784579,Rubus spectabilis,Salmonberry,Plantae,49.2476710482,-123.2134667777,2024-04-27
210784582,Polystichum munitum,western sword fern,Plantae,49.2478090859,-123.2135292944,2024-04-27
210784585,Polystichum munitum,western sword fern,Plantae,49.2478630323,-123.2135545877,2024-04-27
210784588,Maianthemum dilatatum,Western Lily of the Valley,Plantae,49.2480337534,-123.2137152659,2024-04-27
210784590,Athyrium filix-femina,lady fern,Plantae,49.2482772399,-123.21378657,2024-04-27
210784593,Ilex aquifolium,European holly,Plantae,49.24851917,-123.2139756501,2024-04-27
210784599,Gaultheria shallon,salal,Plantae,49.2485583299,-123.21403688,2024-04-27
210784600,Rubus ursinus,trailing blackberry,Plantae,49.24857406,-123.21422087,2024-04-27
210784603,Maianthemum dilatatum,Western Lily of the Valley,Plantae,49.2486492001,-123.21434867,2024-04-27
210784606,Tsuga heterophylla,western hemlock,Plantae,49.24876576,-123.21427374,2024-04-27
210784610,Ranunculus repens,Creeping buttercup,Plantae,49.24875622,-123.21426181,2024-04-27
210784612,Pteridium aquilinum,common bracken,Plantae,49.24885982,-123.2142423701,2024-04-27
210784615,Thuja plicata,western redcedar,Plantae,49.2491102198,-123.2141549099,2024-04-27
210784616,Rubus spectabilis,Salmonberry,Plantae,49.24909497,-123.2139685599,2024-04-27
210784618,Acer circinatum,Vine Maple,Plantae,49.2490700301,-123.21386141,2024-04-27
210784624,Ilex aquifolium,European holly,Plantae,49.2490541401,-123.21368462,2024-04-27
210784625,Menegazzia,,Fungi,49.2490409499,-123.21366549,2024-04-27
210784626,Alnus,alders,Plantae,49.24904412,-123.2136768599,2024-04-27
210784632,Sorbus,Rowans and Mountain Ashes,Plantae,49.2490493499,-123.2135447799,2024-04-27
210784633,Trentepohlia aurea,Orange Rock Hair,Plantae,49.24904853,-123.2134987,2024-04-27
210784634,Stereum,,Fungi,49.24899021,-123.21335966,2024-04-27
210787280,Hyacinthoides,Bluebells,Plantae,49.2488879299,-123.20927983,2024-04-27
210787281,Nabis,,Insecta,49.24886675,-123.20921396,2024-04-27
210787282,Dicentra formosa,Pacific Bleeding Heart,Plantae,49.2489282101,-123.20902648,2024-04-27
210787293,Arion ater,Black Slug,Mollusca,49.2489055199,-123.20896747,2024-04-27
210787297,Alnus,alders,Plantae,49.2490085702,-123.2128530746,2024-04-27
210787298,Rubus ursinus,trailing blackberry,Plantae,49.2490075902,-123.2127570503,2024-04-27
210787310,Ilex aquifolium,European holly,Plantae,49.2490064991,-123.2127383798,2024-04-27
210787320,Crataegus,hawthorns,Plantae,49.2489911292,-123.212336569,2024-04-27
210787326,Pteridium aquilinum,common bracken,Plantae,49.248947558,-123.2120968735,2024-04-27
210787339,Geophilomorpha,Soil Centipedes,Animalia,49.2489566086,-123.2121570911,2024-04-27
210787354,Oniscus asellus,Common Shiny Woodlouse,Animalia,49.2489661799,-123.2121113863,2024-04-27
210787357,Alnus rubra,Red Alder,Plantae,49.2489705598,-123.2116336106,2024-04-27
210787358,Graphis scripta,Common Script Lichen,Fungi,49.2489690501,-123.2116377303,2024-04-27
210787368,Eucosmini,,Insecta,49.2489686099,-123.2116396706,2024-04-27
210787372,Rubus spectabilis,Salmonberry,Plantae,49.2489775647,-123.2113036449,2024-04-27
210787373,Dicentra formosa,Pacific Bleeding Heart,Plantae,49.2489689173,-123.2115849399,2024-04-27
210787380,Trentepohlia aurea,Orange Rock Hair,Plantae,49.248957407,-123.211364138,2024-04-27
210787382,Poales,"Grasses, Sedges, Cattails, and Allies",Plantae,49.2489618356,-123.2115492472,2024-04-27
210787384,Oemleria cerasiformis,Osoberry,Plantae,49.2489377999,-123.2113172601,2024-04-27
210787395,Homalothecium,homalothecium mosses,Plantae,49.2489327497,-123.2112570891,2024-04-27
210787409,Lepra amara,bitter wart lichen,Fungi,49.24893275,-123.2112563801,2024-04-27
210787422,Caliciaceae,Button and Allied Lichens,Fungi,49.248952134,-123.2111344846,2024-04-27
210787439,Corylus,hazels,Plantae,49.2489585368,-123.211017092,2024-04-27
210787450,Geum macrophyllum,Large-leaved Avens,Plantae,49.2489189469,-123.2106620262,2024-04-27
210787462,Magnoliopsida,Dicots,Plantae,49.2489470588,-123.2106297075,2024-04-27
210787464,Chamaenerion angustifolium,fireweed,Plantae,49.248864315,-123.2109362268,2024-04-27
210787465,Acer circinatum,Vine Maple,Plantae,49.248889218,-123.2105648032,2024-04-27
210787471,Mollisia cinerea,common grey disco,Fungi,49.2488846325,-123.2106972259,2024-04-27
210787473,Rumex obtusifolius,broad-leaved dock,Plantae,49.24889982,-123.2097721201,2024-04-27
210787474,Oemleria cerasiformis,Osoberry,Plantae,49.24889235,-123.2096545999,2024-04-27
210787481,Magnoliopsida,Dicots,Plantae,49.24879694,-123.20955855,2024-04-27
210787482,Arion ater,Black Slug,Mollusca,49.2486668099,-123.20938302,2024-04-27
210787483,Dicentra formosa,Pacific Bleeding Heart,Plantae,49.2488542499,-123.2092892101,2024-04-27
210791209,Rubus spectabilis,Salmonberry,Plantae,49.2500080922,-123.2018734542,2024-04-27
210791210,Lamiaceae,Mint Family,Plantae,49.2499707738,-123.2021679652,2024-04-27
210791212,Amygdaloideae,,Plantae,49.2500631975,-123.2016328145,2024-04-27
210791221,Lamium purpureum,red deadnettle,Plantae,49.2500278714,-123.2015063878,2024-04-27
210791222,Cerrena unicolor,Mossy Maze Polypore,Fungi,49.2488972701,-123.20891764,2024-04-27
210791223,Pteridium aquilinum,common bracken,Plantae,49.2488947901,-123.20825632,2024-04-27
210791229,Chamaenerion angustifolium,fireweed,Plantae,49.2489236999,-123.20791395,2024-04-27
210791231,Alnus,alders,Plantae,49.2489599,-123.20756529,2024-04-27
210791232,Ariolimax columbianus,Pacific Banana Slug,Mollusca,49.24888633,-123.20734426,2024-04-27
210791235,Thuja plicata,western redcedar,Plantae,49.248996,-123.2069687,2024-04-27
210791237,Convolvulaceae,bindweed family,Plantae,49.2489630745,-123.2068488644,2024-04-27
210791241,Chamaenerion angustifolium,fireweed,Plantae,49.24900297,-123.20663074,2024-04-27
210791242,Dicentra formosa,Pacific Bleeding Heart,Plantae,49.24903451,-123.2065930999,2024-04-27
210791246,Arion ater,Black Slug,Mollusca,49.24896337,-123.20621835,2024-04-27
210791250,Guepiniopsis alpina,alpine jelly cone,Fungi,49.24912383,-123.2060982,2024-04-27
210791251,Arion ater,Black Slug,Mollusca,49.24909264,-123.20613186,2024-04-27
210791254,Rubus spectabilis,Salmonberry,Plantae,49.2491873801,-123.20565086,2024-04-27
210791260,Salix,Willows,Plantae,49.2492081301,-123.20552415,2024-04-27
210791264,Prunus,"plums, cherries, and allies",Plantae,49.24924818,-123.20537214,2024-04-27
210791274,Pteridium aquilinum,common bracken,Plantae,49.2493612803,-123.2051187701,2024-04-27
210791280,Spiraea douglasii,Rose Spirea,Plantae,49.249378795,-123.2050070904,2024-04-27
210791288,Rubus bifrons,Himalayan Blackberry,Plantae,49.2494254563,-123.2045102566,2024-04-27
210791303,Scandicinae,,Plantae,49.2498284659,-123.2042353877,2024-04-27
210791316,Gaultheria shallon,salal,Plantae,49.2496824009,-123.2035782789,2024-04-27
210791339,Fungi,Fungi Including Lichens,Fungi,49.2496893309,-123.2035061695,2024-04-27
210791345,Chamaenerion angustifolium,fireweed,Plantae,49.249708193,-123.2033606997,2024-04-27
210791358,Scandicinae,,Plantae,49.2497551228,-123.2031792869,2024-04-27
210791362,Lamium galeobdolon argentatum,Variegated Yellow Archangel,Plantae,49.2497568617,-123.2028707073,2024-04-27
210791370,Vinca minor,lesser periwinkle,Plantae,49.2498475807,-123.2025709371,2024-04-27
210791381,Cytisus scoparius,Scotch Broom,Plantae,49.2498975383,-123.2022629012,2024-04-27
210791393,Sorbus aucuparia,European mountain ash,Plantae,49.2498941101,-123.20226491,2024-04-27
210791405,Eriophyes sorbi,Rowan blister mite,Arachnida,49.24989419,-123.20226509,2024-04-27
210791412,Ajuga reptans,carpet bugle,Plantae,49.2499980389,-123.2023871093,2024-04-27
210794720,Polydesmus,,Animalia,49.2501690259,-123.1952921602,2024-04-27
210794724,Polydesmus,,Animalia,49.2501272802,-123.1952605779,2024-04-27
210794725,Oniscus asellus,Common Shiny Woodlouse,Animalia,49.2501476372,-123.1952868147,2024-04-27
210794730,Gaultheria shallon,salal,Plantae,49.2501125801,-123.2014458703,2024-04-27
210794733,Apioideae,,Plantae,49.2500556658,-123.2011700857,2024-04-27
210794735,Acer platanoides,Norway maple,Plantae,49.2501414923,-123.2012998491,2024-04-27
210794740,Lamium galeobdolon argentatum,Variegated Yellow Archangel,Plantae,49.2501966384,-123.2012917156,2024-04-27
210794746,Apioideae,,Plantae,49.2501532949,-123.2011932705,2024-04-27
210794747,Acer circinatum,Vine Maple,Plantae,49.2501613443,-123.2007923769,2024-04-27
210794750,Cytisus scoparius,Scotch Broom,Plantae,49.2501544536,-123.2006714416,2024-04-27
210794752,Taraxacum,dandelions,Plantae,49.2501568406,-123.2006125196,2024-04-27
210794760,Glechoma hederacea,ground-ivy,Plantae,49.25024122,-123.20093993,2024-04-27
210794769,Prunus laurocerasus,Cherry laurel,Plantae,49.25020883,-123.20001843,2024-04-27
210794776,Lamium galeobdolon argentatum,Variegated Yellow Archangel,Plantae,49.25020093,-123.19955596,2024-04-27
210794783,Rubus spectabilis,Salmonberry,Plantae,49.25021252,-123.19929322,2024-04-27
210794796,Apioideae,,Plantae,49.2502469,-123.19919352,2024-04-27
210794798,Ilex aquifolium,European holly,Plantae,49.25022526,-123.19864621,2024-04-27
210794799,Rubus bifrons,Himalayan Blackberry,Plantae,49.25010319,-123.19829152,2024-04-27
210794805,Equisetum arvense,field horsetail,Plantae,49.25007506,-123.1985283101,2024-04-27
210794808,Ranunculus repens,Creeping buttercup,Plantae,49.25002247,-123.1981166399,2024-04-27
210794817,Cornus,dogwoods,Plantae,49.24996948,-123.19772978,2024-04-27
210794830,Trifolium pratense,Red Clover,Plantae,49.24997439,-123.19706377,2024-04-27
210794838,Equisetum arvense,field horsetail,Plantae,49.2499924599,-123.19708327,2024-04-27
210794844,Rubus bifrons,Himalayan Blackberry,Plantae,49.250035,-123.1968285699,2024-04-27
210794851,Arabidopsis thaliana,mouse-ear cress,Plantae,49.24995276,-123.19663322,2024-04-27
210794855,Apioideae,,Plantae,49.2501400389,-123.1967916702,2024-04-27
210794856,Arion fasciatus,Orange-banded Arion,Mollusca,49.2500549269,-123.196478738,2024-04-27
210794860,Equisetum telmateia braunii,Braun's Giant Horsetail,Plantae,49.2500779994,-123.1957800546,2024-04-27
210794862,Rubus bifrons,Himalayan Blackberry,Plantae,49.2500754018,-123.1955564314,2024-04-27
210794865,Rubus spectabilis,Salmonberry,Plantae,49.2500732859,-123.1953101634,2024-04-27
210794877,Lumbricidae,Lumbricid Earthworms,Animalia,49.2501391099,-123.1953074902,2024-04-27
210796524,Psaltriparus minimus,Bushtit,Aves,49.2661305556,-123.0962583333,2024-04-27
210796688,Poecile atricapillus,Black-capped Chickadee,Aves,49.2931021596,-123.0550385532,2024-04-28
210797103,Aesculus hippocastanum,horse-chestnut,Plantae,49.25011471,-123.19387372,2024-04-27
210797107,Populus,aspens and allies,Plantae,49.25015984,-123.19381403,2024-04-27
210797111,Julinae,,Animalia,49.2501506881,-123.1951927394,2024-04-27
210797118,Philoscia muscorum,Common Striped Woodlouse,Animalia,49.2501454966,-123.1951834447,2024-04-27
210797120,Rilaena triangularis,Spring Harvestman,Arachnida,49.2501575746,-123.1950675068,2024-04-27
210797123,Polydesmus,,Animalia,49.2501144592,-123.1953095224,2024-04-27
210797140,Ranunculus,buttercups,Plantae,49.2501325415,-123.194937238,2024-04-27
210797141,Stylommatophora,Common Land Snails and Slugs,Mollusca,49.2500809841,-123.1953112719,2024-04-27
210797142,Arion,ater-group Arion Slugs,Mollusca,49.2501006208,-123.1954434492,2024-04-27
210797154,Aesculus hippocastanum,horse-chestnut,Plantae,49.2501353139,-123.1946548727,2024-04-27
210797156,Impatiens parviflora,small balsam,Plantae,49.25004423,-123.1943336813,2024-04-27
210797159,Deroceras reticulatum,Milky Slug,Mollusca,49.2500704949,-123.1943049417,2024-04-27
210797163,Kobeltia,hortensis-group Arion Slugs,Mollusca,49.2500946883,-123.1942737884,2024-04-27
210797164,Philoscia muscorum,Common Striped Woodlouse,Animalia,49.2501140517,-123.1942450397,2024-04-27
210797167,Stylommatophora,Common Land Snails and Slugs,Mollusca,49.2501888801,-123.1944618963,2024-04-27
210797174,Nebria brevicollis,European Gazelle Beetle,Insecta,49.2501695001,-123.1944385818,2024-04-27
210797175,Nebria brevicollis,European Gazelle Beetle,Insecta,49.2500532201,-123.1942986946,2024-04-27
210797177,Haplotrematidae,Lancetooth Snails and Allies,Mollusca,49.2501224344,-123.1943819606,2024-04-27
210797184,Polydesmus,,Animalia,49.25003647,-123.1942324102,2024-04-27
210797190,Gonyodiscus rotundatus,Rounded Snail,Mollusca,49.2500364529,-123.1942317778,2024-04-27
210797192,Opiliones,Harvestmen,Arachnida,49.2500404214,-123.1942450887,2024-04-27
210797197,Crataegus,hawthorns,Plantae,49.2501795161,-123.1941788278,2024-04-27
210797213,Physcia,rosette lichens,Fungi,49.2501296426,-123.1940442953,2024-04-27
210801308,Turdus migratorius,American Robin,Aves,49.2279766368,-123.1435546033,2024-04-28
210843081,Zonotrichia leucophrys,White-crowned Sparrow,Aves,49.2771916667,-123.0609055,2024-04-28
210853418,Oreoscoptes montanus,Sage Thrasher,Aves,49.3266055556,-123.1530444444,2024-04-28
210856572,Bucephala islandica,Barrow's Goldeneye,Aves,49.2681733333,-123.1238866667,2024-04-27
210857096,Anas platyrhynchos,Mallard,Aves,49.2677783333,-123.12314,2024-04-27
210857196,Anas platyrhynchos,Mallard,Aves,49.2677783333,-123.12314,2024-04-27
210859671,Mareca americana,American Wigeon,Aves,49.26755,-123.1233233333,2024-04-27
210859951,Melospiza melodia,Song Sparrow,Aves,49.26728,-123.1230216667,2024-04-27
210869214,Colaptes auratus,Northern Flicker,Aves,49.217212056,-123.1652458866,2024-04-28
210877445,Magnoliopsida,Dicots,Plantae,49.2486633333,-122.9057,2024-04-28
210877870,Muscari armeniacum,Garden Grape-hyacinth,Plantae,49.24867,-122.90573,2024-04-28
210878157,Erigeron canadensis,horseweed,Plantae,49.24865,-122.90573,2024-04-28
210878556,Pyracantha coccinea,Firethorn,Plantae,49.2486583333,-122.9057533333,2024-04-28
210878957,Pieris japonica,Japanese andromeda,Plantae,49.2486383333,-122.9058133333,2024-04-28
210879387,Pieris japonica,Japanese andromeda,Plantae,49.2486283333,-122.9057466667,2024-04-28
210879668,Hemerocallis fulva,orange day-lily,Plantae,49.2486116667,-122.9056166667,2024-04-28
210879975,Tracheophyta,Vascular Plants,Plantae,49.2486033333,-122.9056083333,2024-04-28
210880296,Rhododendron simsii,Red Azalea,Plantae,49.2486083333,-122.9056166667,2024-04-28
210880644,Papaver cambricum,Welsh Poppy,Plantae,49.2485783333,-122.9056466667,2024-04-28
210880812,Sedum album,white stonecrop,Plantae,49.24858,-122.9056033333,2024-04-28
210881608,Canis familiaris,Domestic Dog,Mammalia,49.206065385,-122.8751106788,2024-04-28
210883110,Amanita pantherinoides,Western Panther,Fungi,49.2385805556,-123.1596666667,2024-04-27
210883896,Melissa officinalis,lemon balm,Plantae,49.2396722222,-123.1599305556,2024-04-27
210888342,Carabidae,Ground Beetles,Insecta,49.2560091936,-123.2967323497,2024-04-27
210889710,Trachycarpus,,Plantae,49.2792333333,-123.1385028333,2024-04-27
210890269,Oribatida,beetle mites,Arachnida,49.3744600876,-123.1819462871,2024-04-27
210890305,Cladonia,pixie cup and reindeer lichens,Fungi,49.2997283333,-123.1201861667,2024-04-27
210890336,Corvus brachyrhynchos,American Crow,Aves,49.282331112,-123.1415332605,2024-04-28
210890655,Thuja,arborvitaes,Plantae,49.299675,-123.1201695,2024-04-27
210892093,Rhododendron ponticum,Pontic Rhododendron,Plantae,49.2897416667,-123.1198361667,2024-04-27
210898981,Picea sitchensis,Sitka spruce,Plantae,49.2287445068,-122.9944000244,2024-04-28
210909755,Saxifraga × urbium,Londonpride,Plantae,49.0326721667,-123.0738361667,2024-04-28
210910146,Hedera helix,common ivy,Plantae,49.0326388333,-123.0740138333,2024-04-28
210915529,Pulvigera,,Plantae,49.2376472222,-123.1597472222,2024-04-27
210915685,Alnus,alders,Plantae,49.2316754815,-122.8076495324,2024-04-28
210915712,Melanosiphon intestinalis,,Chromista,49.3027659795,-123.1264398243,2024-04-27
210916518,Lobatae,red oaks,Plantae,49.248195,-122.90618,2024-04-28
210917097,Turdus migratorius,American Robin,Aves,49.2482416667,-122.906105,2024-04-28
210917213,Crataegus,hawthorns,Plantae,49.2320542597,-122.8077014164,2024-04-28
210917605,Parmelia sulcata,Netted shield lichen,Fungi,49.2482033333,-122.9061283333,2024-04-28
210917864,Desmarestia viridis,stringy acid kelp,Chromista,49.3030082724,-123.1288498468,2024-04-27
210917986,Pulvigera,,Plantae,49.248195,-122.9061283333,2024-04-28
210918132,Crataegus,hawthorns,Plantae,49.2320980551,-122.8074181919,2024-04-28
210918278,Cetrelia cetrarioides,Speckled Rag Lichen,Fungi,49.24823,-122.906175,2024-04-28
210918489,Candelaria concolor,Candleflame Lichen,Fungi,49.2482416667,-122.90615,2024-04-28
210918535,Thallophaga hyperborea,Northern Thallophaga,Insecta,49.3968722222,-123.3607361111,2024-04-28
210918754,Taxus baccata,common yew,Plantae,49.2483133333,-122.9059533333,2024-04-28
210919165,Crataegus monogyna,common hawthorn,Plantae,49.232070372,-122.8072892453,2024-04-28
210919203,Tracheophyta,Vascular Plants,Plantae,49.2483416667,-122.9059533333,2024-04-28
210919480,Viburnum plicatum,Japanese snowball,Plantae,49.2483366667,-122.9059216667,2024-04-28
210919840,Viburnum plicatum,Japanese snowball,Plantae,49.248305,-122.90587,2024-04-28
210919845,Malus,apples and crabapples,Plantae,49.2320906371,-122.8073039466,2024-04-28
210920114,Salvia rosmarinus,Rosemary,Plantae,49.2483033333,-122.90567,2024-04-28
210920456,Cornus,dogwoods,Plantae,49.2320752144,-122.8072957323,2024-04-28
210920579,Alaria marginata,winged kelp,Chromista,49.3030633222,-123.1264400222,2024-04-27
210921935,Eriophyes tiliae,Red Nail Gall Mite,Arachnida,49.2754479259,-123.1525355699,2024-04-28
210923192,Rosa,roses,Plantae,49.2325683637,-122.8063412012,2024-04-28
210924064,Rosa nutkana,Nootka rose,Plantae,49.0966421413,-123.083477514,2024-04-28
210924151,Melospiza melodia,Song Sparrow,Aves,49.2347610231,-122.7916579631,2024-04-28
210924312,Nereocystis luetkeana,Bull Kelp,Chromista,49.3028523395,-123.1284868963,2024-04-27
210924463,Tanacetum vulgare,tansy,Plantae,49.0966667422,-123.083486315,2024-04-28
210924788,Rubus bifrons,Himalayan Blackberry,Plantae,49.0966588213,-123.0834946131,2024-04-28
210925027,Sorbus sitchensis,Sitka Mountain-Ash,Plantae,49.2382125854,-122.9763565063,2024-04-28
210925445,Saccharina latissima,Sugar Kelp,Chromista,49.3028869357,-123.1287600247,2024-04-27
210925590,Rumex obtusifolius,broad-leaved dock,Plantae,49.0966159478,-123.0836125464,2024-04-28
210926158,Cirsium arvense,creeping thistle,Plantae,49.0966787702,-123.0836065115,2024-04-28
210926221,Pipilo maculatus,Spotted Towhee,Aves,49.2328366265,-122.8055721616,2024-04-28
210927128,Mastocarpus alaskensis,,Plantae,49.3027901787,-123.126503284,2024-04-27
210927184,Populus trichocarpa,black cottonwood,Plantae,49.0967309475,-123.0836516899,2024-04-28
210927282,Rubus bifrons,Himalayan Blackberry,Plantae,49.2328156718,-122.8055768554,2024-04-28
210927696,Euphorbia,Spurges,Plantae,49.3993993989,-123.161616997,2024-04-28
210927834,Oxychilus draparnaudi,Draparnaud's Glass Snail,Mollusca,49.2607982954,-123.1323020975,2024-04-28
210928068,Arion,Arion Slugs,Mollusca,49.3674099494,-123.0437602944,2024-04-28
210928297,Nebria brevicollis,European Gazelle Beetle,Insecta,49.320847919,-123.0662028209,2024-04-28
210928822,Oxychilus,Typical Glass Snails,Mollusca,49.330989,-123.1079445,2024-04-28
210928839,Sambucus racemosa,red-berried elder,Plantae,49.2329328124,-122.8051336444,2024-04-28
210928975,Sambucus racemosa,red-berried elder,Plantae,49.2328426615,-122.8050632962,2024-04-28
210929155,Scolopendromorpha,Tropical Centipedes,Animalia,49.3866925932,-123.1854592067,2024-04-28
210929332,Armadillidium vulgare,Common Pill Woodlouse,Animalia,49.2868635922,-123.1879773495,2024-04-28
210929391,Melampsora occidentalis,Cottonwood Leaf Rust,Fungi,49.0967507288,-123.0837158953,2024-04-28
210929463,Ribes × nidigrolaria,Jostaberry,Plantae,49.2328275692,-122.8050880275,2024-04-28
210929611,Arion hortensis,Garden Arion,Mollusca,49.2260638046,-123.1301021966,2024-04-28
210929790,Arion hortensis,Garden Arion,Mollusca,49.2235405413,-123.1645272142,2024-04-28
210930036,Equisetum arvense,field horsetail,Plantae,49.0967678279,-123.0837668573,2024-04-28
210930153,Poaceae,Grasses,Plantae,49.2326849141,-122.8049362266,2024-04-28
210930192,Poecile atricapillus,Black-capped Chickadee,Aves,49.3793500963,-123.0612413111,2024-04-28
210930396,Lumbricus terrestris,Nightcrawler,Animalia,49.399613577,-123.1582809639,2024-04-28
210930412,Acer pseudoplatanus,sycamore maple,Plantae,49.0968171135,-123.0837430527,2024-04-28
210930798,Hildenbrandia,encrusting red algae,Plantae,49.3029720359,-123.1263389473,2024-04-27
210931043,Prunus avium,wild cherry,Plantae,49.0969386092,-123.0837253669,2024-04-28
210931080,Ixoreus naevius,Varied Thrush,Aves,49.2614836156,-123.1569288417,2024-04-28
210931396,Rubus spectabilis,Salmonberry,Plantae,49.0960180396,-123.0831753264,2024-04-28
210931896,Corylus avellana,common hazel,Plantae,49.0968383616,-123.0838029833,2024-04-28
210932230,Amelanchier alnifolia,Saskatoon,Plantae,49.2321793177,-122.8051984963,2024-04-28
210932302,Amelanchier,serviceberries,Plantae,49.2322485877,-122.8051492177,2024-04-28
210932916,Alopecurus,Foxtail grasses,Plantae,49.2322070843,-122.8052096681,2024-04-28
210933094,Salix sitchensis,Sitka willow,Plantae,49.0971064149,-123.084203303,2024-04-28
210933110,Crataegus monogyna,common hawthorn,Plantae,49.2771606445,-123.1475296021,2024-04-27
210933394,Alopecurus,Foxtail grasses,Plantae,49.2321801559,-122.8051962332,2024-04-28
210933452,Mazzaella splendens,splendid iridescent seaweed,Plantae,49.3030233856,-123.1263499895,2024-04-27
210933667,Cornus nuttallii,Pacific Dogwood,Plantae,49.0970852279,-123.0812526008,2024-04-28
210934807,Turdus migratorius,American Robin,Aves,49.2321576504,-122.8057316692,2024-04-28
210934910,Zonotrichia leucophrys,White-crowned Sparrow,Aves,49.2180404,-122.9150353,2024-04-28
210935458,Poales,"Grasses, Sedges, Cattails, and Allies",Plantae,49.0971683152,-123.0842865353,2024-04-28
210935547,Anas platyrhynchos,Mallard,Aves,49.2321474245,-122.805965189,2024-04-28
210935677,Zonotrichia atricapilla,Golden-crowned Sparrow,Aves,49.2180113,-122.9150057,2024-04-28
210935816,Lysichiton americanus,western skunk cabbage,Plantae,49.0971639567,-123.0842543488,2024-04-28
210936105,Aroideae,,Plantae,49.2482716667,-122.9059666667,2024-04-28
210936822,Angiospermae,Flowering Plants,Plantae,49.248355,-122.9058,2024-04-28
210937106,Acer pseudoplatanus,sycamore maple,Plantae,49.0973895137,-123.0844972563,2024-04-28
210937121,Dracaena reflexa,Song of India,Plantae,49.248325,-122.9059616667,2024-04-28
210937404,Sambucus racemosa,red-berried elder,Plantae,49.0974209458,-123.0845584442,2024-04-28
210937639,Ficus elastica,rubber plant,Plantae,49.2483,-122.905975,2024-04-28
210938025,Gymnocalycium mihanovichii,moon cactus,Plantae,49.2483133333,-122.90593,2024-04-28
210938375,Spathiphyllum wallisii,Peace Lily,Plantae,49.2483116667,-122.9057383333,2024-04-28
210938654,Acer pseudoplatanus,sycamore maple,Plantae,49.0972463089,-123.084473787,2024-04-28
210939606,Crataegus monogyna,common hawthorn,Plantae,49.0975785675,-123.0848586002,2024-04-28
210940275,Salix,Willows,Plantae,49.0975918528,-123.0848974922,2024-04-28
210940658,Vicia gigantea,giant vetch,Plantae,49.0976369894,-123.0849658885,2024-04-28
210941784,Branta canadensis,Canada Goose,Aves,49.2960583333,-123.1284333333,2024-04-27
210941922,Larus,Large White-headed Gulls,Aves,49.289475,-123.1143805,2024-04-27
210942205,Ardea herodias fannini,Northwest Coast Great Blue Heron,Aves,49.29765,-123.1231305,2024-04-27
210942414,Lonicera involucrata,twinberry honeysuckle,Plantae,49.0978701739,-123.0854995643,2024-04-28
210942467,Lamium galeobdolon argentatum,Variegated Yellow Archangel,Plantae,49.2321613382,-122.8071996103,2024-04-28
210942682,Phalacrocoracidae,Cormorants and Shags,Aves,49.2895783333,-123.1149305,2024-04-27
210943171,Symphoricarpos,snowberries,Plantae,49.2321657809,-122.8072683235,2024-04-28
210943622,Cistothorus palustris,Marsh Wren,Aves,49.0978331259,-123.0860574638,2024-04-28
210944360,Polystichum munitum,western sword fern,Plantae,49.0977278073,-123.0863545184,2024-04-28
210944772,Heracleum maximum,common cowparsnip,Plantae,49.0977131809,-123.0863978529,2024-04-28
210946553,Betula pendula,silver birch,Plantae,49.0975082014,-123.0869083108,2024-04-28
210947287,Quercus,oaks,Plantae,49.0973953391,-123.087105956,2024-04-28
210947686,Sorbus aucuparia,European mountain ash,Plantae,49.0973899747,-123.0871219655,2024-04-28
210948357,Geothlypis trichas,Common Yellowthroat,Aves,49.0972606,-123.0873696507,2024-04-28
210949042,Taraxacum officinale,common dandelion,Plantae,49.0955581935,-123.085724353,2024-04-28
210949688,Aesculus hippocastanum,horse-chestnut,Plantae,49.230745514,-122.8080439766,2024-04-28
210950280,Ribes sanguineum,Red-flowering Currant,Plantae,49.2307343515,-122.8080525628,2024-04-28
210950342,Castor canadensis,American Beaver,Mammalia,49.0968749486,-123.0880812743,2024-04-28
210950860,Desmarestia herbacea,,Chromista,49.3027385699,-123.1283012913,2024-04-27
210950886,Cornus sericea,red osier dogwood,Plantae,49.0968746134,-123.0880635047,2024-04-28
210951287,Amanita pantherinoides,Western Panther,Fungi,49.3889609,-123.3311053,2024-04-27
210951598,Dermasterias imbricata,Leather Star,Animalia,49.3028050033,-123.1280528333,2024-04-27
210951892,Ranunculus repens,Creeping buttercup,Plantae,49.0963248862,-123.0887758826,2024-04-28
210951924,Taraxacum,dandelions,Plantae,49.2312215836,-122.8084085349,2024-04-28
210952158,Hedera helix,common ivy,Plantae,49.2311705556,-122.8082619981,2024-04-28
210952427,Ramularia rubella,,Fungi,49.0962991119,-123.0885002856,2024-04-28
210953010,Pseudotsuga menziesii,Douglas-fir,Plantae,49.0961782868,-123.0884753914,2024-04-28
210953666,Picea sitchensis,Sitka spruce,Plantae,49.0962128202,-123.0884681829,2024-04-28
210954130,Acer platanoides,Norway maple,Plantae,49.2312673441,-122.8083877011,2024-04-28
210954968,Equisetum telmateia,great horsetail,Plantae,49.0897595091,-122.8621199169,2024-04-28
210955449,Acer pseudoplatanus,sycamore maple,Plantae,49.2314480804,-122.8087902257,2024-04-28
210956526,Tachycineta bicolor,Tree Swallow,Aves,49.2455033333,-122.9586416667,2024-04-28
210956712,Anas platyrhynchos,Mallard,Aves,49.2454716667,-122.9593966667,2024-04-28
210956735,Sambucus racemosa,red-berried elder,Plantae,49.0900014543,-122.8645870439,2024-04-28
210956953,Veronica chamaedrys,Germander Speedwell,Plantae,49.2321509228,-122.8088564476,2024-04-28
210957230,Lupinus polyphyllus,Large-leaved lupine,Plantae,49.2315311432,-122.8093063873,2024-04-28
210957513,Ribes sanguineum,Red-flowering Currant,Plantae,49.2377701887,-122.8149688064,2024-04-28
210957610,Tanacetum vulgare,tansy,Plantae,49.0900908339,-122.8659292504,2024-04-28
210957629,Thuja plicata,western redcedar,Plantae,49.0958064236,-123.0885609706,2024-04-28
210958051,Populus trichocarpa,black cottonwood,Plantae,49.0902688997,-122.8665920471,2024-04-28
210959153,Pipilo maculatus,Spotted Towhee,Aves,49.095457946,-123.0880236068,2024-04-28
210959530,Aquilegia vulgaris,common columbine,Plantae,49.2482716667,-122.9059616667,2024-04-28
210960084,Angiospermae,Flowering Plants,Plantae,49.248275,-122.9059833333,2024-04-28
210960435,Angiospermae,Flowering Plants,Plantae,49.2482633333,-122.9059833333,2024-04-28
210960630,Philodendron hederaceum,heart-leaf philodendron,Plantae,49.1078803456,-122.842060933,2024-04-28
210960773,Rosoideae,"brambles, roses, strawberries, and allies",Plantae,49.24828,-122.9059666667,2024-04-28
210961308,Melissa officinalis,lemon balm,Plantae,49.2483116667,-122.905945,2024-04-28
210961350,Rhododendron indicum,southern Indian azalea,Plantae,49.1078228219,-122.8420203342,2024-04-28
210961616,Aquilegia vulgaris,common columbine,Plantae,49.248275,-122.9059533333,2024-04-28
210962013,Lysimachia,Loosestrifes,Plantae,49.2482716667,-122.9059833333,2024-04-28
210962466,Rosa,roses,Plantae,49.248275,-122.9059616667,2024-04-28
210962599,Urtica dioica,,Plantae,49.0952080815,-123.0878091977,2024-04-28
210962837,Campanula glomerata,clustered bellflower,Plantae,49.2482866667,-122.905945,2024-04-28
210963294,Ribes rubrum,Red Currant,Plantae,49.2482716667,-122.905945,2024-04-28
210963332,Zonotrichia atricapilla,Golden-crowned Sparrow,Aves,49.2316650879,-122.810977148,2024-04-28
210963470,Sambucus racemosa,red-berried elder,Plantae,49.0948120784,-123.0874034298,2024-04-28
210963784,Aphis,,Insecta,49.2483,-122.905945,2024-04-28
210964252,Melissa officinalis,lemon balm,Plantae,49.3754773536,-122.9954703546,2024-04-28
210964828,Rosa,roses,Plantae,49.2482833333,-122.9059366667,2024-04-28
210965092,Rubus laciniatus,Cutleaf Blackberry,Plantae,49.0949471109,-123.0874055253,2024-04-28
210965367,Cupressoideae,"Cypresses, Cedars, Junipers, and Allies",Plantae,49.3433566,-123.0187863,2024-04-28
210965547,Clematis virginiana,virgin's-bower,Plantae,49.2132437863,-122.9329274925,2024-04-28
210966050,Columba livia domestica,Feral Pigeon,Aves,49.2454633333,-122.9586716667,2024-04-28
210966061,Magnoliopsida,Dicots,Plantae,49.3924663957,-122.8877070007,2024-04-28
210966472,Hypnales,Feather Mosses,Plantae,49.248295,-122.9059366667,2024-04-28
210966595,Betula pendula,silver birch,Plantae,49.0949096857,-123.0874117279,2024-04-28
210966677,Lupinus polyphyllus,Large-leaved lupine,Plantae,49.0902780061,-122.8677786375,2024-04-28
210967044,Poa pratensis,Smooth Meadow-grass,Plantae,49.0946444823,-123.0868893677,2024-04-28
210967140,Syringa vulgaris,common lilac,Plantae,49.248295,-122.905945,2024-04-28
210967586,Cytisus scoparius,Scotch Broom,Plantae,49.0902582962,-122.867903864,2024-04-28
210967635,Magnoliopsida,Dicots,Plantae,49.0946806921,-123.0869037007,2024-04-28
210967727,Heracleum maximum,common cowparsnip,Plantae,49.0901579701,-122.8684881631,2024-04-28
210968151,Polystichum munitum,western sword fern,Plantae,49.2483583333,-122.9060133333,2024-04-28
210968166,Erodium cicutarium,Redstem Stork's-bill,Plantae,49.0900597014,-122.8687701424,2024-04-28
210968913,Polystichum munitum,western sword fern,Plantae,49.2483466667,-122.9059916667,2024-04-28
210972125,Turdus migratorius,American Robin,Aves,49.2352480165,-122.8774081045,2024-04-28
210972482,Polystichum munitum,western sword fern,Plantae,49.2483583333,-122.9059616667,2024-04-28
210973177,Polystichum munitum,western sword fern,Plantae,49.2483666667,-122.9059616667,2024-04-28
210974202,Polystichum munitum,western sword fern,Plantae,49.2483716667,-122.9059666667,2024-04-28
210975083,Polystichum munitum,western sword fern,Plantae,49.2483583333,-122.9059966667,2024-04-28
210975154,Aesculus hippocastanum,horse-chestnut,Plantae,49.2301337258,-123.097655722,2024-04-28
210975506,Hedera helix,common ivy,Plantae,49.2483633333,-122.9059916667,2024-04-28
210976239,Galium triflorum,fragrant bedstraw,Plantae,49.2483583333,-122.9059833333,2024-04-28
210977050,Mycelis muralis,Wall Lettuce,Plantae,49.2483583333,-122.9059916667,2024-04-28
210977692,Polystichum polyblepharon,Japanese tassel fern,Plantae,49.2483633333,-122.9059833333,2024-04-28
210978052,Turdus migratorius,American Robin,Aves,49.0693945,-123.1450888333,2024-04-28
210978135,Rubus,brambles,Plantae,49.2483666667,-122.9059366667,2024-04-28
210978587,Aquilegia vulgaris,common columbine,Plantae,49.2483716667,-122.90593,2024-04-28
210978906,Lonicera involucrata,twinberry honeysuckle,Plantae,49.0906833386,-122.8744833133,2024-04-28
210979079,Lysimachia latifolia,Western Starflower,Plantae,49.243382,-123.190116,2024-04-27
210979151,Rubus,brambles,Plantae,49.2483716667,-122.9059133333,2024-04-28
210979473,Acer palmatum,Japanese maple,Plantae,49.248375,-122.9059366667,2024-04-28
210979954,Cardamine hirsuta,hairy bittercress,Plantae,49.2266728379,-122.8261251988,2024-04-28
210980219,Lysimachia,Loosestrifes,Plantae,49.2483583333,-122.9059916667,2024-04-28
210981388,Campanula glomerata,clustered bellflower,Plantae,49.2483583333,-122.906005,2024-04-28
210981518,Mus musculus,House Mouse,Mammalia,49.2448209432,-122.6165810149,2024-04-28
210981899,Hibiscus syriacus,common hibiscus,Plantae,49.248355,-122.9060216667,2024-04-28
210982411,Rhododendron,rhododendrons and azaleas,Plantae,49.2483216667,-122.905555,2024-04-28
210982723,Tracheophyta,Vascular Plants,Plantae,49.2483366667,-122.9055416667,2024-04-28
210982785,Limax maximus,Leopard Slug,Mollusca,49.3277805326,-122.7344528304,2024-04-28
210983123,Hydrangea macrophylla,mophead hydrangea,Plantae,49.248325,-122.9055466667,2024-04-28
210983381,Rosa,roses,Plantae,49.2482833333,-122.9055466667,2024-04-28
210983624,Cotoneaster salicifolius,Willow-leaved Cotoneaster,Plantae,49.248305,-122.9055633333,2024-04-28
210983853,Tilia,"lindens, basswoods, and lime trees",Plantae,49.2292144957,-122.8144173308,2024-04-28
210983983,Thuja plicata,western redcedar,Plantae,49.2483166667,-122.9055633333,2024-04-28
210984346,Rosa,roses,Plantae,49.2483216667,-122.905525,2024-04-28
210984910,Vaccinium parvifolium,Red Huckleberry,Plantae,49.2426194444,-123.1907583333,2024-04-27
210984911,Berberis nervosa,Cascade Oregon-grape,Plantae,49.2426083333,-123.1907583333,2024-04-27
210984912,Amelanchier,serviceberries,Plantae,49.2425944444,-123.1907416667,2024-04-27
210984938,Tilia,"lindens, basswoods, and lime trees",Plantae,49.2292939802,-122.8142830258,2024-04-28
210985256,Carpinus betulus,European Hornbeam,Plantae,49.2484583333,-122.905625,2024-04-28
210985829,Glaucomaria carpinea,Rim lichen,Fungi,49.248555,-122.905525,2024-04-28
210986194,Pulvigera,,Plantae,49.24852,-122.9055783333,2024-04-28
210986458,Cornus,dogwoods,Plantae,49.2291434759,-122.814769705,2024-04-28
210986462,Magnolia stellata,star magnolia,Plantae,49.2486633333,-122.9056166667,2024-04-28
210986751,Paeonia officinalis,common peony,Plantae,49.24865,-122.9055783333,2024-04-28
210987054,Papaver orientale,Oriental Poppy,Plantae,49.2486533333,-122.9055866667,2024-04-28
210987320,Rudbeckia fulgida,orange coneflower,Plantae,49.2486633333,-122.9055866667,2024-04-28
210987587,Rudbeckia fulgida,orange coneflower,Plantae,49.2486633333,-122.9056033333,2024-04-28
210987835,Geranium phaeum,Dusky Crane's-bill,Plantae,49.2486533333,-122.9056333333,2024-04-28
210988187,Ornithogalum umbellatum,common star-of-Bethlehem,Plantae,49.2486633333,-122.9056166667,2024-04-28
210988783,Plantago lanceolata,ribwort plantain,Plantae,49.24867,-122.9056083333,2024-04-28
210988878,Plantago,plantains,Plantae,49.2290983542,-122.8150225874,2024-04-28
210988973,Campanula rapunculoides,Creeping Bellflower,Plantae,49.248675,-122.9056083333,2024-04-28
210989108,Tanacetum vulgare,tansy,Plantae,49.2290973951,-122.8150189346,2024-04-28
210989518,Rosa multiflora,multiflora rose,Plantae,49.248675,-122.9056083333,2024-04-28
210989740,Malva moschata,musk mallow,Plantae,49.2486883333,-122.9056033333,2024-04-28
210989866,Plantago major,greater plantain,Plantae,49.2291095681,-122.8150413374,2024-04-28
210989950,Malva neglecta,dwarf mallow,Plantae,49.2486716667,-122.9056166667,2024-04-28
210990078,Stellaria media,common chickweed,Plantae,49.2486833333,-122.9056166667,2024-04-28
210990321,Rosa multiflora,multiflora rose,Plantae,49.2487,-122.9056083333,2024-04-28
210990662,Ornithogalum umbellatum,common star-of-Bethlehem,Plantae,49.2486616667,-122.905655,2024-04-28
210990898,Campanula rapunculoides,Creeping Bellflower,Plantae,49.2486633333,-122.9056333333,2024-04-28
210991181,Lamiales,"Mints, Plantains, Olives, and Allies",Plantae,49.2486616667,-122.9056333333,2024-04-28
210991564,Ornithogalum umbellatum,common star-of-Bethlehem,Plantae,49.2334242417,-122.9986201489,2024-04-28
210991837,Magnoliopsida,Dicots,Plantae,49.24868,-122.9056083333,2024-04-28
210992167,Tracheophyta,Vascular Plants,Plantae,49.2486633333,-122.9056383333,2024-04-28
210992424,Taraxacum officinale,common dandelion,Plantae,49.3256457672,-122.9072558457,2024-04-28
210992554,Psathyrellaceae,Brittlestems and Allies,Fungi,49.2355073,-123.0994577,2024-04-28
210992725,Taraxacum officinale,common dandelion,Plantae,49.2550965464,-122.8805492651,2024-04-28
210993021,Veronica serpyllifolia,thyme-leaved speedwell,Plantae,49.3046454941,-122.8191640985,2024-04-28
210993274,Magnoliopsida,Dicots,Plantae,49.2663114014,-122.8778805154,2024-04-28
210993610,Peziza,Cups,Fungi,49.2354966377,-123.0995764636,2024-04-28
210993687,Dichodontium pellucidum,transparent fork-moss,Plantae,49.2123447953,-122.9318243403,2024-04-28
210993897,Mycelis muralis,Wall Lettuce,Plantae,49.3598162203,-122.9163624642,2024-04-28
210994135,Veronica serpyllifolia,thyme-leaved speedwell,Plantae,49.3076733301,-122.9339835735,2024-04-28
210994414,Bryophyta,Mosses,Plantae,49.317250517,-122.8650735671,2024-04-28
210994825,Veronica serpyllifolia,thyme-leaved speedwell,Plantae,49.3992468447,-122.9706919985,2024-04-28
210995081,Rosa multiflora,multiflora rose,Plantae,49.2487616667,-122.9052883333,2024-04-28
210995348,Chamaecyparis obtusa,Hinoki cypress,Plantae,49.24878,-122.9052966667,2024-04-28
210995649,Amelanchier,serviceberries,Plantae,49.248745,-122.9053033333,2024-04-28
210996341,Arion ater,Black Slug,Mollusca,49.2296738604,-122.8154152488,2024-04-28
210997116,Colaptes auratus,Northern Flicker,Aves,49.1726533333,-123.1993116667,2024-04-28
210998581,Tachycineta bicolor,Tree Swallow,Aves,49.1728717292,-123.1992438751,2024-04-28
211004584,Haemorhous mexicanus,House Finch,Aves,49.3844070987,-123.1676894578,2024-04-28
211004885,Picea sitchensis,Sitka spruce,Plantae,49.0907913715,-122.8755897917,2024-04-28
211007339,Spiraea douglasii,Rose Spirea,Plantae,49.079693588,-122.7503279052,2024-04-27
211011493,Helvella compressa,,Fungi,49.30031354,-122.8671008,2024-04-28
211011707,Sambucus racemosa,red-berried elder,Plantae,49.1131983839,-122.6747154519,2024-04-27
211011929,Spiraea douglasii,Rose Spirea,Plantae,49.062238034,-122.7859649246,2024-04-27
211013144,Symphyotrichum,American asters,Plantae,49.291058248,-123.041565735,2024-04-28
211013286,Oemleria cerasiformis,Osoberry,Plantae,49.0039052253,-122.7963065447,2024-04-27
211014087,Symphyotrichum,American asters,Plantae,49.2910693959,-123.0415488874,2024-04-28
211016096,Carex macrocephala,big-head sedge,Plantae,49.2231533333,-123.22062,2024-04-28
211016205,Acer circinatum,Vine Maple,Plantae,49.092628412,-122.7998975377,2024-04-27
211017057,Bombus impatiens,Common Eastern Bumble Bee,Insecta,49.2011527778,-122.8083527778,2024-04-28
211017970,Athyrium filix-femina,lady fern,Plantae,49.1169634267,-122.7646833604,2024-04-27
211018182,Eriophyllum,Woolly sunflowers,Plantae,49.2907685964,-123.0426188796,2024-04-28
211018268,Solidago canadensis,Canada goldenrod,Plantae,49.2916290556,-123.041461045,2024-04-28
211018585,Rubus spectabilis,Salmonberry,Plantae,49.1071575221,-122.7771232475,2024-04-27
211019140,Aquilegia formosa,western columbine,Plantae,49.2915923009,-123.0414384977,2024-04-28
211019414,Cornus sericea,red osier dogwood,Plantae,49.2915891577,-123.041300783,2024-04-28
211019771,Bellis perennis,Lawn daisy,Plantae,49.33906,-123.136221,2024-04-28
211019947,Rubus,brambles,Plantae,49.1019238923,-122.7742387746,2024-04-27
211021400,Lepismatidae,Typical Silverfishes,Insecta,49.2553888482,-123.065549959,2024-04-27
211021820,Marasmiineae,,Fungi,49.0884588514,-122.6603032751,2024-04-27
211023572,Magnoliopsida,Dicots,Plantae,49.1992790272,-122.7637076944,2024-04-27
211025383,Dacrymyces,,Fungi,49.0001840899,-122.6273059366,2024-04-27
211025859,Cardamine,Bittercresses and Toothworts,Plantae,49.1661820695,-122.7136779075,2024-04-27
211026838,Lutheria splendens,Flaming Sword,Plantae,49.2420523936,-123.1136901026,2024-04-28
211027205,Bellis perennis,Lawn daisy,Plantae,49.2950439453,-123.1337966919,2024-04-28
211027244,Agave,century plants,Plantae,49.2421184819,-123.1137679005,2024-04-28
211027340,Lepidoptera,Butterflies and Moths,Insecta,49.2441583333,-123.1944111111,2024-04-28
211027914,Ribes sanguineum,Red-flowering Currant,Plantae,49.0136123048,-122.763332821,2024-04-27
211028179,Glechoma hederacea,ground-ivy,Plantae,49.0140046985,-122.7908442092,2024-04-27
211029219,Pimpla pedalis,,Insecta,49.0946161507,-122.4913942069,2024-04-28
211029270,Cepaea nemoralis,Brown-lipped Snail,Mollusca,49.2298862328,-122.8137030826,2024-04-28
211029618,Musca domestica,Common House Fly,Insecta,49.0946091253,-122.4913942069,2024-04-28
211030540,Picea sitchensis,Sitka spruce,Plantae,49.24730006,-122.92118356,2024-04-28
211030764,Monadenia fidelis,Pacific Sideband,Mollusca,49.30000943,-122.707846798,2024-04-28
211032535,Corvus brachyrhynchos,American Crow,Aves,49.2442944444,-123.1948694444,2024-04-28
211034971,Amelanchier,serviceberries,Plantae,49.2546,-123.1973361111,2024-04-28
211035043,Magallana gigas,Pacific Oyster,Mollusca,49.2969970703,-123.130279541,2024-04-28
211035188,Fucus distichus,Rockweed,Chromista,49.2966003418,-123.1317062378,2024-04-28
211035349,Icmadophila ericetorum,Candy Lichen,Fungi,49.2542333333,-123.1970472222,2024-04-28
211035918,Dicranum tauricum,Fragile Fork-moss,Plantae,49.2543111111,-123.1970277778,2024-04-28
211036448,Lepidium,Pepperweeds,Plantae,49.2441583333,-123.1944111111,2024-04-28
211036612,Frangula purshiana,Cascara,Plantae,49.2548182781,-123.1972959638,2024-04-28
211037138,Gunnera,Gunneras,Plantae,49.2421290003,-123.1137168039,2024-04-28
211037844,Cytisus scoparius,Scotch Broom,Plantae,49.2963256836,-123.1300811768,2024-04-28
211040619,Ardea herodias fannini,Northwest Coast Great Blue Heron,Aves,49.2969665527,-123.1264724731,2024-04-28
211043075,Cycas,,Plantae,49.2421268786,-123.1138793704,2024-04-28
211044008,Geum macrophyllum,Large-leaved Avens,Plantae,49.0711642408,-122.6719848827,2024-04-27
211044222,Plantago lanceolata,ribwort plantain,Plantae,49.2449138889,-123.1936638889,2024-04-28
211044228,Agrocybe,,Fungi,49.2448388889,-123.1938777778,2024-04-28
211044237,Erodium cicutarium,Redstem Stork's-bill,Plantae,49.2446555556,-123.1936194444,2024-04-28
211044253,Trifolium pratense,Red Clover,Plantae,49.2447083333,-123.1953888889,2024-04-28
211044264,Ardea herodias,Great Blue Heron,Aves,49.244175,-123.1936333333,2024-04-27
211044320,Rubus parviflorus,thimbleberry,Plantae,49.0061380753,-122.6520758391,2024-04-27
211044574,Zantedeschia,calla lilies,Plantae,49.2421290003,-123.1137168039,2024-04-28
211045784,Nereidinae,,Animalia,49.268885465,-123.1206394337,2024-04-28
211046693,Quercus garryana,Oregon oak,Plantae,49.0145134042,-123.0409047381,2024-04-28
211047510,Ramalina,bushy lichens,Fungi,49.0145825549,-123.0410973543,2024-04-28
211047721,Agelaius phoeniceus,Red-winged Blackbird,Aves,49.2706888409,-123.193175006,2024-04-28
211049436,Pemphigus spyrothecae,Poplar Spiral Gall Aphid,Insecta,49.0140218894,-123.0399848243,2024-04-28
211051646,Passer domesticus,House Sparrow,Aves,49.1226361667,-123.1772383333,2024-04-28
211053596,Nereocystis luetkeana,Bull Kelp,Chromista,49.2978820801,-123.1237335205,2024-04-28
211055163,Branta canadensis,Canada Goose,Aves,49.1211971667,-123.17222,2024-04-28
211055529,Matricaria discoidea,pineapple-weed,Plantae,49.06035684,-122.65862812,2024-04-28
211055540,Oryctolagus cuniculus domesticus,Domestic Rabbit,Mammalia,49.122475,-123.1644055,2024-04-28
211055609,Fungi,Fungi Including Lichens,Fungi,49.2706133333,-123.2396866667,2024-04-28
211055733,Agelaius phoeniceus,Red-winged Blackbird,Aves,49.0136447037,-123.0400154182,2024-04-28
211056881,Arion subfuscus,Western Dusky Slug,Mollusca,49.2328916667,-122.8027027783,2024-04-28
211056886,Acer pseudoplatanus,sycamore maple,Plantae,49.2304166667,-122.8028027783,2024-04-28
211056892,Phasianus colchicus,Ring-necked Pheasant,Aves,49.2305333333,-122.806595,2024-04-28
211056895,Peziza vesiculosa,blistered cup,Fungi,49.2293277783,-122.8023833333,2024-04-28
211056896,Populus trichocarpa,black cottonwood,Plantae,49.2292138883,-122.8021388883,2024-04-28
211056901,Alnus rubra,Red Alder,Plantae,49.229069445,-122.8017972217,2024-04-28
211056916,Turdus migratorius,American Robin,Aves,49.2305333333,-122.806595,2024-04-28
211056919,Sambucus racemosa,red-berried elder,Plantae,49.2289916667,-122.801405555,2024-04-28
211056921,Galium,bedstraws,Plantae,49.2290166667,-122.801369445,2024-04-28
211056935,Calliergonella cuspidata,Pointed Spear-moss,Plantae,49.2286611117,-122.800125,2024-04-28
211056936,Acer circinatum,Vine Maple,Plantae,49.228369445,-122.7990583333,2024-04-28
211056937,Fomitopsis ochracea,Ochre-banded Conk,Fungi,49.2285277783,-122.7996138883,2024-04-28
211056941,Urtica dioica,,Plantae,49.2396076777,-122.8129266038,2024-04-28
211056945,Xanthoria parietina,Common Sunburst Lichen,Fungi,49.228080555,-122.7966916667,2024-04-28
211056946,Populus trichocarpa,black cottonwood,Plantae,49.2281083333,-122.796830555,2024-04-28
211056949,Betula papyrifera,paper birch,Plantae,49.2280722217,-122.79615,2024-04-28
211056960,Pinus contorta,lodgepole pine,Plantae,49.2280888883,-122.7962416667,2024-04-28
211056962,Taraxacum officinale,common dandelion,Plantae,49.228194445,-122.7977666667,2024-04-28
211056965,Cirsium arvense,creeping thistle,Plantae,49.2284611117,-122.7990583333,2024-04-28
211056973,Hesperis matronalis,dame's rocket,Plantae,49.2361722217,-122.8001111117,2024-04-28
211056976,Geothlypis trichas,Common Yellowthroat,Aves,49.2370054125,-122.7955585147,2024-04-28
211056981,Branta canadensis,Canada Goose,Aves,49.2375852769,-122.7935258921,2024-04-28
211056989,Agrocybe pediades,Common Fieldcap,Fungi,49.2335861117,-122.801675,2024-04-28
211056990,Lithobates catesbeianus,American Bullfrog,Amphibia,49.2374939948,-122.7942169562,2024-04-28
211056995,Pandion haliaetus,Osprey,Aves,49.2339935582,-122.8004693767,2024-04-28
211057004,Selasphorus rufus,Rufous Hummingbird,Aves,49.2338078974,-122.8002448716,2024-04-28
211057100,Pulvigera,,Plantae,49.0605426997,-122.6585919997,2024-04-28
211057255,Lamium purpureum,red deadnettle,Plantae,49.2449138889,-123.1936416667,2024-04-28
211057259,Senecio vulgaris,common groundsel,Plantae,49.2441888889,-123.19165,2024-04-27
211058531,Lamium purpureum,red deadnettle,Plantae,49.0609527,-122.6585802,2024-04-28
211058579,Allogona townsendiana,Oregon forestsnail,Mollusca,49.2397133791,-122.812747613,2024-04-28
211060649,Tanacetum vulgare,tansy,Plantae,49.0609859997,-122.6585886997,2024-04-28
211060765,Zantedeschia,calla lilies,Plantae,49.2420541782,-123.1137451231,2024-04-28
211061026,Erodium cicutarium,Redstem Stork's-bill,Plantae,49.0612307,-122.6595056,2024-04-28
211061287,Allogona townsendiana,Oregon forestsnail,Mollusca,49.2397270965,-122.8126541632,2024-04-28
211061400,Taphrina populina,Poplar Leaf Curl,Fungi,49.0140638833,-123.0397945,2024-04-28
211062113,Charadrius vociferus,Killdeer,Aves,49.0139416667,-123.0407778333,2024-04-28
211062184,Cirsium,Plume Thistles,Plantae,49.0613022,-122.6595994,2024-04-28
211062938,Turdus migratorius,American Robin,Aves,49.319501146,-123.1984452991,2024-04-28
211063115,Operophtera brumata,Winter Moth,Insecta,49.014075,-123.039825,2024-04-28
211064129,Allogona townsendiana,Oregon forestsnail,Mollusca,49.2399101202,-122.81240613,2024-04-28
211064657,Pipilo maculatus,Spotted Towhee,Aves,49.2166428708,-123.1439319457,2024-04-28
211065198,Populus trichocarpa,black cottonwood,Plantae,49.0615165,-122.6600507997,2024-04-28
211065476,Acalyptratae,Acalyptrate Flies,Insecta,49.0140916667,-123.0398721667,2024-04-28
211066839,Acer macrophyllum,bigleaf maple,Plantae,49.300201416,-123.1180877686,2024-04-28
211067115,Gaultheria shallon,salal,Plantae,49.300201416,-123.1245574951,2024-04-28
211067355,Mentha,mints,Plantae,49.0614997997,-122.6603302,2024-04-28
211068460,Rubus spectabilis,Salmonberry,Plantae,49.2997131348,-123.1188201904,2024-04-28
211069318,Polytrichum,haircap mosses,Plantae,49.0614695,-122.6599772997,2024-04-28
211070135,Plantago,plantains,Plantae,49.0611111997,-122.6595709,2024-04-28
211070226,Oxyura jamaicensis,Ruddy Duck,Aves,49.296233931,-123.1425276026,2024-04-28
211071292,Ranunculus repens,Creeping buttercup,Plantae,49.0611132,-122.6598043,2024-04-28
211071576,Pisaster ochraceus,Ochre Sea Star,Animalia,49.315032959,-123.1218719482,2024-04-28
211071822,Pisaster ochraceus,Ochre Sea Star,Animalia,49.315032959,-123.1218719482,2024-04-28
211072483,Ardea herodias,Great Blue Heron,Aves,49.18045,-122.8208694444,2024-04-28
211072754,Podilymbus podiceps,Pied-billed Grebe,Aves,49.2969705564,-123.1393840536,2024-04-28
211072861,Spatula clypeata,Northern Shoveler,Aves,49.2948537945,-123.1434254721,2024-04-28
211073306,Lophodytes cucullatus,Hooded Merganser,Aves,49.2947772649,-123.1429597735,2024-04-28
211073577,Myosotis arvensis,field forget-me-not,Plantae,49.0246583333,-123.0582945,2024-04-28
211073733,Physocarpus capitatus,Pacific ninebark,Plantae,49.0611232997,-122.6599401,2024-04-28
211073836,Equisetum telmateia,great horsetail,Plantae,49.2398455899,-122.8124161598,2024-04-28
211074129,Geranium dissectum,Cut-leaved crane's-bill,Plantae,49.0241083333,-123.0581945,2024-04-28
211074779,Senecio vulgaris,common groundsel,Plantae,49.0248416667,-123.0583471667,2024-04-28
211074865,Nannopterum auritum albociliatum,Farallon cormorant,Aves,49.296775742,-123.1389673054,2024-04-28
211075828,Aythya affinis,Lesser Scaup,Aves,49.2963725547,-123.1381271034,2024-04-28
211076255,Anas platyrhynchos,Mallard,Aves,49.2955349028,-123.1467825919,2024-04-28
211076446,Sphaerulina westendorpii,,Fungi,49.0232555,-123.0584278333,2024-04-28
211076535,Semibalanus cariosus,Thatched Barnacle,Animalia,49.2999572754,-123.1203613281,2024-04-28
211077230,Steatoda grossa,False Black Widow,Arachnida,49.2944011748,-123.1378800049,2024-04-28
211077644,Ajuga reptans,carpet bugle,Plantae,49.3138046317,-122.9786374372,2024-04-28
211077883,Euhexomyza schineri,Poplar Twiggall Fly,Insecta,49.0249945,-123.0585528333,2024-04-28
211079439,Lapsana communis,nipplewort,Plantae,49.3136962784,-122.9783283533,2024-04-28
211080127,Mycelis muralis,Wall Lettuce,Plantae,49.313858553,-122.978701143,2024-04-28
211080393,Rubus ursinus,trailing blackberry,Plantae,49.0611202997,-122.6602886,2024-04-28
211080665,Mycelis muralis,Wall Lettuce,Plantae,49.0231638333,-123.0585028333,2024-04-28
211080819,Solidago,goldenrods,Plantae,49.0613924,-122.6617269997,2024-04-28
211081235,Vinca major,greater periwinkle,Plantae,49.023346,-123.057139,2024-04-28
211081606,Rumex,docks and sorrels,Plantae,49.0614828,-122.6618454,2024-04-28
211081646,Calystegia silvatica,large bindweed,Plantae,49.0231028333,-123.0575445,2024-04-28
211081919,Arion ater,Black Slug,Mollusca,49.2407517423,-122.8104263048,2024-04-28
211082021,Verbascum thapsus,great mullein,Plantae,49.0242,-123.0575611667,2024-04-28
211082652,Rosa canina,Dog-rose,Plantae,49.0234971667,-123.0565083333,2024-04-28
211083277,Diplolepis rosae,Mossy Rose Gall Wasp,Insecta,49.0244138333,-123.05715,2024-04-28
211083616,Hemigrapsus oregonensis,Yellow Shore Crab,Animalia,49.2997131348,-123.1217651367,2024-04-28
211083635,Rubus spectabilis,Salmonberry,Plantae,49.240897273,-122.8088532707,2024-04-28
211083748,Camelinodae,,Plantae,49.0615195,-122.6617439,2024-04-28
211087078,Certhia americana,Brown Creeper,Aves,49.2838312736,-122.9710344879,2024-04-28
211087265,Maianthemum stellatum,star-flowered lily-of-the-valley,Plantae,49.0610970997,-122.6601485997,2024-04-28
211088313,Chamaenerion angustifolium,fireweed,Plantae,49.0231638333,-123.0557861667,2024-04-28
211088522,Prunus emarginata,Bitter cherry,Plantae,49.0612566,-122.6587291997,2024-04-28
211088885,Rosa pisocarpa,cluster rose,Plantae,49.022704,-123.055294,2024-04-28
211089338,Cornus nuttallii,Pacific Dogwood,Plantae,49.1686396719,-122.5798232858,2024-04-28
211089630,Ariolimax columbianus,Pacific Banana Slug,Mollusca,49.3054184178,-122.8591035214,2024-04-28
211090081,Dipsacus fullonum,wild teasel,Plantae,49.0219721667,-123.053675,2024-04-28
211092021,Prunus serrulata,Japanese Cherry,Plantae,49.3003234863,-123.1231994629,2024-04-28
211092908,Kalmia microphylla,Western Bog Laurel,Plantae,49.2544466667,-123.1973283333,2024-04-27
211093036,Rhododendron groenlandicum,Bog Labrador Tea,Plantae,49.2544666667,-123.1972966667,2024-04-27
211094559,Polypodium glycyrrhiza,licorice fern,Plantae,49.2992858887,-123.1223983765,2024-04-28
211096290,Columba livia domestica,Feral Pigeon,Aves,49.26518,-123.1247566667,2024-04-28
211096437,Zonotrichia leucophrys,White-crowned Sparrow,Aves,49.2652233333,-123.1247633333,2024-04-28
211103392,Camponotus,"Carpenter Ants, Typical Sugar Ants and Allies",Insecta,49.273895359,-123.084405619,2024-04-28
211103396,Erodium cicutarium,Redstem Stork's-bill,Plantae,49.0901407711,-122.8662491359,2024-04-28
211104133,Cardamine flexuosa,wavy bittercress,Plantae,49.30602679,-122.85880739,2024-04-28
211104954,Argentina anserina,common silverweed,Plantae,49.0219416667,-123.0538805,2024-04-28
211105581,Betula pendula,silver birch,Plantae,49.02185,-123.0538416667,2024-04-28
211105625,Branta canadensis,Canada Goose,Aves,49.2939675744,-123.1404113397,2024-04-28
211106464,Ribes divaricatum,spreading gooseberry,Plantae,49.0219111667,-123.0539861667,2024-04-28
211106707,Scarabaeidae,Scarabs,Insecta,49.0854187012,-123.0473022461,2024-04-28
211107453,Colaptes auratus cafer,Northern Red-shafted Flicker,Aves,49.2942140033,-123.1390799582,2024-04-28
211107707,Chaenomeles,Flowering quinces,Plantae,49.1745719183,-122.6837775224,2024-04-27
211110027,Cumminsiella mirabilissima,mahonia rust,Fungi,49.0219416667,-123.0539721667,2024-04-28
211111400,Berberis aquifolium,Oregon grape,Plantae,49.0219111667,-123.0539695,2024-04-28
211112050,Daphne laureola,Spurge-laurel,Plantae,49.0221861667,-123.0539083333,2024-04-28
211112708,Bolbitius titubans,yellow fieldcap,Fungi,49.0222471667,-123.0539361667,2024-04-28
211112971,Populus trichocarpa,black cottonwood,Plantae,49.0990293739,-122.6471964637,2024-04-27
211113152,Brochymena affinis,,Insecta,49.2073192288,-122.7685460208,2024-04-28
211113286,Spiraea douglasii,Rose Spirea,Plantae,49.023039,-123.05419,2024-04-28
211113618,Hedera helix,common ivy,Plantae,49.2972412109,-123.1259078979,2024-04-28
211113683,Setophaga coronata,Yellow-rumped Warbler,Aves,49.2764383333,-123.2322616667,2024-04-28
211113715,Liliopsida,Monocots,Plantae,49.0447294912,-122.6747009691,2024-04-27
211113825,Aechmophorus occidentalis,Western Grebe,Aves,49.3158558053,-123.2008931413,2024-04-28
211114003,Turdus migratorius,American Robin,Aves,49.1802941558,-122.7591380405,2024-04-27
211114643,Geum macrophyllum,Large-leaved Avens,Plantae,49.1606022376,-122.6014677791,2024-04-27
211114703,Sorbus,Rowans and Mountain Ashes,Plantae,49.3291473997,-123.01366,2024-04-28
211115481,Guepiniopsis alpina,alpine jelly cone,Fungi,49.2381888889,-123.1551861111,2024-04-28
211115718,Betula occidentalis,water birch,Plantae,49.0232861667,-123.0545805,2024-04-28
211115860,Lonicera involucrata,twinberry honeysuckle,Plantae,49.1918862706,-122.6320827396,2024-04-27
211116531,Matricaria discoidea,pineapple-weed,Plantae,49.0237111667,-123.0547528333,2024-04-28
211117484,Phanacis hypochoeridis,Catsear Gall Wasp,Insecta,49.0238638333,-123.0549,2024-04-28
211117499,Araneae,Spiders,Arachnida,49.2445666667,-123.1487,2024-04-28
211117965,Fraxinus angustifolia,Narrow-leaved Ash,Plantae,49.2440518138,-123.148249425,2024-04-28
211118015,Hypochaeris radicata,Common Cat's-ear,Plantae,49.023092,-123.055089,2024-04-28
211118207,Alnus rubra,Red Alder,Plantae,49.27789924,-123.22436494,2024-04-28
211118599,Haliaeetus leucocephalus,Bald Eagle,Aves,49.0242611667,-123.0547583333,2024-04-28
211118859,Rubus spectabilis,Salmonberry,Plantae,49.2778698,-123.22435579,2024-04-28
211119540,Haliaeetus leucocephalus,Bald Eagle,Aves,49.1101,-123.1302861667,2024-04-28
211120312,Fucus distichus,Rockweed,Chromista,49.27813385,-123.22443436,2024-04-28
211120495,Dicentra formosa,Pacific Bleeding Heart,Plantae,49.1856383333,-122.8519216667,2024-04-28
211120911,Sambucus racemosa,red-berried elder,Plantae,49.2963256836,-123.1332931519,2024-04-28
211121177,Arion subfuscus,Western Dusky Slug,Mollusca,49.217628208,-122.9066237995,2024-04-28
211121390,Pinus contorta,lodgepole pine,Plantae,49.3767138889,-123.416775,2024-04-28
211121490,Ophyiulus,,Animalia,49.2176645436,-122.9067869951,2024-04-28
211121622,Eupithecia graefii,Graef’s Pug,Insecta,49.3968944444,-123.3607222222,2024-04-28
211121761,Melanolophia imitata,Western Carpet,Insecta,49.396875,-123.3607305556,2024-04-28
211121854,Chironomidae,Non-biting Midges,Insecta,49.2176185269,-122.9065337778,2024-04-28
211121914,Behrensia conchiformis,,Insecta,49.396875,-123.3607305556,2024-04-28
211122041,Dichodontium pellucidum,transparent fork-moss,Plantae,49.3761916667,-123.4174166667,2024-04-28
211122056,Dicentra formosa,Pacific Bleeding Heart,Plantae,49.1225585938,-122.5670700073,2024-04-28
211122153,Chironomidae,Non-biting Midges,Insecta,49.2176672258,-122.9065481109,2024-04-28
211122301,Animalia,Animals,Animalia,49.3761916667,-123.4174166667,2024-04-28
211122478,Adiantum aleuticum,western maidenhair fern,Plantae,49.3761916667,-123.4174166667,2024-04-28
211122506,Hedera helix,common ivy,Plantae,49.3167518406,-122.97241034,2024-04-28
211122587,Lasius,,Insecta,49.2175717916,-122.9063980244,2024-04-28
211122608,Rubus spectabilis,Salmonberry,Plantae,49.3761916667,-123.4174166667,2024-04-28
211122757,Montia parvifolia,Small-leaved Blinks,Plantae,49.3764638889,-123.4170166667,2024-04-28
211122761,Parthenocissus quinquefolia,Virginia creeper,Plantae,49.2216069997,-122.995834,2024-04-28
211122950,Bryophyta,Mosses,Plantae,49.2423694444,-123.14815,2024-04-28
211123023,Erythranthe alsinoides,wingstem monkeyflower,Plantae,49.3768694444,-123.4164333333,2024-04-28
211123162,Veronica officinalis,heath speedwell,Plantae,49.3767666667,-123.4164583333,2024-04-28
211123172,Phlyctis argena,Whitewash Lichen,Fungi,49.1224060059,-122.5672454834,2024-04-28
211123329,Geranium macrorrhizum,Rock Crane's-bill,Plantae,49.3751555556,-123.3489027778,2024-04-28
211123358,Lysichiton americanus,western skunk cabbage,Plantae,49.2176115485,-122.9056767727,2024-04-28
211123417,Boeremia hedericola,,Fungi,49.2174882403,-122.9062438378,2024-04-28
211123429,Adiantum aleuticum,western maidenhair fern,Plantae,49.3737888889,-123.3466666667,2024-04-28
211123465,Forficula dentata,Western Earwig,Insecta,49.2172051315,-122.9058540893,2024-04-28
211123558,Bryophyta,Mosses,Plantae,49.2423555556,-123.1481805556,2024-04-28
211123568,Cortinariaceae,,Fungi,49.3741916667,-123.3461638889,2024-04-28
211123665,Rhyparochromus vulgaris,bright-spotted groundbug,Insecta,49.2172054667,-122.9058533349,2024-04-28
211123735,Prunus laurocerasus,Cherry laurel,Plantae,49.2997436523,-123.1308288574,2024-04-28
211123774,Phlyctis argena,Whitewash Lichen,Fungi,49.1231994629,-122.5661010742,2024-04-28
211123791,Bryophyta,Mosses,Plantae,49.3737888889,-123.3466666667,2024-04-28
211123838,Sisymbrium,Hedgemustards,Plantae,49.14225088,-123.18134873,2024-04-28
211123840,Opiliones,Harvestmen,Arachnida,49.2171996832,-122.9058569391,2024-04-28
211124029,Pseudisothecium,,Plantae,49.3738861111,-123.3470111111,2024-04-28
211124098,Eupodidae,,Arachnida,49.2172046705,-122.9058809952,2024-04-28
211124136,Equisetum arvense,field horsetail,Plantae,49.14247697,-123.18149632,2024-04-28
211124186,Lamium galeobdolon,yellow archangel,Plantae,49.3166933349,-122.9725883716,2024-04-28
211124248,Aves,Birds,Aves,49.272075,-123.1400305556,2024-04-28
211124256,Polytrichastrum alpinum,Alpine Haircap Moss,Plantae,49.3737833333,-123.3487305556,2024-04-28
211124287,Lactuca,wild lettuces,Plantae,49.1426378,-123.18132956,2024-04-28
211124309,Lachnum virgineum,stalked hairy fairy cup,Fungi,49.2172017368,-122.9058751279,2024-04-28
211124451,Rhododendron macrophyllum,Pacific rhododendron,Plantae,49.2989807129,-123.1313781738,2024-04-28
211124475,Trametes ochracea,Ochre Bracket,Fungi,49.2161713914,-122.9044298363,2024-04-28
211124562,Ulmus minor,Field Elm,Plantae,49.2423775637,-123.1481002271,2024-04-28
211124565,Lichenomphalia ericetorum,Lichen Agaric,Fungi,49.3735694444,-123.3485361111,2024-04-28
211124596,Cladonia macilenta,Lipstick Powderhorn,Fungi,49.2751392099,-122.8831644913,2024-04-28
211124626,Hedera helix,common ivy,Plantae,49.14283784,-123.18121738,2024-04-28
211124636,Ulva intestinalis,Gutweed,Plantae,49.27808962,-123.22461438,2024-04-28
211124745,Pieris japonica,Japanese andromeda,Plantae,49.2997436523,-123.1307830811,2024-04-28
211124746,Bryophyta,Mosses,Plantae,49.3735861111,-123.3485222222,2024-04-28
211124772,Rheum rhabarbarum,Rhubarb,Plantae,49.14329077,-123.1814644,2024-04-28
211124826,Mytilus trossulus,Northern Bay Mussel,Mollusca,49.27805253,-123.22469093,2024-04-28
211124864,Fucus distichus,Rockweed,Chromista,49.27806859,-123.22461354,2024-04-28
211124899,Ozyptila praticola,Eurasian Leaflitter Crab Spider,Arachnida,49.2161390791,-122.9044818041,2024-04-28
211125002,Rhytidiadelphus loreus,Lanky Moss,Plantae,49.373975,-123.3487055556,2024-04-28
211125061,Lamium purpureum,red deadnettle,Plantae,49.14332773,-123.18151559,2024-04-28
211125171,Plagiomnium insigne,Badge Moss,Plantae,49.3739333333,-123.3482444444,2024-04-28
211125201,Galium aparine,catchweed bedstraw,Plantae,49.14341335,-123.18151413,2024-04-28
211125278,Polytrichastrum alpinum,Alpine Haircap Moss,Plantae,49.3735388889,-123.3486027778,2024-04-28
211125410,Poa pratensis,Smooth Meadow-grass,Plantae,49.14346048,-123.18149381,2024-04-28
211125447,Poduromorpha,Plump Springtails,Animalia,49.2163557291,-122.9038791573,2024-04-28
211125478,Bombus flavifrons,Yellow-fronted Bumble Bee,Insecta,49.2751812086,-122.8831859489,2024-04-26
211125639,Hyacinthoides non-scripta,bluebell,Plantae,49.14373669,-123.18145117,2024-04-28
211125710,Rubus spectabilis,Salmonberry,Plantae,49.25547765,-122.91000811,2024-04-28
211125820,Trifolium dubium,Lesser hop trefoil,Plantae,49.14381792,-123.18147077,2024-04-28
211125894,Narcissus,daffodils,Plantae,49.122467041,-122.5667953491,2024-04-28
211125926,Mollisia cinerea,common grey disco,Fungi,49.2161627735,-122.9044792061,2024-04-28
211125974,Pentidotea wosnesenskii,Rockweed isopod,Animalia,49.27808785,-123.22463938,2024-04-28
211125992,Veronica serpyllifolia,thyme-leaved speedwell,Plantae,49.14374115,-123.18147389,2024-04-28
211126281,Solanum dulcamara,bittersweet nightshade,Plantae,49.14425011,-123.18158523,2024-04-28
211126345,Prunus laurocerasus,Cherry laurel,Plantae,49.25554648,-122.90999568,2024-04-28
211126743,Bellis perennis,Lawn daisy,Plantae,49.14703496,-123.1814993,2024-04-28
211126891,Columba livia domestica,Feral Pigeon,Aves,49.14802179,-123.18134773,2024-04-28
211126988,Arion hortensis,Garden Arion,Mollusca,49.2717837691,-123.1355403228,2024-04-28
211127053,Homalothecium fulgescens,tree mat homalothecium moss,Plantae,49.14665324,-123.18108958,2024-04-28
211127144,Polydesmidae,,Animalia,49.216143312,-122.9045177625,2024-04-28
211127273,Fagus sylvatica,European beech,Plantae,49.242312116,-123.1471503899,2024-04-28
211127358,Imshaugia aleurites,Salted Starburst Lichen,Fungi,49.14660046,-123.18115124,2024-04-28
211127513,Didymodon,,Plantae,49.14647242,-123.18129567,2024-04-28
211127618,Candelaria pacifica,Pacific Candleflame Lichen,Fungi,49.14653258,-123.18116188,2024-04-28
211127669,Berberis aquifolium,Oregon grape,Plantae,49.2793366667,-122.9066916667,2024-04-28
211127708,Laburnum anagyroides,Common Laburnum,Plantae,49.2134961203,-123.036442232,2024-04-28
211127714,Metasequoia glyptostroboides,dawn redwood,Plantae,49.2967834473,-123.1313476563,2024-04-28
211127765,Isotomurus,,Animalia,49.2160897935,-122.9043677264,2024-04-28
211127960,Phlyctis argena,Whitewash Lichen,Fungi,49.14656398,-123.18115872,2024-04-28
211128200,Araneoidea,Orbweavers and Allies,Arachnida,49.2161021987,-122.9043622782,2024-04-28
211128258,Cardamine hirsuta,hairy bittercress,Plantae,49.14575327,-123.18115737,2024-04-28
211128292,Rubus spectabilis,Salmonberry,Plantae,49.2917347244,-123.0013789829,2024-04-28
211128450,Erodium cicutarium,Redstem Stork's-bill,Plantae,49.1457594,-123.18121942,2024-04-28
211128474,Camellia japonica,Japanese camellia,Plantae,49.2980041504,-123.1329345703,2024-04-28
211128543,Geum,avens,Plantae,49.2995702458,-123.0632238836,2024-04-28
211128747,Montia fontana,blinks,Plantae,49.14508619,-123.18099181,2024-04-28
211128771,Anas platyrhynchos,Mallard,Aves,49.3347849,-123.1060485997,2024-04-28
211129002,Prunus lusitanica,Portuguese laurel,Plantae,49.25520789,-122.90985132,2024-04-28
211129126,Dicentra formosa,Pacific Bleeding Heart,Plantae,49.3347751,-123.1062141,2024-04-28
211129130,Onygena,,Fungi,49.2161662365,-122.904253062,2024-04-28
211129247,Guepiniopsis alpina,alpine jelly cone,Fungi,49.14402724,-123.18164601,2024-04-28
211129587,Hydrangea quercifolia,oakleaf hydrangea,Plantae,49.2944335938,-123.1312026978,2024-04-28
211129603,Circinaria contorta,Chiseled Sunken Disk Lichen,Fungi,49.14279834,-123.18149394,2024-04-28
211129661,Sciurus carolinensis,Eastern Gray Squirrel,Mammalia,49.3345760997,-123.1064954997,2024-04-28
211129684,Agelaius phoeniceus,Red-winged Blackbird,Aves,49.2714361111,-123.1104916667,2024-04-28
211129702,Otiorhynchus singularis,Clay-coloured Weevil,Insecta,49.2159738718,-122.9042379745,2024-04-28
211129862,Echinops,Globe thistles,Plantae,49.2420779044,-123.1469887868,2024-04-28
211129931,Oniscus asellus,Common Shiny Woodlouse,Animalia,49.3341475,-123.1061921,2024-04-28
211130155,Lysimachia latifolia,Western Starflower,Plantae,49.0131972222,-122.6884083333,2024-04-28
211130366,Entomobrya,,Animalia,49.2160461657,-122.9042228033,2024-04-28
211130430,Euphorbia epithymoides,Cushion Spurge,Plantae,49.2421011067,-123.1469740346,2024-04-28
211130470,Glechoma hederacea,ground-ivy,Plantae,49.1222839355,-122.5664978027,2024-04-28
211130878,Entomobrya nivalis,Cosmopolitan Springtail,Animalia,49.21525838,-122.9032731772,2024-04-28
211130957,Hemigrapsus oregonensis,Yellow Shore Crab,Animalia,49.27809963,-123.22453455,2024-04-28
211131109,Sturnus vulgaris,European Starling,Aves,49.2142347973,-122.9055743238,2024-04-28
211131245,Calypte anna,Anna's Hummingbird,Aves,49.2142275861,-122.9055681826,2024-04-28
211131385,Steatoda,False Widow Spiders,Arachnida,49.3691402146,-122.6874613061,2024-04-28
211131391,Nebria brevicollis,European Gazelle Beetle,Insecta,49.2149245833,-122.9072941003,2024-04-28
211131631,Phytomyza ilicis,European Holly Leafminer,Insecta,49.25610984,-122.91024609,2024-04-28
211131937,Oligochaeta,Earthworms and Allies,Animalia,49.2149434006,-122.907378506,2024-04-28
211132010,Juglans regia,Persian walnut,Plantae,49.2407225196,-123.1541995704,2024-04-28
211132322,Pterygota,Winged and Once-winged Insects,Insecta,49.2152088555,-122.9075704516,2024-04-28
211132327,Tulipa,tulips,Plantae,49.268168821,-123.2578781807,2024-04-28
211132427,Rhododendron macrophyllum,Pacific rhododendron,Plantae,49.1222839355,-122.5655670166,2024-04-28
211132499,Maianthemum dilatatum,Western Lily of the Valley,Plantae,49.3343547997,-123.1066732,2024-04-28
211132531,Nematocera,Nematoceran Flies,Insecta,49.2313918929,-122.7228248614,2024-04-28
211132743,Trillium ovatum,Pacific trillium,Plantae,49.0133694444,-122.6882527778,2024-04-28
211132801,Rubus spectabilis,Salmonberry,Plantae,49.1220092773,-122.5655441284,2024-04-28
211132969,Scaphisoma,,Insecta,49.2155627814,-122.9087765237,2024-04-28
211133312,Lamium purpureum,red deadnettle,Plantae,49.3318668,-123.1077547997,2024-04-28
211133460,Sylvicola,,Insecta,49.225733037,-122.7851862159,2024-04-28
211133985,Geranium robertianum,Herb Robert,Plantae,49.3928425273,-123.0026333985,2024-04-28
211134147,Sequoiadendron giganteum,giant sequoia,Plantae,49.2976379395,-123.1315994263,2024-04-28
211134281,Trifolium pratense,Red Clover,Plantae,49.2407743979,-123.1521218643,2024-04-28
211134444,Sciurus carolinensis,Eastern Gray Squirrel,Mammalia,49.2156472709,-122.9088097998,2024-04-28
211134538,Aphididae,Aphids,Insecta,49.2168021296,-122.9100024608,2024-04-28
211134571,Hyacinthoides,Bluebells,Plantae,49.25687283,-122.91035556,2024-04-28
211134582,Rhododendron indicum,southern Indian azalea,Plantae,49.1219787598,-122.5654830933,2024-04-28
211134686,Lunaria annua,Annual Honesty,Plantae,49.2383861886,-123.1550203264,2024-04-28
211134960,Dacrymyces stillatus,Jelly Spot Fungus,Fungi,49.217067333,-122.9102213123,2024-04-28
211135053,Trifolium repens,white clover,Plantae,49.240820366,-123.1522968784,2024-04-28
211135081,Aphididae,Aphids,Insecta,49.2187354574,-122.9096226768,2024-04-28
211135274,Dionycha,Dionycha clade spiders,Arachnida,49.2187083333,-122.9096216667,2024-04-28
211135506,Hypericum,St. John's worts,Plantae,49.2718333333,-123.111425,2024-04-28
211135648,Tortula muralis,Wall Screw-moss,Plantae,49.14275373,-123.18132135,2024-04-28
211135888,Porella navicularis,Tree Ruffle Liverwort,Plantae,49.2187015946,-122.9094906618,2024-04-28
211135931,Hedera helix,common ivy,Plantae,49.3540507183,-123.128995201,2024-04-28
211136143,Mycetozoa,slime molds,Protozoa,49.2186132493,-122.9096090833,2024-04-28
211136367,Geum macrophyllum,Large-leaved Avens,Plantae,49.2714361111,-123.1104916667,2024-04-28
211136461,Porcellio scaber,Common Rough Woodlouse,Animalia,49.27803248,-123.22467318,2024-04-28
211136516,Lachnum virgineum,stalked hairy fairy cup,Fungi,49.2186580506,-122.9095618242,2024-04-28
211136866,Equisetum,,Plantae,49.3428229144,-123.0726352706,2024-04-28
211136882,Arion,Arion Slugs,Mollusca,49.2184689129,-122.9087887612,2024-04-28
211137112,Cytisus scoparius,Scotch Broom,Plantae,49.2676888889,-123.1155361111,2024-04-28
211137175,Andrena,Mining Bees,Insecta,49.2184916667,-122.908775,2024-04-28
211137966,Bombus mixtus,Fuzzy-Horned Bumble Bee,Insecta,49.2184333333,-122.9088133333,2024-04-28
211138007,Rubus spectabilis,Salmonberry,Plantae,49.27733303,-123.2247551,2024-04-28
211138195,Papaver cambricum,Welsh Poppy,Plantae,49.2936818916,-123.0350922802,2024-04-28
211138419,Prunus avium,wild cherry,Plantae,49.2184602796,-122.9090676272,2024-04-28
211138465,Lophodytes cucullatus,Hooded Merganser,Aves,49.334878,-123.1065780997,2024-04-28
211138631,Iris pseudacorus,Yellow Iris,Plantae,49.3349108997,-123.1065815997,2024-04-28
211138674,Haemorhous mexicanus,House Finch,Aves,49.3136163556,-122.9826353666,2024-04-28
211138689,Ilex aquifolium,European holly,Plantae,49.3345643997,-123.1063522997,2024-04-28
211138768,Bellis perennis,Lawn daisy,Plantae,49.25775648,-122.91034418,2024-04-28
211138937,Poecile atricapillus,Black-capped Chickadee,Aves,49.2202110915,-122.9098607228,2024-04-28
211139094,Polystichum munitum,western sword fern,Plantae,49.3345646,-123.1064094997,2024-04-28
211139662,Vaccinium parvifolium,Red Huckleberry,Plantae,49.3345646,-123.1064094997,2024-04-28
211139874,Lamium galeobdolon argentatum,Variegated Yellow Archangel,Plantae,49.3345646,-123.1064094997,2024-04-28
211140014,Fomitopsis mounceae,Northern Red Belt,Fungi,49.3346143997,-123.1061504,2024-04-28
211140248,Fungi,Fungi Including Lichens,Fungi,49.3346384997,-123.1062086997,2024-04-28
211140298,Lumbricus terrestris,Nightcrawler,Animalia,49.3346384997,-123.1062086997,2024-04-28
211140474,Corvus brachyrhynchos,American Crow,Aves,49.3454584158,-123.1993813811,2024-04-28
211140770,Prunus,"plums, cherries, and allies",Plantae,49.2199990187,-122.9833443888,2024-04-28
211141150,Passeriformes,Perching Birds,Aves,49.03706709,-123.09729441,2024-04-28
211142116,Taraxacum officinale,common dandelion,Plantae,49.0960888333,-123.0885166667,2024-04-28
211142260,Rubus spectabilis,Salmonberry,Plantae,49.0968971667,-123.0838555,2024-04-28
211142441,Prunus avium,wild cherry,Plantae,49.0967916667,-123.0838083333,2024-04-28
211142676,Acer pseudoplatanus,sycamore maple,Plantae,49.0967721667,-123.083725,2024-04-28
211142909,Acer pseudoplatanus,sycamore maple,Plantae,49.0967721667,-123.083725,2024-04-28
211143097,Salix scouleriana,Scouler's willow,Plantae,49.0967,-123.0836721667,2024-04-28
211143274,Rubus armeniacus,Armenian Blackberry,Plantae,49.0959471667,-123.08335,2024-04-28
211143291,Rubus spectabilis,Salmonberry,Plantae,49.3056543684,-122.859648429,2024-04-28
211144253,Tellima grandiflora,fringe cups,Plantae,49.27706637,-123.22491624,2024-04-28
211144906,Atrichum selwynii,Selwyn's Smoothcap,Plantae,49.27729779,-123.2250398,2024-04-28
211145250,Lithobius forficatus,Brown Centipede,Animalia,49.2559917352,-122.6865586187,2024-04-28
211146469,Aesculus hippocastanum,horse-chestnut,Plantae,49.27698908,-123.22541748,2024-04-28
211146554,Oxidus gracilis,Greenhouse Millipede,Animalia,49.1703449722,-122.807074,2024-04-28
211147787,Claopodium,claopodium mosses,Plantae,49.3343676,-123.1063618,2024-04-28
211148023,Pulvigera,,Plantae,49.3343355,-123.1063531,2024-04-28
211149039,Sambucus racemosa,red-berried elder,Plantae,49.27718303,-123.22632705,2024-04-28
211149177,Zonotrichia leucophrys,White-crowned Sparrow,Aves,49.2683388889,-123.1140388889,2024-04-28
211149279,Dicentra formosa,Pacific Bleeding Heart,Plantae,49.27719502,-123.22659161,2024-04-28
211149715,Athyrium filix-femina,lady fern,Plantae,49.27724238,-123.22669238,2024-04-28
211150006,Triglochin maritima,common arrowgrass,Plantae,49.0242305,-123.0538611667,2024-04-28
211150019,Polystichum munitum,western sword fern,Plantae,49.27719629,-123.2273655,2024-04-28
211150279,Athyrium filix-femina,lady fern,Plantae,49.27713662,-123.22714362,2024-04-28
211150388,Struthiopteris spicant,deer fern,Plantae,49.2769745,-123.22743679,2024-04-28
211150712,Marmara,,Insecta,49.0241083333,-123.05345,2024-04-28
211150857,Rubus,brambles,Plantae,49.1215033333,-123.1167233333,2024-04-28
211151017,Impatiens parviflora,small balsam,Plantae,49.27698834,-123.22772562,2024-04-28
211151132,Lysimachia latifolia,Western Starflower,Plantae,49.27722861,-123.22775242,2024-04-28
211151288,Lysimachia latifolia,Western Starflower,Plantae,49.27712869,-123.22767537,2024-04-28
211151582,Claytonia sibirica,Candy Flower,Plantae,49.2772071,-123.22763638,2024-04-28
211152011,Solidago lepida,Elegant Goldenrod,Plantae,49.0240471667,-123.0529805,2024-04-28
211152019,Evernia prunastri,Oakmoss,Fungi,49.27723103,-123.22766619,2024-04-28
211152158,Claytonia sibirica,Candy Flower,Plantae,49.3440466,-123.1224752,2024-04-28
211152374,Branta hutchinsii,Cackling Goose,Aves,49.2941538105,-123.1395271328,2024-04-28
211152459,Taraxacum officinale,common dandelion,Plantae,49.0239555,-123.0517916667,2024-04-28
211152600,Polypodium glycyrrhiza,licorice fern,Plantae,49.27725874,-123.2276975,2024-04-28
211152680,Claytonia sibirica,Candy Flower,Plantae,49.27725439,-123.22769096,2024-04-28
211152842,Dicentra formosa,Pacific Bleeding Heart,Plantae,49.27742698,-123.22788479,2024-04-28
211153687,Xanthocephalus xanthocephalus,Yellow-headed Blackbird,Aves,49.217823768,-123.2026747987,2024-04-28
211154251,Agelaius phoeniceus,Red-winged Blackbird,Aves,49.2179356755,-123.2037946209,2024-04-28
211155040,Stelgidopteryx serripennis,Northern Rough-winged Swallow,Aves,49.216842869,-123.2049171254,2024-04-28
211155247,Ceratodon purpureus,Redshank,Plantae,49.0232555,-123.0503305,2024-04-28
211155704,Dryopteris expansa,spreading wood fern,Plantae,49.27757996,-123.22882092,2024-04-28
211156019,Berberis nervosa,Cascade Oregon-grape,Plantae,49.27763797,-123.22945024,2024-04-28
211156268,Schizophyllum commune,splitgill mushroom,Fungi,49.0207528333,-123.0440055,2024-04-28
211157369,Thuja plicata,western redcedar,Plantae,49.27750169,-123.22930887,2024-04-28
211157919,Maianthemum dilatatum,Western Lily of the Valley,Plantae,49.27744745,-123.22938038,2024-04-28
211158188,Balanus crenatus,Wrinkled Barnacle,Animalia,49.0213305,-123.0445361667,2024-04-28
211159088,Desmarestia viridis,stringy acid kelp,Chromista,49.021575,-123.0448471667,2024-04-28
211159660,Pteridium aquilinum,common bracken,Plantae,49.2775227,-123.22988811,2024-04-28
211159760,Mya arenaria,Soft-shelled Clam,Mollusca,49.0214528333,-123.0448,2024-04-28
211160368,Nuttallia obscurata,Purple Mahogany Clam,Mollusca,49.0214833333,-123.0447666667,2024-04-28
211160380,Equisetum telmateia,great horsetail,Plantae,49.27739236,-123.230554,2024-04-28
211160647,Adiantum aleuticum,western maidenhair fern,Plantae,49.2773707,-123.23067436,2024-04-28
211161123,Ranunculus repens,Creeping buttercup,Plantae,49.27734615,-123.23097466,2024-04-28
211161777,Lupinus polyphyllus,Large-leaved lupine,Plantae,49.2492715597,-123.0443312614,2024-04-28
211162016,Achillea millefolium,common yarrow,Plantae,49.2492662206,-123.0443603408,2024-04-28
211162043,Ribes bracteosum,Stink Currant,Plantae,49.27713688,-123.23089751,2024-04-28
211162359,Adiantum aleuticum,western maidenhair fern,Plantae,49.2757619,-123.239055,2024-04-28
211162373,Sorbus aucuparia,European mountain ash,Plantae,49.2492091219,-123.0443036485,2024-04-28
211162725,Ranunculus repens,Creeping buttercup,Plantae,49.2492529209,-123.0441785634,2024-04-28
211162969,Symphytum officinale,common comfrey,Plantae,49.2491729588,-123.0443100367,2024-04-28
211163302,Plantago major,greater plantain,Plantae,49.2492942799,-123.0442768803,2024-04-28
211163661,Rumex obtusifolius,broad-leaved dock,Plantae,49.2493396661,-123.0443000228,2024-04-28
211164204,Pinopsida,conifers,Plantae,49.2684116667,-123.1352533333,2024-04-28
211164400,Ribes sanguineum,Red-flowering Currant,Plantae,49.249369269,-123.0442965376,2024-04-28
211164745,Sambucus racemosa,red-berried elder,Plantae,49.2492732494,-123.0442424312,2024-04-28
211165069,Thuja plicata,western redcedar,Plantae,49.2493939597,-123.0441951139,2024-04-28
211165426,Berberis aquifolium,Oregon grape,Plantae,49.249143366,-123.0442079185,2024-04-28
211165513,Molothrus ater,Brown-headed Cowbird,Aves,49.2431265997,-122.9353296997,2024-04-28
211165687,Rubus parviflorus,thimbleberry,Plantae,49.2492499655,-123.044286317,2024-04-28
211166612,Sorbus aucuparia,European mountain ash,Plantae,49.2492320199,-123.0441694651,2024-04-28
211166758,Populus trichocarpa,black cottonwood,Plantae,49.27889307,-123.23033176,2024-04-28
211166760,Brassicaceae,mustard family,Plantae,49.2493374147,-123.0442691488,2024-04-28
211166782,Tanacetum vulgare,tansy,Plantae,49.27893966,-123.23050197,2024-04-28
211166873,Tanacetum vulgare,tansy,Plantae,49.27888103,-123.23026993,2024-04-28
211166935,Symphytum officinale,common comfrey,Plantae,49.2492597125,-123.044150662,2024-04-28
211167078,Plantago major,greater plantain,Plantae,49.27885483,-123.23013981,2024-04-28
211167274,Rumex obtusifolius,broad-leaved dock,Plantae,49.2493159059,-123.0442521875,2024-04-28
211167689,Rubus,brambles,Plantae,49.2492939302,-123.0442634453,2024-04-28
211167731,Rubus spectabilis,Salmonberry,Plantae,49.3006424513,-123.1557839179,2024-04-28
211168036,Rubus,brambles,Plantae,49.2493149759,-123.0444286158,2024-04-28
211168080,Trifolium pratense,Red Clover,Plantae,49.27874224,-123.22955963,2024-04-28
211168279,Aegopodium podagraria,Goutweed,Plantae,49.2492929484,-123.0442471218,2024-04-28
211168379,Pulmonaria officinalis,Lungwort,Plantae,49.2322380431,-123.1557485461,2024-04-28
211168514,Tanacetum vulgare,tansy,Plantae,49.2787325,-123.2290759,2024-04-28
211168627,Hohenbuehelia petaloides,Shoehorn Oyster,Fungi,49.2606012685,-123.2459938154,2024-04-28
211168646,Trifolium,,Plantae,49.27873712,-123.22891577,2024-04-28
211169728,Pipilo maculatus,Spotted Towhee,Aves,49.2606012685,-123.2459938154,2024-04-28
211169794,Crataegus monogyna,common hawthorn,Plantae,49.2377765309,-123.1550511718,2024-04-28
211170447,Sisymbrium officinale,Hedge mustard,Plantae,49.2329305556,-123.1552777778,2024-04-28
211171131,Euphorbia myrsinites,Donkey Tail,Plantae,49.2381232815,-123.1599103287,2024-04-27
211172236,Rhododendron simsii,Red Azalea,Plantae,49.2369111111,-123.1613027778,2024-04-27
211172464,Magallana gigas,Pacific Oyster,Mollusca,49.27883565,-123.22733476,2024-04-28
211173124,Begonia,Begonias,Plantae,49.2380512609,-123.1605312601,2024-04-27
211173712,Bombus vosnesenskii,Yellow-faced Bumble Bee,Insecta,49.3022123966,-123.1596433845,2024-04-28
211174687,Lepra,Fluff-wart lichens,Fungi,49.2361833333,-123.1611444444,2024-04-27
211176473,Epimedium alpinum,Alpine Barrenwort,Plantae,49.2347361111,-123.1610222222,2024-04-27
211176667,Araneus diadematus,Cross Orbweaver,Arachnida,49.1442109722,-123.192929,2024-04-28
211177130,Cerastium glomeratum,Sticky mouse-ear chickweed,Plantae,49.2389305556,-123.1624416667,2024-04-27
211177205,Parmelia sulcata,Netted shield lichen,Fungi,49.1745317,-123.1298582997,2024-04-28
211177234,Hemigrapsus oregonensis,Yellow Shore Crab,Animalia,49.27893657,-123.22742387,2024-04-28
211177472,Carpinus japonica,Japanese hornbeam,Plantae,49.2389844557,-123.1624852493,2024-04-27
211177649,Candelaria pacifica,Pacific Candleflame Lichen,Fungi,49.174539,-123.12936,2024-04-28
211177917,Hyacinthoides non-scripta,bluebell,Plantae,49.2381,-123.1613861111,2024-04-27
211177964,Hypochaeris radicata,Common Cat's-ear,Plantae,49.1745666997,-123.1289907,2024-04-28
211178514,Cornus florida,flowering dogwood,Plantae,49.2328055556,-123.1589666667,2024-04-27
211178718,Hemigrapsus oregonensis,Yellow Shore Crab,Animalia,49.27886581,-123.22765739,2024-04-28
211178815,Chamaenerion angustifolium,fireweed,Plantae,49.1739456997,-123.1240755997,2024-04-28
211178820,Oreoscoptes montanus,Sage Thrasher,Aves,49.3265034247,-123.1525992262,2024-04-28
211179258,Hemigrapsus oregonensis,Yellow Shore Crab,Animalia,49.27890262,-123.22763491,2024-04-28
211179562,Mycelis muralis,Wall Lettuce,Plantae,49.1745585,-123.1285081997,2024-04-28
211179688,Hemigrapsus oregonensis,Yellow Shore Crab,Animalia,49.27890779,-123.22765408,2024-04-28
211180032,Escallonia rubra,redclaws,Plantae,49.2339361111,-123.1599472222,2024-04-27
211180236,Anthoxanthum odoratum,sweet vernal grass,Plantae,49.1739299722,-123.124035,2024-04-28
211180438,Metacarcinus magister,Dungeness Crab,Animalia,49.021575,-123.0446583333,2024-04-28
211180816,Polygonatum multiflorum,Solomon's-seal,Plantae,49.2339361111,-123.1599472222,2024-04-27
211180949,Sargassum muticum,Japanese Wireweed,Chromista,49.0214528333,-123.0448111667,2024-04-28
211181142,Sonchus asper,prickly sowthistle,Plantae,49.1743852,-123.1237323997,2024-04-28
211181617,Aquilegia vulgaris,common columbine,Plantae,49.2398444444,-123.1602694444,2024-04-27
211181619,Populus trichocarpa,black cottonwood,Plantae,49.27859387,-123.22767985,2024-04-28
211181830,Hypochaeris radicata,Common Cat's-ear,Plantae,49.1750386,-123.1237093997,2024-04-28
211181926,Dacrymyces stillatus,Jelly Spot Fungus,Fungi,49.0220028333,-123.0465611667,2024-04-28
211182018,Malus domestica,apple,Plantae,49.27861175,-123.22752669,2024-04-28
211182181,Euphorbia cyparissias,cypress spurge,Plantae,49.2363330243,-123.1612182409,2024-04-27
211182258,Senecio vulgaris,common groundsel,Plantae,49.1751989722,-123.123716,2024-04-28
211182317,Hedera helix,common ivy,Plantae,49.27836389,-123.22723503,2024-04-28
211182418,Cladonia,pixie cup and reindeer lichens,Fungi,49.02211,-123.04673,2024-04-28
211182627,Azolla filiculoides,water fern,Plantae,49.1745159722,-123.1234699722,2024-04-28
211182874,Grindelia integrifolia,Puget sound gumweed,Plantae,49.27826611,-123.22695368,2024-04-28
211183033,Cytisus scoparius,Scotch Broom,Plantae,49.27821735,-123.22693991,2024-04-28
211183158,Trametes versicolor,turkey-tail,Fungi,49.3441166667,-123.0879528333,2024-04-28
211183214,Acer,maples,Plantae,49.2503450694,-122.8615015141,2024-04-28
211183257,Galium odoratum,Sweet Woodruff,Plantae,49.2385221292,-123.1611019,2024-04-27
211184017,Asteroideae,,Plantae,49.0220333333,-123.0466361667,2024-04-28
211184371,Oxalis corniculata,Creeping Woodsorrel,Plantae,49.1744979997,-123.1234816997,2024-04-28
211184450,Ariolimax columbianus,Pacific Banana Slug,Mollusca,49.346705,-123.0859083333,2024-04-28
211184691,Festuca,Fescues,Plantae,49.0220333333,-123.0465721667,2024-04-28
211184733,Armadillidium vulgare,Common Pill Woodlouse,Animalia,49.174458,-123.1234749722,2024-04-28
211185059,Maianthemum dilatatum,Western Lily of the Valley,Plantae,49.3461833333,-123.0865638333,2024-04-28
211185132,Distichlis spicata,Saltgrass,Plantae,49.023159,-123.047834,2024-04-28
211185618,Morchella importuna,Landscaping Black Morel,Fungi,49.3464283333,-123.0816945,2024-04-28
211185689,Aphidinae,,Insecta,49.174472,-123.1233809722,2024-04-28
211185802,Salicornia pacifica,Pacific Glasswort,Plantae,49.022491,-123.047215,2024-04-28
211186116,Platismatia,,Fungi,49.34708,-123.0863195,2024-04-28
211186264,Lysichiton americanus,western skunk cabbage,Plantae,49.3040866667,-123.143975,2024-04-28
211187107,Botrytis cinerea,grey fruit mould,Fungi,49.1744844997,-123.1233634,2024-04-28
211188019,Parasteatoda tepidariorum,Common House Spider,Arachnida,49.1744839722,-123.1233529722,2024-04-28
211188395,Prunus laurocerasus,Cherry laurel,Plantae,49.2492759588,-123.0441463987,2024-04-28
211188630,Acer circinatum,Vine Maple,Plantae,49.2491901179,-123.0441076914,2024-04-28
211188865,Otiorhynchus sulcatus,Black Vine Weevil,Insecta,49.174483,-123.1233589722,2024-04-28
211189239,Asparagus officinalis,wild asparagus,Plantae,49.0222166667,-123.0471916667,2024-04-28
211189292,Sambucus racemosa,red-berried elder,Plantae,49.2492110692,-123.0442062314,2024-04-28
211189664,Sylvicola,,Insecta,49.174469,-123.1233569722,2024-04-28
211190550,Parasteatoda tepidariorum,Common House Spider,Arachnida,49.1745289722,-123.1233339722,2024-04-28
211191032,Bombus,Bumble Bees,Insecta,49.3138578589,-122.978412162,2024-04-28
211191269,Parasteatoda tepidariorum,Common House Spider,Arachnida,49.17454,-123.123339,2024-04-28
211191273,Astur cooperii,Cooper's Hawk,Aves,49.1453837983,-123.1539900978,2024-04-28
211192143,Melospiza melodia,Song Sparrow,Aves,49.3043682318,-123.1375656284,2024-04-28
211192147,Agelaius phoeniceus,Red-winged Blackbird,Aves,49.3035904299,-123.1387538151,2024-04-28
211192148,Certhia americana,Brown Creeper,Aves,49.3373324195,-123.2616960868,2024-04-28
211192158,Pipilo maculatus,Spotted Towhee,Aves,49.3334074119,-123.262304777,2024-04-28
211192163,Columba livia domestica,Feral Pigeon,Aves,49.2903735788,-123.1378312416,2024-04-28
211192164,Mareca americana,American Wigeon,Aves,49.294778582,-123.1387666131,2024-04-28
211192177,Bucephala albeola,Bufflehead,Aves,49.2957118612,-123.137873618,2024-04-28
211192178,Aythya affinis,Lesser Scaup,Aves,49.2952797972,-123.1380229066,2024-04-28
211192181,Aythya affinis,Lesser Scaup,Aves,49.2955643782,-123.1377533176,2024-04-28
211192190,Ardea herodias,Great Blue Heron,Aves,49.2963398228,-123.1369884685,2024-04-28
211192191,Hirundo rustica,Barn Swallow,Aves,49.2967001629,-123.1381645511,2024-04-28
211192193,Tachycineta bicolor,Tree Swallow,Aves,49.2964426269,-123.1382146967,2024-04-28
211192203,Sciurus carolinensis,Eastern Gray Squirrel,Mammalia,49.2999153211,-123.1396673355,2024-04-28
211192217,Melospiza melodia,Song Sparrow,Aves,49.30271226,-123.13936264,2024-04-28
211192231,Troglodytes pacificus,Pacific Wren,Aves,49.3055584536,-123.1436299322,2024-04-28
211192242,Setophaga townsendi,Townsend's Warbler,Aves,49.30651877,-123.14282522,2024-04-28
211192252,Aix sponsa,Wood Duck,Aves,49.3048026518,-123.1380039276,2024-04-28
211192266,Nuphar polysepala,western yellow pond-lily,Plantae,49.3048605741,-123.1384815699,2024-04-28
211192281,Branta canadensis,Canada Goose,Aves,49.3046759236,-123.1383749936,2024-04-28
211192290,Turdus migratorius,American Robin,Aves,49.3031726172,-123.1392369827,2024-04-28
211192301,Calypte anna,Anna's Hummingbird,Aves,49.3030764331,-123.139462146,2024-04-28
211192585,Pinus contorta,lodgepole pine,Plantae,49.1705077,-123.1161527997,2024-04-28
211192961,Rubus,brambles,Plantae,49.2492418088,-123.0442519572,2024-04-28
211193189,Rubus,brambles,Plantae,49.3040887963,-123.0029210932,2024-04-27
211193640,Pteridium aquilinum,common bracken,Plantae,49.1704326997,-123.1162118997,2024-04-28
211193674,Trifolium,clovers,Plantae,49.3040715299,-123.0032059461,2024-04-27
211193741,Plantago maritima,Sea Plantain,Plantae,49.0222166667,-123.0469555,2024-04-28
211193906,Vicia,Vetches,Plantae,49.3041590847,-123.0031178952,2024-04-27
211194484,Polytrichum commune,Common Haircap Moss,Plantae,49.1731523997,-123.1144953,2024-04-28
211194995,Kalmia microphylla,Western Bog Laurel,Plantae,49.1731557,-123.1145707,2024-04-28
211195387,Entomobryomorpha,Elongate Springtails,Animalia,49.303830445,-123.1422391373,2024-04-28
211195390,Oniscus asellus,Common Shiny Woodlouse,Animalia,49.3038026065,-123.142271015,2024-04-28
211195391,Ariolimax columbianus,Pacific Banana Slug,Mollusca,49.3036959893,-123.1423284006,2024-04-28
211195393,Arion ater,Black Slug,Mollusca,49.303705033,-123.1423606175,2024-04-28
211195397,Lysichiton americanus,western skunk cabbage,Plantae,49.3039831749,-123.143075872,2024-04-28
211195398,Leucolepis acanthoneura,Menzies' Tree Moss,Plantae,49.3038427037,-123.1427695654,2024-04-28
211195406,Sambucus racemosa,red-berried elder,Plantae,49.3039814598,-123.143246894,2024-04-28
211195410,Equisetum telmateia braunii,Braun's Giant Horsetail,Plantae,49.3040608695,-123.1433111636,2024-04-28
211195419,Cornus,dogwoods,Plantae,49.2944503001,-123.13746899,2024-04-28
211195426,Magnoliopsida,Dicots,Plantae,49.29474767,-123.1372888,2024-04-28
211195444,Equisetum telmateia braunii,Braun's Giant Horsetail,Plantae,49.2948483901,-123.13719459,2024-04-28
211195454,Berberis aquifolium,Oregon grape,Plantae,49.29492478,-123.13717505,2024-04-28
211195463,Equisetum arvense,field horsetail,Plantae,49.29498297,-123.13716483,2024-04-28
211195466,Holodiscus discolor,Ocean spray,Plantae,49.29516674,-123.13707762,2024-04-28
211195474,Ribes sanguineum,Red-flowering Currant,Plantae,49.29531225,-123.13698424,2024-04-28
211195484,Rosa,roses,Plantae,49.2954614899,-123.13690706,2024-04-28
211195492,Persicarieae,,Plantae,49.29551668,-123.13688989,2024-04-28
211195503,Equisetum telmateia braunii,Braun's Giant Horsetail,Plantae,49.29585971,-123.13666789,2024-04-28
211195515,Lonicera involucrata,twinberry honeysuckle,Plantae,49.2962588101,-123.13671738,2024-04-28
211195528,Faboideae,,Plantae,49.2969418301,-123.13712662,2024-04-28
211195540,Poa,Meadow-grasses,Plantae,49.2974432601,-123.1366026101,2024-04-28
211195551,Lepidium,Pepperweeds,Plantae,49.2974657822,-123.1364805261,2024-04-28
211195565,Polytrichopsida,aloe-mosses,Plantae,49.2990743146,-123.1380455911,2024-04-28
211195576,Athyrium filix-femina,lady fern,Plantae,49.2991349787,-123.1382083545,2024-04-28
211195577,Pteridium aquilinum,common bracken,Plantae,49.299256093,-123.138901628,2024-04-28
211195578,Rubus spectabilis,Salmonberry,Plantae,49.2992450866,-123.1386785214,2024-04-28
211195589,Oniscus asellus,Common Shiny Woodlouse,Animalia,49.2993710992,-123.139150389,2024-04-28
211195590,Cylindroiulus punctatus,Blunt-tailed Snake Millipede,Animalia,49.2993659906,-123.1391406797,2024-04-28
211195594,Arion ater,Black Slug,Mollusca,49.30188753,-123.13994733,2024-04-28
211195602,Nebria brevicollis,European Gazelle Beetle,Insecta,49.30183951,-123.14008282,2024-04-28
211195603,Athyrium filix-femina,lady fern,Plantae,49.3021501,-123.14023249,2024-04-28
211195607,Sambucus racemosa,red-berried elder,Plantae,49.30219411,-123.14003037,2024-04-28
211195612,Claytonia sibirica,Candy Flower,Plantae,49.30229597,-123.13982997,2024-04-28
211195615,Maianthemum dilatatum,Western Lily of the Valley,Plantae,49.30246463,-123.13968863,2024-04-28
211195626,Athyrium filix-femina,lady fern,Plantae,49.30255518,-123.1396043,2024-04-28
211195633,Equisetum telmateia braunii,Braun's Giant Horsetail,Plantae,49.30273123,-123.13931289,2024-04-28
211195636,Sphagnum,Sphagnum mosses,Plantae,49.1731587,-123.1146944997,2024-04-28
211195645,Lysichiton americanus,western skunk cabbage,Plantae,49.30303376,-123.14064923,2024-04-28
211195662,Cladonia squamosa,Dragon Horn,Fungi,49.30304898,-123.14087914,2024-04-28
211195670,Rosales,"Roses, Elms, Figs, and Allies",Plantae,49.3031770092,-123.1416311702,2024-04-28
211195675,Lysichiton americanus,western skunk cabbage,Plantae,49.303248224,-123.1418303759,2024-04-28
211195683,Rubus spectabilis,Salmonberry,Plantae,49.3034250536,-123.1420732617,2024-04-28
211195693,Athyrium filix-femina,lady fern,Plantae,49.3036233488,-123.1420196377,2024-04-28
211195694,Amygdaloideae,,Plantae,49.3036803483,-123.1420131851,2024-04-28
211195697,Arion,ater-group Arion Slugs,Mollusca,49.303740925,-123.1421870549,2024-04-28
211196278,Xanthoparmelia cumberlandia,Cumberland Rock Shield,Fungi,49.0229195,-123.047725,2024-04-28
211196482,Vaccinium macrocarpon,American Cranberry,Plantae,49.1731601997,-123.1155530997,2024-04-28
211196555,Lumbricidae,Lumbricid Earthworms,Animalia,49.3346384997,-123.1062086997,2024-04-28
211196612,Apis mellifera,Western Honey Bee,Insecta,49.3211022997,-123.1014818997,2024-04-28
211197196,Sphagnum capillifolium,Northern Peatmoss,Plantae,49.1731766997,-123.1153685,2024-04-28
211197637,Porpidia flavicunda,Orange Boulder Lichen,Fungi,49.0222166667,-123.0472195,2024-04-28
211197864,Cladonia portentosa,Reindeer Lichen,Fungi,49.1731868,-123.1150898,2024-04-28
211197888,Agelaius phoeniceus,Red-winged Blackbird,Aves,49.2551208902,-123.0608795523,2024-04-28
211198308,Sphagnum,Sphagnum mosses,Plantae,49.1731991997,-123.1148048997,2024-04-28
211198431,Lonicera involucrata,twinberry honeysuckle,Plantae,49.2436979183,-122.9331313167,2024-04-27
211198433,Cardamine flexuosa,wavy bittercress,Plantae,49.244032865,-122.9329390967,2024-04-27
211198434,Aesculus hippocastanum,horse-chestnut,Plantae,49.2440456717,-122.9328317767,2024-04-27
211198821,Hymenoloma crispulum,mountain pincushion,Plantae,49.0222471667,-123.0472333333,2024-04-28
211198958,Dicranum tauricum,Fragile Fork-moss,Plantae,49.173191,-123.1147899722,2024-04-28
211199327,Rubus spectabilis,Salmonberry,Plantae,49.1815508764,-122.6245990256,2024-04-27
211199344,Trifolium pratense,Red Clover,Plantae,49.1706146,-123.1143471,2024-04-28
211199894,Taraxacum officinale,common dandelion,Plantae,49.2440590867,-122.9328061283,2024-04-27
211199896,Acer circinatum,Vine Maple,Plantae,49.2441907567,-122.9324466867,2024-04-27
211199898,Maianthemum dilatatum,Western Lily of the Valley,Plantae,49.2443676233,-122.9322481233,2024-04-27
211199982,Vicia sativa,Common Vetch,Plantae,49.1705286997,-123.1144323997,2024-04-28
211200119,Rhiscosomides meineri,,Animalia,49.3066042981,-123.1422611863,2024-04-28
211200121,Tsuga heterophylla,western hemlock,Plantae,49.3066003624,-123.1423401658,2024-04-28
211200123,Oniscus asellus,Common Shiny Woodlouse,Animalia,49.3064605119,-123.1423552826,2024-04-28
211200127,Polyxenus,,Animalia,49.306521134,-123.142259928,2024-04-28
211200131,Trichoniscus,,Animalia,49.3065008799,-123.1422514754,2024-04-28
211200132,Oniscus asellus,Common Shiny Woodlouse,Animalia,49.3065097723,-123.1422014804,2024-04-28
211200143,Tiarella trifoliata,Threeleaf Foamflower,Plantae,49.3043647433,-123.1433750113,2024-04-28
211200151,Struthiopteris spicant,deer fern,Plantae,49.3044097925,-123.1435348296,2024-04-28
211200161,Cornus,dogwoods,Plantae,49.3047963319,-123.1438049069,2024-04-28
211200171,Lumbricidae,Lumbricid Earthworms,Animalia,49.3052257179,-123.1438797703,2024-04-28
211200185,Oniscus asellus,Common Shiny Woodlouse,Animalia,49.305258881,-123.1439404861,2024-04-28
211200205,Cylindroiulus punctatus,Blunt-tailed Snake Millipede,Animalia,49.3051752784,-123.1438214663,2024-04-28
211200216,Gaultheria shallon,salal,Plantae,49.305295118,-123.1438167782,2024-04-28
211200226,Pteridium aquilinum,common bracken,Plantae,49.3054606805,-123.1439108468,2024-04-28
211200238,Mycelis muralis,Wall Lettuce,Plantae,49.30559706,-123.1439482001,2024-04-28
211200251,Hiemales,,Plantae,49.3057025,-123.1438415199,2024-04-28
211200263,Polystichum munitum,western sword fern,Plantae,49.3056639899,-123.14365257,2024-04-28
211200279,Vaccinium,"blueberries, cranberries, and allies",Plantae,49.30565024,-123.14355558,2024-04-28
211200288,Anas platyrhynchos,Mallard,Aves,49.256374234,-123.0607171098,2024-04-28
211200297,Sorbus,Rowans and Mountain Ashes,Plantae,49.30563374,-123.14354464,2024-04-28
211200312,Rubus spectabilis,Salmonberry,Plantae,49.30561699,-123.14342935,2024-04-28
211200327,Tsuga heterophylla,western hemlock,Plantae,49.30561699,-123.14342935,2024-04-28
211200337,Ilex aquifolium,European holly,Plantae,49.30561699,-123.14342935,2024-04-28
211200354,Dryopteris expansa,spreading wood fern,Plantae,49.30561699,-123.14342935,2024-04-28
211200369,Hypnum circinale,Coiled-leaf claw-moss,Plantae,49.30561699,-123.14342935,2024-04-28
211200378,Rubus,blackberries,Plantae,49.30561699,-123.14342935,2024-04-28
211200392,Tsuga heterophylla,western hemlock,Plantae,49.3056280661,-123.1435107321,2024-04-28
211200402,Rubus spectabilis,Salmonberry,Plantae,49.30591628,-123.1435739899,2024-04-28
211200418,Struthiopteris spicant,deer fern,Plantae,49.30608051,-123.14362672,2024-04-28
211200430,Ariolimax columbianus,Pacific Banana Slug,Mollusca,49.30610674,-123.14361644,2024-04-28
211200436,Maianthemum dilatatum,Western Lily of the Valley,Plantae,49.3061126,-123.1435840899,2024-04-28
211200447,Athyrium filix-femina,lady fern,Plantae,49.30623439,-123.14357428,2024-04-28
211200460,Tellima grandiflora,fringe cups,Plantae,49.30644031,-123.1433868601,2024-04-28
211200468,Oniscus asellus,Common Shiny Woodlouse,Animalia,49.30640517,-123.14361575,2024-04-28
211200476,Orchesella cincta,Belted Springtail,Animalia,49.30634548,-123.1436042,2024-04-28
211200479,Magnoliopsida,Dicots,Plantae,49.30637323,-123.1434527601,2024-04-28
211200482,Equisetum arvense,field horsetail,Plantae,49.3064229223,-123.1431304501,2024-04-28
211200487,Impatiens parviflora,small balsam,Plantae,49.3064412937,-123.1431116963,2024-04-28
211200489,Brachytheciaceae,,Plantae,49.30648394,-123.14300955,2024-04-28
211200495,Impatiens parviflora,small balsam,Plantae,49.3064511075,-123.1430052425,2024-04-28
211200500,Plagiomnium insigne,Badge Moss,Plantae,49.3064714205,-123.1430150975,2024-04-28
211200501,Tellima grandiflora,fringe cups,Plantae,49.3064985045,-123.1430282376,2024-04-28
211200506,Athyrium filix-femina,lady fern,Plantae,49.30646012,-123.14288919,2024-04-28
211200525,Leucolepis acanthoneura,Menzies' Tree Moss,Plantae,49.3064462353,-123.1428530667,2024-04-28
211200542,Tiarella trifoliata,Threeleaf Foamflower,Plantae,49.3064429393,-123.1428294167,2024-04-28
211200549,Mycelis muralis,Wall Lettuce,Plantae,49.3064418407,-123.1428215334,2024-04-28
211200557,Athyrium filix-femina,lady fern,Plantae,49.3065960748,-123.1425874656,2024-04-28
211200568,Geranium robertianum,Herb Robert,Plantae,49.3066796261,-123.1425737557,2024-04-28
211200579,Rubus parviflorus,thimbleberry,Plantae,49.3066145637,-123.1425226803,2024-04-28
211200588,Vaccinium,"blueberries, cranberries, and allies",Plantae,49.3065435569,-123.1423516811,2024-04-28
211200595,Geophilomorpha,Soil Centipedes,Animalia,49.3065583137,-123.142302931,2024-04-28
211200917,Agrocybe praecox,Spring Fieldcap,Fungi,49.1705386,-123.1144402997,2024-04-28
211201209,Dicentra formosa,Pacific Bleeding Heart,Plantae,49.0012034363,-122.7481911947,2024-04-27
211201509,Spiraea douglasii,Rose Spirea,Plantae,49.2444049667,-122.931872355,2024-04-27
211201510,Maianthemum dilatatum,Western Lily of the Valley,Plantae,49.244448235,-122.93069633,2024-04-27
211201512,Rubus spectabilis,Salmonberry,Plantae,49.2444392067,-122.93067727,2024-04-27
211201520,Ilex aquifolium,European holly,Plantae,49.24443563,-122.9306769283,2024-04-27
211201525,Rhytidiadelphus loreus,Lanky Moss,Plantae,49.2443292217,-122.93027131,2024-04-27
211202009,Maianthemum dilatatum,Western Lily of the Valley,Plantae,49.1994765344,-122.7998890725,2024-04-27
211203145,Sorbus aucuparia,European mountain ash,Plantae,49.244883685,-122.92961536,2024-04-27
211203146,Acer circinatum,Vine Maple,Plantae,49.2442572633,-122.9301169017,2024-04-27
211203316,Lamium galeobdolon,yellow archangel,Plantae,49.0498193,-123.0464704,2024-04-28
211203499,Geraniaceae,Geranium family,Plantae,49.0495408,-123.0464319,2024-04-28
211203639,Lepidium campestre,field peppergrass,Plantae,49.0224611667,-123.0482805,2024-04-28
211203708,Angelica,angelicas,Plantae,49.0495677997,-123.0463962,2024-04-28
211203933,Poaceae,Grasses,Plantae,49.0495677997,-123.0463962,2024-04-28
211204100,Tanacetum vulgare,tansy,Plantae,49.0495677997,-123.0463962,2024-04-28
211204270,Claytonia perfoliata,miner's lettuce,Plantae,49.0230111667,-123.0497111667,2024-04-28
211204309,Solidago,goldenrods,Plantae,49.0497115,-123.0463812997,2024-04-28
211204464,Hyacinthoides hispanica,Spanish Bluebell,Plantae,49.0497115,-123.0463812997,2024-04-28
211204513,Pseudisothecium stoloniferum,Cat's Tail Moss,Plantae,49.2448570917,-122.9296209317,2024-04-27
211204515,Lysichiton americanus,western skunk cabbage,Plantae,49.2448613983,-122.9296444217,2024-04-27
211204517,Athyrium filix-femina,lady fern,Plantae,49.2448637117,-122.9296541117,2024-04-27
211204526,Betula,birches,Plantae,49.2448674133,-122.9296696133,2024-04-27
211204527,Picea sitchensis,Sitka spruce,Plantae,49.2449763967,-122.9295719333,2024-04-27
211204573,Artemisia campestris,Field Sagewort,Plantae,49.0290528333,-123.055725,2024-04-28
211204786,Heracleum,hogweeds,Plantae,49.0502638997,-123.0463524997,2024-04-28
211204955,Anas crecca,Green-winged Teal,Aves,49.02365,-123.0510111667,2024-04-28
211205031,Magnoliopsida,Dicots,Plantae,49.0725886997,-123.0242597997,2024-04-28
211205346,Rumex,docks and sorrels,Plantae,49.0726173997,-123.0242856997,2024-04-28
211205672,Anthriscus sylvestris,Cow Parsley,Plantae,49.0726173997,-123.0242856997,2024-04-28
211206039,Prunus cerasifera,Cherry-plum,Plantae,49.02365,-123.0510528333,2024-04-28
211206049,Geranium,geraniums and cranesbills,Plantae,49.0726173997,-123.0242856997,2024-04-28
211206187,Plantago lanceolata,ribwort plantain,Plantae,49.2453406583,-122.9295750617,2024-04-27
211206188,Galium aparine,catchweed bedstraw,Plantae,49.2453459617,-122.9295905133,2024-04-27
211206190,Kindbergia oregana,Oregon Beaked Moss,Plantae,49.2453560233,-122.92960675,2024-04-27
211206196,Rhytidiadelphus loreus,Lanky Moss,Plantae,49.245364455,-122.9295268867,2024-04-27
211206198,Dryopteris expansa,spreading wood fern,Plantae,49.2455140133,-122.9293719167,2024-04-27
211206276,Trifolium pratense,Red Clover,Plantae,49.0723948997,-123.023791,2024-04-28
211206449,Trifolium repens,white clover,Plantae,49.0723948997,-123.023791,2024-04-28
211206676,Epalpus signifer,Early Tachinid Fly,Insecta,49.2005317781,-122.553971149,2024-04-28
211206700,Rumex,docks and sorrels,Plantae,49.0723948997,-123.023791,2024-04-28
211206987,Amanita pantherinoides,Western Panther,Fungi,49.0723857997,-123.0241379997,2024-04-28
211207194,Agaricomycetes,"Mushrooms, Bracket Fungi, Puffballs, and Allies",Fungi,49.0723851997,-123.024117,2024-04-28
211207378,Vicia sativa,Common Vetch,Plantae,49.0722513997,-123.0241039997,2024-04-28
211207601,Polytrichum,haircap mosses,Plantae,49.0721283,-123.0238135,2024-04-28
211207950,Arion ater,Black Slug,Mollusca,49.2455727883,-122.9290853833,2024-04-27
211207951,Betula pendula,silver birch,Plantae,49.245808985,-122.9282899767,2024-04-27
211208245,Thlaspi arvense,field penny-cress,Plantae,49.0242611667,-123.0527138333,2024-04-28
211208827,Trifolium pratense,Red Clover,Plantae,49.2456681183,-122.92785516,2024-04-27
211208832,Vaccinium ovalifolium,Oval-leaf Blueberry,Plantae,49.2456004417,-122.9267314617,2024-04-27
211208862,Rumex obtusifolius,broad-leaved dock,Plantae,49.34327,-123.0878361667,2024-04-28
211209105,Struthiopteris spicant,deer fern,Plantae,49.3462716667,-123.0857555,2024-04-28
211209452,Eratigena duellica,Giant House Spider,Arachnida,49.2005815078,-122.5539838895,2024-04-28
211209677,Corvus brachyrhynchos,American Crow,Aves,49.0244445,-123.0527971667,2024-04-28
211209838,Ardea herodias,Great Blue Heron,Aves,49.0500886,-123.0464366,2024-04-28
211210024,Sylvilagus floridanus,Eastern Cottontail,Mammalia,49.0721107997,-123.0238362997,2024-04-28
211210046,Dicranum tauricum,Fragile Fork-moss,Plantae,49.2456464117,-122.926723365,2024-04-27
211210048,Sorbus aucuparia,European mountain ash,Plantae,49.245794625,-122.926483775,2024-04-27
211210049,Betula papyrifera,paper birch,Plantae,49.245836125,-122.9264057433,2024-04-27
211210198,Pseudotsuga menziesii,Douglas-fir,Plantae,49.0723784997,-123.0240517,2024-04-28
211210215,Ardea herodias,Great Blue Heron,Aves,49.0271611667,-123.0570195,2024-04-28
211210417,Crataegus monogyna,common hawthorn,Plantae,49.0724502997,-123.0240651997,2024-04-28
211210670,Cladonia,pixie cup and reindeer lichens,Fungi,49.0739844,-123.0240203,2024-04-28
211210706,Canis latrans,Coyote,Mammalia,49.206882,-123.198402,2024-04-28
211210707,Passerculus sandwichensis,Savannah Sparrow,Aves,49.2069652302,-123.1995918791,2024-04-28
211210709,Tringa melanoleuca,Greater Yellowlegs,Aves,49.2072701405,-123.2013867186,2024-04-28
211210876,Juncus,Rushes,Plantae,49.0739844,-123.0240203,2024-04-28
211211037,Cirsium vulgare,Bull Thistle,Plantae,49.0250555,-123.0542445,2024-04-28
211211083,Cirsium,Plume Thistles,Plantae,49.074378,-123.0238542997,2024-04-28
211211250,Poaceae,Grasses,Plantae,49.074378,-123.0238542997,2024-04-28
211211470,Pteridium aquilinum,common bracken,Plantae,49.2458384367,-122.92644069,2024-04-27
211211471,Pteridium aquilinum,common bracken,Plantae,49.2462089467,-122.9261116167,2024-04-27
211211525,Physcia tenella,Fringed Rosette Lichen,Fungi,49.0745099,-123.0239729,2024-04-28
211211712,Galium aparine,catchweed bedstraw,Plantae,49.0742012997,-123.0238705997,2024-04-28
211211863,Ilex aquifolium,European holly,Plantae,49.0729044997,-123.0238862,2024-04-28
211212200,Homalothecium nuttallii,Nuttall's homalothecium moss,Plantae,49.0729044997,-123.0238862,2024-04-28
211212265,Ilex aquifolium,European holly,Plantae,49.2465227183,-122.9250992733,2024-04-27
211212267,Geranium robertianum,Herb Robert,Plantae,49.2462786633,-122.9259538717,2024-04-27
211212545,Aesculus hippocastanum,horse-chestnut,Plantae,49.0729044997,-123.0238862,2024-04-28
211212638,Achillea millefolium,common yarrow,Plantae,49.0246888333,-123.0536971667,2024-04-28
211212854,Claytonia perfoliata,miner's lettuce,Plantae,49.035552,-123.1006976,2024-04-28
211213122,Centaurea,knapweeds,Plantae,49.0336879997,-123.0993581997,2024-04-28
211213283,Trifolium,clovers,Plantae,49.025575,-123.0571471667,2024-04-28
211213333,Plantago lanceolata,ribwort plantain,Plantae,49.0341012,-123.0991266,2024-04-28
211213553,Erodium cicutarium,Redstem Stork's-bill,Plantae,49.0341674,-123.0990761,2024-04-28
211213890,Foeniculum vulgare,fennel,Plantae,49.0247195,-123.0572805,2024-04-28
211214023,Sorbus,Rowans and Mountain Ashes,Plantae,49.034883,-123.0991271,2024-04-28
211214197,Tsuga heterophylla,western hemlock,Plantae,49.2468257883,-122.9241527067,2024-04-27
211214198,Polytrichum formosum,Bank Haircap Moss,Plantae,49.24694734,-122.9240053317,2024-04-27
211214199,Polytrichum formosum,Bank Haircap Moss,Plantae,49.2470172133,-122.92393134,2024-04-27
211214263,Malus,apples and crabapples,Plantae,49.034883,-123.0991271,2024-04-28
211214609,Acer pseudoplatanus,sycamore maple,Plantae,49.0351513997,-123.0996774,2024-04-28
211214777,Cornus,dogwoods,Plantae,49.0351513997,-123.0996774,2024-04-28
211214924,Frangula purshiana,Cascara,Plantae,49.0351526,-123.0996822,2024-04-28
211215167,Plagiothecium undulatum,Waved Silk-moss,Plantae,49.2470613283,-122.9238446333,2024-04-27
211215168,Geranium robertianum,Herb Robert,Plantae,49.247217095,-122.9235245167,2024-04-27
211215172,Tolmiea menziesii,Youth-on-Age,Plantae,49.2472402183,-122.9234682167,2024-04-27
211215308,Salix,Willows,Plantae,49.0353437997,-123.1001653997,2024-04-28
211215511,Betula,birches,Plantae,49.0353477997,-123.1001695,2024-04-28
211216059,Betula papyrifera,paper birch,Plantae,49.0354700997,-123.1004571997,2024-04-28
211216254,Vaccinium parvifolium,Red Huckleberry,Plantae,49.247166245,-122.9227253517,2024-04-27
211216256,Plagiomnium insigne,Badge Moss,Plantae,49.2477984917,-122.9227415283,2024-04-27
211216258,Dryopteris expansa,spreading wood fern,Plantae,49.247590565,-122.9227013717,2024-04-27
211216262,Amelanchier alnifolia,Saskatoon,Plantae,49.0354700997,-123.1004571997,2024-04-28
211216441,Berberis aquifolium,Oregon grape,Plantae,49.0356481997,-123.1008015997,2024-04-28
211216649,Rubus laciniatus,Cutleaf Blackberry,Plantae,49.0356481997,-123.1008015997,2024-04-28
211216681,Crangon nigricauda,Blacktail Bay Shrimp,Animalia,49.312863479,-122.9476331254,2024-04-28
211216922,Geranium,geraniums and cranesbills,Plantae,49.0358021997,-123.1012432997,2024-04-28
211217115,Mopalia vespertina,,Mollusca,49.3134991874,-122.9475893656,2024-04-28
211217162,Saxidomus gigantea,Butter Clam,Mollusca,49.3126875312,-122.9473794455,2024-04-28
211217481,Mycelis muralis,Wall Lettuce,Plantae,49.2478797583,-122.92287984,2024-04-27
211217485,Equisetum telmateia,great horsetail,Plantae,49.2479531583,-122.9229310433,2024-04-27
211217488,Polystichum munitum,western sword fern,Plantae,49.2479428483,-122.9229129383,2024-04-27
211217520,Macoma nasuta,Bent-nosed Clam,Mollusca,49.3128723407,-122.9475278336,2024-04-28
211217538,Equisetum arvense,field horsetail,Plantae,49.0357348,-123.1010514,2024-04-28
211217674,Nuttallia obscurata,Purple Mahogany Clam,Mollusca,49.3135251288,-122.947713794,2024-04-28
211217789,Clinocardium nuttallii,Nuttall's Cockle,Mollusca,49.3130016903,-122.9476921089,2024-04-28
211217880,Lamium purpureum,red deadnettle,Plantae,49.0357348,-123.1010514,2024-04-28
211218071,Rosa nutkana,Nootka rose,Plantae,49.037593,-123.0979116,2024-04-28
211218118,Ostreidae,True Oysters,Mollusca,49.3128142983,-122.9475761633,2024-04-28
211218327,Xanthoria parietina,Common Sunburst Lichen,Fungi,49.0747594997,-123.0240002997,2024-04-28
211219154,Dryocopus pileatus,Pileated Woodpecker,Aves,49.2475898967,-122.9226126383,2024-04-27
211219155,Dryocopus pileatus,Pileated Woodpecker,Aves,49.247579495,-122.9226120667,2024-04-27
211219338,Cricotopus,,Insecta,49.0245361667,-123.0567695,2024-04-28
211219867,Cladonia coniocraea,Common Powderhorn,Fungi,49.2472372883,-122.922137335,2024-04-27
211219872,Polytrichum formosum,Bank Haircap Moss,Plantae,49.24735182,-122.9209486817,2024-04-27
211219985,Prunus emarginata,Bitter cherry,Plantae,49.024475,-123.0567195,2024-04-28
211220639,Lapsana communis,nipplewort,Plantae,49.2233468577,-123.1675890383,2024-04-28
211220643,Lecanoromycetes,Common Lichens,Fungi,49.3593506265,-123.0249772416,2024-04-28
211220645,Kindbergia praelonga,Common Feather-moss,Plantae,49.2058251204,-123.0654655275,2024-04-28
211220649,Atrichum undulatum,Catherine's moss,Plantae,49.3196673148,-123.0744076047,2024-04-28
211220650,Kindbergia praelonga,Common Feather-moss,Plantae,49.3630102889,-123.055817106,2024-04-28
211220656,Trifolium dubium,Lesser hop trefoil,Plantae,49.2079949867,-123.0145134158,2024-04-28
211220658,Lamium purpureum,red deadnettle,Plantae,49.226401316,-123.0474809156,2024-04-28
211220664,Ranunculus repens,Creeping buttercup,Plantae,49.2168990574,-123.191872433,2024-04-28
211220674,Poa bulbosa,Bulbous Bluegrass,Plantae,49.1262180117,-123.1927874571,2024-04-28
211220675,Cerastium glomeratum,Sticky mouse-ear chickweed,Plantae,49.1261114333,-123.1933216542,2024-04-28
211220685,Trifolium pratense,Red Clover,Plantae,49.126272275,-123.19348795,2024-04-28
211220686,Bellis perennis,Lawn daisy,Plantae,49.1262110617,-123.192770235,2024-04-28
211220691,Anthriscus sylvestris,Cow Parsley,Plantae,49.12629517,-123.19359342,2024-04-28
211220692,Medicago sativa,Alfalfa,Plantae,49.1266237,-123.1942172517,2024-04-28
211220693,Oenanthe sarmentosa,water parsley,Plantae,49.12666543,-123.19442082,2024-04-28
211220705,Prunus avium,wild cherry,Plantae,49.1268801467,-123.19505929,2024-04-28
211220706,Anthriscus sylvestris,Cow Parsley,Plantae,49.12689859,-123.19497566,2024-04-28
211220715,Equisetum arvense,field horsetail,Plantae,49.12685941,-123.19536011,2024-04-28
211220716,Rubus ursinus,trailing blackberry,Plantae,49.12682801,-123.19542705,2024-04-28
211220725,Lupinus latifolius,Broadleaf Lupine,Plantae,49.12678878,-123.19539535,2024-04-28
211220726,Cytisus scoparius,Scotch Broom,Plantae,49.1266159233,-123.19537061,2024-04-28
211220734,Cytisus scoparius,Scotch Broom,Plantae,49.12651527,-123.1954122467,2024-04-28
211220735,Vicia sativa,Common Vetch,Plantae,49.126567085,-123.195357995,2024-04-28
211220736,Lupinus latifolius,Broadleaf Lupine,Plantae,49.12651549,-123.19549403,2024-04-28
211220745,Solidago lepida,Elegant Goldenrod,Plantae,49.12648466,-123.196830045,2024-04-28
211220746,Rumex acetosella,Sheep's sorrel,Plantae,49.1264721433,-123.1971646333,2024-04-28
211220748,Rumex acetosella,Sheep's sorrel,Plantae,49.12646768,-123.19720715,2024-04-28
211220755,Rumex acetosella,Sheep's sorrel,Plantae,49.12646767,-123.19730511,2024-04-28
211220756,Poa bulbosa,Bulbous Bluegrass,Plantae,49.1264475367,-123.1976332433,2024-04-28
211220757,Equisetum telmateia braunii,Braun's Giant Horsetail,Plantae,49.126441905,-123.19801721,2024-04-28
211220764,Crataegus monogyna,common hawthorn,Plantae,49.1264403583,-123.1981226817,2024-04-28
211220765,Marasmius oreades,fairy ring marasmius,Fungi,49.12643977,-123.19826473,2024-04-28
211220766,Erodium cicutarium,Redstem Stork's-bill,Plantae,49.12646664,-123.19885223,2024-04-28
211220770,Amelanchier alnifolia,Saskatoon,Plantae,49.2474022817,-122.9208379267,2024-04-27
211220773,Branta canadensis,Canada Goose,Aves,49.2471809917,-122.91926468,2024-04-27
211220776,Asteroideae,,Plantae,49.1264694233,-123.19898861,2024-04-28
211220777,Achillea filipendulina,Fern-leaf Yarrow,Plantae,49.12643783,-123.19971413,2024-04-28
211220785,Achillea filipendulina,Fern-leaf Yarrow,Plantae,49.1264332533,-123.1997771333,2024-04-28
211220786,Achillea filipendulina,Fern-leaf Yarrow,Plantae,49.1264293067,-123.19974649,2024-04-28
211220787,Sorbus aucuparia,European mountain ash,Plantae,49.12644969,-123.20007777,2024-04-28
211220802,Hyacinthoides hispanica,Spanish Bluebell,Plantae,49.1263854983,-123.2005923017,2024-04-28
211220803,Raphanus raphanistrum,Wild radish,Plantae,49.12644629,-123.20037808,2024-04-28
211220814,Lathyrus japonicus,seaside pea,Plantae,49.12629367,-123.200675605,2024-04-28
211220815,Cytisus scoparius,Scotch Broom,Plantae,49.1260135183,-123.20055571,2024-04-28
211220816,Achillea filipendulina,Fern-leaf Yarrow,Plantae,49.12598141,-123.2005538783,2024-04-28
211220824,Juncus balticus,Baltic Rush,Plantae,49.12521187,-123.19958767,2024-04-28
211220826,Argentina pacifica,Pacific silverweed,Plantae,49.12540291,-123.19955912,2024-04-28
211220827,Ulva intestinalis,Gutweed,Plantae,49.1251264467,-123.1996508767,2024-04-28
211220833,Bacillariophyceae,Diatoms,Chromista,49.1251373767,-123.1995023983,2024-04-28
211220841,Ambrosia chamissonis,silver beachweed,Plantae,49.12478112,-123.19818754,2024-04-28
211220845,Dysdera crocata,Woodlouse Spider,Arachnida,49.1248021533,-123.197750705,2024-04-28
211220846,Gloeophyllum sepiarium,Conifer Mazegill,Fungi,49.12474237,-123.1980458417,2024-04-28
211221447,Melissa,Melissas,Plantae,49.2735224948,-122.7839917918,2024-04-28
211222107,Nymphaea,Waterlilies,Plantae,49.247175945,-122.9192759383,2024-04-27
211222108,Branta canadensis,Canada Goose,Aves,49.24724333,-122.9193821083,2024-04-27
211222113,Rubus bifrons,Himalayan Blackberry,Plantae,49.2473768883,-122.9195649617,2024-04-27
211222562,Tanacetum vulgare,tansy,Plantae,49.20916,-123.202782,2024-04-28
211222565,Plantago lanceolata,ribwort plantain,Plantae,49.20916,-123.202782,2024-04-28
211222567,Euphorbia cyparissias,cypress spurge,Plantae,49.20916,-123.202782,2024-04-28
211222573,Teesdalia nudicaulis,Shepherd's Cress,Plantae,49.20916,-123.202782,2024-04-28
211222574,Cytisus scoparius,Scotch Broom,Plantae,49.20916,-123.202782,2024-04-28
211222580,Euphorbia cyparissias,cypress spurge,Plantae,49.20916,-123.202782,2024-04-28
211222590,Teesdalia nudicaulis,Shepherd's Cress,Plantae,49.20916,-123.202782,2024-04-28
211222591,Distichlis spicata,Saltgrass,Plantae,49.20916,-123.202782,2024-04-28
211222592,Rumex acetosella,Sheep's sorrel,Plantae,49.20916,-123.202782,2024-04-28
211222600,Draba verna,Common Whitlowgrass,Plantae,49.20916,-123.202782,2024-04-28
211222601,Rubus bifrons,Himalayan Blackberry,Plantae,49.20916,-123.202782,2024-04-28
211222602,Racomitrium elongatum,Elongate Rock Moss,Plantae,49.20916,-123.202782,2024-04-28
211222616,Populus trichocarpa,black cottonwood,Plantae,49.20916,-123.202782,2024-04-28
211222617,Betula pendula,silver birch,Plantae,49.20916,-123.202782,2024-04-28
211222618,Mareca americana,American Wigeon,Aves,49.2090919571,-123.2063731199,2024-04-28
211222626,Ardea herodias,Great Blue Heron,Aves,49.2109127085,-123.2013255272,2024-04-28
211222633,Setophaga coronata coronata,Myrtle Warbler,Aves,49.216488,-123.202278,2024-04-28
211222635,Capsella bursa-pastoris,shepherd's-purse,Plantae,49.21373,-123.20192,2024-04-28
211222643,Poa annua,Annual Meadow-grass,Plantae,49.21373,-123.20192,2024-04-28
211222647,Erodium cicutarium,Redstem Stork's-bill,Plantae,49.21373,-123.20192,2024-04-28
211222653,Sisymbrium officinale,Hedge mustard,Plantae,49.21373,-123.20192,2024-04-28
211222655,Erodium cicutarium,Redstem Stork's-bill,Plantae,49.21373,-123.20192,2024-04-28
211222656,Erodium cicutarium,Redstem Stork's-bill,Plantae,49.21373,-123.20192,2024-04-28
211222663,Melospiza melodia,Song Sparrow,Aves,49.213757,-123.201729,2024-04-28
211222664,Geranium molle,Dove's-foot crane's-bill,Plantae,49.213757,-123.201729,2024-04-28
211222673,Solidago lepida,Elegant Goldenrod,Plantae,49.213757,-123.201729,2024-04-28
211222681,Iris pseudacorus,Yellow Iris,Plantae,49.213757,-123.201729,2024-04-28
211222682,Myrica gale,bog myrtle,Plantae,49.213757,-123.201729,2024-04-28
211222683,Agelaius phoeniceus,Red-winged Blackbird,Aves,49.213757,-123.201729,2024-04-28
211222695,Argentina pacifica,Pacific silverweed,Plantae,49.213726,-123.201553,2024-04-28
211222696,Argentina pacifica,Pacific silverweed,Plantae,49.213726,-123.201553,2024-04-28
211222705,Lythrum salicaria,purple loosestrife,Plantae,49.213726,-123.201553,2024-04-28
211222706,Typha latifolia,broadleaf cattail,Plantae,49.213726,-123.201553,2024-04-28
211222707,Iris pseudacorus,Yellow Iris,Plantae,49.213726,-123.201553,2024-04-28
211222711,Myrica gale,bog myrtle,Plantae,49.213726,-123.201553,2024-04-28
211222725,Lythrum salicaria,purple loosestrife,Plantae,49.213768,-123.201736,2024-04-28
211222727,Malus fusca,Pacific Crab Apple,Plantae,49.213768,-123.201736,2024-04-28
211222735,Rubus bifrons,Himalayan Blackberry,Plantae,49.213768,-123.201736,2024-04-28
211222737,Funaria hygrometrica,Bonfire moss,Plantae,49.213768,-123.201736,2024-04-28
211222745,Syntrichia ruralis,Star Moss,Plantae,49.213768,-123.201736,2024-04-28
211223528,Taraxacum officinale,common dandelion,Plantae,49.247442615,-122.9195960067,2024-04-27
211223530,Homalothecium fulgescens,tree mat homalothecium moss,Plantae,49.2474901717,-122.9195627717,2024-04-27
211223531,Populus trichocarpa,black cottonwood,Plantae,49.247540245,-122.9195311767,2024-04-27
211224014,Turdus migratorius,American Robin,Aves,49.2540109951,-123.2516536117,2024-04-28
211224761,Troglodytes pacificus,Pacific Wren,Aves,49.2442307894,-122.9271722015,2024-04-28
211224800,Acer circinatum,Vine Maple,Plantae,49.024475,-123.0572,2024-04-28
211225017,Rumex obtusifolius,broad-leaved dock,Plantae,49.2474832967,-122.9199912933,2024-04-27
211225018,Fomes excavatus,Tinder Polypore,Fungi,49.247400455,-122.9201104917,2024-04-27
211225020,Setophaga coronata,Yellow-rumped Warbler,Aves,49.24740429,-122.9201365583,2024-04-27
211225034,Melospiza melodia,Song Sparrow,Aves,49.247386615,-122.92022347,2024-04-27
211225721,Lamium galeobdolon,yellow archangel,Plantae,49.2902779018,-122.8288877225,2024-04-28
211225821,Ariolimax columbianus,Pacific Banana Slug,Mollusca,49.2529993014,-123.2502132654,2024-04-28
211225919,Bombus melanopygus,Black-tailed Bumble Bee,Insecta,49.2945222222,-123.1448972222,2024-04-28
211226058,Pipilo maculatus,Spotted Towhee,Aves,49.2440136588,-122.9431688932,2024-04-28
211226144,Cornus nuttallii,Pacific Dogwood,Plantae,49.30647,-122.87342,2024-04-28
211226589,Kindbergia praelonga,Common Feather-moss,Plantae,49.2473525083,-122.9206301,2024-04-27
211226590,Polypodium glycyrrhiza,licorice fern,Plantae,49.247307675,-122.92123199,2024-04-27
211226591,Digitalis purpurea,purple foxglove,Plantae,49.2472626317,-122.9225940383,2024-04-27
211226596,Dicranum scoparium,Broom Forkmoss,Plantae,49.246801855,-122.92439539,2024-04-27
211226902,Bombus melanopygus,Black-tailed Bumble Bee,Insecta,49.2931472222,-123.1400527778,2024-04-28
211227714,Poecile atricapillus,Black-capped Chickadee,Aves,49.2435863999,-122.9290175557,2024-04-28
211227758,Cryptops hortensis,Common Cryptops,Animalia,49.12490618,-123.1976323,2024-04-28
211227762,Arcyria denudata,carnival candy slime mold,Protozoa,49.1250360017,-123.1974389217,2024-04-28
211227765,Arcyria denudata,carnival candy slime mold,Protozoa,49.125022965,-123.1974056917,2024-04-28
211227769,Arcyria denudata,carnival candy slime mold,Protozoa,49.1250204367,-123.197389495,2024-04-28
211227772,Dacrymyces stillatus,Jelly Spot Fungus,Fungi,49.1250144317,-123.1973510283,2024-04-28
211227773,Arcyria denudata,carnival candy slime mold,Protozoa,49.1250039333,-123.197344665,2024-04-28
211227782,Lathyrus japonicus,seaside pea,Plantae,49.1250058933,-123.1973720933,2024-04-28
211227783,Senecio vulgaris,common groundsel,Plantae,49.1251920067,-123.198129905,2024-04-28
211227784,Crassula tillaea,Mossy Stonecrop,Plantae,49.1253034467,-123.1978911017,2024-04-28
211227793,Matricaria discoidea,pineapple-weed,Plantae,49.12489147,-123.19434533,2024-04-28
211227794,Crassula tillaea,Mossy Stonecrop,Plantae,49.1252805917,-123.1977880417,2024-04-28
211227800,Raphanus raphanistrum,Wild radish,Plantae,49.12497486,-123.1934591283,2024-04-28
211227804,Anthriscus caucalis,Bur Parsley,Plantae,49.1250514367,-123.19328522,2024-04-28
211227808,Schizophyllum commune,splitgill mushroom,Fungi,49.12507235,-123.19270019,2024-04-28
211227817,Columba livia domestica,Feral Pigeon,Aves,49.1249666383,-123.1925458,2024-04-28
211227819,Carex,true sedges,Plantae,49.1246276683,-123.1924281367,2024-04-28
211227820,Populus nigra,Black Poplar,Plantae,49.12573211,-123.1939247017,2024-04-28
211227823,Populus nigra,Black Poplar,Plantae,49.126593845,-123.1943159183,2024-04-28
211227830,Medicago sativa,Alfalfa,Plantae,49.12661636,-123.19432481,2024-04-28
211227831,Taraxacum officinale,common dandelion,Plantae,49.126634135,-123.19433183,2024-04-28
211227836,Medicago sativa,Alfalfa,Plantae,49.12673442,-123.19454674,2024-04-28
211227843,Rubus spectabilis,Salmonberry,Plantae,49.12679357,-123.19466947,2024-04-28
211227845,Myriophyllum aquaticum,Parrot's feather,Plantae,49.126940735,-123.1948867783,2024-04-28
211227854,Myriophyllum aquaticum,Parrot's feather,Plantae,49.1272131167,-123.1953211467,2024-04-28
211227859,Typha latifolia,broadleaf cattail,Plantae,49.1273449317,-123.1953726033,2024-04-28
211227862,Cirsium arvense,creeping thistle,Plantae,49.127555915,-123.1954346183,2024-04-28
211227865,Calypte anna,Anna's Hummingbird,Aves,49.1277690417,-123.1953969783,2024-04-28
211227866,Corvus brachyrhynchos,American Crow,Aves,49.12798615,-123.1954453417,2024-04-28
211227870,Alopecurus pratensis,Meadow Foxtail,Plantae,49.12824768,-123.19546133,2024-04-28
211227876,Anas platyrhynchos,Mallard,Aves,49.12838497,-123.1954476783,2024-04-28
211227883,Passer domesticus,House Sparrow,Aves,49.12986734,-123.1955138183,2024-04-28
211227884,Calypte anna,Anna's Hummingbird,Aves,49.1293527167,-123.19568507,2024-04-28
211227885,Morulina,,Animalia,49.1250144317,-123.1973510283,2024-04-28
211227926,Dicranum scoparium,Broom Forkmoss,Plantae,49.24641303,-122.9254148033,2024-04-27
211228128,Crataegus monogyna,common hawthorn,Plantae,49.3074478559,-123.0023332313,2024-04-28
211228639,Melospiza melodia,Song Sparrow,Aves,49.306130992,-123.0018967018,2024-04-28
211228739,Mareca americana,American Wigeon,Aves,49.2941621812,-123.1406212226,2024-04-28
211228779,Selasphorus rufus,Rufous Hummingbird,Aves,49.245697735,-122.9280992683,2024-04-27
211228780,Zonotrichia atricapilla,Golden-crowned Sparrow,Aves,49.2447600167,-122.9297624133,2024-04-27
211228783,Zonotrichia leucophrys,White-crowned Sparrow,Aves,49.2443415983,-122.9321200033,2024-04-27
211228792,Ariolimax columbianus,Pacific Banana Slug,Mollusca,49.2435389017,-122.9339620867,2024-04-27
211229069,Ranunculus acris,meadow buttercup,Plantae,49.3074478559,-123.0023332313,2024-04-28
211229253,Centaurea,knapweeds,Plantae,49.213768,-123.201736,2024-04-28
211229256,Funaria hygrometrica,Bonfire moss,Plantae,49.213768,-123.201736,2024-04-28
211229257,Erodium cicutarium,Redstem Stork's-bill,Plantae,49.213768,-123.201736,2024-04-28
211229262,Matricaria discoidea,pineapple-weed,Plantae,49.213768,-123.201736,2024-04-28
211229268,Funaria hygrometrica,Bonfire moss,Plantae,49.213768,-123.201736,2024-04-28
211229275,Matricaria discoidea,pineapple-weed,Plantae,49.213654,-123.201889,2024-04-28
211229276,Cerastium glomeratum,Sticky mouse-ear chickweed,Plantae,49.213654,-123.201889,2024-04-28
211229281,Matricaria discoidea,pineapple-weed,Plantae,49.213654,-123.201889,2024-04-28
211229282,Poa annua,Annual Meadow-grass,Plantae,49.213562,-123.201935,2024-04-28
211229289,Cytisus scoparius,Scotch Broom,Plantae,49.213562,-123.201935,2024-04-28
211229297,Lathyrus latifolius,broad-leaved sweet pea,Plantae,49.213562,-123.201935,2024-04-28
211229298,Centaurea diffusa,diffuse knapweed,Plantae,49.213421,-123.202019,2024-04-28
211229299,Valerianella locusta,common cornsalad,Plantae,49.213421,-123.202019,2024-04-28
211229312,Valerianella locusta,common cornsalad,Plantae,49.213421,-123.202019,2024-04-28
211229319,Cytisus scoparius,Scotch Broom,Plantae,49.21328,-123.202034,2024-04-28
211229321,Lathyrus latifolius,broad-leaved sweet pea,Plantae,49.21328,-123.202034,2024-04-28
211229331,Berberis aquifolium,Oregon grape,Plantae,49.21328,-123.202034,2024-04-28
211229349,Oenothera biennis,common evening-primrose,Plantae,49.212776,-123.202209,2024-04-28
211229351,Salix hookeriana,coastal willow,Plantae,49.212692,-123.202141,2024-04-28
211229353,Cacopsylla,,Insecta,49.212692,-123.202141,2024-04-28
211229369,Malus fusca,Pacific Crab Apple,Plantae,49.212692,-123.202141,2024-04-28
211229385,Cornus sericea,red osier dogwood,Plantae,49.212692,-123.202141,2024-04-28
211229390,Sagina apetala,Annual Pearlwort,Plantae,49.212692,-123.202141,2024-04-28
211229408,Corvus brachyrhynchos,American Crow,Aves,49.212521,-123.202621,2024-04-28
211229409,Tanacetum vulgare,tansy,Plantae,49.212513,-123.202339,2024-04-28
211229420,Cytisus scoparius,Scotch Broom,Plantae,49.212521,-123.202621,2024-04-28
211229423,Leymus mollis,American lyme grass,Plantae,49.212437,-123.202805,2024-04-28
211229433,Lathyrus japonicus,seaside pea,Plantae,49.212479,-123.203072,2024-04-28
211229436,Lathyrus japonicus,seaside pea,Plantae,49.212479,-123.203072,2024-04-28
211229449,Sambucus racemosa,red-berried elder,Plantae,49.212479,-123.203072,2024-04-28
211229450,Distichlis spicata,Saltgrass,Plantae,49.212479,-123.203072,2024-04-28
211229458,Cirsium vulgare,Bull Thistle,Plantae,49.21241,-123.202866,2024-04-28
211229460,Anas crecca,Green-winged Teal,Aves,49.2124363005,-123.2044500145,2024-04-28
211229462,Anas crecca,Green-winged Teal,Aves,49.2124363005,-123.2044500145,2024-04-28
211229476,Melilotus,melilots and sweetclovers,Plantae,49.21233,-123.202812,2024-04-28
211229487,Rumex acetosella,Sheep's sorrel,Plantae,49.21233,-123.202812,2024-04-28
211229489,Ramularia rubella,,Fungi,49.21233,-123.202812,2024-04-28
211229490,Rumex crispus,curled dock,Plantae,49.21233,-123.202812,2024-04-28
211229501,Barbarea orthoceras,American yellowrocket,Plantae,49.21233,-123.202812,2024-04-28
211229514,Magnoliopsida,Dicots,Plantae,49.212429,-123.202652,2024-04-28
211229515,Cytisus scoparius,Scotch Broom,Plantae,49.212429,-123.202652,2024-04-28
211229531,Plantago lanceolata,ribwort plantain,Plantae,49.212547,-123.202538,2024-04-28
211229532,Draba verna,Common Whitlowgrass,Plantae,49.212429,-123.202652,2024-04-28
211229541,Teesdalia nudicaulis,Shepherd's Cress,Plantae,49.212547,-123.202538,2024-04-28
211229550,Hypericum perforatum,Common St. John's Wort,Plantae,49.212692,-123.202484,2024-04-28
211229551,Spinus tristis,American Goldfinch,Aves,49.212856,-123.202377,2024-04-28
211229563,Valerianella locusta,common cornsalad,Plantae,49.21365,-123.201965,2024-04-28
211229564,Centaurea stoebe,spotted knapweed,Plantae,49.213451,-123.202034,2024-04-28
211229581,Setophaga coronata auduboni,Audubon's Warbler,Aves,49.216724,-123.202843,2024-04-28
211229603,Molothrus ater,Brown-headed Cowbird,Aves,49.2432501792,-122.9349613328,2024-04-28
211229612,Heracleum maximum,common cowparsnip,Plantae,49.3074478559,-123.0023332313,2024-04-28
211229993,Lonicera involucrata,twinberry honeysuckle,Plantae,49.3074478559,-123.0023332313,2024-04-28
211230728,Columba livia domestica,Feral Pigeon,Aves,49.2440136588,-122.9431688932,2024-04-28
211231431,Cladonia,pixie cup and reindeer lichens,Fungi,49.3046531944,-123.0021803454,2024-04-28
211231641,Ruditapes,,Mollusca,49.3047640308,-123.0029223114,2024-04-28
211232150,Fucus distichus,Rockweed,Chromista,49.3041274288,-123.0035737529,2024-04-28
211232175,Fulica americana,American Coot,Aves,49.2435093488,-122.9368817941,2024-04-28
211232432,Balanus glandula,Pacific Acorn Barnacle,Animalia,49.3051518467,-123.0024006218,2024-04-28
211233079,Arctostaphylos uva-ursi,bearberry,Plantae,49.304563126,-123.0023419484,2024-04-28
211233590,Holodiscus discolor,Ocean spray,Plantae,49.3045237757,-123.0026353151,2024-04-28
211233942,Selasphorus rufus,Rufous Hummingbird,Aves,49.3071324151,-123.0020733923,2024-04-28
211234347,Antigone canadensis,Sandhill Crane,Aves,49.2431801507,-122.9361307767,2024-04-28
211234724,Pinus contorta contorta,Shore Pine,Plantae,49.0245666667,-123.0574778333,2024-04-28
211234959,Turdus migratorius,American Robin,Aves,49.2567205884,-123.0683237487,2024-04-28
211236175,Spatula clypeata,Northern Shoveler,Aves,49.2429840187,-122.9328906466,2024-04-28
211236720,Veronica serpyllifolia,thyme-leaved speedwell,Plantae,49.2702777778,-123.1669444444,2024-04-28
211237069,Fomitopsis mounceae,Northern Red Belt,Fungi,49.3310719997,-123.1007976,2024-04-28
211237235,Fomitopsis mounceae,Northern Red Belt,Fungi,49.3310420997,-123.1008146,2024-04-28
211237377,Gaultheria shallon,salal,Plantae,49.3310420997,-123.1008146,2024-04-28
211237538,Anas crecca,Green-winged Teal,Aves,49.2440136588,-122.9431688932,2024-04-28
211237633,Cybaeus,Soft Spiders,Arachnida,49.3306602997,-123.1009298,2024-04-28
211237776,Berberis nervosa,Cascade Oregon-grape,Plantae,49.3305573997,-123.1009221,2024-04-28
211237951,Kindbergia oregana,Oregon Beaked Moss,Plantae,49.3305573997,-123.1009221,2024-04-28
211238158,Castor canadensis,American Beaver,Mammalia,49.2603984332,-123.0095135048,2024-04-28
211238229,Ixoreus naevius,Varied Thrush,Aves,49.3301002997,-123.1011747997,2024-04-28
211238346,Lysichiton americanus,western skunk cabbage,Plantae,49.3294739997,-123.1005423,2024-04-28
211238385,Hyacinthoides hispanica,Spanish Bluebell,Plantae,49.0500805,-122.7996883333,2024-04-28
211238503,Sambucus racemosa,red-berried elder,Plantae,49.3273314997,-123.1001169,2024-04-28
211238764,Catharus,Brown Thrushes and Nightingale-Thrushes,Aves,49.3254643,-123.1000882997,2024-04-28
211238809,Acer platanoides,Norway maple,Plantae,49.0245971667,-123.0574471667,2024-04-28
211238968,Aix sponsa,Wood Duck,Aves,49.2440136588,-122.9431688932,2024-04-28
211238998,Rubus parviflorus,thimbleberry,Plantae,49.3252465997,-123.0993268997,2024-04-28
211239328,Bombus melanopygus,Black-tailed Bumble Bee,Insecta,49.3252511,-123.0993586,2024-04-28
211239494,Arctium,burdocks,Plantae,49.3237799997,-123.1000477,2024-04-28
211239741,Ranunculus,buttercups,Plantae,49.3251648,-123.0997248,2024-04-28
211239888,Impatiens glandulifera,Himalayan balsam,Plantae,49.3251599997,-123.0996932,2024-04-28
211239949,Arion ater,Black Slug,Mollusca,49.2263674,-122.7589116997,2024-04-28
211240254,Dermasterias imbricata,Leather Star,Animalia,49.2904979774,-123.0355513841,2024-04-28
211240366,Arion ater,Black Slug,Mollusca,49.225687,-122.75767,2024-04-28
211240553,Acer macrophyllum,bigleaf maple,Plantae,49.0245971667,-123.0576416667,2024-04-28
211240657,Canis latrans,Coyote,Mammalia,49.2239817997,-122.7448100997,2024-04-28
211241037,Lysimachia latifolia,Western Starflower,Plantae,49.3299544178,-123.0603286016,2024-04-28
211241041,Ceratiomyxa fruticulosa,Common Coral Slime,Protozoa,49.3300289951,-123.0602995915,2024-04-28
211241042,Acer circinatum,Vine Maple,Plantae,49.3301653387,-123.06081994,2024-04-28
211241050,Berberis nervosa,Cascade Oregon-grape,Plantae,49.3302754678,-123.0613550533,2024-04-28
211241052,Rhizomnium glabrescens,rhizomnium moss,Plantae,49.3299578251,-123.0603299427,2024-04-28
211241053,Betula pendula,silver birch,Plantae,49.3297258354,-123.0602450363,2024-04-28
211241155,Cardamine pratensis,Cuckooflower,Plantae,49.2207903997,-122.7547392,2024-04-28
211241476,Coprinellus micaceus,mica cap,Fungi,49.0326195,-123.0736695,2024-04-28
211242187,Melospiza melodia,Song Sparrow,Aves,49.2440136588,-122.9431688932,2024-04-28
211242533,Zonotrichia leucophrys,White-crowned Sparrow,Aves,49.2440136588,-122.9431688932,2024-04-28
211243238,Acer pseudoplatanus,sycamore maple,Plantae,49.0346361667,-123.0557555,2024-04-28
211243643,Aceria cephalonea,Sycamore Cherry Mite,Arachnida,49.0344861667,-123.0560361667,2024-04-28
211244195,Buteo jamaicensis,Red-tailed Hawk,Aves,49.2596667317,-122.9951536283,2024-04-28
211244277,Hyacinthoides hispanica,Spanish Bluebell,Plantae,49.31700628,-122.96121682,2024-04-28
211245341,Cornus nuttallii,Pacific Dogwood,Plantae,49.05225,-122.8072883333,2024-04-28
211245510,Xanthorioideae,,Fungi,49.0324361667,-123.0741666667,2024-04-28
211245773,Dactylis glomerata,orchard grass,Plantae,49.0343945,-123.0552888333,2024-04-28
211245922,Branta canadensis,Canada Goose,Aves,49.2440136588,-122.9431688932,2024-04-28
211246393,Setophaga coronata,Yellow-rumped Warbler,Aves,49.2440136588,-122.9431688932,2024-04-28
211246480,Pteridium aquilinum,common bracken,Plantae,49.2647888889,-123.1759722222,2024-04-28
211246740,Setophaga coronata,Yellow-rumped Warbler,Aves,49.2440136588,-122.9431688932,2024-04-28
211246988,Scapanus orarius,Coast Mole,Mammalia,49.27238,-122.911125,2024-04-28
211247177,Lamium galeobdolon argentatum,Variegated Yellow Archangel,Plantae,49.0358888333,-123.0555416667,2024-04-28
211247606,Polystichum munitum,western sword fern,Plantae,49.2727383333,-122.9109033333,2024-04-28
211248041,Trillium ovatum,Pacific trillium,Plantae,49.2768383333,-122.9005283333,2024-04-28
211248084,Agelaius phoeniceus,Red-winged Blackbird,Aves,49.2440136588,-122.9431688932,2024-04-28
211249072,Hedera canariensis,Canary Islands Ivy,Plantae,49.0343333333,-123.0550388333,2024-04-28
211249527,Corvus brachyrhynchos,American Crow,Aves,49.2448681765,-122.926399725,2024-04-28
211249570,Setophaga coronata,Yellow-rumped Warbler,Aves,49.2605883588,-122.9947117344,2024-04-28
211249849,Populus tremuloides,quaking aspen,Plantae,49.0346666667,-123.0547361667,2024-04-28
211250006,Columba livia domestica,Feral Pigeon,Aves,49.2673129449,-123.1710833219,2024-04-28
211250543,Setophaga coronata auduboni,Audubon's Warbler,Aves,49.216812,-123.203026,2024-04-28
211250545,Zonotrichia atricapilla,Golden-crowned Sparrow,Aves,49.216812,-123.203026,2024-04-28
211250548,Leiothlypis celata,Orange-crowned Warbler,Aves,49.216812,-123.203026,2024-04-28
211250558,Zonotrichia leucophrys,White-crowned Sparrow,Aves,49.216812,-123.203026,2024-04-28
211250560,Agelaius phoeniceus,Red-winged Blackbird,Aves,49.218777,-123.213203,2024-04-28
211250561,Zonotrichia leucophrys,White-crowned Sparrow,Aves,49.217049,-123.205475,2024-04-28
211250859,Doronicum pardalianches,Leopard's-bane,Plantae,49.016062,-123.05394,2024-04-28
211253284,Cornus nuttallii,Pacific Dogwood,Plantae,49.2124530038,-123.0477333069,2024-04-27
211253645,Ranunculus,buttercups,Plantae,49.32513,-123.0996726997,2024-04-28
211253865,Acer macrophyllum,bigleaf maple,Plantae,49.3252797,-123.0995788,2024-04-28
211253891,Laburnum anagyroides,Common Laburnum,Plantae,49.2103093972,-123.036284633,2024-04-27
211254143,Maianthemum dilatatum,Western Lily of the Valley,Plantae,49.3253672,-123.0998381997,2024-04-28
211255015,Meligethinae,Pollen Beetles,Insecta,49.0160833333,-123.0539445,2024-04-28
211255280,Pteridium aquilinum,common bracken,Plantae,49.3261664997,-123.1006241,2024-04-28
211255476,Rubus,brambles,Plantae,49.3261715,-123.1005767997,2024-04-28
211255894,Pipilo maculatus,Spotted Towhee,Aves,49.2943696422,-123.0585292596,2024-04-28
211256093,Kobeltia,hortensis-group Arion Slugs,Mollusca,49.2647698946,-123.1835503334,2024-04-28
211256382,Arion hortensis,Garden Arion,Mollusca,49.2833789228,-123.1582575052,2024-04-28
211256584,Kobeltia,hortensis-group Arion Slugs,Mollusca,49.3504248788,-123.0822238415,2024-04-28
211256763,Oxychilus draparnaudi,Draparnaud's Glass Snail,Mollusca,49.2125359889,-123.1353127739,2024-04-28
211256967,Kobeltia,hortensis-group Arion Slugs,Mollusca,49.3746972369,-123.1306132947,2024-04-28
211257165,Kobeltia,hortensis-group Arion Slugs,Mollusca,49.2128537765,-123.1601470989,2024-04-28
211257177,Naematelia aurantia,golden ear,Fungi,49.194157957,-122.737637731,2024-04-27
211257313,Kobeltia,hortensis-group Arion Slugs,Mollusca,49.3061193038,-123.0719343008,2024-04-28
211257476,Kobeltia,hortensis-group Arion Slugs,Mollusca,49.3099294313,-123.1464164279,2024-04-28
211257604,Prunus emarginata,Bitter cherry,Plantae,49.0528116608,-122.7981193924,2024-04-28
211257624,Kobeltia,hortensis-group Arion Slugs,Mollusca,49.3012138797,-123.1514363045,2024-04-28
211257719,Taraxacum,dandelions,Plantae,49.2499262058,-123.2292159925,2024-04-28
211257779,Kobeltia,hortensis-group Arion Slugs,Mollusca,49.3726202193,-123.0770702721,2024-04-28
211257951,Kobeltia,hortensis-group Arion Slugs,Mollusca,49.2992102085,-123.1816069806,2024-04-28
211258238,Helicina,,Mollusca,49.2697295465,-123.0733413297,2024-04-28
211258611,Oxalis oregana,Oregon woodsorrel,Plantae,49.26609964,-123.12402958,2024-04-28
211258874,Saxifragaceae,saxifrage family,Plantae,49.0603747948,-122.6046560517,2024-04-27
211259819,Trillium ovatum,Pacific trillium,Plantae,49.0981186053,-122.6786672474,2024-04-27
211260396,Ranunculus acris,meadow buttercup,Plantae,49.2006465,-122.5539314,2024-04-28
211261093,Lamium galeobdolon,yellow archangel,Plantae,49.0523069446,-122.7934687772,2024-04-28
211261491,Geranium robertianum,Herb Robert,Plantae,49.0521750134,-122.7934093495,2024-04-28
211261750,Lamium purpureum,red deadnettle,Plantae,49.05211861,-122.7932707034,2024-04-28
211262321,Formica obscuripes,Western Thatching Ant,Insecta,49.0516495938,-122.7928043437,2024-04-28
211262335,Sciurus carolinensis,Eastern Gray Squirrel,Mammalia,49.0326195,-123.0740583333,2024-04-28
211262427,Apioperdon pyriforme,Pear-shaped Puffball,Fungi,49.1319833333,-123.1621388333,2024-04-28
211262460,Lolium arundinaceum,tall fescue,Plantae,49.20066933,-122.55358184,2024-04-28
211262853,Lamium purpureum,red deadnettle,Plantae,49.2682899628,-123.1714819461,2024-04-26
211262861,Phalaris arundinacea,reed canary grass,Plantae,49.20067801,-122.5535693,2024-04-28
211263222,Rattus,Old World Rats,Mammalia,49.1926369722,-122.8015999722,2024-04-28
211263279,Mycelis muralis,Wall Lettuce,Plantae,49.1257528333,-123.1604221667,2024-04-28
211264825,Candelariella aurella,Hidden Goldspeck Lichen,Fungi,49.218884,-123.213455,2024-04-28
211264828,Poa bulbosa,Bulbous Bluegrass,Plantae,49.218777,-123.21331,2024-04-28
211264833,Matricaria discoidea,pineapple-weed,Plantae,49.218952,-123.21373,2024-04-28
211264847,Capsella bursa-pastoris,shepherd's-purse,Plantae,49.218952,-123.21373,2024-04-28
211264848,Colaptes auratus,Northern Flicker,Aves,49.219135,-123.214211,2024-04-28
211264851,Carex macrocephala,big-head sedge,Plantae,49.219124,-123.214401,2024-04-28
211264863,Passerculus sandwichensis,Savannah Sparrow,Aves,49.219131,-123.214684,2024-04-28
211264864,Carex macrocephala,big-head sedge,Plantae,49.219131,-123.214684,2024-04-28
211264866,Xanthocephalus xanthocephalus,Yellow-headed Blackbird,Aves,49.219154,-123.214142,2024-04-28
211264880,Rumex acetosella,Sheep's sorrel,Plantae,49.219643,-123.213905,2024-04-28
211264881,Spinus tristis,American Goldfinch,Aves,49.219807,-123.213921,2024-04-28
211264882,Cytisus scoparius,Scotch Broom,Plantae,49.219643,-123.213905,2024-04-28
211264893,Lathyrus japonicus,seaside pea,Plantae,49.219913,-123.213768,2024-04-28
211264894,Draba verna,Common Whitlowgrass,Plantae,49.219913,-123.213768,2024-04-28
211264895,Pinus contorta contorta,Shore Pine,Plantae,49.219913,-123.213768,2024-04-28
211264903,Carex macrocephala,big-head sedge,Plantae,49.220074,-123.213676,2024-04-28
211264907,Sturnus vulgaris,European Starling,Aves,49.220074,-123.213676,2024-04-28
211264909,Lamium purpureum,red deadnettle,Plantae,49.220284,-123.213005,2024-04-28
211264924,Tanacetum vulgare,tansy,Plantae,49.220436,-123.212883,2024-04-28
211264930,Geranium molle,Dove's-foot crane's-bill,Plantae,49.220436,-123.212883,2024-04-28
211264932,Leymus mollis,American lyme grass,Plantae,49.220436,-123.212883,2024-04-28
211264935,Crataegus douglasii,Black Hawthorn,Plantae,49.220436,-123.212883,2024-04-28
211264942,Trifolium pratense,Red Clover,Plantae,49.220657,-123.212914,2024-04-28
211264944,Lamium purpureum,red deadnettle,Plantae,49.220657,-123.212914,2024-04-28
211264947,Sorbus aucuparia,European mountain ash,Plantae,49.220791,-123.212944,2024-04-28
211264953,Rumex acetosella,Sheep's sorrel,Plantae,49.221161,-123.213104,2024-04-28
211264957,Corvus brachyrhynchos,American Crow,Aves,49.221458,-123.213783,2024-04-28
211264959,Charadrius vociferus,Killdeer,Aves,49.221336,-123.213493,2024-04-28
211264965,Charadrius vociferus,Killdeer,Aves,49.2219883984,-123.2140589025,2024-04-28
211264970,Cornus nuttallii,Pacific Dogwood,Plantae,49.221848,-123.214554,2024-04-28
211264971,Petrosedum rupestre,Reflexed Stonecrop,Plantae,49.221848,-123.214554,2024-04-28
211264983,Xanthoria parietina,Common Sunburst Lichen,Fungi,49.221981,-123.214714,2024-04-28
211264984,Petrosedum rupestre,Reflexed Stonecrop,Plantae,49.221848,-123.214554,2024-04-28
211264993,Agaricales,Common Gilled Mushrooms and Allies,Fungi,49.222244,-123.215347,2024-04-28
211264994,Poaceae,Grasses,Plantae,49.222687,-123.21608,2024-04-28
211264995,Crataegus monogyna,common hawthorn,Plantae,49.222687,-123.21608,2024-04-28
211265004,Hydroprogne caspia,Caspian Tern,Aves,49.222687,-123.21608,2024-04-28
211265005,Trifolium dubium,Lesser hop trefoil,Plantae,49.222687,-123.21608,2024-04-28
211265007,Mareca strepera,Gadwall,Aves,49.222687,-123.21608,2024-04-28
211265017,Sisymbrium altissimum,Tall Tumblemustard,Plantae,49.223186,-123.217178,2024-04-28
211265019,Scarabaeidae,Scarabs,Insecta,49.223499,-123.218193,2024-04-28
211265031,Senecio vulgaris,common groundsel,Plantae,49.223095,-123.219666,2024-04-28
211265032,Linaria,Toadflaxes,Plantae,49.223095,-123.219666,2024-04-28
211265034,Cytisus scoparius,Scotch Broom,Plantae,49.223156,-123.219948,2024-04-28
211265061,Populus trichocarpa,black cottonwood,Plantae,49.223156,-123.219948,2024-04-28
211265063,Senecio vulgaris,common groundsel,Plantae,49.223259,-123.22023,2024-04-28
211265066,Brassica rapa,field mustard,Plantae,49.223289,-123.220375,2024-04-28
211265093,Cerastium glomeratum,Sticky mouse-ear chickweed,Plantae,49.223442,-123.220787,2024-04-28
211265094,Coprinus comatus,Shaggy Mane,Fungi,49.223442,-123.220787,2024-04-28
211265095,Geranium dissectum,Cut-leaved crane's-bill,Plantae,49.223442,-123.220787,2024-04-28
211265106,Sonchus arvensis,Perennial Sow Thistle,Plantae,49.223442,-123.220787,2024-04-28
211265120,Coprinus comatus,Shaggy Mane,Fungi,49.223553,-123.220978,2024-04-28
211265121,Calystegia silvatica,large bindweed,Plantae,49.223598,-123.2211,2024-04-28
211265122,Coprinus comatus,Shaggy Mane,Fungi,49.223553,-123.220978,2024-04-28
211265148,Gloeophyllum sepiarium,Conifer Mazegill,Fungi,49.22366,-123.221222,2024-04-28
211265149,Cepaea nemoralis,Brown-lipped Snail,Mollusca,49.223598,-123.2211,2024-04-28
211265855,Ranunculus repens,Creeping buttercup,Plantae,49.2945547765,-122.790532201,2024-04-28
211266425,Coprinus comatus,Shaggy Mane,Fungi,49.2733182684,-122.9646367952,2024-04-28
211266913,Arion hortensis,Garden Arion,Mollusca,49.2309875488,-123.1395874023,2024-04-28
211268114,Cardellina pusilla,Wilson's Warbler,Aves,49.2180149071,-122.9151813872,2024-04-28
211268747,Coprinus comatus,Shaggy Mane,Fungi,49.27323,-122.96239,2024-04-28
211270605,Tetramorium immigrans,Immigrant Pavement Ant,Insecta,49.1296583333,-123.1639778333,2024-04-28
211271421,Solanum tuberosum,potato,Plantae,49.0905613,-123.0589797,2024-04-28
211272912,Plagiomnium,Thyme and Allied Mosses,Plantae,49.0997322673,-122.6511328343,2024-04-27
211274910,Plethodon vehiculum,Western Red-backed Salamander,Amphibia,49.3196916667,-122.89325,2024-04-28
211275209,Ensatina eschscholtzii oregonensis,Oregon Ensatina,Amphibia,49.3176716667,-122.8856666667,2024-04-28
211277312,Panellus mitis,Elastic Oysterling,Fungi,49.336302604,-122.8697739048,2024-04-28
211277710,Setophaga coronata,Yellow-rumped Warbler,Aves,49.2775816667,-123.228585,2024-04-28
211279724,Geum macrophyllum,Large-leaved Avens,Plantae,49.3068713999,-123.14111436,2024-04-28
211279732,Tiarella trifoliata,Threeleaf Foamflower,Plantae,49.30691305,-123.14111445,2024-04-28
211279734,Rumex obtusifolius,broad-leaved dock,Plantae,49.30689433,-123.14111884,2024-04-28
211279743,Hiemales,,Plantae,49.30690826,-123.1411154,2024-04-28
211279749,Rubus parviflorus,thimbleberry,Plantae,49.30688348,-123.14108643,2024-04-28
211279756,Ranunculus repens,Creeping buttercup,Plantae,49.30690808,-123.14100443,2024-04-28
211279762,Claytonia sibirica,Candy Flower,Plantae,49.306689204,-123.1406650782,2024-04-28
211279763,Sorbus,Rowans and Mountain Ashes,Plantae,49.30683054,-123.14093303,2024-04-28
211279771,Athyrium filix-femina,lady fern,Plantae,49.30686159,-123.14086422,2024-04-28
211279783,Cardamine,Bittercresses and Toothworts,Plantae,49.3068644673,-123.1408310378,2024-04-28
211279785,Rubus spectabilis,Salmonberry,Plantae,49.3064807002,-123.1421955109,2024-04-28
211279791,Tellima grandiflora,fringe cups,Plantae,49.3068699067,-123.1407720567,2024-04-28
211279803,Plagiothecium undulatum,Waved Silk-moss,Plantae,49.30648012,-123.1421973997,2024-04-28
211279806,Rhytidiadelphus loreus,Lanky Moss,Plantae,49.3064876897,-123.1422295551,2024-04-28
211279819,Dryopteris expansa,spreading wood fern,Plantae,49.30648809,-123.14224919,2024-04-28
211279821,Rubus spectabilis,Salmonberry,Plantae,49.30649376,-123.14224554,2024-04-28
211279824,Kindbergia,,Plantae,49.3064718183,-123.1422815749,2024-04-28
211279835,Trichoniscus,,Animalia,49.3064474815,-123.1423678172,2024-04-28
211279836,Polydesmidae,,Animalia,49.306440904,-123.142391126,2024-04-28
211279841,Cladonia,pixie cup and reindeer lichens,Fungi,49.30644299,-123.1423971499,2024-04-28
211279847,Dicranum,Forkmosses,Plantae,49.30644235,-123.14239329,2024-04-28
211279856,Dryopteris expansa,spreading wood fern,Plantae,49.3065366579,-123.1423610074,2024-04-28
211279859,Polystichum munitum,western sword fern,Plantae,49.30655858,-123.14235204,2024-04-28
211279860,Galium,bedstraws,Plantae,49.3066659363,-123.1421628373,2024-04-28
211279865,Plagiomnium insigne,Badge Moss,Plantae,49.3066560336,-123.1421369527,2024-04-28
211279868,Tiarella trifoliata,Threeleaf Foamflower,Plantae,49.30663863,-123.1421253399,2024-04-28
211279872,Athyrium filix-femina,lady fern,Plantae,49.30671923,-123.14210136,2024-04-28
211279879,Maianthemum dilatatum,Western Lily of the Valley,Plantae,49.30690443,-123.14225186,2024-04-28
211279880,Sambucus racemosa,red-berried elder,Plantae,49.30692685,-123.14234362,2024-04-28
211279887,Athyrium filix-femina,lady fern,Plantae,49.30692685,-123.14234362,2024-04-28
211279895,Tiarella trifoliata,Threeleaf Foamflower,Plantae,49.30692685,-123.14234362,2024-04-28
211279898,Acer circinatum,Vine Maple,Plantae,49.30676322,-123.14192757,2024-04-28
211279902,Mycelis muralis,Wall Lettuce,Plantae,49.3068541,-123.1417546699,2024-04-28
211279911,Polystichum munitum,western sword fern,Plantae,49.3068464,-123.14172354,2024-04-28
211279917,Plagiomnium insigne,Badge Moss,Plantae,49.3067685429,-123.1416618588,2024-04-28
211279918,Lapsana communis,nipplewort,Plantae,49.3067085171,-123.1416574551,2024-04-28
211279926,Oniscus asellus,Common Shiny Woodlouse,Animalia,49.3068005964,-123.141677324,2024-04-28
211279930,Geophilomorpha,Soil Centipedes,Animalia,49.306771507,-123.1416269342,2024-04-28
211279932,Rumex obtusifolius,broad-leaved dock,Plantae,49.3069356196,-123.1414761102,2024-04-28
211279938,Athyrium filix-femina,lady fern,Plantae,49.3069097296,-123.1414425461,2024-04-28
211279939,Ptenothrix maculosa,,Animalia,49.3068928356,-123.1414425201,2024-04-28
211279943,Oniscus asellus,Common Shiny Woodlouse,Animalia,49.3068907184,-123.1414437811,2024-04-28
211279944,Mesostigmata,Mesostigs,Arachnida,49.3068799698,-123.1414501831,2024-04-28
211279947,Oniscus asellus,Common Shiny Woodlouse,Animalia,49.3068703613,-123.141455906,2024-04-28
211279949,Porcellio scaber,Common Rough Woodlouse,Animalia,49.306902863,-123.1414630479,2024-04-28
211279953,Linopodes,,Arachnida,49.3069268501,-123.1414445999,2024-04-28
211279954,Tomocerus minor,,Animalia,49.3069253456,-123.1414227458,2024-04-28
211279958,Tomocerus minor,,Animalia,49.3069570377,-123.141395816,2024-04-28
211279962,Athyrium filix-femina,lady fern,Plantae,49.3069956591,-123.1413533198,2024-04-28
211279963,Trichoniscus,,Animalia,49.3070024762,-123.1413156724,2024-04-28
211279964,Luzula parviflora,Small-flower Woodrush,Plantae,49.3069620597,-123.1413919408,2024-04-28
211279972,Pteridium aquilinum,common bracken,Plantae,49.3068333001,-123.1414625844,2024-04-28
211279973,Kindbergia praelonga,Common Feather-moss,Plantae,49.3069522947,-123.1413017293,2024-04-28
211284185,Verbascum thapsus,great mullein,Plantae,49.223953,-123.221764,2024-04-28
211284189,Cirsium vulgare,Bull Thistle,Plantae,49.22401,-123.221886,2024-04-28
211284190,Populus trichocarpa,black cottonwood,Plantae,49.224186,-123.222252,2024-04-28
211284204,Lamium purpureum,red deadnettle,Plantae,49.224266,-123.222359,2024-04-28
211284205,Equisetum telmateia,great horsetail,Plantae,49.224266,-123.222359,2024-04-28
211284207,Lamium purpureum,red deadnettle,Plantae,49.224266,-123.222359,2024-04-28
211284210,Pisaster ochraceus,Ochre Sea Star,Animalia,49.3758666667,-123.27437,2024-04-28
211284226,Cirsium vulgare,Bull Thistle,Plantae,49.224266,-123.222359,2024-04-28
211284249,Cirsium arvense,creeping thistle,Plantae,49.224384,-123.222504,2024-04-28
211284250,Rumex crispus,curled dock,Plantae,49.224266,-123.222359,2024-04-28
211284252,Rumex obtusifolius,broad-leaved dock,Plantae,49.224384,-123.222504,2024-04-28
211284274,Haliaeetus leucocephalus,Bald Eagle,Aves,49.224777,-123.222572,2024-04-28
211284278,Cepaea nemoralis,Brown-lipped Snail,Mollusca,49.224384,-123.222504,2024-04-28
211284295,Xanthorioideae,,Fungi,49.224937,-123.223076,2024-04-28
211284296,Physcia adscendens,Hooded Rosette Lichen,Fungi,49.224937,-123.223076,2024-04-28
211284309,Cardamine hirsuta,hairy bittercress,Plantae,49.224964,-123.223251,2024-04-28
211284311,Physcia adscendens,Hooded Rosette Lichen,Fungi,49.224937,-123.223076,2024-04-28
211284320,Prunus avium,wild cherry,Plantae,49.224995,-123.223465,2024-04-28
211284321,Tanacetum vulgare,tansy,Plantae,49.224995,-123.223465,2024-04-28
211284322,Physcia adscendens,Hooded Rosette Lichen,Fungi,49.225044,-123.223663,2024-04-28
211284331,Alnus rubra,Red Alder,Plantae,49.22525,-123.224472,2024-04-28
211284333,Xanthoria parietina,Common Sunburst Lichen,Fungi,49.225044,-123.223663,2024-04-28
211284342,Melospiza lincolnii,Lincoln's Sparrow,Aves,49.225296,-123.224632,2024-04-28
211284343,Corthylio calendula,Ruby-crowned Kinglet,Aves,49.225296,-123.224632,2024-04-28
211284350,Selasphorus rufus,Rufous Hummingbird,Aves,49.225296,-123.224632,2024-04-28
211284352,Nannopterum auritum,Double-crested Cormorant,Aves,49.2260689574,-123.2240777918,2024-04-28
211284353,Branta canadensis,Canada Goose,Aves,49.2260655046,-123.2232111777,2024-04-28
211284363,Hydroprogne caspia,Caspian Tern,Aves,49.225758,-123.225967,2024-04-28
211284364,Cytisus scoparius,Scotch Broom,Plantae,49.226521,-123.227341,2024-04-28
211284366,Malus fusca,Pacific Crab Apple,Plantae,49.225616,-123.225723,2024-04-28
211284384,Brachythecium,,Plantae,49.226624,-123.227531,2024-04-28
211284385,Lathyrus japonicus,seaside pea,Plantae,49.227005,-123.228325,2024-04-28
211284386,Hypochaeris radicata,Common Cat's-ear,Plantae,49.227005,-123.228325,2024-04-28
211284404,Equisetum hyemale,rough horsetail,Plantae,49.227135,-123.228607,2024-04-28
211284405,Equisetum arvense,field horsetail,Plantae,49.227276,-123.228844,2024-04-28
211284406,Cornus sericea,red osier dogwood,Plantae,49.227135,-123.228607,2024-04-28
211284417,Acer macrophyllum,bigleaf maple,Plantae,49.227402,-123.228737,2024-04-28
211284418,Lathyrus japonicus,seaside pea,Plantae,49.227402,-123.228737,2024-04-28
211284428,Juncus breweri,salt rush,Plantae,49.227486,-123.228882,2024-04-28
211284429,Lysimachia maritima,Sea Milkwort,Plantae,49.227486,-123.228882,2024-04-28
211284431,Salix hookeriana,coastal willow,Plantae,49.227486,-123.228882,2024-04-28
211284448,Salix scouleriana,Scouler's willow,Plantae,49.227486,-123.228882,2024-04-28
211284463,Plantago maritima,Sea Plantain,Plantae,49.227375,-123.228722,2024-04-28
211284465,Kindbergia oregana,Oregon Beaked Moss,Plantae,49.227375,-123.228722,2024-04-28
211284467,Juncus,Rushes,Plantae,49.227486,-123.228882,2024-04-28
211285099,Mergus merganser,Common Merganser,Aves,49.36131091,-123.1102477871,2024-04-28
211285101,Mergus merganser,Common Merganser,Aves,49.3613335029,-123.1101190411,2024-04-28
211285102,Branta canadensis,Canada Goose,Aves,49.3613425813,-123.1097990125,2024-04-28
211285113,Dryopteris expansa,spreading wood fern,Plantae,49.3591583333,-123.1143638883,2024-04-28
211285116,Berberis nervosa,Cascade Oregon-grape,Plantae,49.359194445,-123.1143638883,2024-04-28
211285119,Polystichum munitum,western sword fern,Plantae,49.359169445,-123.114425,2024-04-28
211285127,Phylloporia,,Fungi,49.3603783333,-123.111175,2024-04-28
211285128,Berberis nervosa,Cascade Oregon-grape,Plantae,49.3596166667,-123.1143888883,2024-04-28
211285131,Maianthemum dilatatum,Western Lily of the Valley,Plantae,49.3596611117,-123.11425,2024-04-28
211285140,Cladonia,pixie cup and reindeer lichens,Fungi,49.359719445,-123.1142111117,2024-04-28
211285145,Digitalis purpurea,purple foxglove,Plantae,49.3596333333,-123.1144777783,2024-04-28
211285146,Fomitopsis mounceae,Northern Red Belt,Fungi,49.3598416667,-123.1137861117,2024-04-28
211285155,Rubus spectabilis,Salmonberry,Plantae,49.3596,-123.115355555,2024-04-28
211285156,Prunus laurocerasus,Cherry laurel,Plantae,49.3594027783,-123.1156777783,2024-04-28
211285160,Viola sempervirens,Redwood Violet,Plantae,49.3592222217,-123.1156777783,2024-04-28
211285171,Ilex aquifolium,European holly,Plantae,49.3587027783,-123.1154333333,2024-04-28
211285172,Lichenomphalia ericetorum,Lichen Agaric,Fungi,49.3586972217,-123.1155916667,2024-04-28
211285174,Pseudisothecium stoloniferum,Cat's Tail Moss,Plantae,49.3586722217,-123.1154333333,2024-04-28
211285185,Usnea,beard lichens,Fungi,49.3586111117,-123.1154111117,2024-04-28
211285187,Sambucus racemosa,red-berried elder,Plantae,49.358580555,-123.1154166667,2024-04-28
211285189,Hedera helix,common ivy,Plantae,49.3585888883,-123.1154472217,2024-04-28
211285200,Ilex aquifolium,European holly,Plantae,49.3571611117,-123.116294445,2024-04-28
211285204,Ariolimax columbianus,Pacific Banana Slug,Mollusca,49.3561666667,-123.1161638883,2024-04-28
211285207,Ariolimax columbianus,Pacific Banana Slug,Mollusca,49.3560777783,-123.116180555,2024-04-28
211285218,Berberis nervosa,Cascade Oregon-grape,Plantae,49.3559833333,-123.116080555,2024-04-28
211285225,Vaccinium parvifolium,Red Huckleberry,Plantae,49.3559638883,-123.1161027783,2024-04-28
211285231,Lysichiton americanus,western skunk cabbage,Plantae,49.3558277783,-123.116455555,2024-04-28
211285234,Kindbergia oregana,Oregon Beaked Moss,Plantae,49.3553916667,-123.1163638883,2024-04-28
211285235,Berberis nervosa,Cascade Oregon-grape,Plantae,49.3546833333,-123.11335,2024-04-28
211285245,Tsuga heterophylla,western hemlock,Plantae,49.3532777783,-123.1116472217,2024-04-28
211285246,Leucolepis acanthoneura,Menzies' Tree Moss,Plantae,49.353305555,-123.1115277783,2024-04-28
211285247,Ribes bracteosum,Stink Currant,Plantae,49.3532333333,-123.1114277783,2024-04-28
211285252,Maianthemum dilatatum,Western Lily of the Valley,Plantae,49.355625,-123.110480555,2024-04-28
211285253,Ribes bracteosum,Stink Currant,Plantae,49.3561027783,-123.1094583333,2024-04-28
211285256,Struthiopteris spicant,deer fern,Plantae,49.3568333333,-123.1090388883,2024-04-28
211285266,Polystichum munitum,western sword fern,Plantae,49.357025,-123.108925,2024-04-28
211285269,Hedera helix,common ivy,Plantae,49.3572583333,-123.108825,2024-04-28
211285271,Myosotis,Forget-me-nots,Plantae,49.3588638883,-123.1093222217,2024-04-28
211285284,Equisetum arvense,field horsetail,Plantae,49.359230555,-123.1095888883,2024-04-28
211285285,Hieracium maculatum,Spotted Hawkweed,Plantae,49.3593527783,-123.109755555,2024-04-28
211285290,Daphne laureola,Spurge-laurel,Plantae,49.359494445,-123.1099166667,2024-04-28
211286144,Sorbus aucuparia,European mountain ash,Plantae,49.3248833333,-123.0816416667,2024-04-28
211286375,Cornus nuttallii,Pacific Dogwood,Plantae,49.3251699052,-123.0817234748,2024-04-28
211286869,Equisetum arvense,field horsetail,Plantae,49.227375,-123.228722,2024-04-28
211286871,Polystichum munitum,western sword fern,Plantae,49.227543,-123.229385,2024-04-28
211286875,Salix sitchensis,Sitka willow,Plantae,49.227634,-123.229645,2024-04-28
211286892,Stellaria media,common chickweed,Plantae,49.227886,-123.230049,2024-04-28
211286895,Rumex acetosella,Sheep's sorrel,Plantae,49.227886,-123.230049,2024-04-28
211286898,Leymus mollis,American lyme grass,Plantae,49.228046,-123.230316,2024-04-28
211286906,Juncus breweri,salt rush,Plantae,49.228146,-123.230568,2024-04-28
211286909,Nebria brevicollis,European Gazelle Beetle,Insecta,49.228241,-123.230774,2024-04-28
211286918,Nebria brevicollis,European Gazelle Beetle,Insecta,49.228241,-123.230774,2024-04-28
211286926,Carabus granulatus,Granulated Ground Beetle,Insecta,49.228241,-123.230774,2024-04-28
211286929,Lumbricus,,Animalia,49.228241,-123.230774,2024-04-28
211286930,Armadillidium vulgare,Common Pill Woodlouse,Animalia,49.228241,-123.230774,2024-04-28
211286961,Lumbricus,,Animalia,49.228241,-123.230774,2024-04-28
211286964,Oniscus asellus,Common Shiny Woodlouse,Animalia,49.228241,-123.230774,2024-04-28
211286967,Nebria brevicollis,European Gazelle Beetle,Insecta,49.228241,-123.230774,2024-04-28
211286984,Nebria brevicollis,European Gazelle Beetle,Insecta,49.228241,-123.230774,2024-04-28
211287002,Leymus mollis,American lyme grass,Plantae,49.228436,-123.231369,2024-04-28
211287003,Populus trichocarpa,black cottonwood,Plantae,49.228371,-123.23114,2024-04-28
211287004,Equisetum hyemale,rough horsetail,Plantae,49.228371,-123.23114,2024-04-28
211287028,Lathyrus japonicus,seaside pea,Plantae,49.228416,-123.231552,2024-04-28
211287032,Carex macrocephala,big-head sedge,Plantae,49.228683,-123.232018,2024-04-28
211287050,Carex macrocephala,big-head sedge,Plantae,49.228832,-123.232193,2024-04-28
211287052,Chroicocephalus philadelphia,Bonaparte's Gull,Aves,49.22892,-123.232361,2024-04-28
211287054,Chroicocephalus philadelphia,Bonaparte's Gull,Aves,49.22892,-123.232361,2024-04-28
211287072,Sterna hirundo,Common Tern,Aves,49.22892,-123.232361,2024-04-28
211287073,Sterna hirundo,Common Tern,Aves,49.22892,-123.232361,2024-04-28
211287092,Sterna hirundo,Common Tern,Aves,49.22892,-123.232361,2024-04-28
211287093,Charadrius vociferus,Killdeer,Aves,49.22892,-123.232361,2024-04-28
211287095,Calidris minutilla,Least Sandpiper,Aves,49.22892,-123.232361,2024-04-28
211287125,Anas crecca,Green-winged Teal,Aves,49.2293354656,-123.2319154078,2024-04-28
211287126,Teesdalia nudicaulis,Shepherd's Cress,Plantae,49.229126,-123.232666,2024-04-28
211287127,Nannopterum auritum,Double-crested Cormorant,Aves,49.2298394964,-123.2325969867,2024-04-28
211287140,Dicranoweisia cirrata,Common Pincushion,Plantae,49.229877,-123.233971,2024-04-28
211287141,Dicranoweisia cirrata,Common Pincushion,Plantae,49.229877,-123.233971,2024-04-28
211287158,Racomitrium elongatum,Elongate Rock Moss,Plantae,49.229877,-123.233971,2024-04-28
211288229,Tsuga heterophylla,western hemlock,Plantae,49.3074171372,-123.1382255361,2024-04-28
211288230,Rubus parviflorus,thimbleberry,Plantae,49.30740241,-123.13815215,2024-04-28
211288231,Lysichiton americanus,western skunk cabbage,Plantae,49.30740188,-123.13813898,2024-04-28
211288237,Rhytidiadelphus squarrosus,Square Gooseneck Moss,Plantae,49.3073932,-123.13804317,2024-04-28
211288238,Porcellio scaber,Common Rough Woodlouse,Animalia,49.3073932,-123.13804317,2024-04-28
211288248,Dicranum tauricum,Fragile Fork-moss,Plantae,49.3073932,-123.13804317,2024-04-28
211288255,Magnoliopsida,Dicots,Plantae,49.3073147031,-123.1377677302,2024-04-28
211288262,Rubus parviflorus,thimbleberry,Plantae,49.3072867199,-123.13776591,2024-04-28
211288271,Rumex obtusifolius,broad-leaved dock,Plantae,49.30726102,-123.13768921,2024-04-28
211288281,Alnus,alders,Plantae,49.30731572,-123.13767364,2024-04-28
211288290,Arion ater,Black Slug,Mollusca,49.30727067,-123.1376405,2024-04-28
211288302,Lasius,"Citronella Ants, Fuzzy Ants, and Allies",Insecta,49.30684963,-123.14076008,2024-04-28
211288308,Porcellio scaber,Common Rough Woodlouse,Animalia,49.30682876,-123.1406169401,2024-04-28
211288318,Trichoniscus,,Animalia,49.3071539083,-123.1413870463,2024-04-28
211288319,Athyrium filix-femina,lady fern,Plantae,49.3071907799,-123.14148003,2024-04-28
211288326,Tiarella trifoliata,Threeleaf Foamflower,Plantae,49.30692722,-123.1405151999,2024-04-28
211288329,Plantago major,greater plantain,Plantae,49.3069358391,-123.1406511328,2024-04-28
211288343,Cichorieae,"Lettuce, Chicory, Dandelion and Salsify Tribe",Plantae,49.3069213683,-123.140433593,2024-04-28
211288353,Ranunculus repens,Creeping buttercup,Plantae,49.30692011,-123.1403379,2024-04-28
211288361,Rumex obtusifolius,broad-leaved dock,Plantae,49.30692983,-123.14029346,2024-04-28
211288374,Tiarella trifoliata,Threeleaf Foamflower,Plantae,49.30692983,-123.14029346,2024-04-28
211288385,Tsuga heterophylla,western hemlock,Plantae,49.30698795,-123.14022726,2024-04-28
211288402,Pteridium aquilinum,common bracken,Plantae,49.30696403,-123.1401552199,2024-04-28
211288422,Tellima grandiflora,fringe cups,Plantae,49.30701893,-123.14006367,2024-04-28
211288440,Equisetum arvense,field horsetail,Plantae,49.30698768,-123.13996278,2024-04-28
211288454,Rubus spectabilis,Salmonberry,Plantae,49.30705554,-123.13985067,2024-04-28
211288466,Rhytidiadelphus loreus,Lanky Moss,Plantae,49.30710418,-123.13980724,2024-04-28
211288481,Rubus parviflorus,thimbleberry,Plantae,49.3071407599,-123.13975597,2024-04-28
211288493,Tsuga heterophylla,western hemlock,Plantae,49.30722065,-123.1397499199,2024-04-28
211288502,Hypochaeris radicata,Common Cat's-ear,Plantae,49.30725206,-123.13983301,2024-04-28
211288515,Hedera helix,common ivy,Plantae,49.30722254,-123.13974462,2024-04-28
211288529,Rubus spectabilis,Salmonberry,Plantae,49.3072608103,-123.139562726,2024-04-28
211288543,Dryopteris expansa,spreading wood fern,Plantae,49.3073009802,-123.139447234,2024-04-28
211288551,Plagiomnium insigne,Badge Moss,Plantae,49.3073071623,-123.1393689191,2024-04-28
211288556,Magnoliopsida,Dicots,Plantae,49.3074045137,-123.1392253981,2024-04-28
211288560,Rubus parviflorus,thimbleberry,Plantae,49.3074162824,-123.1391549766,2024-04-28
211288562,Dicranum,Forkmosses,Plantae,49.307430271,-123.1391378722,2024-04-28
211288567,Gaultheria shallon,salal,Plantae,49.307452822,-123.1390114234,2024-04-28
211288571,Oniscus asellus,Common Shiny Woodlouse,Animalia,49.3074379477,-123.1388650067,2024-04-28
211288572,Acer circinatum,Vine Maple,Plantae,49.30749619,-123.13882396,2024-04-28
211288579,Chamaenerion angustifolium,fireweed,Plantae,49.30749619,-123.13882396,2024-04-28
211288591,Cladonia,pixie cup and reindeer lichens,Fungi,49.307486,-123.13876591,2024-04-28
211288597,Tsuga heterophylla,western hemlock,Plantae,49.307486,-123.13876591,2024-04-28
211288600,Scapania,,Plantae,49.3074711166,-123.1386596906,2024-04-28
211288611,Ophyiulus pilosus,Furry Snake Millipede,Animalia,49.3074852601,-123.13864832,2024-04-28
211288620,Orchesella villosa,Shaggy Springtail,Animalia,49.3075212993,-123.1386093905,2024-04-28
211288627,Rumex obtusifolius,broad-leaved dock,Plantae,49.30746457,-123.13847285,2024-04-28
211288636,Athyrium filix-femina,lady fern,Plantae,49.30746,-123.13839006,2024-04-28
211288639,Pteridium aquilinum,common bracken,Plantae,49.30747305,-123.13830304,2024-04-28
211288643,Tellima grandiflora,fringe cups,Plantae,49.30746537,-123.13831088,2024-04-28
211288652,Chamaenerion angustifolium,fireweed,Plantae,49.3072628999,-123.1398184116,2024-04-28
211290813,Melospiza melodia,Song Sparrow,Aves,49.2139060812,-122.9161197404,2024-04-28
211291106,Scirpus,Scirpus Bulrushes,Plantae,49.3041852661,-123.1375529707,2024-04-28
211291108,Equisetum telmateia braunii,Braun's Giant Horsetail,Plantae,49.3041022609,-123.1375269391,2024-04-28
211291109,Tsuga heterophylla,western hemlock,Plantae,49.30398882,-123.13747664,2024-04-28
211291117,Malus fusca,Pacific Crab Apple,Plantae,49.30394114,-123.13752715,2024-04-28
211291120,Equisetum fluviatile,water horsetail,Plantae,49.30392315,-123.13759592,2024-04-28
211291121,Atrichum,Smoothcap Mosses,Plantae,49.30722332,-123.13764019,2024-04-28
211291123,Lumbricidae,Lumbricid Earthworms,Animalia,49.30723622,-123.13761297,2024-04-28
211291126,Philoscia muscorum,Common Striped Woodlouse,Animalia,49.30723622,-123.13761297,2024-04-28
211291127,Arion ater,Black Slug,Mollusca,49.30723622,-123.13761297,2024-04-28
211291133,Gastrodontidae,,Mollusca,49.30723622,-123.13761297,2024-04-28
211291137,Trichoniscus,,Animalia,49.30723622,-123.13761297,2024-04-28
211291138,Polydesmus,,Animalia,49.30723622,-123.13761297,2024-04-28
211291140,Trichoniscus pusillus,Common Pygmy Woodlouse,Animalia,49.3071824,-123.13757926,2024-04-28
211291153,Alnus,alders,Plantae,49.30699669,-123.1374872,2024-04-28
211291162,Ranunculus repens,Creeping buttercup,Plantae,49.30698148,-123.13749724,2024-04-28
211291171,Lysichiton americanus,western skunk cabbage,Plantae,49.30690123,-123.13749168,2024-04-28
211291182,Rubus spectabilis,Salmonberry,Plantae,49.30685072,-123.13741189,2024-04-28
211291189,Athyrium filix-femina,lady fern,Plantae,49.30682752,-123.13742367,2024-04-28
211291196,Sorbus,Rowans and Mountain Ashes,Plantae,49.30680081,-123.13742757,2024-04-28
211291206,Gaultheria shallon,salal,Plantae,49.3066611992,-123.1373988158,2024-04-28
211291216,Tiarella trifoliata,Threeleaf Foamflower,Plantae,49.30660268,-123.137435,2024-04-28
211291225,Pellia neesiana,Ring Pellia,Plantae,49.3065656382,-123.1373317245,2024-04-28
211291235,Pteridium aquilinum,common bracken,Plantae,49.30645331,-123.13709265,2024-04-28
211291245,Berberis aquifolium,Oregon grape,Plantae,49.30614609,-123.13701473,2024-04-28
211291252,Rubus parviflorus,thimbleberry,Plantae,49.3059923701,-123.13727618,2024-04-28
211291260,Gaultheria shallon,salal,Plantae,49.3060034423,-123.1372813182,2024-04-28
211291266,Galium,bedstraws,Plantae,49.3060151071,-123.1372428947,2024-04-28
211291275,Tellima grandiflora,fringe cups,Plantae,49.30572395,-123.13758601,2024-04-28
211291285,Rubus parviflorus,thimbleberry,Plantae,49.30567471,-123.13756541,2024-04-28
211291301,Prunella vulgaris,common selfheal,Plantae,49.30553216,-123.13763389,2024-04-28
211291302,Sambucus racemosa,red-berried elder,Plantae,49.30541431,-123.13767898,2024-04-28
211291318,Vaccinium,"blueberries, cranberries, and allies",Plantae,49.305326295,-123.1378182293,2024-04-28
211291327,Gaultheria shallon,salal,Plantae,49.3053055,-123.1378415754,2024-04-28
211291334,Epilobium ciliatum,fringed willowherb,Plantae,49.3051927092,-123.1380127071,2024-04-28
211291344,Equisetum telmateia braunii,Braun's Giant Horsetail,Plantae,49.3048718444,-123.1379400236,2024-04-28
211291352,Alnus,alders,Plantae,49.304715223,-123.1377809798,2024-04-28
211291367,Lysichiton americanus,western skunk cabbage,Plantae,49.30467769,-123.13774517,2024-04-28
211291380,Spiraea douglasii,Rose Spirea,Plantae,49.3046462613,-123.1377243358,2024-04-28
211291396,Aix sponsa,Wood Duck,Aves,49.3045537302,-123.1377792241,2024-04-28
211291411,Spiraea douglasii,Rose Spirea,Plantae,49.3044183652,-123.1375996784,2024-04-28
211291412,Equisetum fluviatile,water horsetail,Plantae,49.3045975461,-123.1376454998,2024-04-28
211291413,Anas platyrhynchos,Mallard,Aves,49.3042806939,-123.1376272342,2024-04-28
211296094,Maianthemum dilatatum,Western Lily of the Valley,Plantae,49.3009674925,-123.1353018693,2024-04-28
211296095,Sambucus racemosa,red-berried elder,Plantae,49.3008972606,-123.1351053337,2024-04-28
211296097,Rubus spectabilis,Salmonberry,Plantae,49.3368950986,-123.2627810753,2024-04-28
211296103,Gaultheria shallon,salal,Plantae,49.3369592316,-123.2618511963,2024-04-28
211296104,Geranium robertianum,Herb Robert,Plantae,49.336872636,-123.2627363933,2024-04-28
211296119,Rubus spectabilis,Salmonberry,Plantae,49.33711618,-123.2595825499,2024-04-28
211296135,Ariolimax columbianus,Pacific Banana Slug,Mollusca,49.33690121,-123.25845551,2024-04-28
211296147,Athyrium filix-femina,lady fern,Plantae,49.33645054,-123.25802029,2024-04-28
211296160,Pteridium aquilinum,common bracken,Plantae,49.3334480884,-123.2574729942,2024-04-28
211296165,Lonicera ciliosa,orange honeysuckle,Plantae,49.33315997,-123.2572402699,2024-04-28
211296179,Maianthemum dilatatum,Western Lily of the Valley,Plantae,49.30390312,-123.13753299,2024-04-28
211296189,Spiraea douglasii,Rose Spirea,Plantae,49.30358713,-123.13747548,2024-04-28
211296190,Scirpus microcarpus,Panicled Bulrush,Plantae,49.30377107,-123.13750186,2024-04-28
211296192,Malus fusca,Pacific Crab Apple,Plantae,49.30361867,-123.1375151,2024-04-28
211296201,Equisetum fluviatile,water horsetail,Plantae,49.30353112,-123.13742619,2024-04-28
211296203,Equisetum telmateia braunii,Braun's Giant Horsetail,Plantae,49.30349129,-123.1374143,2024-04-28
211296205,Lysichiton americanus,western skunk cabbage,Plantae,49.30340981,-123.13739686,2024-04-28
211296222,Gaultheria shallon,salal,Plantae,49.30340523,-123.13709951,2024-04-28
211296235,Equisetum telmateia braunii,Braun's Giant Horsetail,Plantae,49.30330457,-123.13698989,2024-04-28
211296249,Tsuga heterophylla,western hemlock,Plantae,49.30336618,-123.13689248,2024-04-28
211296264,Gaultheria shallon,salal,Plantae,49.30340889,-123.13687112,2024-04-28
211296275,Rubus spectabilis,Salmonberry,Plantae,49.30339712,-123.13676522,2024-04-28
211296290,Lysichiton americanus,western skunk cabbage,Plantae,49.303394,-123.13659254,2024-04-28
211296302,Athyrium filix-femina,lady fern,Plantae,49.30335618,-123.13663664,2024-04-28
211296308,Arion ater,Black Slug,Mollusca,49.30342946,-123.13633954,2024-04-28
211296313,Rhytidiadelphus squarrosus,Square Gooseneck Moss,Plantae,49.30341988,-123.13598914,2024-04-28
211296325,Acer circinatum,Vine Maple,Plantae,49.30330072,-123.13588031,2024-04-28
211296335,Plagiomnium insigne,Badge Moss,Plantae,49.30278196,-123.13582445,2024-04-28
211296346,Athyrium filix-femina,lady fern,Plantae,49.30284647,-123.13587096,2024-04-28
211296361,Tiarella trifoliata,Threeleaf Foamflower,Plantae,49.3029706,-123.13578587,2024-04-28
211296368,Rosales,"Roses, Elms, Figs, and Allies",Plantae,49.30293989,-123.13576031,2024-04-28
211296380,Rubus parviflorus,thimbleberry,Plantae,49.30280089,-123.13575086,2024-04-28
211296389,Sorbus,Rowans and Mountain Ashes,Plantae,49.30267835,-123.13574345,2024-04-28
211296400,Gaultheria shallon,salal,Plantae,49.302579875,-123.13566089,2024-04-28
211296409,Maianthemum dilatatum,Western Lily of the Valley,Plantae,49.30248528,-123.13561912,2024-04-28
211296420,Osmorhiza,sweet cicely,Plantae,49.30242546,-123.13569451,2024-04-28
211296427,Polystichum munitum,western sword fern,Plantae,49.30237624,-123.13577766,2024-04-28
211296434,Berberis nervosa,Cascade Oregon-grape,Plantae,49.30226182,-123.13572201,2024-04-28
211296441,Ranunculus repens,Creeping buttercup,Plantae,49.3021823,-123.13578298,2024-04-28
211296451,Geranium robertianum,Herb Robert,Plantae,49.3021823,-123.13578298,2024-04-28
211296452,Dicentra formosa,Pacific Bleeding Heart,Plantae,49.30208472,-123.13582096,2024-04-28
211296454,Rubus spectabilis,Salmonberry,Plantae,49.30208472,-123.13582096,2024-04-28
211296459,Ranunculus repens,Creeping buttercup,Plantae,49.3021241476,-123.1357413484,2024-04-28
211296461,Prunus lusitanica,Portuguese laurel,Plantae,49.3019451,-123.13583545,2024-04-28
211296462,Sambucus racemosa,red-berried elder,Plantae,49.30186407,-123.13582628,2024-04-28
211296473,Acer circinatum,Vine Maple,Plantae,49.30176144,-123.13578645,2024-04-28
211296481,Tellima grandiflora,fringe cups,Plantae,49.3015444099,-123.135826491,2024-04-28
211296490,Ilex aquifolium,European holly,Plantae,49.3013997153,-123.135785927,2024-04-28
211296499,Rumex obtusifolius,broad-leaved dock,Plantae,49.3013274,-123.13576881,2024-04-28
211296511,Sambucus racemosa,red-berried elder,Plantae,49.3013274,-123.13576881,2024-04-28
211296524,Aesculus hippocastanum,horse-chestnut,Plantae,49.3013274,-123.13576881,2024-04-28
211296533,Rubus ursinus,trailing blackberry,Plantae,49.3011806,-123.13584355,2024-04-28
211296545,Alnus,alders,Plantae,49.3011069429,-123.1358142152,2024-04-28
211296560,Osmorhiza,sweet cicely,Plantae,49.3010063358,-123.1357773666,2024-04-28
211296571,Osmorhiza,sweet cicely,Plantae,49.3009782618,-123.135457809,2024-04-28
211296691,Rubus ursinus,trailing blackberry,Plantae,49.1216983177,-122.6320008339,2024-04-27
211297652,Pipilo maculatus,Spotted Towhee,Aves,49.1214032098,-122.6952200154,2024-04-27
211298384,Kobeltia,hortensis-group Arion Slugs,Mollusca,49.3676226329,-123.0270358336,2024-04-28
211298628,Geranium robertianum,Herb Robert,Plantae,49.244847768,-122.9353505933,2024-04-28
211298733,Dicentra formosa,Pacific Bleeding Heart,Plantae,49.2443242763,-122.9353570474,2024-04-28
211298857,Geum,avens,Plantae,49.2442813601,-122.9353887435,2024-04-28
211298997,Rubus spectabilis,Salmonberry,Plantae,49.2439868628,-122.9355620687,2024-04-28
211299291,Aix sponsa,Wood Duck,Aves,49.2442083529,-122.9357085125,2024-04-28
211299364,Branta canadensis,Canada Goose,Aves,49.2434177447,-122.9353546086,2024-04-28
211299391,Cepaea nemoralis,Brown-lipped Snail,Mollusca,49.3634739165,-123.1907886501,2024-04-28
211299464,Geum,avens,Plantae,49.2431397457,-122.9355101009,2024-04-28
211299707,Cornus,dogwoods,Plantae,49.2390227884,-122.9403093665,2024-04-28
211299714,Nebria brevicollis,European Gazelle Beetle,Insecta,49.2724827078,-123.1148212994,2024-04-28
211299804,Sambucus racemosa,red-berried elder,Plantae,49.2437289516,-122.9352588115,2024-04-28
211299879,Maianthemum dilatatum,Western Lily of the Valley,Plantae,49.2435316416,-122.9345905223,2024-04-28
211300051,Lysichiton americanus,western skunk cabbage,Plantae,49.2434872594,-122.934363708,2024-04-28
211300175,Arion ater,Black Slug,Mollusca,49.2435590085,-122.933452679,2024-04-28
211300271,Arion ater,Black Slug,Mollusca,49.2435535184,-122.9335214106,2024-04-28
211300362,Lonicera,honeysuckles,Plantae,49.2435721262,-122.9334868771,2024-04-28
211300423,Athyrium filix-femina,lady fern,Plantae,49.2438995233,-122.9332348333,2024-04-28
211300427,Julinae,,Animalia,49.3149366268,-123.1681670252,2024-04-28
211300522,Cornus,dogwoods,Plantae,49.2438984756,-122.933203485,2024-04-28
211300602,Acer circinatum,Vine Maple,Plantae,49.2440175405,-122.9328196776,2024-04-28
211300730,Arion,Arion Slugs,Mollusca,49.244348039,-122.931919545,2024-04-28
211300804,Salix,Willows,Plantae,49.2435377604,-122.9334947561,2024-04-28
211300892,Ranunculus,buttercups,Plantae,49.2442690395,-122.9360353948,2024-04-28
211301044,Frangula purshiana,Cascara,Plantae,49.1544858046,-122.62872162,2024-04-27
211301055,Coeloxylosteum,Eurasian bush honeysuckles,Plantae,49.2445019726,-122.9356703629,2024-04-28
211301104,Cytisus scoparius,Scotch Broom,Plantae,49.0247112047,-123.0950696022,2024-04-28
211301179,Dicranum tauricum,Fragile Fork-moss,Plantae,49.1525621135,-122.7057872401,2024-04-27
211301315,Prunus,"plums, cherries, and allies",Plantae,49.0997732044,-122.6625118758,2024-04-27
211301823,Armadillidium vulgare,Common Pill Woodlouse,Animalia,49.3809447282,-123.0605302318,2024-04-28
211301944,Oxychilus draparnaudi,Draparnaud's Glass Snail,Mollusca,49.3711931433,-123.0039068344,2024-04-28
211302245,Lasius,"Citronella Ants, Fuzzy Ants, and Allies",Insecta,49.2553619472,-123.177286809,2024-04-28
211302407,Kobeltia,hortensis-group Arion Slugs,Mollusca,49.2780811941,-123.1172921134,2024-04-28
211302631,Scapanus orarius,Coast Mole,Mammalia,49.0471960175,-122.7696954432,2024-04-27
211302647,Kobeltia,hortensis-group Arion Slugs,Mollusca,49.2154786893,-123.11234644,2024-04-28
211302741,Kobeltia,hortensis-group Arion Slugs,Mollusca,49.3000565043,-123.0250443174,2024-04-28
211302820,Amelanchier alnifolia,Saskatoon,Plantae,49.33329659,-123.25730116,2024-04-28
211302821,Rubus spectabilis,Salmonberry,Plantae,49.33347899,-123.25746782,2024-04-28
211302823,Rhizomnium glabrescens,rhizomnium moss,Plantae,49.33366463,-123.25759548,2024-04-28
211302832,Berberis nervosa,Cascade Oregon-grape,Plantae,49.33370359,-123.25763627,2024-04-28
211302849,Vaccinium,"blueberries, cranberries, and allies",Plantae,49.33379353,-123.25775035,2024-04-28
211302857,Rubus ursinus,trailing blackberry,Plantae,49.3337943219,-123.2579595254,2024-04-28
211302868,Geranium robertianum,Herb Robert,Plantae,49.333780319,-123.2580330937,2024-04-28
211302881,Erythronium oregonum,giant white fawn lily,Plantae,49.33315997,-123.2572402699,2024-04-28
211302894,Rosa nutkana,Nootka rose,Plantae,49.33315997,-123.2572402699,2024-04-28
211302908,Amelanchier alnifolia,Saskatoon,Plantae,49.3331427527,-123.2572393802,2024-04-28
211302921,Polytrichum juniperinum,juniper haircap moss,Plantae,49.3331566667,-123.2572686594,2024-04-28
211302936,Anthoxanthum odoratum,sweet vernal grass,Plantae,49.3331838782,-123.2572549017,2024-04-28
211302949,Hypochaeris radicata,Common Cat's-ear,Plantae,49.3331280493,-123.2574100503,2024-04-28
211302961,Aira praecox,early hair grass,Plantae,49.333089934,-123.2575149613,2024-04-28
211302970,Pseudotsuga menziesii,Douglas-fir,Plantae,49.3330584201,-123.2575148499,2024-04-28
211302983,Callitriche,Water Starworts,Plantae,49.3329750419,-123.2575887352,2024-04-28
211302993,Polytrichum piliferum,bristly haircap moss,Plantae,49.3330036386,-123.2576962126,2024-04-28
211303013,Selaginella wallacei,Wallace's spikemoss,Plantae,49.3330656662,-123.2576913261,2024-04-28
211303028,Dicranum tauricum,Fragile Fork-moss,Plantae,49.33306811,-123.25769327,2024-04-28
211303040,Cladonia portentosa,Reindeer Lichen,Fungi,49.33306811,-123.25769327,2024-04-28
211303054,Anthoxanthum,sweetgrasses,Plantae,49.33306811,-123.25769327,2024-04-28
211303058,Montanelia panniformis,Shingled Camouflage Lichen,Fungi,49.33306811,-123.25769327,2024-04-28
211303059,Xanthoparmelia,rock shield lichens,Fungi,49.33306811,-123.25769327,2024-04-28
211303060,Racomitrium elongatum,Elongate Rock Moss,Plantae,49.33306811,-123.25769327,2024-04-28
211303066,Grindelia stricta,Oregon Gumplant,Plantae,49.3330650429,-123.2576960519,2024-04-28
211303069,Rubus ursinus,trailing blackberry,Plantae,49.33291769,-123.25777926,2024-04-28
211303079,Racomitrium,,Plantae,49.3329619716,-123.2574878,2024-04-28
211303090,Pinus contorta contorta,Shore Pine,Plantae,49.3329150259,-123.2576877671,2024-04-28
211303106,Xanthoparmelia,rock shield lichens,Fungi,49.3328997687,-123.2576418812,2024-04-28
211303127,Amelanchier alnifolia,Saskatoon,Plantae,49.33289846,-123.25764307,2024-04-28
211303140,Capnoides sempervirens,rock harlequin,Plantae,49.33289846,-123.25764307,2024-04-28
211303147,Aira praecox,early hair grass,Plantae,49.33289846,-123.25764307,2024-04-28
211303165,Amelanchier alnifolia,Saskatoon,Plantae,49.33289846,-123.25764307,2024-04-28
211303181,Dicranum,Forkmosses,Plantae,49.33289846,-123.25764307,2024-04-28
211303195,Hypochaeris radicata,Common Cat's-ear,Plantae,49.33289846,-123.25764307,2024-04-28
211303213,Polytrichum piliferum,bristly haircap moss,Plantae,49.33289846,-123.25764307,2024-04-28
211303226,Gaultheria shallon,salal,Plantae,49.33289846,-123.25764307,2024-04-28
211303231,Setophaga coronata auduboni,Audubon's Warbler,Aves,49.2708694106,-123.1939828493,2024-04-28
211303233,Spatula cyanoptera,Cinnamon Teal,Aves,49.2707504684,-123.1938227796,2024-04-28
211303234,Corvus brachyrhynchos,American Crow,Aves,49.2709386099,-123.1937055023,2024-04-28
211303237,Hymenoloma crispulum,mountain pincushion,Plantae,49.33289846,-123.25764307,2024-04-28
211303250,Arbutus menziesii,Pacific madrone,Plantae,49.33289846,-123.25764307,2024-04-28
211303262,Pinus contorta contorta,Shore Pine,Plantae,49.33289846,-123.25764307,2024-04-28
211303283,Amelanchier alnifolia,Saskatoon,Plantae,49.33289846,-123.25764307,2024-04-28
211303305,Campylopus introflexus,Heath Star-moss,Plantae,49.33289846,-123.25764307,2024-04-28
211303321,Hypochaeris radicata,Common Cat's-ear,Plantae,49.33289846,-123.25764307,2024-04-28
211303331,Cytisus scoparius,Scotch Broom,Plantae,49.3329813199,-123.25717154,2024-04-28
211303343,Polytrichum juniperinum,juniper haircap moss,Plantae,49.33305382,-123.25717118,2024-04-28
211303357,Dicranum tauricum,Fragile Fork-moss,Plantae,49.33305579,-123.25718621,2024-04-28
211304325,Zonotrichia leucophrys,White-crowned Sparrow,Aves,49.3481116451,-123.0274413899,2024-04-28
211304616,Kobeltia,hortensis-group Arion Slugs,Mollusca,49.2068116867,-123.0603417946,2024-04-28
211304686,Kobeltia,hortensis-group Arion Slugs,Mollusca,49.2868759752,-123.1431353446,2024-04-28
211304743,Arion hortensis,Garden Arion,Mollusca,49.3250778236,-123.0110367613,2024-04-28
211304825,Arion hortensis,Garden Arion,Mollusca,49.3663821297,-123.1340821949,2024-04-28
211304864,Arion hortensis,Garden Arion,Mollusca,49.2543605259,-123.1199886354,2024-04-28
211304886,Cyanocitta stelleri,Steller's Jay,Aves,49.3481116451,-123.0274413899,2024-04-28
211304928,Lasius,"Citronella Ants, Fuzzy Ants, and Allies",Insecta,49.3372674673,-123.1174098844,2024-04-28
211304978,Julidae,,Animalia,49.2024630017,-123.1515217429,2024-04-28
211305086,Psyllobora,Fungus-eating Lady Beetles,Insecta,49.2606923124,-123.1194639708,2024-04-28
211305162,Lasius,"Citronella Ants, Fuzzy Ants, and Allies",Insecta,49.2796442737,-123.1924006264,2024-04-28
211305206,Hedera helix,common ivy,Plantae,49.3474240161,-123.023353928,2024-04-28
211306410,Lysichiton americanus,western skunk cabbage,Plantae,49.3557366667,-123.0256805,2024-04-28
211306545,Acer platanoides,Norway maple,Plantae,49.26678613,-123.12471821,2024-04-28
211306621,Dicentra formosa,Pacific Bleeding Heart,Plantae,49.3487333333,-123.0223778333,2024-04-28
211306786,Rumex acetosella,Sheep's sorrel,Plantae,49.3318604601,-123.26265844,2024-04-28
211306788,Polytrichum juniperinum,juniper haircap moss,Plantae,49.33174801,-123.2625922601,2024-04-28
211306789,Arbutus menziesii,Pacific madrone,Plantae,49.33171901,-123.26277807,2024-04-28
211306793,Poa annua,Annual Meadow-grass,Plantae,49.33173758,-123.26277995,2024-04-28
211306794,Goodyera oblongifolia,Western Rattlesnake Plantain,Plantae,49.33171688,-123.26285894,2024-04-28
211306798,Claytonia washingtoniana,Washington Springbeauty,Plantae,49.3317092803,-123.2628775027,2024-04-28
211306801,Magnoliopsida,Dicots,Plantae,49.3337685451,-123.2580768054,2024-04-28
211306803,Holodiscus discolor,Ocean spray,Plantae,49.33382902,-123.258134011,2024-04-28
211306809,Gaultheria shallon,salal,Plantae,49.3339313104,-123.2583318545,2024-04-28
211306811,Amelanchier alnifolia,Saskatoon,Plantae,49.3339346398,-123.2584116369,2024-04-28
211306812,Polypodium glycyrrhiza,licorice fern,Plantae,49.33396027,-123.2585450701,2024-04-28
211306815,Pteridium aquilinum,common bracken,Plantae,49.3340453002,-123.2586696953,2024-04-28
211306818,Polystichum munitum,western sword fern,Plantae,49.3345131229,-123.2598066365,2024-04-28
211306821,Gaultheria shallon,salal,Plantae,49.3347309312,-123.2602281029,2024-04-28
211306830,Dicranum tauricum,Fragile Fork-moss,Plantae,49.3347759105,-123.2609561905,2024-04-28
211306832,Geranium robertianum,Herb Robert,Plantae,49.3347563406,-123.2611154796,2024-04-28
211306836,Montia parvifolia,Small-leaved Blinks,Plantae,49.3347458086,-123.2611321283,2024-04-28
211306842,Gaultheria shallon,salal,Plantae,49.33460019,-123.26126977,2024-04-28
211306844,Gaultheria shallon,salal,Plantae,49.33443406,-123.2613908099,2024-04-28
211306848,Polypodium glycyrrhiza,licorice fern,Plantae,49.33442771,-123.2614521,2024-04-28
211306858,Mycelis muralis,Wall Lettuce,Plantae,49.33441218,-123.26147023,2024-04-28
211306871,Berberis nervosa,Cascade Oregon-grape,Plantae,49.33440688,-123.2616535199,2024-04-28
211306878,Acer macrophyllum,bigleaf maple,Plantae,49.33400631,-123.26178449,2024-04-28
211306885,Gaultheria shallon,salal,Plantae,49.33388183,-123.26175853,2024-04-28
211306892,Mycelis muralis,Wall Lettuce,Plantae,49.33340167,-123.26204802,2024-04-28
211306895,Berberis nervosa,Cascade Oregon-grape,Plantae,49.3331266499,-123.26231935,2024-04-28
211306907,Rubus ursinus,trailing blackberry,Plantae,49.3329813401,-123.26237578,2024-04-28
211306916,Pseudotsuga menziesii,Douglas-fir,Plantae,49.3322391771,-123.2625147479,2024-04-28
211306923,Perideridia gairdneri,Gairdner's Yampah,Plantae,49.3322090309,-123.2624821839,2024-04-28
211306931,Cerastium,Mouse-ear Chickweeds,Plantae,49.3322096901,-123.2624744902,2024-04-28
211306940,Malus fusca,Pacific Crab Apple,Plantae,49.3322014089,-123.2624579501,2024-04-28
211306947,Allium,onions,Plantae,49.33223442,-123.2624598698,2024-04-28
211306957,Sisymbrium officinale,Hedge mustard,Plantae,49.3322569327,-123.2625565994,2024-04-28
211306966,Geranium robertianum,Herb Robert,Plantae,49.33222322,-123.26259856,2024-04-28
211306976,Lapsana communis,nipplewort,Plantae,49.33216218,-123.2627409599,2024-04-28
211306987,Arbutus menziesii,Pacific madrone,Plantae,49.33188633,-123.26289391,2024-04-28
211306995,Marmara arbutiella,Madrone Skin Miner,Insecta,49.33187613,-123.2628629501,2024-04-28
211307006,Prunus,"plums, cherries, and allies",Plantae,49.33186894,-123.2628181,2024-04-28
211307015,Holodiscus discolor,Ocean spray,Plantae,49.3318693101,-123.2628192899,2024-04-28
211307022,Amelanchier alnifolia,Saskatoon,Plantae,49.33185524,-123.2626970899,2024-04-28
211307364,Ceratodon purpureus,Redshank,Plantae,49.229877,-123.233971,2024-04-28
211307367,Cladonia,pixie cup and reindeer lichens,Fungi,49.229877,-123.233971,2024-04-28
211307368,Cladonia,pixie cup and reindeer lichens,Fungi,49.229877,-123.233971,2024-04-28
211307379,Cladonia,pixie cup and reindeer lichens,Fungi,49.229877,-123.233971,2024-04-28
211307382,Cladonia squamosa,Dragon Horn,Fungi,49.229877,-123.233971,2024-04-28
211307385,Dicranoweisia cirrata,Common Pincushion,Plantae,49.229877,-123.233971,2024-04-28
211307396,Cladonia,pixie cup and reindeer lichens,Fungi,49.229877,-123.233971,2024-04-28
211307397,Polytrichum juniperinum,juniper haircap moss,Plantae,49.229877,-123.233971,2024-04-28
211307398,Ardea herodias,Great Blue Heron,Aves,49.2292550051,-123.2357901116,2024-04-28
211307409,Prunus avium,wild cherry,Plantae,49.230141,-123.234428,2024-04-28
211307410,Prunus avium,wild cherry,Plantae,49.230141,-123.234428,2024-04-28
211307411,Gavia immer,Common Loon,Aves,49.2292090797,-123.2361272674,2024-04-28
211307423,Nuttallia obscurata,Purple Mahogany Clam,Mollusca,49.230202,-123.234863,2024-04-28
211307434,Macoma balthica,Baltic Macoma,Mollusca,49.230076,-123.234787,2024-04-28
211307435,Fucus distichus,Rockweed,Chromista,49.230076,-123.234787,2024-04-28
211307448,Metacarcinus magister,Dungeness Crab,Animalia,49.229855,-123.234528,2024-04-28
211307464,Fucus distichus,Rockweed,Chromista,49.229763,-123.234436,2024-04-28
211307465,Metacarcinus magister,Dungeness Crab,Animalia,49.229763,-123.234436,2024-04-28
211307466,Mya arenaria,Soft-shelled Clam,Mollusca,49.229481,-123.233849,2024-04-28
211307483,Nuttallia obscurata,Purple Mahogany Clam,Mollusca,49.227875,-123.23172,2024-04-28
211307484,Metacarcinus magister,Dungeness Crab,Animalia,49.229481,-123.233849,2024-04-28
211307493,Haliaeetus leucocephalus,Bald Eagle,Aves,49.227753,-123.231506,2024-04-28
211307494,Allogona townsendiana,Oregon forestsnail,Mollusca,49.2397931409,-122.8127944384,2024-04-28
211307503,Sargassum muticum,Japanese Wireweed,Chromista,49.227753,-123.231506,2024-04-28
211307504,Teredinidae,Shipworms,Mollusca,49.227612,-123.231247,2024-04-28
211307517,Metacarcinus magister,Dungeness Crab,Animalia,49.227089,-123.230713,2024-04-28
211307518,Lathyrus japonicus,seaside pea,Plantae,49.227058,-123.230286,2024-04-28
211307519,Carex macrocephala,big-head sedge,Plantae,49.22715,-123.230431,2024-04-28
211307525,Larus glaucescens,Glaucous-winged Gull,Aves,49.226971,-123.230202,2024-04-28
211307526,Ambrosia chamissonis,silver beachweed,Plantae,49.226795,-123.230103,2024-04-28
211307527,Trametes versicolor,turkey-tail,Fungi,49.226971,-123.230202,2024-04-28
211307537,Leymus mollis,American lyme grass,Plantae,49.226524,-123.229675,2024-04-28
211309258,Clematis,Clematis and leatherflowers,Plantae,49.2828133333,-123.001580555,2024-04-28
211309435,Schizophyllum commune,splitgill mushroom,Fungi,49.226418,-123.229439,2024-04-28
211309436,Nuttallia,,Mollusca,49.226379,-123.228752,2024-04-28
211309438,Macoma balthica,Baltic Macoma,Mollusca,49.226379,-123.228752,2024-04-28
211309442,Cakile edentula,American searocket,Plantae,49.226437,-123.228577,2024-04-28
211309444,Cakile edentula,American searocket,Plantae,49.226383,-123.228355,2024-04-28
211309445,Cakile edentula,American searocket,Plantae,49.226383,-123.228355,2024-04-28
211309446,Leymus mollis,American lyme grass,Plantae,49.226284,-123.228012,2024-04-28
211309450,Ulva lactuca,Broadleaf Sea Lettuce,Plantae,49.2262,-123.227829,2024-04-28
211309455,Fucus distichus,Rockweed,Chromista,49.2262,-123.227829,2024-04-28
211309459,Mya arenaria,Soft-shelled Clam,Mollusca,49.226185,-123.227684,2024-04-28
211309460,Metacarcinus magister,Dungeness Crab,Animalia,49.226086,-123.22747,2024-04-28
211309461,Clinocardium nuttallii,Nuttall's Cockle,Mollusca,49.226086,-123.22747,2024-04-28
211309468,Nuttallia obscurata,Purple Mahogany Clam,Mollusca,49.226086,-123.22747,2024-04-28
211309478,Noetia,,Mollusca,49.226086,-123.22747,2024-04-28
211309479,Mya arenaria,Soft-shelled Clam,Mollusca,49.226086,-123.22747,2024-04-28
211309480,Noetia,,Mollusca,49.226086,-123.22747,2024-04-28
211309482,Leymus mollis,American lyme grass,Plantae,49.225689,-123.226677,2024-04-28
211309487,Carex,true sedges,Plantae,49.225605,-123.226486,2024-04-28
211309488,Carex macrocephala,big-head sedge,Plantae,49.225491,-123.226357,2024-04-28
211309489,Schizophyllum commune,splitgill mushroom,Fungi,49.225418,-123.226219,2024-04-28
211309502,Ambrosia chamissonis,silver beachweed,Plantae,49.225277,-123.225441,2024-04-28
211309504,Sterna hirundo,Common Tern,Aves,49.225315,-123.225906,2024-04-28
211309511,Lathyrus japonicus,seaside pea,Plantae,49.22533,-123.225281,2024-04-28
211309513,Melilotus albus,White Sweetclover,Plantae,49.225414,-123.22538,2024-04-28
211309514,Vicia,Vetches,Plantae,49.225506,-123.225449,2024-04-28
211309521,Cladonia,pixie cup and reindeer lichens,Fungi,49.225506,-123.225449,2024-04-28
211309528,Selasphorus rufus,Rufous Hummingbird,Aves,49.225258,-123.224533,2024-04-28
211309529,Pipilo maculatus,Spotted Towhee,Aves,49.225407,-123.224869,2024-04-28
211309584,Castor canadensis,American Beaver,Mammalia,49.1231672503,-123.1808659832,2024-04-28
211309949,Spatula clypeata,Northern Shoveler,Aves,49.2705503641,-123.1937267811,2024-04-28
211309953,Nannopterum auritum,Double-crested Cormorant,Aves,49.270691372,-123.19405003,2024-04-28
211309955,Setophaga coronata coronata,Myrtle Warbler,Aves,49.2708125367,-123.194595114,2024-04-28
211310374,Lysimachia latifolia,Western Starflower,Plantae,49.3361835503,-123.2626468405,2024-04-28
211310380,Osmorhiza,sweet cicely,Plantae,49.3361976516,-123.262638557,2024-04-28
211310384,Acer macrophyllum,bigleaf maple,Plantae,49.3361793298,-123.2626769102,2024-04-28
211310404,Ariolimax columbianus,Pacific Banana Slug,Mollusca,49.3362778017,-123.2626498401,2024-04-28
211310415,Oxalis oregana,Oregon woodsorrel,Plantae,49.33683273,-123.2626913,2024-04-28
211310425,Ptychostomum capillare,Capillary Thread-moss,Plantae,49.33171317,-123.2628803801,2024-04-28
211310436,Anthoxanthum odoratum,sweet vernal grass,Plantae,49.33170913,-123.2628548,2024-04-28
211310440,Quercus,oaks,Plantae,49.3318346926,-123.2630683872,2024-04-28
211310441,Polypodium glycyrrhiza,licorice fern,Plantae,49.33170913,-123.2628548,2024-04-28
211310442,Geranium robertianum,Herb Robert,Plantae,49.3318526912,-123.2630583904,2024-04-28
211310453,Sanicula crassicaulis,Pacific Sanicle,Plantae,49.3318664695,-123.2630456297,2024-04-28
211310454,Berberis nervosa,Cascade Oregon-grape,Plantae,49.3319499552,-123.2634077903,2024-04-28
211310456,Galium,bedstraws,Plantae,49.331842301,-123.2630846357,2024-04-28
211310476,Sanicula crassicaulis,Pacific Sanicle,Plantae,49.3319768389,-123.263443998,2024-04-28
211310489,Pteridium aquilinum,common bracken,Plantae,49.3322996901,-123.26334323,2024-04-28
211310501,Gaultheria shallon,salal,Plantae,49.33245434,-123.26337936,2024-04-28
211310511,Osmorhiza,sweet cicely,Plantae,49.33262787,-123.26338465,2024-04-28
211310521,Amelanchier alnifolia,Saskatoon,Plantae,49.33272462,-123.26340477,2024-04-28
211310530,Prunus avium,wild cherry,Plantae,49.3331055901,-123.26334484,2024-04-28
211310540,Gaultheria shallon,salal,Plantae,49.33351867,-123.2632697599,2024-04-28
211310550,Rubus ursinus,trailing blackberry,Plantae,49.33366391,-123.2632699401,2024-04-28
211310560,Sanicula crassicaulis,Pacific Sanicle,Plantae,49.33383774,-123.2632044801,2024-04-28
211310569,Maianthemum dilatatum,Western Lily of the Valley,Plantae,49.33389998,-123.26316682,2024-04-28
211310576,Berberis nervosa,Cascade Oregon-grape,Plantae,49.33396023,-123.2631690101,2024-04-28
211310587,Osmorhiza berteroi,mountain sweet cicely,Plantae,49.33424312,-123.26317319,2024-04-28
211310592,Berberis nervosa,Cascade Oregon-grape,Plantae,49.33466013,-123.26317829,2024-04-28
211310603,Rubus spectabilis,Salmonberry,Plantae,49.33490198,-123.26320635,2024-04-28
211310612,Cameraria gaultheriella,gaultheria leafminer moth,Insecta,49.33489951,-123.26321459,2024-04-28
211310621,Dicentra formosa,Pacific Bleeding Heart,Plantae,49.33514616,-123.26337481,2024-04-28
211310635,Tellima grandiflora,fringe cups,Plantae,49.33514713,-123.26337451,2024-04-28
211310646,Ribes divaricatum,spreading gooseberry,Plantae,49.3353731303,-123.2634978404,2024-04-28
211310658,Leucolepis acanthoneura,Menzies' Tree Moss,Plantae,49.33542174,-123.2635523803,2024-04-28
211310663,Kindbergia oregana,Oregon Beaked Moss,Plantae,49.3354423453,-123.2635544108,2024-04-28
211310764,Angiospermae,Flowering Plants,Plantae,49.2756656641,-123.0763965728,2024-04-28
211311393,Acer circinatum,Vine Maple,Plantae,49.2398273495,-122.8128108854,2024-04-28
211312395,Agelaius phoeniceus,Red-winged Blackbird,Aves,49.2708819391,-123.193877215,2024-04-28
211313152,Brassiceae,,Plantae,49.2302685892,-122.8145483689,2024-04-28
211313461,Tellima grandiflora,fringe cups,Plantae,49.20092114,-122.55394986,2024-04-28
211313747,Dicentra formosa,Pacific Bleeding Heart,Plantae,49.3240194339,-122.9588860814,2024-04-28
211314114,Tanacetum vulgare,tansy,Plantae,49.2305522309,-122.8143133413,2024-04-28
211314317,Tellima grandiflora,fringe cups,Plantae,49.2758666667,-123.2258133333,2024-04-28
211317307,Tipula oleracea,Marsh Crane Fly,Insecta,49.24478,-123.1062695,2024-04-27
211318108,Polypodiales,,Plantae,49.2292137304,-122.8151185148,2024-04-28
211318701,Urtica dioica,,Plantae,49.231479869,-122.8141624979,2024-04-28
211318704,Sagmatias obliquidens,Pacific White-sided Dolphin,Mammalia,49.3242603744,-122.9115673205,2024-04-26
211319101,Ranunculus,buttercups,Plantae,49.2724611111,-123.2133388889,2024-04-28
211319562,Symphytum,Comfreys,Plantae,49.2300251922,-122.8149526507,2024-04-28
211319942,Strigamia,,Animalia,49.0326167644,-123.0740517286,2024-04-28
211320373,Convallaria majalis,European lily of the valley,Plantae,49.032575,-123.0741805,2024-04-28
211320474,Sambucus racemosa,red-berried elder,Plantae,49.233700138,-122.8089884688,2024-04-28
211320908,Ribes sanguineum,Red-flowering Currant,Plantae,49.2356237383,-122.8100140517,2024-04-28
211321910,Cercis,redbuds,Plantae,49.2615436861,-123.0793656296,2024-04-28
211322136,Allogona townsendiana,Oregon forestsnail,Mollusca,49.2339554046,-122.8015523732,2024-04-28
211322394,Hedera helix,common ivy,Plantae,49.1082153284,-122.842280958,2024-04-28
211322402,Lumbricidae,Lumbricid Earthworms,Animalia,49.0325083333,-123.074075,2024-04-28
211322977,Chroicocephalus philadelphia,Bonaparte's Gull,Aves,49.225067,-123.223923,2024-04-28
211322979,Anas platyrhynchos,Mallard,Aves,49.2955349028,-123.1467825919,2024-04-28
211322983,Teesdalia nudicaulis,Shepherd's Cress,Plantae,49.22501,-123.223541,2024-04-28
211322989,Chroicocephalus philadelphia,Bonaparte's Gull,Aves,49.225067,-123.223923,2024-04-28
211322998,Cerastium glomeratum,Sticky mouse-ear chickweed,Plantae,49.224945,-123.223312,2024-04-28
211322999,Haliaeetus leucocephalus,Bald Eagle,Aves,49.22501,-123.223541,2024-04-28
211323007,Vicia,Vetches,Plantae,49.224945,-123.223312,2024-04-28
211323008,Hydroprogne caspia,Caspian Tern,Aves,49.224945,-123.223312,2024-04-28
211323017,Spinus tristis,American Goldfinch,Aves,49.224709,-123.222374,2024-04-28
211323018,Apiaceae,carrot family,Plantae,49.224937,-123.223129,2024-04-28
211323020,Robinia pseudoacacia,black locust,Plantae,49.224758,-123.222527,2024-04-28
211323033,Melilotus albus,White Sweetclover,Plantae,49.224579,-123.222015,2024-04-28
211323035,Selasphorus rufus,Rufous Hummingbird,Aves,49.224709,-123.222374,2024-04-28
211323036,Verbascum blattaria,moth mullein,Plantae,49.224579,-123.222015,2024-04-28
211323039,Deroceras reticulatum,Milky Slug,Mollusca,49.0324471667,-123.0742638333,2024-04-28
211323043,Nannopterum auritum,Double-crested Cormorant,Aves,49.224514,-123.22184,2024-04-28
211323057,Nannopterum auritum,Double-crested Cormorant,Aves,49.224449,-123.22142,2024-04-28
211323058,Nannopterum auritum,Double-crested Cormorant,Aves,49.224449,-123.22142,2024-04-28
211323061,Buddleja davidii,Butterfly bush,Plantae,49.224449,-123.22142,2024-04-28
211323071,Populus trichocarpa,black cottonwood,Plantae,49.224449,-123.22142,2024-04-28
211323073,Equisetum arvense,field horsetail,Plantae,49.224365,-123.221184,2024-04-28
211323085,Vicia,Vetches,Plantae,49.224365,-123.221184,2024-04-28
211323088,Lathyrus japonicus,seaside pea,Plantae,49.224365,-123.221184,2024-04-28
211323099,Calystegia silvatica,large bindweed,Plantae,49.224319,-123.220993,2024-04-28
211323101,Melilotus,melilots and sweetclovers,Plantae,49.224319,-123.220993,2024-04-28
211323110,Hydroprogne caspia,Caspian Tern,Aves,49.224091,-123.220474,2024-04-28
211323111,Larus glaucescens,Glaucous-winged Gull,Aves,49.224018,-123.22007,2024-04-28
211323124,Nannopterum auritum,Double-crested Cormorant,Aves,49.224049,-123.219719,2024-04-28
211323128,Hydroprogne caspia,Caspian Tern,Aves,49.224072,-123.219902,2024-04-28
211323131,Pipilo maculatus,Spotted Towhee,Aves,49.224106,-123.219582,2024-04-28
211323140,Sterna hirundo,Common Tern,Aves,49.224106,-123.219582,2024-04-28
211323149,Daucus carota,wild carrot,Plantae,49.224041,-123.219421,2024-04-28
211323153,Turdus migratorius,American Robin,Aves,49.22364,-123.218552,2024-04-28
211323158,Draba verna,Common Whitlowgrass,Plantae,49.22364,-123.218552,2024-04-28
211323167,Coprinus comatus,Shaggy Mane,Fungi,49.223518,-123.218353,2024-04-28
211323171,Myosotis discolor,Changing Forget-me-not,Plantae,49.223518,-123.218353,2024-04-28
211323174,Dysdera crocata,Woodlouse Spider,Arachnida,49.223518,-123.218353,2024-04-28
211323180,Crinocheta,,Animalia,49.223518,-123.218353,2024-04-28
211323183,Cepaea nemoralis,Brown-lipped Snail,Mollusca,49.223518,-123.218353,2024-04-28
211323431,Arion ater,Black Slug,Mollusca,49.2405018508,-122.8112593773,2024-04-28
211323773,Branta hutchinsii minima,Small Cackling Goose,Aves,49.2938289439,-123.1404458731,2024-04-28
211324006,Populus trichocarpa,black cottonwood,Plantae,49.2345469115,-122.8087162152,2024-04-28
211324058,Equisetum telmateia,great horsetail,Plantae,49.2315380532,-122.8115126373,2024-04-28
211324117,Urile pelagicus,Pelagic Cormorant,Aves,49.2711109722,-123.120164,2024-04-28
211324328,Tachycineta thalassina,Violet-green Swallow,Aves,49.2968133494,-123.138204217,2024-04-28
211324423,Hedera helix,common ivy,Plantae,49.1079806903,-122.8421442363,2024-04-28
211324490,Cerrena,,Fungi,49.2326472497,-122.8066724311,2024-04-28
211324686,Corvus brachyrhynchos,American Crow,Aves,49.2426932139,-122.9348998202,2024-04-28
211324690,Branta canadensis,Canada Goose,Aves,49.2426932139,-122.9348998202,2024-04-28
211324692,Columba livia domestica,Feral Pigeon,Aves,49.2426932139,-122.9348998202,2024-04-28
211324701,Molothrus ater,Brown-headed Cowbird,Aves,49.2426932139,-122.9348998202,2024-04-28
211324702,Branta canadensis,Canada Goose,Aves,49.2426932139,-122.9348998202,2024-04-28
211324706,Molothrus ater,Brown-headed Cowbird,Aves,49.2426932139,-122.9348998202,2024-04-28
211324720,Agelaius phoeniceus,Red-winged Blackbird,Aves,49.2426932139,-122.9348998202,2024-04-28
211324721,Agelaius phoeniceus,Red-winged Blackbird,Aves,49.2426932139,-122.9348998202,2024-04-28
211324725,Fulica americana,American Coot,Aves,49.2426932139,-122.9348998202,2024-04-28
211324732,Anas crecca,Green-winged Teal,Aves,49.2426932139,-122.9348998202,2024-04-28
211324734,Antigone canadensis,Sandhill Crane,Aves,49.2426932139,-122.9348998202,2024-04-28
211324737,Aix sponsa,Wood Duck,Aves,49.2426932139,-122.9348998202,2024-04-28
211324748,Agelaius phoeniceus,Red-winged Blackbird,Aves,49.2426932139,-122.9348998202,2024-04-28
211324751,Agelaius phoeniceus,Red-winged Blackbird,Aves,49.2426932139,-122.9348998202,2024-04-28
211324764,Passerella iliaca,Fox Sparrow,Aves,49.2426932139,-122.9348998202,2024-04-28
211324768,Molothrus ater,Brown-headed Cowbird,Aves,49.2426932139,-122.9348998202,2024-04-28
211325093,Aythya collaris,Ring-necked Duck,Aves,49.2969981059,-123.138852641,2024-04-28
211325096,Symphoricarpos albus,Common Snowberry,Plantae,49.2323353045,-122.8070437906,2024-04-28
211325582,Gloeophyllum sepiarium,Conifer Mazegill,Fungi,49.259922,-123.034261,2024-04-28
211325856,Armillaria sinapina,,Fungi,49.2301600162,-122.8151535975,2024-04-28
211325912,Lonicera,honeysuckles,Plantae,49.2324063452,-122.8070846954,2024-04-28
211325942,Rubus spectabilis,Salmonberry,Plantae,49.108055695,-122.8423525394,2024-04-28
211326432,Coprinopsis lagopus,hare's foot inkcap,Fungi,49.2320690741,-122.8075151509,2024-04-28
211327195,Arctium,burdocks,Plantae,49.2321189012,-122.8151580721,2024-04-28
211328010,Cepaea nemoralis,Brown-lipped Snail,Mollusca,49.2400333333,-122.8120283333,2024-04-28
211328059,Amelanchier alnifolia,Saskatoon,Plantae,49.2325295542,-122.8073662923,2024-04-28
211328670,Betula nigra,river birch,Plantae,49.2312352043,-122.8079051636,2024-04-28
211328818,Carduinae,Thistles and Burdocks,Plantae,49.2311103286,-122.807076005,2024-04-28
211329112,Polypodium glycyrrhiza,licorice fern,Plantae,49.2313762561,-122.8080583332,2024-04-28
211329612,Arion,Arion Slugs,Mollusca,49.2600467997,-122.7214091997,2024-04-28
211329778,Evernia,oakmoss lichens,Fungi,49.2306741778,-122.8058990873,2024-04-28
211330040,Polycauliona,,Fungi,49.2616299997,-122.7199111997,2024-04-28
211330489,Tetrix subulata,Slender Groundhopper,Insecta,49.2617485,-122.7199923997,2024-04-28
211330950,Corbicula fluminea,Asian Clam,Mollusca,49.2360226717,-122.7667632792,2024-04-28
211331231,Trametes versicolor,turkey-tail,Fungi,49.1979866667,-122.9227616667,2024-04-28
211331345,Phasianus colchicus,Ring-necked Pheasant,Aves,49.1039003762,-123.0817171742,2024-04-27
211331346,Molothrus ater,Brown-headed Cowbird,Aves,49.0985799938,-123.1807854818,2024-04-27
211331347,Calypte anna,Anna's Hummingbird,Aves,49.0993535503,-123.1840549654,2024-04-27
211331353,Haliaeetus leucocephalus,Bald Eagle,Aves,49.0988999927,-123.1829256018,2024-04-27
211331354,Tachycineta bicolor,Tree Swallow,Aves,49.0999959599,-123.1834110045,2024-04-27
211331356,Leiothlypis celata lutescens,Pacific Orange-crowned Warbler,Aves,49.0982902812,-123.1815004357,2024-04-27
211331364,Mareca strepera,Gadwall,Aves,49.1003682828,-123.1817064697,2024-04-27
211331366,Anas crecca,Green-winged Teal,Aves,49.0993567366,-123.1823843259,2024-04-27
211331371,Passer domesticus,House Sparrow,Aves,49.0992479922,-123.182465754,2024-04-27
211331379,Cistothorus palustris,Marsh Wren,Aves,49.0959248445,-123.182426601,2024-04-27
211331381,Cygnus olor,Mute Swan,Aves,49.079601291,-123.1280422133,2024-04-27
211331384,Circus hudsonius,Northern Harrier,Aves,49.0995931499,-123.1826781211,2024-04-27
211331389,Circus hudsonius,Northern Harrier,Aves,49.0995931366,-123.1823348031,2024-04-27
211331391,Circus hudsonius,Northern Harrier,Aves,49.0986939714,-123.184566401,2024-04-27
211331392,Pipilo maculatus,Spotted Towhee,Aves,49.0991435561,-123.1835364327,2024-04-27
211331398,Aix sponsa,Wood Duck,Aves,49.098806368,-123.1830214486,2024-04-27
211331399,Setophaga coronata,Yellow-rumped Warbler,Aves,49.0994807419,-123.1828497872,2024-04-27
211331415,Gloeophyllum sepiarium,Conifer Mazegill,Fungi,49.2607264,-122.7208689997,2024-04-28
211332040,Dacrymyces stillatus,Jelly Spot Fungus,Fungi,49.2607264,-122.7208689997,2024-04-28
211332691,Hygrocyboideae,,Fungi,49.2532913,-122.7283235,2024-04-28
211332815,Petasites japonicus,Giant Butterbur,Plantae,49.3349639997,-123.1073923997,2024-04-28
211333164,Lepidium,Pepperweeds,Plantae,49.258473,-122.7228097997,2024-04-28
211333578,Physinae,,Mollusca,49.2712105,-122.7164113997,2024-04-28
211334011,Colymbetinae,,Insecta,49.2712615,-122.716414,2024-04-28
211334298,Boeremia hedericola,,Fungi,49.14101112,-123.18145562,2024-04-28
211334422,Pipilo maculatus,Spotted Towhee,Aves,49.340561112,-123.0424444992,2024-04-28
211334501,Gasterosteus aculeatus,Threespine Stickleback,Actinopterygii,49.2712812997,-122.7164417997,2024-04-28
211334549,Hyacinthoides hispanica,Spanish Bluebell,Plantae,49.14075331,-123.18157203,2024-04-28
211334768,Sonchus asper,prickly sowthistle,Plantae,49.14074074,-123.18152636,2024-04-28
211334905,Dytiscus hatchi,,Insecta,49.2711752,-122.7165906997,2024-04-28
211335966,Phalaris arundinacea,reed canary grass,Plantae,49.14078265,-123.18142474,2024-04-28
211336143,Rosa,roses,Plantae,49.1408943,-123.18041141,2024-04-28
211336303,Zonotrichia leucophrys,White-crowned Sparrow,Aves,49.14093693,-123.17999105,2024-04-28
211336495,Myosotis arvensis,field forget-me-not,Plantae,49.14096984,-123.17906919,2024-04-28
211336625,Circinaria contorta,Chiseled Sunken Disk Lichen,Fungi,49.14092898,-123.17871345,2024-04-28
211336840,Melilotus,melilots and sweetclovers,Plantae,49.14093855,-123.17837241,2024-04-28
211336911,Dicentra formosa,Pacific Bleeding Heart,Plantae,49.305645,-122.8593666667,2024-04-28
211336951,Anas platyrhynchos,Mallard,Aves,49.14082199,-123.17844467,2024-04-28
211336994,Buellia erubescens,Common Button Lichen,Fungi,49.1406061,-123.17855969,2024-04-28
211337039,Numenius hudsonicus,Hudsonian Whimbrel,Aves,49.0624264724,-122.8763195245,2024-04-27
211337041,Limosa fedoa,Marbled Godwit,Aves,49.0622999657,-122.8764134018,2024-04-27
211337042,Hydroprogne caspia,Caspian Tern,Aves,49.0623895974,-122.8761264055,2024-04-27
211337178,Parmelia sulcata,Netted shield lichen,Fungi,49.14058462,-123.17842437,2024-04-28
211337335,Hedera,ivies,Plantae,49.14054206,-123.17833175,2024-04-28
211337561,Montia fontana,blinks,Plantae,49.14049699,-123.178327,2024-04-28
211337823,Lamium galeobdolon argentatum,Variegated Yellow Archangel,Plantae,49.14049279,-123.17835173,2024-04-28
211338046,Turdus migratorius,American Robin,Aves,49.13934111,-123.17831915,2024-04-28
211338383,Cerastium glomeratum,Sticky mouse-ear chickweed,Plantae,49.13884094,-123.17834646,2024-04-28
211338514,Acer circinatum,Vine Maple,Plantae,49.3056333333,-122.8593616667,2024-04-28
211338633,Polygonum aviculare,Prostrate Knotweed,Plantae,49.13925385,-123.17832291,2024-04-28
211338852,Tracheophyta,Vascular Plants,Plantae,49.13920064,-123.17830345,2024-04-28
211338962,Lecanora hybocarpa,Bumpy Rim-lichen,Fungi,49.13969658,-123.17826326,2024-04-28
211339204,Branta canadensis,Canada Goose,Aves,49.2993883333,-123.1358721667,2024-04-28
211339952,Rubus parviflorus,thimbleberry,Plantae,49.3056366667,-122.8593533333,2024-04-28
211339980,Ranunculus repens,Creeping buttercup,Plantae,49.14098326,-123.17830933,2024-04-28
211340225,Equisetum arvense,field horsetail,Plantae,49.14104923,-123.17831777,2024-04-28
211340326,Phoca vitulina,Harbor Seal,Mammalia,49.37683,-123.27513,2024-04-28
211340522,Calystegia silvatica,large bindweed,Plantae,49.14112186,-123.17826215,2024-04-28
211340725,Lontra canadensis,North American River Otter,Mammalia,49.37682,-123.2751466667,2024-04-28
211340727,Capsella bursa-pastoris,shepherd's-purse,Plantae,49.1416658,-123.17825864,2024-04-28
211340748,Triphysaria pusilla,dwarf owl's-clover,Plantae,49.271698,-123.198008,2024-04-28
211340913,Spiraea douglasii,Rose Spirea,Plantae,49.30562,-122.8593133333,2024-04-28
211340997,Candelariella efflorescens,Powdery Goldspeck,Fungi,49.14113635,-123.18131931,2024-04-28
211341079,Aceria macrorhyncha,Maple gall mite,Arachnida,49.14155587,-123.18145431,2024-04-28
211341494,Cardamine,Bittercresses and Toothworts,Plantae,49.305605,-122.8592616667,2024-04-28
211341520,Gonidea angulata,Western Ridged Mussel,Mollusca,49.2364283333,-122.7620083333,2024-04-28
211341631,Branta canadensis,Canada Goose,Aves,49.2404216667,-122.7550716667,2024-04-28
211341672,Salix sitchensis,Sitka willow,Plantae,49.2600029722,-123.037548,2024-04-28
211341828,Ardea herodias,Great Blue Heron,Aves,49.2391783333,-122.7573166667,2024-04-28
211342160,Rubus spectabilis,Salmonberry,Plantae,49.3055283333,-122.8592616667,2024-04-28
211342167,Polydesmus,,Animalia,49.2409833333,-122.753555,2024-04-28
211342291,Cepaea nemoralis,Brown-lipped Snail,Mollusca,49.23598,-122.76455,2024-04-28
211342826,Marmara arbutiella,Madrone Skin Miner,Insecta,49.2732529722,-123.1990519722,2024-04-28
211342831,Tsuga heterophylla,western hemlock,Plantae,49.30557,-122.8592083333,2024-04-28
211342843,Araneoidea,Orbweavers and Allies,Arachnida,49.245545,-122.959175,2024-04-28
211342869,Columba livia domestica,Feral Pigeon,Aves,49.2590519722,-123.045094,2024-04-28
211343149,Lysimachia latifolia,Western Starflower,Plantae,49.3055416667,-122.8591466667,2024-04-28
211343668,Hemigrapsus nudus,Purple Shore Crab,Animalia,49.2749459722,-123.1987809722,2024-04-28
211343833,Tolmiea menziesii,Youth-on-Age,Plantae,49.30558,-122.8591466667,2024-04-28
211344481,Ribes bracteosum,Stink Currant,Plantae,49.3055916667,-122.8591216667,2024-04-28
211344980,Geum macrophyllum,Large-leaved Avens,Plantae,49.3055833333,-122.8591466667,2024-04-28
211345042,Branta canadensis,Canada Goose,Aves,49.2382166667,-122.7591033333,2024-04-27
211345309,Branta canadensis,Canada Goose,Aves,49.2380416667,-122.7592616667,2024-04-27
211346262,Sturnus vulgaris,European Starling,Aves,49.2594701428,-122.8584817416,2024-04-28
211346650,Zonotrichia leucophrys,White-crowned Sparrow,Aves,49.2700566667,-123.116515,2024-04-28
211346963,Agelaius phoeniceus,Red-winged Blackbird,Aves,49.2599576,-122.8581349,2024-04-28
211347225,Peltigera,pelt lichens,Fungi,49.3056809769,-122.8593073405,2024-04-28
211347701,Symphoricarpos albus,Common Snowberry,Plantae,49.0019640281,-122.7707569075,2024-04-27
211347901,Gaultheria shallon,salal,Plantae,49.305625,-122.85917,2024-04-28
211348715,Oemleria cerasiformis,Osoberry,Plantae,49.3054966667,-122.8603133333,2024-04-28
211348892,Spiraea douglasii,Rose Spirea,Plantae,49.1165846497,-122.6168573191,2024-04-27
211349453,Lecanoromycetes,Common Lichens,Fungi,49.0176670963,-122.6986448536,2024-04-27
211350098,Thamnophis sirtalis,Common Garter Snake,Reptilia,49.223442,-123.218018,2024-04-28
211350099,Scarabaeidae,Scarabs,Insecta,49.223442,-123.218018,2024-04-28
211350100,Hyacinthoides,Bluebells,Plantae,49.223442,-123.218018,2024-04-28
211350105,Larus brachyrhynchus,Short-billed Gull,Aves,49.223442,-123.218018,2024-04-28
211350106,Larus brachyrhynchus,Short-billed Gull,Aves,49.223335,-123.217728,2024-04-28
211350111,Hydroprogne caspia,Caspian Tern,Aves,49.223335,-123.217728,2024-04-28
211350115,Dacrymyces stillatus,Jelly Spot Fungus,Fungi,49.223335,-123.217728,2024-04-28
211350118,Porcellio scaber,Common Rough Woodlouse,Animalia,49.223335,-123.217728,2024-04-28
211350120,Ophyiulus pilosus,Furry Snake Millipede,Animalia,49.223335,-123.217728,2024-04-28
211350125,Ceratodon purpureus,Redshank,Plantae,49.222961,-123.216614,2024-04-28
211350126,Geranium molle,Dove's-foot crane's-bill,Plantae,49.221584,-123.213959,2024-04-28
211350127,Cornus nuttallii,Pacific Dogwood,Plantae,49.2215,-123.213684,2024-04-28
211350135,Erodium cicutarium,Redstem Stork's-bill,Plantae,49.221436,-123.213509,2024-04-28
211350137,Malus,apples and crabapples,Plantae,49.221436,-123.213509,2024-04-28
211350139,Lamium purpureum,red deadnettle,Plantae,49.221107,-123.213005,2024-04-28
211350149,Myosotis discolor,Changing Forget-me-not,Plantae,49.221107,-123.213005,2024-04-28
211350150,Sorbus aucuparia,European mountain ash,Plantae,49.221031,-123.212921,2024-04-28
211350151,Cytisus scoparius,Scotch Broom,Plantae,49.220894,-123.212822,2024-04-28
211350156,Logfia minima,Little Cotton-rose,Plantae,49.220894,-123.212822,2024-04-28
211350161,Hypochaeris radicata,Common Cat's-ear,Plantae,49.220894,-123.212822,2024-04-28
211350163,Plantago lanceolata,ribwort plantain,Plantae,49.220894,-123.212822,2024-04-28
211350171,Distichlis spicata,Saltgrass,Plantae,49.220764,-123.212639,2024-04-28
211350173,Teesdalia nudicaulis,Shepherd's Cress,Plantae,49.220203,-123.212425,2024-04-28
211350174,Berberis aquifolium,Oregon grape,Plantae,49.220123,-123.21228,2024-04-28
211350181,Iris pseudacorus,Yellow Iris,Plantae,49.220123,-123.21228,2024-04-28
211350182,Spiraea douglasii,Rose Spirea,Plantae,49.220249,-123.212097,2024-04-28
211350183,Rubus bifrons,Himalayan Blackberry,Plantae,49.220249,-123.212097,2024-04-28
211350188,Pinus contorta contorta,Shore Pine,Plantae,49.220207,-123.21196,2024-04-28
211350192,Alchemilla arvensis,Field Parsley Piert,Plantae,49.220207,-123.21196,2024-04-28
211350195,Iris pseudacorus,Yellow Iris,Plantae,49.220207,-123.21196,2024-04-28
211350201,Typha latifolia,broadleaf cattail,Plantae,49.220207,-123.21196,2024-04-28
211350203,Typha,Cattails,Plantae,49.220207,-123.21196,2024-04-28
211350204,Rumex acetosella,Sheep's sorrel,Plantae,49.220146,-123.211632,2024-04-28
211350210,Scapanus orarius,Coast Mole,Mammalia,49.220146,-123.211632,2024-04-28
211350211,Pseudoscleropodium purum,Neat Feather-moss,Plantae,49.220093,-123.211456,2024-04-28
211350217,Haemorhous mexicanus,House Finch,Aves,49.219944,-123.210915,2024-04-28
211350219,Crataegus douglasii,Black Hawthorn,Plantae,49.219929,-123.210762,2024-04-28
211350220,Scapanus orarius,Coast Mole,Mammalia,49.219852,-123.210342,2024-04-28
211350225,Poa pratensis,Smooth Meadow-grass,Plantae,49.219765,-123.209938,2024-04-28
211350226,Anthoxanthum odoratum,sweet vernal grass,Plantae,49.219765,-123.209938,2024-04-28
211350228,Agrocybe praecox,Spring Fieldcap,Fungi,49.219765,-123.209938,2024-04-28
211350233,Agelaius phoeniceus,Red-winged Blackbird,Aves,49.219814,-123.2108,2024-04-28
211350234,Cistothorus palustris,Marsh Wren,Aves,49.2197047483,-123.2108809446,2024-04-28
211350238,Agaricales,Common Gilled Mushrooms and Allies,Fungi,49.219837,-123.21022,2024-04-28
211350239,Rubus laciniatus,Cutleaf Blackberry,Plantae,49.219883,-123.210693,2024-04-28
211350242,Bellis perennis,Lawn daisy,Plantae,49.220249,-123.211929,2024-04-28
211350243,Streptopelia decaocto,Eurasian Collared-Dove,Aves,49.219913,-123.212799,2024-04-28
211350245,Leymus mollis,American lyme grass,Plantae,49.219704,-123.212944,2024-04-28
211350248,Tanacetum vulgare,tansy,Plantae,49.219704,-123.212944,2024-04-28
211350252,Lamium purpureum,red deadnettle,Plantae,49.219543,-123.213066,2024-04-28
211350253,Valerianella locusta,common cornsalad,Plantae,49.219299,-123.212975,2024-04-28
211350256,Hypochaeris radicata,Common Cat's-ear,Plantae,49.219299,-123.212975,2024-04-28
211350261,Salix hookeriana,coastal willow,Plantae,49.219193,-123.212944,2024-04-28
211350262,Rosa rugosa,rugosa rose,Plantae,49.219193,-123.212944,2024-04-28
211350266,Agelaius phoeniceus,Red-winged Blackbird,Aves,49.21875,-123.213112,2024-04-28
211350268,Hirundo rustica,Barn Swallow,Aves,49.2185914499,-123.2128917782,2024-04-28
211350272,Zonotrichia leucophrys,White-crowned Sparrow,Aves,49.218853,-123.213661,2024-04-28
211350273,Plantago major,greater plantain,Plantae,49.219131,-123.214035,2024-04-28
211350275,Calidris alpina,Dunlin,Aves,49.2189571218,-123.2127798042,2024-04-28
211350281,Zonotrichia leucophrys,White-crowned Sparrow,Aves,49.218925,-123.213432,2024-04-28
211350282,Xanthocephalus xanthocephalus,Yellow-headed Blackbird,Aves,49.218781,-123.213318,2024-04-28
211350286,Agelaius phoeniceus,Red-winged Blackbird,Aves,49.218781,-123.213318,2024-04-28
211350289,Anas acuta,Northern Pintail,Aves,49.216888,-123.207367,2024-04-28
211350536,Polystichum munitum,western sword fern,Plantae,49.3016166667,-122.8679883333,2024-04-28
211350930,Melospiza melodia,Song Sparrow,Aves,49.2599576,-122.8581349,2024-04-28
211351164,Spatula cyanoptera,Cinnamon Teal,Aves,49.2707127612,-123.1940517586,2024-04-28
211351200,Melospiza melodia,Song Sparrow,Aves,49.269675,-123.1175933333,2024-04-28
211351628,Rubus ursinus,trailing blackberry,Plantae,49.3016283333,-122.8679283333,2024-04-28
211352166,Branta canadensis,Canada Goose,Aves,49.2599576,-122.8581349,2024-04-28
211352630,Mycelis muralis,Wall Lettuce,Plantae,49.3016083333,-122.8679366667,2024-04-28
211353101,Thuja plicata,western redcedar,Plantae,49.3015966667,-122.8679116667,2024-04-28
211353605,Larus glaucescens,Glaucous-winged Gull,Aves,49.2676666667,-123.11985,2024-04-28
211353680,Geranium robertianum,Herb Robert,Plantae,49.30165,-122.86785,2024-04-28
211353740,Agelaius phoeniceus,Red-winged Blackbird,Aves,49.2676533333,-123.1240366667,2024-04-28
211353817,Catharus guttatus,Hermit Thrush,Aves,49.2667316667,-123.1236233333,2024-04-28
211353983,Setophaga coronata,Yellow-rumped Warbler,Aves,49.265075,-123.1240583333,2024-04-28
211354062,Turdus migratorius,American Robin,Aves,49.2650266667,-123.12429,2024-04-28
211354823,Stellaria media,common chickweed,Plantae,49.301645,-122.8679116667,2024-04-28
211355378,Corylus cornuta,beaked hazelnut,Plantae,49.30165,-122.867905,2024-04-28
211355853,Mazzaella splendens,splendid iridescent seaweed,Plantae,49.3030432896,-123.1282072991,2024-04-27
211355856,Sparlingia pertusa,red eyelet silk,Plantae,49.3029634368,-123.1282746791,2024-04-27
211355857,Nereocystis luetkeana,Bull Kelp,Chromista,49.3029970878,-123.1282663077,2024-04-27
211356005,Ranunculus,buttercups,Plantae,49.2435583333,-123.1906666667,2024-04-27
211356668,Glechoma hederacea,ground-ivy,Plantae,49.30162,-122.8677883333,2024-04-28
211357370,Galium,bedstraws,Plantae,49.3016583333,-122.8678366667,2024-04-28
211357578,Berberis aquifolium,Oregon grape,Plantae,49.33765,-123.262909,2024-04-28
211357580,Rubus spectabilis,Salmonberry,Plantae,49.33765,-123.262909,2024-04-28
211357584,Epilobium ciliatum,fringed willowherb,Plantae,49.33765,-123.262909,2024-04-28
211357592,Cardamine flexuosa,wavy bittercress,Plantae,49.33765,-123.262909,2024-04-28
211357593,Rubus parviflorus,thimbleberry,Plantae,49.33765,-123.262909,2024-04-28
211357594,Circaea alpina,Alpine Enchanter's-nightshade,Plantae,49.33765,-123.262909,2024-04-28
211357615,Plagiomnium insigne,Badge Moss,Plantae,49.337578,-123.262657,2024-04-28
211357616,Cotoneaster rehderi,Bullate Cotoneaster,Plantae,49.337578,-123.262657,2024-04-28
211357617,Dicentra formosa,Pacific Bleeding Heart,Plantae,49.337578,-123.262657,2024-04-28
211357634,Lapsana communis,nipplewort,Plantae,49.337578,-123.262657,2024-04-28
211357636,Lysimachia latifolia,Western Starflower,Plantae,49.337097,-123.26268,2024-04-28
211357637,Lapsana communis,nipplewort,Plantae,49.337578,-123.262657,2024-04-28
211357648,Berberis nervosa,Cascade Oregon-grape,Plantae,49.337097,-123.26268,2024-04-28
211357649,Polytrichastrum alpinum,Alpine Haircap Moss,Plantae,49.337193,-123.262184,2024-04-28
211357651,Prunus laurocerasus,Cherry laurel,Plantae,49.337097,-123.26268,2024-04-28
211357657,Hylocomium splendens,stairstep moss,Plantae,49.337193,-123.262184,2024-04-28
211357658,Kindbergia oregana,Oregon Beaked Moss,Plantae,49.337193,-123.262184,2024-04-28
211357659,Plagiothecium undulatum,Waved Silk-moss,Plantae,49.337193,-123.262184,2024-04-28
211357664,Geranium robertianum,Herb Robert,Plantae,49.336933,-123.262054,2024-04-28
211357665,Platismatia glauca,Varied Rag Lichen,Fungi,49.337193,-123.262184,2024-04-28
211357666,Lepidozia reptans,Creeping Fingerwort,Plantae,49.336933,-123.262054,2024-04-28
211357672,Psilolechia lucida,Sulphur Dust Lichen,Fungi,49.336849,-123.261559,2024-04-28
211357673,Plagiothecium denticulatum,Toothed Plagiothecium Moss,Plantae,49.336849,-123.261559,2024-04-28
211357681,Sorbus aucuparia,European mountain ash,Plantae,49.336849,-123.261559,2024-04-28
211357685,Pteridium aquilinum,common bracken,Plantae,49.336849,-123.261559,2024-04-28
211357686,Sphyrapicus ruber,Red-breasted Sapsucker,Aves,49.337029,-123.261208,2024-04-28
211357687,Platismatia herrei,Herre's Ragged Lichen,Fungi,49.337029,-123.261208,2024-04-28
211357692,Platismatia herrei,Herre's Ragged Lichen,Fungi,49.337029,-123.261208,2024-04-28
211357693,Lysimachia latifolia,Western Starflower,Plantae,49.337029,-123.261208,2024-04-28
211357699,Thuja plicata,western redcedar,Plantae,49.337029,-123.261208,2024-04-28
211357700,Mycelis muralis,Wall Lettuce,Plantae,49.337029,-123.261208,2024-04-28
211357701,Polypodium glycyrrhiza,licorice fern,Plantae,49.337029,-123.261208,2024-04-28
211357707,Dicranum,Forkmosses,Plantae,49.337029,-123.261208,2024-04-28
211357715,Plagiochila porelloides,lesser featherwort,Plantae,49.337029,-123.261208,2024-04-28
211357716,Dicranaceae,,Plantae,49.337029,-123.261208,2024-04-28
211357717,Dicranaceae,,Plantae,49.337029,-123.261208,2024-04-28
211357724,Plagiochila porelloides,lesser featherwort,Plantae,49.336723,-123.260925,2024-04-28
211357725,Montia parvifolia,Small-leaved Blinks,Plantae,49.336723,-123.260925,2024-04-28
211358014,Osmorhiza,sweet cicely,Plantae,49.3016666667,-122.8679366667,2024-04-28
211358570,Ajuga reptans,carpet bugle,Plantae,49.2562416667,-123.1499555,2024-04-28
211358589,Colaptes auratus,Northern Flicker,Aves,49.2441444444,-123.1910472222,2024-04-27
211358806,Gaultheria shallon,salal,Plantae,49.3015716667,-122.8678883333,2024-04-28
211359603,Vaccinium parvifolium,Red Huckleberry,Plantae,49.301595,-122.8678966667,2024-04-28
211359783,Plagiochila porelloides,lesser featherwort,Plantae,49.336723,-123.260925,2024-04-28
211359784,Rhizomnium glabrescens,rhizomnium moss,Plantae,49.336723,-123.260925,2024-04-28
211359785,Usnea cornuta,Inflated Beard,Fungi,49.336723,-123.260925,2024-04-28
211359790,Heuchera micrantha,crevice alumroot,Plantae,49.336723,-123.260925,2024-04-28
211359791,Mycena,Bonnets,Fungi,49.336723,-123.260925,2024-04-28
211359792,Bartramia pomiformis,Common Apple-moss,Plantae,49.336723,-123.260925,2024-04-28
211359799,Cynodontium jenneri,Jenner's Dog-tooth,Plantae,49.336723,-123.260925,2024-04-28
211359800,Bartramia pomiformis,Common Apple-moss,Plantae,49.336723,-123.260925,2024-04-28
211359801,Dicranum,Forkmosses,Plantae,49.336723,-123.260925,2024-04-28
211359804,Hypnum circinale,Coiled-leaf claw-moss,Plantae,49.336723,-123.260925,2024-04-28
211359805,Cynodontium jenneri,Jenner's Dog-tooth,Plantae,49.336723,-123.260925,2024-04-28
211359806,Vaccinium parvifolium,Red Huckleberry,Plantae,49.336723,-123.260925,2024-04-28
211359811,Kindbergia oregana,Oregon Beaked Moss,Plantae,49.336723,-123.260925,2024-04-28
211359812,Plagiothecium undulatum,Waved Silk-moss,Plantae,49.336723,-123.260925,2024-04-28
211359818,Gaultheria shallon,salal,Plantae,49.336723,-123.260925,2024-04-28
211359819,Cynodontium jenneri,Jenner's Dog-tooth,Plantae,49.336723,-123.260925,2024-04-28
211359825,Plagiochila porelloides,lesser featherwort,Plantae,49.336723,-123.260925,2024-04-28
211359826,Cladonia,pixie cup and reindeer lichens,Fungi,49.336723,-123.260925,2024-04-28
211359827,Platismatia glauca,Varied Rag Lichen,Fungi,49.336723,-123.260925,2024-04-28
211359833,Luzula comosa,Pacific Woodrush,Plantae,49.336777,-123.260689,2024-04-28
211359834,Heuchera micrantha,crevice alumroot,Plantae,49.336723,-123.260925,2024-04-28
211359836,Lysimachia latifolia,Western Starflower,Plantae,49.336777,-123.260689,2024-04-28
211359839,Hylocomium splendens,stairstep moss,Plantae,49.336777,-123.260689,2024-04-28
211359840,Plagiochila porelloides,lesser featherwort,Plantae,49.336761,-123.26004,2024-04-28
211359844,Scapania americana,American Earwort,Plantae,49.336735,-123.259583,2024-04-28
211359848,Cladonia squamosa,Dragon Horn,Fungi,49.336735,-123.259583,2024-04-28
211359853,Lophozia ventricosa,,Plantae,49.336735,-123.259583,2024-04-28
211359967,Acer macrophyllum,bigleaf maple,Plantae,49.3015866667,-122.8678583333,2024-04-28
211361113,Lamium purpureum,red deadnettle,Plantae,49.2323215133,-122.8152269283,2024-04-28
211361114,Urtica dioica,,Plantae,49.2323237067,-122.8152275367,2024-04-28
211361115,Allogona townsendiana,Oregon forestsnail,Mollusca,49.2323361433,-122.8152309917,2024-04-28
211361818,Allogona townsendiana,Oregon forestsnail,Mollusca,49.23233185,-122.815194335,2024-04-28
211361964,Cladonia squamosa,Dragon Horn,Fungi,49.336735,-123.259583,2024-04-28
211361968,Lophozia ventricosa,,Plantae,49.336735,-123.259583,2024-04-28
211361969,Lophozia ventricosa,,Plantae,49.336735,-123.259583,2024-04-28
211361973,Lophozia ventricosa,,Plantae,49.336735,-123.259583,2024-04-28
211361975,Dryopteris expansa,spreading wood fern,Plantae,49.336735,-123.259583,2024-04-28
211361976,Lepidozia reptans,Creeping Fingerwort,Plantae,49.336735,-123.259583,2024-04-28
211361977,Bryophyta,Mosses,Plantae,49.336647,-123.25898,2024-04-28
211361983,Hypnum circinale,Coiled-leaf claw-moss,Plantae,49.336647,-123.25898,2024-04-28
211361984,Phaeolus,,Fungi,49.336899,-123.258873,2024-04-28
211361985,Tiarella trifoliata,Threeleaf Foamflower,Plantae,49.336796,-123.258728,2024-04-28
211361988,Tetraphis pellucida,Tetraphis Moss,Plantae,49.336693,-123.258179,2024-04-28
211361990,Pseudotaxiphyllum elegans,Elegant Silk-moss,Plantae,49.336681,-123.258018,2024-04-28
211361991,Hypnum circinale,Coiled-leaf claw-moss,Plantae,49.336559,-123.257988,2024-04-28
211361994,Ariolimax columbianus,Pacific Banana Slug,Mollusca,49.336559,-123.257988,2024-04-28
211361995,Lepidozia reptans,Creeping Fingerwort,Plantae,49.336559,-123.257988,2024-04-28
211361998,Tetraphis pellucida,Tetraphis Moss,Plantae,49.33662,-123.257835,2024-04-28
211362003,Dicentra formosa,Pacific Bleeding Heart,Plantae,49.336376,-123.257805,2024-04-28
211362004,Pseudotsuga menziesii,Douglas-fir,Plantae,49.33548,-123.257233,2024-04-28
211362005,Ancotrema sportella,Beaded Lancetooth Snail,Mollusca,49.33548,-123.257233,2024-04-28
211362008,Octolasion,Field Worms,Animalia,49.33548,-123.257233,2024-04-28
211362011,Rubus ursinus,trailing blackberry,Plantae,49.334991,-123.257416,2024-04-28
211362322,Dermasterias imbricata,Leather Star,Animalia,49.3030810377,-123.1284057825,2024-04-27
211362323,Pisaster ochraceus,Ochre Sea Star,Animalia,49.3030950293,-123.128309223,2024-04-27
211362371,Allogona townsendiana,Oregon forestsnail,Mollusca,49.2323005967,-122.8152085983,2024-04-28
211363458,Cepaea nemoralis,Brown-lipped Snail,Mollusca,49.2320512683,-122.8152124567,2024-04-28
211363460,Allogona townsendiana,Oregon forestsnail,Mollusca,49.2312013633,-122.81527997,2024-04-28
211363461,Equisetum telmateia,great horsetail,Plantae,49.2312230817,-122.8152907267,2024-04-28
211364071,Ranunculus repens,Creeping buttercup,Plantae,49.2309170417,-122.815302735,2024-04-28
211364073,Allogona townsendiana,Oregon forestsnail,Mollusca,49.2306414433,-122.81529725,2024-04-28
211365277,Allogona townsendiana,Oregon forestsnail,Mollusca,49.230607445,-122.8152863317,2024-04-28
211365806,Allogona townsendiana,Oregon forestsnail,Mollusca,49.230350135,-122.8152815067,2024-04-28
211366298,Sorbus aucuparia,European mountain ash,Plantae,49.2299639617,-122.815272455,2024-04-28
211366301,Allogona townsendiana,Oregon forestsnail,Mollusca,49.2295448683,-122.81378722,2024-04-28
211366703,Heterocladium macounii,Macoun's Heterocladium Moss,Plantae,49.334949,-123.25766,2024-04-28
211366704,Viola sempervirens,Redwood Violet,Plantae,49.334949,-123.25766,2024-04-28
211366705,Struthiopteris spicant,deer fern,Plantae,49.334412,-123.257614,2024-04-28
211366712,Sorbus aucuparia,European mountain ash,Plantae,49.334412,-123.257614,2024-04-28
211366713,Pteridium aquilinum,common bracken,Plantae,49.334412,-123.257614,2024-04-28
211366714,Tiarella trifoliata,Threeleaf Foamflower,Plantae,49.334412,-123.257614,2024-04-28
211366720,Rubus ursinus,trailing blackberry,Plantae,49.334412,-123.257614,2024-04-28
211366722,Ariolimax columbianus,Pacific Banana Slug,Mollusca,49.334145,-123.257706,2024-04-28
211366723,Mycelis muralis,Wall Lettuce,Plantae,49.334145,-123.257706,2024-04-28
211366727,Vaccinium parvifolium,Red Huckleberry,Plantae,49.334145,-123.257706,2024-04-28
211366732,Hypochaeris radicata,Common Cat's-ear,Plantae,49.333298,-123.257301,2024-04-28
211366733,Berberis nervosa,Cascade Oregon-grape,Plantae,49.333714,-123.257607,2024-04-28
211366734,Amelanchier alnifolia,Saskatoon,Plantae,49.333298,-123.257301,2024-04-28
211366737,Lonicera ciliosa,orange honeysuckle,Plantae,49.333298,-123.257301,2024-04-28
211366738,Salix scouleriana,Scouler's willow,Plantae,49.333153,-123.257225,2024-04-28
211366739,Erythronium oregonum,giant white fawn lily,Plantae,49.333153,-123.257225,2024-04-28
211366742,Rosa nutkana,Nootka rose,Plantae,49.333153,-123.257225,2024-04-28
211366743,Erythronium oregonum,giant white fawn lily,Plantae,49.333153,-123.257225,2024-04-28
211366748,Aira praecox,early hair grass,Plantae,49.333046,-123.257202,2024-04-28
211366749,Cladonia portentosa,Reindeer Lichen,Fungi,49.333107,-123.257324,2024-04-28
211366750,Xanthoparmelia cumberlandia,Cumberland Rock Shield,Fungi,49.333046,-123.257202,2024-04-28
211366754,Erythronium oregonum,giant white fawn lily,Plantae,49.333107,-123.257324,2024-04-28
211366755,Polytrichum juniperinum,juniper haircap moss,Plantae,49.333107,-123.257324,2024-04-28
211366761,Amelanchier alnifolia,Saskatoon,Plantae,49.333107,-123.257324,2024-04-28
211366762,Erythronium oregonum,giant white fawn lily,Plantae,49.333107,-123.257324,2024-04-28
211366763,Aira praecox,early hair grass,Plantae,49.333107,-123.257324,2024-04-28
211366768,Cytisus scoparius,Scotch Broom,Plantae,49.333107,-123.257324,2024-04-28
211366770,Lonicera ciliosa,orange honeysuckle,Plantae,49.33321,-123.257294,2024-04-28
211366777,Aira praecox,early hair grass,Plantae,49.333054,-123.257553,2024-04-28
211366779,Erythronium oregonum,giant white fawn lily,Plantae,49.333122,-123.257462,2024-04-28
211366780,Tremellomycetes,,Fungi,49.333122,-123.257286,2024-04-28
211366784,Polytrichum piliferum,bristly haircap moss,Plantae,49.333,-123.257751,2024-04-28
211366785,Callitriche,Water Starworts,Plantae,49.333054,-123.257523,2024-04-28
211366790,Cladonia portentosa,Reindeer Lichen,Fungi,49.333,-123.257751,2024-04-28
211366791,Selaginella wallacei,Wallace's spikemoss,Plantae,49.333,-123.257751,2024-04-28
211366792,Xanthoparmelia cumberlandia,Cumberland Rock Shield,Fungi,49.333,-123.257751,2024-04-28
211366801,Aira praecox,early hair grass,Plantae,49.333,-123.257751,2024-04-28
211366802,Lecanoromycetes,Common Lichens,Fungi,49.333,-123.257751,2024-04-28
211366806,Xanthoparmelia cumberlandia,Cumberland Rock Shield,Fungi,49.333,-123.257751,2024-04-28
211366808,Montanelia panniformis,Shingled Camouflage Lichen,Fungi,49.333,-123.257751,2024-04-28
211366809,Parmelia saxatilis,Salted Shield Lichen,Fungi,49.333,-123.257751,2024-04-28
211366813,Xanthoparmelia cumberlandia,Cumberland Rock Shield,Fungi,49.333,-123.257751,2024-04-28
211366814,Racomitrium heterostichum,Yellow-green Rock Moss,Plantae,49.333,-123.257751,2024-04-28
211366815,Grindelia stricta,Oregon Gumplant,Plantae,49.333,-123.257751,2024-04-28
211366819,Polytrichum piliferum,bristly haircap moss,Plantae,49.333,-123.257751,2024-04-28
211366826,Capnoides sempervirens,rock harlequin,Plantae,49.332897,-123.257637,2024-04-28
211366827,Parmelia saxatilis,Salted Shield Lichen,Fungi,49.333,-123.257751,2024-04-28
211366828,Erythronium oregonum,giant white fawn lily,Plantae,49.332897,-123.257637,2024-04-28
211366837,Lilium columbianum,Columbia lily,Plantae,49.332897,-123.257637,2024-04-28
211366845,Gaultheria shallon,salal,Plantae,49.332897,-123.257637,2024-04-28
211366846,Arbutus menziesii,Pacific madrone,Plantae,49.332939,-123.257454,2024-04-28
211366847,Aira praecox,early hair grass,Plantae,49.332897,-123.257637,2024-04-28
211366854,Arbutus menziesii,Pacific madrone,Plantae,49.332939,-123.257454,2024-04-28
211366855,Cladonia coniocraea,Common Powderhorn,Fungi,49.332939,-123.257454,2024-04-28
211366860,Heuchera micrantha,crevice alumroot,Plantae,49.333801,-123.258041,2024-04-28
211366861,Lonicera ciliosa,orange honeysuckle,Plantae,49.334003,-123.258591,2024-04-28
211366866,Dicranum tauricum,Fragile Fork-moss,Plantae,49.334801,-123.261002,2024-04-28
211366868,Cladonia squamosa,Dragon Horn,Fungi,49.334003,-123.258591,2024-04-28
211367092,Allogona townsendiana,Oregon forestsnail,Mollusca,49.2299043433,-122.8135725767,2024-04-28
211367093,Pulvigera,,Plantae,49.2300593067,-122.81335404,2024-04-28
211367094,Acer circinatum,Vine Maple,Plantae,49.23006455,-122.8133492033,2024-04-28
211367396,Triplax,,Insecta,49.2600953823,-122.7212149277,2024-04-28
211367480,Calypte anna,Anna's Hummingbird,Aves,49.2711030079,-123.1931752218,2024-04-28
211367770,Pulvigera,,Plantae,49.2441222222,-123.1944416667,2024-04-27
211367771,Evernia prunastri,Oakmoss,Fungi,49.2442194444,-123.1945333333,2024-04-27
211367773,Marasmius,Pinwheels and Parachute Mushrooms,Fungi,49.244225,-123.1949222222,2024-04-27
211367776,Agrocybe,,Fungi,49.2448388889,-123.1938777778,2024-04-28
211367869,Equisetum telmateia,great horsetail,Plantae,49.2301515217,-122.8132216117,2024-04-28
211367870,Ranunculus repens,Creeping buttercup,Plantae,49.2316512767,-122.8111317417,2024-04-28
211367873,Geum macrophyllum,Large-leaved Avens,Plantae,49.2316544583,-122.8111379567,2024-04-28
211367938,Symphytum officinale,common comfrey,Plantae,49.1263278333,-123.1881716667,2024-04-28
211368134,Rubus spectabilis,Salmonberry,Plantae,49.2711030079,-123.1931752218,2024-04-28
211368178,Larus glaucescens,Glaucous-winged Gull,Aves,49.1240278333,-123.1863416667,2024-04-28
211368231,Platismatia glauca,Varied Rag Lichen,Fungi,49.334732,-123.2612,2024-04-28
211368232,Acer macrophyllum,bigleaf maple,Plantae,49.3339,-123.261803,2024-04-28
211368235,Erythronium oregonum,giant white fawn lily,Plantae,49.332943,-123.262383,2024-04-28
211368239,Perideridia gairdneri,Gairdner's Yampah,Plantae,49.332241,-123.262482,2024-04-28
211368240,Perideridia gairdneri,Gairdner's Yampah,Plantae,49.332241,-123.262482,2024-04-28
211368242,Allium cernuum,nodding onion,Plantae,49.332241,-123.262482,2024-04-28
211368249,Sisymbrium officinale,Hedge mustard,Plantae,49.332241,-123.262482,2024-04-28
211368250,Prunella vulgaris,common selfheal,Plantae,49.332241,-123.262482,2024-04-28
211368251,Malus fusca,Pacific Crab Apple,Plantae,49.332241,-123.262482,2024-04-28
211368257,Prunus avium,wild cherry,Plantae,49.331871,-123.26281,2024-04-28
211368258,Holodiscus discolor,Ocean spray,Plantae,49.331871,-123.26281,2024-04-28
211368264,Rumex acetosella,Sheep's sorrel,Plantae,49.331875,-123.26265,2024-04-28
211368265,Arbutus menziesii,Pacific madrone,Plantae,49.331772,-123.262634,2024-04-28
211368266,Goodyera oblongifolia,Western Rattlesnake Plantain,Plantae,49.331757,-123.262886,2024-04-28
211368271,Claytonia washingtoniana,Washington Springbeauty,Plantae,49.331757,-123.262886,2024-04-28
211368272,Ptychostomum capillare,Capillary Thread-moss,Plantae,49.331757,-123.262886,2024-04-28
211368273,Quercus robur,English oak,Plantae,49.33186,-123.263206,2024-04-28
211368280,Geranium robertianum,Herb Robert,Plantae,49.331879,-123.263039,2024-04-28
211368281,Sanicula crassicaulis,Pacific Sanicle,Plantae,49.331879,-123.263039,2024-04-28
211368288,Prunus avium,wild cherry,Plantae,49.331936,-123.263229,2024-04-28
211368289,Sanicula crassicaulis,Pacific Sanicle,Plantae,49.332005,-123.26358,2024-04-28
211368293,Vinca minor,lesser periwinkle,Plantae,49.332005,-123.26358,2024-04-28
211368294,Osmorhiza,sweet cicely,Plantae,49.332649,-123.263428,2024-04-28
211368295,Sanicula crassicaulis,Pacific Sanicle,Plantae,49.332306,-123.263344,2024-04-28
211368300,Galium triflorum,fragrant bedstraw,Plantae,49.333481,-123.263283,2024-04-28
211368301,Sanicula crassicaulis,Pacific Sanicle,Plantae,49.333664,-123.263245,2024-04-28
211368305,Sanicula crassicaulis,Pacific Sanicle,Plantae,49.333664,-123.263245,2024-04-28
211368310,Tellima grandiflora,fringe cups,Plantae,49.335182,-123.263405,2024-04-28
211368311,Polystichum munitum,western sword fern,Plantae,49.335171,-123.263229,2024-04-28
211368313,Acer circinatum,Vine Maple,Plantae,49.336193,-123.262611,2024-04-28
211368314,Ribes divaricatum,spreading gooseberry,Plantae,49.335457,-123.263596,2024-04-28
211368315,Leucolepis acanthoneura,Menzies' Tree Moss,Plantae,49.335457,-123.263596,2024-04-28
211368324,Osmorhiza,sweet cicely,Plantae,49.336193,-123.262611,2024-04-28
211368327,Oxalis oregana,Oregon woodsorrel,Plantae,49.336849,-123.262772,2024-04-28
211368328,Acer macrophyllum,bigleaf maple,Plantae,49.336102,-123.262581,2024-04-28
211368329,Ariolimax columbianus,Pacific Banana Slug,Mollusca,49.33638,-123.262604,2024-04-28
211368542,Petasites frigidus palmatus,Western Sweet Coltsfoot,Plantae,49.3146638883,-122.913430555,2024-04-28
211368573,Sturnus vulgaris,European Starling,Aves,49.1239888333,-123.1864166667,2024-04-28
211368642,Allogona townsendiana,Oregon forestsnail,Mollusca,49.2316710767,-122.8111495633,2024-04-28
211368643,Arion ater,Black Slug,Mollusca,49.2316771217,-122.8111476633,2024-04-28
211368646,Rubus spectabilis,Salmonberry,Plantae,49.2316920383,-122.81026265,2024-04-28
211368651,Thuja plicata,western redcedar,Plantae,49.2316996367,-122.8101634867,2024-04-28
211368653,Sambucus racemosa,red-berried elder,Plantae,49.23078685,-122.8082041817,2024-04-28
211368755,Stellaria media,common chickweed,Plantae,49.2427166667,-123.1908027778,2024-04-27
211369663,Melospiza melodia,Song Sparrow,Aves,49.2307106317,-122.8080801567,2024-04-28
211369665,Mareca strepera,Gadwall,Aves,49.2306208533,-122.8078608733,2024-04-28
211369670,Branta canadensis,Canada Goose,Aves,49.2306556517,-122.807840305,2024-04-28
211369672,Spinus tristis,American Goldfinch,Aves,49.2306782417,-122.8078638383,2024-04-28
211370230,Arion ater,Black Slug,Mollusca,49.2306940383,-122.807775235,2024-04-28
211370232,Lysichiton americanus,western skunk cabbage,Plantae,49.23067382,-122.8077605333,2024-04-28
211370234,Nuphar polysepala,western yellow pond-lily,Plantae,49.239581065,-122.8131954983,2024-04-28
211370240,Zonotrichia atricapilla,Golden-crowned Sparrow,Aves,49.2397819867,-122.8126736333,2024-04-28
211370506,Aphomia,,Insecta,49.0429416667,-122.7493666667,2024-04-28
211370759,Eriocrania,,Insecta,49.0243833333,-123.0578221667,2024-04-28
211373708,Bembidion incrematum,,Insecta,49.2623018131,-122.7200770006,2024-04-28
211377191,Aquilegia vulgaris,common columbine,Plantae,49.1135015997,-122.60947,2024-04-27
211377396,Lepidium campestre,field peppergrass,Plantae,49.2451391,-122.8512532997,2024-04-28
211377473,Erodium cicutarium,Redstem Stork's-bill,Plantae,49.2451391,-122.8512532997,2024-04-28
211378544,Bromus tectorum,Cheatgrass,Plantae,49.0249333333,-123.0533528333,2024-04-28
211379279,Cerastium glomeratum,Sticky mouse-ear chickweed,Plantae,49.0216361667,-123.0463083333,2024-04-28
211380423,Rhantus binotatus,Double-marked Swimming Beetle,Insecta,49.2712127415,-122.717057839,2024-04-28
211380428,Veronica arvensis,corn speedwell,Plantae,49.0242611667,-123.0526111667,2024-04-28
211382635,Hydrobius fuscipes,,Insecta,49.2712022409,-122.7170427516,2024-04-28
211384200,Tropisternus lateralis limbalis,,Insecta,49.2711011734,-122.7169066295,2024-04-28
211385664,Melanitta deglandi,White-winged Scoter,Aves,49.0171089,-122.8056869,2024-04-28
211385665,Hydroprogne caspia,Caspian Tern,Aves,49.0171089,-122.8056869,2024-04-28
211385666,Melanitta perspicillata,Surf Scoter,Aves,49.0171089,-122.8056869,2024-04-28
211385668,Columba livia domestica,Feral Pigeon,Aves,49.0171089,-122.8056869,2024-04-28
211385669,Gavia immer,Common Loon,Aves,49.0171089,-122.8056869,2024-04-28
211385670,Bucephala albeola,Bufflehead,Aves,49.0171089,-122.8056869,2024-04-28
211385676,Gavia immer,Common Loon,Aves,49.0171089,-122.8056869,2024-04-28
211385677,Columba livia domestica,Feral Pigeon,Aves,49.0171089,-122.8056869,2024-04-28
211385679,Larus glaucescens × occidentalis,Olympic Gull,Aves,49.0171089,-122.8056869,2024-04-28
211385680,Larus,Large White-headed Gulls,Aves,49.0171089,-122.8056869,2024-04-28
211385682,Gavia immer,Common Loon,Aves,49.0171089,-122.8056869,2024-04-28
211385685,Melanitta perspicillata,Surf Scoter,Aves,49.0171089,-122.8056869,2024-04-28
211385687,Sturnus vulgaris,European Starling,Aves,49.0171089,-122.8056869,2024-04-28
211385688,Calystegia silvatica,large bindweed,Plantae,49.0171089,-122.8056869,2024-04-28
211386535,Cedrus deodara,Deodar cedar,Plantae,49.0524298,-122.8839173,2024-04-28
211386536,Araucaria araucana,monkey-puzzle,Plantae,49.0524298,-122.8839173,2024-04-28
211386539,Diplotaxis tenuifolia,Perennial Wall-rocket,Plantae,49.0524298,-122.8839173,2024-04-28
211386547,Lepidium campestre,field peppergrass,Plantae,49.0524298,-122.8839173,2024-04-28
211386549,Solanum dulcamara,bittersweet nightshade,Plantae,49.0524298,-122.8839173,2024-04-28
211386550,Magnoliopsida,Dicots,Plantae,49.0524298,-122.8839173,2024-04-28
211386558,Stellaria media,Common Chickweed Complex,Plantae,49.0524298,-122.8839173,2024-04-28
211386559,Lathyrus japonicus,seaside pea,Plantae,49.0524298,-122.8839173,2024-04-28
211386560,Trifolium,clovers,Plantae,49.0524298,-122.8839173,2024-04-28
211386563,Sorbus,Rowans and Mountain Ashes,Plantae,49.0524298,-122.8839173,2024-04-28
211386565,Nannopterum auritum,Double-crested Cormorant,Aves,49.0524298,-122.8839173,2024-04-28
211386566,Fragaria vesca,woodland strawberry,Plantae,49.0524298,-122.8839173,2024-04-28
211386573,Mergus merganser,Common Merganser,Aves,49.0524298,-122.8839173,2024-04-28
211387634,Melanitta deglandi,White-winged Scoter,Aves,49.0068944,-123.1303546,2024-04-28
211387635,Melanitta deglandi,White-winged Scoter,Aves,49.0068944,-123.1303546,2024-04-28
211387636,Haliaeetus leucocephalus,Bald Eagle,Aves,49.0068944,-123.1303546,2024-04-28
211387638,Gavia immer,Common Loon,Aves,49.0068944,-123.1303546,2024-04-28
211387639,Podiceps auritus,Horned Grebe,Aves,49.0068944,-123.1303546,2024-04-28
211387640,Histrionicus histrionicus,Harlequin Duck,Aves,49.0068944,-123.1303546,2024-04-28
211387643,Phoca vitulina richardii,Pacific Harbor Seal,Mammalia,49.0068944,-123.1303546,2024-04-28
211387645,Zonotrichia leucophrys,White-crowned Sparrow,Aves,49.0068944,-123.1303546,2024-04-28
211387646,Artemisia suksdorfii,coastal mugwort,Plantae,49.0068944,-123.1303546,2024-04-28
211387649,Artemisia suksdorfii,coastal mugwort,Plantae,49.0068944,-123.1303546,2024-04-28
211387650,Ardea herodias,Great Blue Heron,Aves,49.0068944,-123.1303546,2024-04-28
211387651,Ardea herodias,Great Blue Heron,Aves,49.0068944,-123.1303546,2024-04-28
211388418,Tropisternus columbianus,,Insecta,49.2711961156,-122.7170461044,2024-04-28
211389914,Tsuga heterophylla,western hemlock,Plantae,49.2542730988,-123.1959346556,2024-04-27
211391914,Enochrus californicus,,Insecta,49.2712048661,-122.7170551568,2024-04-28
211393918,Crangonyx floridanus,,Animalia,49.2711943656,-122.7168385684,2024-04-28
211395293,Helochares punctatus,,Insecta,49.2712009284,-122.7169699967,2024-04-28
211399358,Setophaga coronata auduboni,Audubon's Warbler,Aves,49.0685564,-122.9754629,2024-04-28
211399359,Ardea herodias,Great Blue Heron,Aves,49.0685564,-122.9754629,2024-04-28
211399360,Ranunculus acris,meadow buttercup,Plantae,49.0685564,-122.9754629,2024-04-28
211399363,Melospiza melodia,Song Sparrow,Aves,49.0685564,-122.9754629,2024-04-28
211399364,Sturnus vulgaris,European Starling,Aves,49.0685564,-122.9754629,2024-04-28
211399368,Solidago canadensis,Canada goldenrod,Plantae,49.0685564,-122.9754629,2024-04-28
211399371,Tanacetum vulgare,tansy,Plantae,49.0685564,-122.9754629,2024-04-28
211399372,Lamium purpureum,red deadnettle,Plantae,49.0685564,-122.9754629,2024-04-28
211399373,Malus fusca,Pacific Crab Apple,Plantae,49.0685564,-122.9754629,2024-04-28
211399377,Rumex crispus,curled dock,Plantae,49.0685564,-122.9754629,2024-04-28
211399378,Turdus migratorius,American Robin,Aves,49.0685564,-122.9754629,2024-04-28
211399379,Rosa nutkana,Nootka rose,Plantae,49.0685564,-122.9754629,2024-04-28
211399382,Malus domestica,apple,Plantae,49.0685564,-122.9754629,2024-04-28
211399385,Sambucus racemosa,red-berried elder,Plantae,49.0685564,-122.9754629,2024-04-28
211399386,Heracleum maximum,common cowparsnip,Plantae,49.0685564,-122.9754629,2024-04-28
211399390,Foeniculum vulgare,fennel,Plantae,49.0685564,-122.9754629,2024-04-28
211399391,Rumex acetosella,Sheep's sorrel,Plantae,49.0685564,-122.9754629,2024-04-28
211399393,Anas platyrhynchos,Mallard,Aves,49.0685564,-122.9754629,2024-04-28
211399395,Anas crecca,Green-winged Teal,Aves,49.0685564,-122.9754629,2024-04-28
211399397,Fulica americana,American Coot,Aves,49.0685564,-122.9754629,2024-04-28
211399400,Vicia gigantea,giant vetch,Plantae,49.0685564,-122.9754629,2024-04-28
211399404,Populus trichocarpa,black cottonwood,Plantae,49.0685564,-122.9754629,2024-04-28
211399408,Solanum dulcamara,bittersweet nightshade,Plantae,49.0685564,-122.9754629,2024-04-28
211399410,Robinia pseudoacacia,black locust,Plantae,49.0685564,-122.9754629,2024-04-28
211399412,Turdus migratorius,American Robin,Aves,49.0685564,-122.9754629,2024-04-28
211399413,Haemorhous mexicanus,House Finch,Aves,49.0685564,-122.9754629,2024-04-28
211399414,Haemorhous mexicanus,House Finch,Aves,49.0685564,-122.9754629,2024-04-28
211399416,Haliaeetus leucocephalus,Bald Eagle,Aves,49.0685564,-122.9754629,2024-04-28
211399421,Larus glaucescens,Glaucous-winged Gull,Aves,49.0685564,-122.9754629,2024-04-28
211399422,Barbarea orthoceras,American yellowrocket,Plantae,49.0685564,-122.9754629,2024-04-28
211399517,Corvus brachyrhynchos,American Crow,Aves,49.2942319333,-123.1386819854,2024-04-28
211400308,Haematopus bachmani,Black Oystercatcher,Aves,49.29540874,-123.1523478404,2024-04-28
211400358,Anacaena limbata,,Insecta,49.2712138353,-122.7169518918,2024-04-28
211401855,Haliaeetus leucocephalus,Bald Eagle,Aves,49.0685564,-122.9754629,2024-04-28
211401856,Turdus migratorius,American Robin,Aves,49.0685564,-122.9754629,2024-04-28
211401857,Scapanus orarius,Coast Mole,Mammalia,49.0685564,-122.9754629,2024-04-28
211401862,Ranunculus repens,Creeping buttercup,Plantae,49.0685564,-122.9754629,2024-04-28
211401865,Zonotrichia leucophrys,White-crowned Sparrow,Aves,49.0685564,-122.9754629,2024-04-28
211401866,Aesculus hippocastanum,horse-chestnut,Plantae,49.0685564,-122.9754629,2024-04-28
211401870,Taraxacum officinale,common dandelion,Plantae,49.0685564,-122.9754629,2024-04-28
211401872,Geranium robertianum,Herb Robert,Plantae,49.0685564,-122.9754629,2024-04-28
211401873,Galium aparine,catchweed bedstraw,Plantae,49.0685564,-122.9754629,2024-04-28
211401874,Ranunculus acris,meadow buttercup,Plantae,49.0685564,-122.9754629,2024-04-28
211401878,Vicia gigantea,giant vetch,Plantae,49.0685564,-122.9754629,2024-04-28
211401879,Haliaeetus leucocephalus,Bald Eagle,Aves,49.0685564,-122.9754629,2024-04-28
211401882,Rhus typhina,staghorn sumac,Plantae,49.0685564,-122.9754629,2024-04-28
211401886,Stellaria media,common chickweed,Plantae,49.0685564,-122.9754629,2024-04-28
211401887,Geranium dissectum,Cut-leaved crane's-bill,Plantae,49.0685564,-122.9754629,2024-04-28
211401888,Streptopelia decaocto,Eurasian Collared-Dove,Aves,49.0685564,-122.9754629,2024-04-28
211402139,Hygrotus sayi,Say's Diving Beetle,Insecta,49.2712184292,-122.7169173583,2024-04-28
211402385,Anthriscus sylvestris,Cow Parsley,Plantae,49.0685564,-122.9754629,2024-04-28
211404244,Deroceras reticulatum,Milky Slug,Mollusca,49.036216,-123.0668161,2024-04-28
211404248,Iris pseudacorus,Yellow Iris,Plantae,49.036216,-123.0668161,2024-04-28
211404249,Callitriche stagnalis,Pond water-starwort,Plantae,49.036216,-123.0668161,2024-04-28
211404253,Erodium cicutarium,Redstem Stork's-bill,Plantae,49.036216,-123.0668161,2024-04-28
211407112,Cercyon ustulatus,,Insecta,49.2713378724,-122.7160456404,2024-04-28
211410384,Callicorixa vulnerata,,Insecta,49.2712168979,-122.7170397341,2024-04-28
211412620,Salix babylonica,weeping willow,Plantae,49.0054604,-123.0714248,2024-04-28
211412621,Anas platyrhynchos,Mallard,Aves,49.0054604,-123.0714248,2024-04-28
211412623,Typha latifolia,broadleaf cattail,Plantae,49.0054604,-123.0714248,2024-04-28
211412631,Calystegia silvatica,large bindweed,Plantae,49.0054604,-123.0714248,2024-04-28
211412632,Scapanus orarius,Coast Mole,Mammalia,49.0054604,-123.0714248,2024-04-28
211412633,Lamium purpureum,red deadnettle,Plantae,49.0054604,-123.0714248,2024-04-28
211412636,Nymphaeales,"Waterlilies, Fanworts, and Allies",Plantae,49.0054604,-123.0714248,2024-04-28
211412638,Agelaius phoeniceus,Red-winged Blackbird,Aves,49.0054604,-123.0714248,2024-04-28
211412640,Coprinus comatus,Shaggy Mane,Fungi,49.0054604,-123.0714248,2024-04-28
211412643,Trametes versicolor,turkey-tail,Fungi,49.0054604,-123.0714248,2024-04-28
211412645,Coprinus comatus,Shaggy Mane,Fungi,49.0054604,-123.0714248,2024-04-28
211412648,Bellis perennis,Lawn daisy,Plantae,49.0054604,-123.0714248,2024-04-28
211412653,Typha angustifolia,narrow-leaved cattail,Plantae,49.0054604,-123.0714248,2024-04-28
211412655,Erodium cicutarium,Redstem Stork's-bill,Plantae,49.0054604,-123.0714248,2024-04-28
211412656,Calypte anna,Anna's Hummingbird,Aves,49.0054604,-123.0714248,2024-04-28
211412661,Rumex crispus,curled dock,Plantae,49.0054604,-123.0714248,2024-04-28
211412663,Coprinus comatus,Shaggy Mane,Fungi,49.0054604,-123.0714248,2024-04-28
211412665,Senecio vulgaris,common groundsel,Plantae,49.0054604,-123.0714248,2024-04-28
211412669,Schoenoplectus acutus,hardstem bulrush,Plantae,49.0054604,-123.0714248,2024-04-28
211412671,Cytisus scoparius,Scotch Broom,Plantae,49.0054604,-123.0714248,2024-04-28
211414888,Quercus robur,English oak,Plantae,49.022866,-123.0682302,2024-04-28
211414889,Quercus robur,English oak,Plantae,49.022866,-123.0682302,2024-04-28
211414891,Merulius tremellosus,Trembling Crust,Fungi,49.022866,-123.0682302,2024-04-28
211414892,Parmelia sulcata,Netted shield lichen,Fungi,49.022866,-123.0682302,2024-04-28
211414893,Stereum hirsutum,hairy curtain crust,Fungi,49.022866,-123.0682302,2024-04-28
211414894,Hedera helix,common ivy,Plantae,49.022866,-123.0682302,2024-04-28
211414898,Tipula,Common Crane Flies,Insecta,49.022866,-123.0682302,2024-04-28
211414899,Muscina,,Insecta,49.022866,-123.0682302,2024-04-28
211415483,Hesperocorixa vulgaris,,Insecta,49.2711902091,-122.7164399251,2024-04-28
211417273,Limnoporus notabilis,,Insecta,49.2711998346,-122.7170021832,2024-04-28
211417799,Ardea herodias fannini,Northwest Coast Great Blue Heron,Aves,49.2994283333,-123.0283278333,2024-04-28
211419343,Cytisus scoparius,Scotch Broom,Plantae,49.17637,-122.630395,2024-04-28
211419435,Equisetum,,Plantae,49.175495,-122.6291366667,2024-04-28
211419498,Hedera helix,common ivy,Plantae,49.17537,-122.6282366667,2024-04-28
211419554,Thuja plicata,western redcedar,Plantae,49.1752383333,-122.6281666667,2024-04-28
211419602,Populus trichocarpa,black cottonwood,Plantae,49.17487,-122.6282366667,2024-04-28
211419671,Polystichum munitum,western sword fern,Plantae,49.1741716667,-122.62707,2024-04-28
211419815,Malus domestica,apple,Plantae,49.174095,-122.62687,2024-04-28
211420013,Spiraea douglasii,Rose Spirea,Plantae,49.1740783333,-122.6268616667,2024-04-28
211420069,Ilex aquifolium,European holly,Plantae,49.173905,-122.6264033333,2024-04-28
211420128,Oemleria cerasiformis,Osoberry,Plantae,49.1738283333,-122.6263366667,2024-04-28
211420192,Berberis aquifolium,Oregon grape,Plantae,49.173805,-122.6262283333,2024-04-28
211420268,Calystegia silvatica,large bindweed,Plantae,49.1737466667,-122.6262133333,2024-04-28
211420314,Rubus armeniacus,Armenian Blackberry,Plantae,49.1736616667,-122.6261966667,2024-04-28
211420428,Phalaris arundinacea,reed canary grass,Plantae,49.17368,-122.6261966667,2024-04-28
211420506,Alnus rubra,Red Alder,Plantae,49.173725,-122.6262133333,2024-04-28
211420587,Anas platyrhynchos,Mallard,Aves,49.1738366667,-122.6262666667,2024-04-28
211420653,Aix sponsa,Wood Duck,Aves,49.1738166667,-122.626245,2024-04-28
211420844,Gerris incognitus,,Insecta,49.2712050848,-122.716987431,2024-04-28
211420939,Rubus spectabilis,Salmonberry,Plantae,49.1742883333,-122.62703,2024-04-28
211421027,Corylus cornuta,beaked hazelnut,Plantae,49.1743283333,-122.62703,2024-04-28
211421268,Arhyssus,,Insecta,49.2683705,-123.1683297,2024-04-28
211421269,Phlyctis argena,Whitewash Lichen,Fungi,49.0271256,-123.0677041,2024-04-28
211421270,Oniscus asellus,Common Shiny Woodlouse,Animalia,49.0271256,-123.0677041,2024-04-28
211421275,Arion,Arion Slugs,Mollusca,49.0271256,-123.0677041,2024-04-28
211421277,Lumbricus terrestris,Nightcrawler,Animalia,49.0271256,-123.0677041,2024-04-28
211421280,Calliphora,Bluebottle Flies,Insecta,49.0271256,-123.0677041,2024-04-28
211422167,Trillium ovatum,Pacific trillium,Plantae,49.0848695,-122.671045,2024-04-27
211422395,Rubus ursinus,trailing blackberry,Plantae,49.0848695,-122.67098,2024-04-27
211422496,Hedera helix,common ivy,Plantae,49.0848778333,-122.6709283333,2024-04-27
211422572,Prunus avium,wild cherry,Plantae,49.0849083333,-122.6709366667,2024-04-27
211423375,Achillea millefolium,common yarrow,Plantae,49.0849195,-122.6709666667,2024-04-27
211423668,Hesperis matronalis,dame's rocket,Plantae,49.0849721667,-122.6709133333,2024-04-27
211423796,Hyacinthoides,Bluebells,Plantae,49.0849445,-122.6707466667,2024-04-27
211423906,Tellima grandiflora,fringe cups,Plantae,49.0849388333,-122.6707833333,2024-04-27
211424008,Oemleria cerasiformis,Osoberry,Plantae,49.0849888333,-122.670805,2024-04-27
211424299,Polystichum munitum,western sword fern,Plantae,49.08505,-122.6705383333,2024-04-27
211424458,Sequoia sempervirens,coast redwood,Plantae,49.0850333333,-122.6706216667,2024-04-27
211424709,Corylus cornuta,beaked hazelnut,Plantae,49.0849195,-122.67053,2024-04-27
211424823,Lamium galeobdolon,yellow archangel,Plantae,49.0849083333,-122.670495,2024-04-27
211424990,Rubus parviflorus,thimbleberry,Plantae,49.0849083333,-122.6705116667,2024-04-27
211425344,Cornus sericea,red osier dogwood,Plantae,49.0849695,-122.670455,2024-04-27
211426152,Prunus emarginata,Bitter cherry,Plantae,49.0849695,-122.6703033333,2024-04-27
211426542,Berberis nervosa,Cascade Oregon-grape,Plantae,49.0849583333,-122.6703116667,2024-04-27
211426866,Holodiscus discolor,Ocean spray,Plantae,49.0849805,-122.6702116667,2024-04-27
211427499,Populus trichocarpa,black cottonwood,Plantae,49.0850138333,-122.6702116667,2024-04-27
211427656,Pteridium aquilinum,common bracken,Plantae,49.0850138333,-122.6701966667,2024-04-27
211427952,Sambucus nigra,European black elderberry,Plantae,49.0849916667,-122.67022,2024-04-27
211428057,Thuja plicata,western redcedar,Plantae,49.0848805,-122.67025,2024-04-27
211428170,Trametes versicolor,turkey-tail,Fungi,49.0848888333,-122.6702583333,2024-04-27
211428317,Microvelia buenoi,,Insecta,49.2712127415,-122.7168382332,2024-04-28
211428435,Geranium molle,Dove's-foot crane's-bill,Plantae,49.0848583333,-122.67018,2024-04-27
211428564,Alnus rubra,Red Alder,Plantae,49.0848416667,-122.6702033333,2024-04-27
211428667,Amelanchier alnifolia,Saskatoon,Plantae,49.3020852702,-122.6966888086,2024-04-28
211428768,Cornus nuttallii,Pacific Dogwood,Plantae,49.0847888333,-122.67008,2024-04-27
211429034,Acer circinatum,Vine Maple,Plantae,49.0847695,-122.670045,2024-04-27
211429240,Arbutus menziesii,Pacific madrone,Plantae,49.0821833333,-122.669205,2024-04-27
211432030,Sylvilagus floridanus,Eastern Cottontail,Mammalia,49.0457611667,-122.6913533333,2024-04-26
211510054,Turdus migratorius,American Robin,Aves,49.2635340979,-123.0091324406,2024-04-29
211511013,Lontra canadensis,North American River Otter,Mammalia,49.3770273468,-123.2752399519,2024-04-28
211512635,Phoca vitulina richardii,Pacific Harbor Seal,Mammalia,49.3771159729,-123.2752168179,2024-04-28
211526052,Poecile atricapillus,Black-capped Chickadee,Aves,49.2514838107,-123.1093116005,2024-04-29
211529037,Colaptes auratus,Northern Flicker,Aves,49.2833007672,-123.1992895506,2024-04-29
211553764,Streptopelia decaocto,Eurasian Collared-Dove,Aves,49.355896602,-123.103432404,2024-04-29
211556509,Buxus,boxes,Plantae,49.1214861667,-122.8289416667,2024-04-28
211557400,Syntrichia princeps,Brown Screw-moss,Plantae,49.263297,-123.178838,2024-04-26
211557404,Syntrichia latifolia,Water Screw-moss,Plantae,49.263297,-123.178838,2024-04-26
211558123,Lathyrus japonicus,seaside pea,Plantae,49.1251372592,-123.1933628395,2024-04-29
211577090,Passeriformes,Perching Birds,Aves,49.2876504939,-123.0370031834,2024-04-29
211594054,Cerastium,Mouse-ear Chickweeds,Plantae,49.2425416667,-123.191125,2024-04-27
211598647,Sylvilagus floridanus,Eastern Cottontail,Mammalia,49.0430484758,-122.7489025502,2024-04-29
211601431,Dicentra formosa,Pacific Bleeding Heart,Plantae,49.2874633333,-122.9820866667,2024-04-29
211601549,Dracaena fragrans,cornstalk dracaena,Plantae,49.2590259059,-123.1226500961,2024-04-29
211603869,Hirundo rustica,Barn Swallow,Aves,49.0983656711,-123.181387197,2024-04-27
211606163,Haemorhous mexicanus,House Finch,Aves,49.2570823595,-123.0941003547,2024-04-29
211606820,Aesculus hippocastanum,horse-chestnut,Plantae,49.2308358667,-122.8077832333,2024-04-28
211606822,Ribes sanguineum,Red-flowering Currant,Plantae,49.2308560167,-122.8078105983,2024-04-28
211607906,Taraxacum officinale,common dandelion,Plantae,49.2309138183,-122.8078482417,2024-04-28
211607908,Cornus sericea,red osier dogwood,Plantae,49.2309270867,-122.808035715,2024-04-28
211607909,Berberis aquifolium,Oregon grape,Plantae,49.2309310217,-122.8081421583,2024-04-28
211609502,Plantago lanceolata,ribwort plantain,Plantae,49.230934655,-122.8081400383,2024-04-28
211609506,Crataegus monogyna,common hawthorn,Plantae,49.2310932117,-122.8082188733,2024-04-28
211609508,Tilia platyphyllos,Bigleaf Linden,Plantae,49.2312337683,-122.808414255,2024-04-28
211609843,Anas platyrhynchos,Mallard,Aves,49.1798333333,-122.8199,2024-04-28
211610182,Ixoreus naevius,Varied Thrush,Aves,49.1811916667,-122.8200361111,2024-04-28
211611569,Chaenomeles,Flowering quinces,Plantae,49.0248484,-122.719671,2024-04-29
211612160,Setophaga coronata auduboni,Audubon's Warbler,Aves,49.2179871211,-122.9148356337,2024-04-29
211612454,Sciurus carolinensis,Eastern Gray Squirrel,Mammalia,49.0862195,-122.6675866667,2024-04-29
211614696,Sambucus racemosa,red-berried elder,Plantae,49.28745,-122.9824216667,2024-04-29
211618118,Cerastium fontanum,Common mouse-ear chickweed,Plantae,49.1659888333,-122.6657033333,2024-04-29
211618555,Pinus mugo,mountain pine,Plantae,49.1659805,-122.6657333333,2024-04-29
211618874,Rosa multiflora,multiflora rose,Plantae,49.16595,-122.6657866667,2024-04-29
211624652,Yucca,Yuccas,Plantae,49.2581583333,-123.0426471667,2024-04-29
211624739,Yucca,Yuccas,Plantae,49.2581966667,-123.0426555,2024-04-29
211625309,Poecile atricapillus,Black-capped Chickadee,Aves,49.2383336695,-123.1811111159,2024-04-29
211627495,Acer macrophyllum,bigleaf maple,Plantae,49.0844111667,-122.6690533333,2024-04-27
211629261,Myosotis,Forget-me-nots,Plantae,49.0849108084,-122.6717663496,2024-04-27
211632810,Apis mellifera,Western Honey Bee,Insecta,49.3842173068,-123.0858009307,2024-04-29
211633152,Batrachioidea,,Plantae,49.0193314997,-122.7127614,2024-04-29
211636388,Rubus armeniacus,Armenian Blackberry,Plantae,49.25963076,-122.75228824,2024-04-29
211637238,Orthotrichales,,Plantae,49.2596914702,-122.7522432098,2024-04-29
211638897,Capsella bursa-pastoris,shepherd's-purse,Plantae,49.2596375659,-122.7521497416,2024-04-29
211639642,Capsella bursa-pastoris,shepherd's-purse,Plantae,49.259801819,-122.7522626477,2024-04-29
211640442,Colaptes auratus,Northern Flicker,Aves,49.2676467896,-123.1754684448,2024-04-26
211640624,Trifolium pratense,Red Clover,Plantae,49.2598159589,-122.752151164,2024-04-29
211641960,Stellaria,chickweeds,Plantae,49.2595188046,-122.7520059194,2024-04-29
211642790,Hedera helix,common ivy,Plantae,49.0965805,-122.6577366667,2024-04-26
211642910,Ilex aquifolium,European holly,Plantae,49.0965805,-122.6577366667,2024-04-26
211643151,Veronica arvensis,corn speedwell,Plantae,49.2593033407,-122.7514768804,2024-04-29
211643650,Oemleria cerasiformis,Osoberry,Plantae,49.0965805,-122.6577366667,2024-04-26
211643793,Cornus sericea,red osier dogwood,Plantae,49.0965805,-122.6577366667,2024-04-26
211643980,Picea pungens,blue spruce,Plantae,49.0965805,-122.6577366667,2024-04-26
211644149,Symphoricarpos albus,Common Snowberry,Plantae,49.0965805,-122.6577366667,2024-04-26
211644364,Alnus rubra,Red Alder,Plantae,49.0965805,-122.6577366667,2024-04-26
211644814,Physocarpus capitatus,Pacific ninebark,Plantae,49.0965805,-122.6577366667,2024-04-26
211644883,Equisetum arvense,field horsetail,Plantae,49.0965805,-122.6577366667,2024-04-26
211645058,Rubus armeniacus,Armenian Blackberry,Plantae,49.0965805,-122.6577366667,2024-04-26
211645229,Impatiens glandulifera,Himalayan balsam,Plantae,49.0965805,-122.6577366667,2024-04-26
211645488,Chamaenerion angustifolium,fireweed,Plantae,49.0965805,-122.6577366667,2024-04-26
211645526,Tortula muralis,Wall Screw-moss,Plantae,49.2593802472,-122.7514934413,2024-04-29
211645697,Rosa nutkana,Nootka rose,Plantae,49.0965805,-122.6577366667,2024-04-26
211645902,Astur cooperii,Cooper's Hawk,Aves,49.0862807679,-122.6675921214,2024-04-29
211646368,Polypodium glycyrrhiza,licorice fern,Plantae,49.0965805,-122.6577366667,2024-04-26
211646574,Tracheophyta,Vascular Plants,Plantae,49.2593025518,-122.751365187,2024-04-29
211646610,Sequoiadendron giganteum,giant sequoia,Plantae,49.0965805,-122.6577366667,2024-04-26
211649423,Amelanchier alnifolia,Saskatoon,Plantae,49.0173425143,-122.6549000771,2024-04-26
211650055,Trifolium,clovers,Plantae,49.2596716667,-122.75215,2024-04-29
211656685,Prunus avium,wild cherry,Plantae,49.2126844801,-122.5259445663,2024-04-29
211656976,Geranium robertianum,Herb Robert,Plantae,49.2126315076,-122.5259612947,2024-04-29
211660959,Rubus parviflorus,thimbleberry,Plantae,49.2126680178,-122.5259594036,2024-04-29
211671513,Bombus impatiens,Common Eastern Bumble Bee,Insecta,49.26595,-123.0942083333,2024-04-29
211672413,Maianthemum dilatatum,Western Lily of the Valley,Plantae,49.3586880401,-123.0268986861,2024-04-29
211674650,Cirsium vulgare,Bull Thistle,Plantae,49.20855,-122.899925,2024-04-29
211674970,Agelaius phoeniceus,Red-winged Blackbird,Aves,49.3865711662,-123.3459383716,2024-04-29
211676415,Bellis perennis,Lawn daisy,Plantae,49.2085333333,-122.8999033333,2024-04-29
211676727,Solanum dulcamara,bittersweet nightshade,Plantae,49.2085583333,-122.89937,2024-04-29
211677799,Sisymbrium officinale,Hedge mustard,Plantae,49.20852,-122.8997583333,2024-04-29
211679768,Barbarea verna,land cress,Plantae,49.2080583333,-122.899995,2024-04-29
211680280,Scytosiphon,,Chromista,49.3028305556,-123.128175,2024-04-27
211680674,Lepidium campestre,field peppergrass,Plantae,49.2078666667,-122.9003833333,2024-04-29
211681217,Mycelis muralis,Wall Lettuce,Plantae,49.2441833333,-123.1915972222,2024-04-27
211681459,Pseudotsuga,Douglas-firs,Plantae,49.107104226,-122.8931361815,2024-04-29
211681841,Prunus emarginata,Bitter cherry,Plantae,49.107455425,-122.8933514749,2024-04-29
211681969,Spinus pinus,Pine Siskin,Aves,49.1952772288,-122.7636618912,2024-04-29
211682166,Acer circinatum,Vine Maple,Plantae,49.1074692552,-122.8932809831,2024-04-29
211682241,Ulva intestinalis,Gutweed,Plantae,49.3028055556,-123.1281277778,2024-04-27
211682594,Lamium galeobdolon argentatum,Variegated Yellow Archangel,Plantae,49.1075129668,-122.8932145984,2024-04-29
211682859,Pteridium aquilinum,common bracken,Plantae,49.1074904195,-122.8932109104,2024-04-29
211683563,Berberis nervosa,Cascade Oregon-grape,Plantae,49.1075446504,-122.893298166,2024-04-29
211684004,Vaccinium parvifolium,Red Huckleberry,Plantae,49.1075669043,-122.8935613577,2024-04-29
211684091,Bombus vosnesenskii,Yellow-faced Bumble Bee,Insecta,49.3931232683,-123.3257952924,2024-04-29
211684092,Felis catus,Domestic Cat,Mammalia,49.3990604713,-123.3131532712,2024-04-29
211684202,Polystichum munitum,western sword fern,Plantae,49.1076605302,-122.8934865074,2024-04-29
211684358,Gracilaria,,Plantae,49.3027833333,-123.1280277778,2024-04-27
211684501,Thuja plicata,western redcedar,Plantae,49.1077507195,-122.8937337735,2024-04-29
211685084,Tripleurospermum inodorum,scentless mayweed,Plantae,49.2079383333,-122.9003966667,2024-04-29
211685089,Trifolium pratense,Red Clover,Plantae,49.2371420997,-122.7658876997,2024-04-29
211685224,Sambucus racemosa,red-berried elder,Plantae,49.1077414155,-122.8942597379,2024-04-29
211685705,Berberis aquifolium,Oregon grape,Plantae,49.1075308202,-122.8946138733,2024-04-29
211686067,Rubus bifrons,Himalayan Blackberry,Plantae,49.2371420997,-122.7658876997,2024-04-29
211686370,Homo sapiens,Human,Mammalia,49.2695211529,-123.115159616,2024-04-29
211686496,Cumathamnion decipiens,winged rib,Plantae,49.3027527778,-123.1279666667,2024-04-27
211686722,Symphoricarpos albus,Common Snowberry,Plantae,49.1077234364,-122.8934837413,2024-04-29
211687091,Symphoricarpos albus,Common Snowberry,Plantae,49.2372298,-122.7657966,2024-04-29
211687157,Malus,apples and crabapples,Plantae,49.250061527,-123.0585942897,2024-04-29
211687830,Ulva fenestrata,,Plantae,49.3027027778,-123.1280277778,2024-04-27
211687938,Hyacinthoides,Bluebells,Plantae,49.2500991584,-123.0585451874,2024-04-29
211688029,Lamium purpureum,red deadnettle,Plantae,49.250204854,-123.0584919255,2024-04-29
211688291,Geum macrophyllum,Large-leaved Avens,Plantae,49.2373254997,-122.7655112,2024-04-29
211688559,Malus,apples and crabapples,Plantae,49.2503900124,-123.0588206076,2024-04-29
211688698,Homalothecium,homalothecium mosses,Plantae,49.2373211,-122.7655060997,2024-04-29
211688863,Rhyparochromus vulgaris,bright-spotted groundbug,Insecta,49.24996983,-123.05890283,2024-04-29
211688970,Mastocarpus,encrusting red algae,Plantae,49.3028194444,-123.1280222222,2024-04-27
211689176,Malus,apples and crabapples,Plantae,49.2502361817,-123.0587702039,2024-04-29
211689298,Trametes versicolor,turkey-tail,Fungi,49.2376026,-122.7654411,2024-04-29
211689309,Malus,apples and crabapples,Plantae,49.2503859395,-123.0583000199,2024-04-29
211689360,Geranium molle,Dove's-foot crane's-bill,Plantae,49.2499834,-123.05880658,2024-04-29
211689649,Hyacinthoides,Bluebells,Plantae,49.2497075117,-123.0590081402,2024-04-29
211689678,Lamium purpureum,red deadnettle,Plantae,49.2502960419,-123.0583896095,2024-04-29
211689779,Lumbricidae,Lumbricid Earthworms,Animalia,49.2377642,-122.7654909,2024-04-29
211690169,Lamium purpureum,red deadnettle,Plantae,49.2498671031,-123.0588223973,2024-04-29
211690217,Sparlingia pertusa,red eyelet silk,Plantae,49.3029222222,-123.1277555556,2024-04-27
211690332,Symphytum,Comfreys,Plantae,49.2502352251,-123.0583139196,2024-04-29
211690353,Lamium purpureum,red deadnettle,Plantae,49.25002668,-123.05886846,2024-04-29
211690631,Polystichum munitum,western sword fern,Plantae,49.2502314655,-123.0583020486,2024-04-29
211690698,Naematelia,,Fungi,49.2377663997,-122.7654404997,2024-04-29
211690779,Cydonia,,Plantae,49.250344242,-123.0584660547,2024-04-29
211691013,Malus,apples and crabapples,Plantae,49.2497767615,-123.0586451391,2024-04-29
211691123,Nereocystis luetkeana,Bull Kelp,Chromista,49.303102,-123.126702,2024-04-27
211691293,Rosaceae,rose family,Plantae,49.2502187239,-123.0587351416,2024-04-29
211691422,Malus,apples and crabapples,Plantae,49.2497645834,-123.0586488395,2024-04-29
211691477,Stereum,,Fungi,49.2376585,-122.7656039997,2024-04-29
211691713,Veronica arvensis,corn speedwell,Plantae,49.25019145,-123.05899382,2024-04-29
211691738,Cydonia oblonga,Quince,Plantae,49.2502609687,-123.0585317967,2024-04-29
211691759,Chroicocephalus philadelphia,Bonaparte's Gull,Aves,49.3542883333,-123.3018716667,2024-04-29
211691862,Malus,apples and crabapples,Plantae,49.2498307794,-123.058699898,2024-04-29
211691966,Taraxacum,dandelions,Plantae,49.2503276077,-123.0585678479,2024-04-29
211692095,Hypoxylaceae,,Fungi,49.2376575997,-122.7653818,2024-04-29
211692264,Narcissus,daffodils,Plantae,49.2502863659,-123.0586789829,2024-04-29
211692360,Glechoma hederacea,ground-ivy,Plantae,49.2500655,-123.05894052,2024-04-29
211692445,Lupinus,lupines,Plantae,49.2506210882,-123.0584627547,2024-04-29
211692542,Saccharina latissima,Sugar Kelp,Chromista,49.3029166667,-123.1274416667,2024-04-27
211692550,Hyacinthoides non-scripta,bluebell,Plantae,49.2498204593,-123.058642321,2024-04-29
211692618,Oemleria cerasiformis,Osoberry,Plantae,49.2379152,-122.7655151997,2024-04-29
211693167,Hyacinthus orientalis,Hyacinth,Plantae,49.2506871107,-123.0585245552,2024-04-29
211693814,Hyacinthoides,Bluebells,Plantae,49.2498148133,-123.0586130729,2024-04-29
211693835,Hyacinthoides hispanica,Spanish Bluebell,Plantae,49.2506535857,-123.0587026972,2024-04-29
211693943,Acer pseudoplatanus,sycamore maple,Plantae,49.1288312898,-123.177440744,2024-04-29
211694078,Taraxacum,dandelions,Plantae,49.2498912349,-123.0585212294,2024-04-29
211694126,Acer platanoides,Norway maple,Plantae,49.1282705446,-123.1774563055,2024-04-29
211694418,Pisaster ochraceus,Ochre Sea Star,Animalia,49.3029222222,-123.1270611111,2024-04-27
211694612,Cydonia,,Plantae,49.250494908,-123.0584527175,2024-04-29
211694806,Prunus lusitanica,Portuguese laurel,Plantae,49.2379152,-122.7655151997,2024-04-29
211695221,Rubus spectabilis,Salmonberry,Plantae,49.2379152,-122.7655151997,2024-04-29
211695408,Chondracanthus exasperatus,Turkish Towel,Plantae,49.3029888889,-123.1270611111,2024-04-27
211695771,Agaricomycetes,"Mushrooms, Bracket Fungi, Puffballs, and Allies",Fungi,49.2501777,-123.05882175,2024-04-29
211696900,Mazzaella splendens,splendid iridescent seaweed,Plantae,49.303075,-123.1268083333,2024-04-27
211697081,Polystichum munitum,western sword fern,Plantae,49.2378709997,-122.7654131997,2024-04-29
211697179,Prunus,"plums, cherries, and allies",Plantae,49.1265086644,-123.1759151538,2024-04-29
211697876,Plantago major,greater plantain,Plantae,49.1263467795,-123.1745443562,2024-04-29
211697930,Pisaster ochraceus,Ochre Sea Star,Animalia,49.3031527778,-123.1268305556,2024-04-27
211698189,Pulvigera,,Plantae,49.2378821,-122.7654655,2024-04-29
211698274,Pinus,pines,Plantae,49.1263906891,-123.1746230834,2024-04-29
211698555,Hedera helix,common ivy,Plantae,49.238278,-122.7655898,2024-04-29
211698675,Artemisia vulgaris,common mugwort,Plantae,49.16094622,-123.16962869,2024-04-29
211698794,Amygdaloideae,,Plantae,49.16091625,-123.16962831,2024-04-29
211698824,Kobeltia,hortensis-group Arion Slugs,Mollusca,49.2380533997,-122.7654535,2024-04-29
211698987,Plantago,plantains,Plantae,49.1257240344,-123.1743700338,2024-04-29
211699010,Thuja plicata,western redcedar,Plantae,49.238497,-122.7658255997,2024-04-29
211699067,Dermasterias imbricata,Leather Star,Animalia,49.30315,-123.1268166667,2024-04-27
211699210,Acer macrophyllum,bigleaf maple,Plantae,49.2387159,-122.7658468,2024-04-29
211699212,Pinus,pines,Plantae,49.125327319,-123.1743282919,2024-04-29
211699399,Geranium robertianum,Herb Robert,Plantae,49.2385695997,-122.7658736,2024-04-29
211699929,Bombus,Bumble Bees,Insecta,49.2500562351,-123.0587957147,2024-04-29
211699960,Rosa,roses,Plantae,49.1246381589,-123.1744137873,2024-04-29
211700026,Acer circinatum,Vine Maple,Plantae,49.2385695997,-122.7658736,2024-04-29
211700177,Betula pendula,silver birch,Plantae,49.1244374087,-123.174498077,2024-04-29
211700323,Berberis aquifolium,Oregon grape,Plantae,49.1243865761,-123.1743907371,2024-04-29
211700327,Evasterias troschelii,Mottled Star,Animalia,49.3032027778,-123.1268305556,2024-04-27
211700533,Maianthemum dilatatum,Western Lily of the Valley,Plantae,49.2385695997,-122.7658736,2024-04-29
211700535,Branta canadensis,Canada Goose,Aves,49.3821665599,-123.336631274,2024-04-29
211700659,Symphoricarpos,snowberries,Plantae,49.1242821375,-123.1744230074,2024-04-29
211700889,Betula papyrifera,paper birch,Plantae,49.1236687918,-123.1740676147,2024-04-29
211700959,Magnoliopsida,Dicots,Plantae,49.3238932522,-122.9711931455,2024-04-26
211701076,Berberis aquifolium,Oregon grape,Plantae,49.123632582,-123.1743238495,2024-04-29
211701092,Dicentra formosa,Pacific Bleeding Heart,Plantae,49.3448100938,-122.9713174614,2024-04-26
211701193,Pseudotsuga,Douglas-firs,Plantae,49.1236053827,-123.1743520965,2024-04-29
211701265,Viola sempervirens,Redwood Violet,Plantae,49.3448171803,-122.9713156514,2024-04-26
211701506,Betulaceae,birch family,Plantae,49.1234883713,-123.1743543596,2024-04-29
211701512,Ribes sanguineum,Red-flowering Currant,Plantae,49.3434744726,-122.9718179842,2024-04-26
211701624,Berberis aquifolium,Oregon grape,Plantae,49.1235028301,-123.1743753144,2024-04-29
211701714,Alaria marginata,winged kelp,Chromista,49.3032027778,-123.1268305556,2024-04-27
211701897,Acer circinatum,Vine Maple,Plantae,49.1234156164,-123.1744111051,2024-04-29
211701993,Prunus laurocerasus,Cherry laurel,Plantae,49.1230933741,-123.1743939222,2024-04-29
211702395,Berberis aquifolium,Oregon grape,Plantae,49.1231104732,-123.1744059921,2024-04-29
211702497,Alnus,alders,Plantae,49.1233337905,-123.1742398538,2024-04-29
211703138,Cepaea nemoralis,Brown-lipped Snail,Mollusca,49.1251528333,-123.19712,2024-04-26
211703536,Symphoricarpos,snowberries,Plantae,49.1232446241,-123.1745871871,2024-04-29
211703571,Dryopteris expansa,spreading wood fern,Plantae,49.2386934997,-122.765765,2024-04-29
211703641,Symphoricarpos,snowberries,Plantae,49.1228438449,-123.1740431396,2024-04-29
211703823,Corvus brachyrhynchos,American Crow,Aves,49.3076266667,-123.0022516667,2024-04-29
211703852,Rubus parviflorus,thimbleberry,Plantae,49.122459367,-123.174324101,2024-04-29
211703910,Dicentra formosa,Pacific Bleeding Heart,Plantae,49.2386934997,-122.765765,2024-04-29
211704050,Malus fusca,Pacific Crab Apple,Plantae,49.1226109118,-123.1742189919,2024-04-29
211704377,Rosa nutkana,Nootka rose,Plantae,49.1225939168,-123.1740863623,2024-04-29
211704552,Crataegus,hawthorns,Plantae,49.1224462912,-123.1743005478,2024-04-29
211704674,Acer circinatum,Vine Maple,Plantae,49.1224108357,-123.1743543596,2024-04-29
211705132,Acrosiphonia,,Plantae,49.303013,-123.126486,2024-04-27
211705196,Populus,"poplars, cottonwoods, and aspens",Plantae,49.1220372543,-123.1746412722,2024-04-29
211705259,Psaltriparus minimus,Bushtit,Aves,49.2563359295,-123.0633738124,2024-04-28
211705395,Populus tremuloides,quaking aspen,Plantae,49.1219634098,-123.1746159588,2024-04-29
211705773,Rosa,roses,Plantae,49.1219301203,-123.1746465902,2024-04-29
211705957,Equisetum arvense,field horsetail,Plantae,49.1217427981,-123.1747931523,2024-04-29
211706177,Cirsium,Plume Thistles,Plantae,49.1218384356,-123.1747081598,2024-04-29
211706274,Mitrula elegans,swamp beacon,Fungi,49.335045,-122.9866716667,2024-04-28
211706392,Vicia sativa,Common Vetch,Plantae,49.1218297603,-123.1746446249,2024-04-29
211706400,Crataegus,hawthorns,Plantae,49.216842869,-123.2049171254,2024-04-28
211706644,Typha latifolia,broadleaf cattail,Plantae,49.1219400242,-123.1745800005,2024-04-29
211706736,Geum macrophyllum,Large-leaved Avens,Plantae,49.2390760997,-122.765814,2024-04-29
211706742,Galium,bedstraws,Plantae,49.216842869,-123.2049171254,2024-04-28
211706784,Ribes aureum,golden currant,Plantae,49.1219710373,-123.1746113488,2024-04-29
211706951,Hyacinthoides,Bluebells,Plantae,49.25013494,-123.0584035,2024-04-29
211707273,Oniscus asellus,Common Shiny Woodlouse,Animalia,49.2393673444,-122.7655638278,2024-04-29
211707529,Lophopanopeus bellus,Blackclaw Crestleg Crab,Animalia,49.376832849,-123.2731585577,2024-04-29
211707613,Sambucus racemosa,red-berried elder,Plantae,49.216842869,-123.2049171254,2024-04-28
211707636,Rhododendron,rhododendrons and azaleas,Plantae,49.26472836,-123.11749768,2024-04-29
211707705,Crataegus,hawthorns,Plantae,49.307165,-123.0022566667,2024-04-29
211707747,Polypodium glycyrrhiza,licorice fern,Plantae,49.2393672997,-122.7655637997,2024-04-29
211707871,Peziza,Cups,Fungi,49.216842869,-123.2049171254,2024-04-28
211707921,Trametes,Turkey-tails and allies,Fungi,49.2393672997,-122.7655637997,2024-04-29
211707979,Hyacinthoides,Bluebells,Plantae,49.26676133,-123.11687461,2024-04-29
211708152,Lophopanopeus bellus,Blackclaw Crestleg Crab,Animalia,49.3765877065,-123.2737667486,2024-04-29
211708323,Fucus distichus,Rockweed,Chromista,49.3032805556,-123.1265416667,2024-04-27
211708382,Rosa nutkana,Nootka rose,Plantae,49.216842869,-123.2049171254,2024-04-28
211708570,Peltigera,pelt lichens,Fungi,49.3067033333,-123.003105,2024-04-29
211708589,Polypodium glycyrrhiza,licorice fern,Plantae,49.2393259997,-122.7655988,2024-04-29
211708662,Cytisus scoparius,Scotch Broom,Plantae,49.216842869,-123.2049171254,2024-04-28
211708885,Bombus vosnesenskii,Yellow-faced Bumble Bee,Insecta,49.2674844,-123.1162715,2024-04-29
211708965,Euphausia pacifica,North Pacific krill,Animalia,49.3769382839,-123.2743018493,2024-04-29
211709246,Racomitrium elongatum,Elongate Rock Moss,Plantae,49.216842869,-123.2049171254,2024-04-28
211709431,Ranunculus repens,Creeping buttercup,Plantae,49.2396278,-122.7659802997,2024-04-29
211709580,Selasphorus rufus,Rufous Hummingbird,Aves,49.216842869,-123.2049171254,2024-04-28
211709669,Colaptes auratus,Northern Flicker,Aves,49.1218765732,-123.1747080759,2024-04-29
211709826,Calypte anna,Anna's Hummingbird,Aves,49.1218721667,-123.174645,2024-04-29
211709911,Psychrolutidae,Fathead Sculpins,Actinopterygii,49.3768068722,-123.2738341391,2024-04-29
211709914,Rubus parviflorus,thimbleberry,Plantae,49.2396278,-122.7659802997,2024-04-29
211710008,Charadrius vociferus,Killdeer,Aves,49.216842869,-123.2049171254,2024-04-28
211710171,Rubus parviflorus,thimbleberry,Plantae,49.1221948874,-123.1748526189,2024-04-29
211710412,Malus,apples and crabapples,Plantae,49.25047623,-123.05856466,2024-04-29
211710520,Rosa,roses,Plantae,49.1221870294,-123.1751308324,2024-04-29
211710630,Hyacinthoides,Bluebells,Plantae,49.25061751,-123.05826293,2024-04-29
211710845,Corvus brachyrhynchos,American Crow,Aves,49.25025471,-123.05872531,2024-04-29
211710851,Cornus sericea,red osier dogwood,Plantae,49.2412453997,-122.7665784997,2024-04-29
211710919,Larus glaucescens × occidentalis,Olympic Gull,Aves,49.3042546624,-123.1419013068,2024-04-28
211710996,Neoturris breviconis,,Animalia,49.3771567932,-123.27416908,2024-04-29
211711163,Polystichum munitum,western sword fern,Plantae,49.1225612573,-123.1759991923,2024-04-29
211711336,Pisaster ochraceus,Ochre Sea Star,Animalia,49.3042566299,-123.144252263,2024-04-28
211711391,Rumex,docks and sorrels,Plantae,49.1225896636,-123.1759379526,2024-04-29
211711785,Fucus distichus,Rockweed,Chromista,49.3042566299,-123.144252263,2024-04-28
211711817,Populus trichocarpa,black cottonwood,Plantae,49.2410889,-122.7668577,2024-04-29
211711989,Ophyiulus,,Animalia,49.2414964997,-122.7668146,2024-04-29
211712099,Alitta succinea,Clam Worm,Animalia,49.3769836885,-123.2733644173,2024-04-29
211712170,Setophaga coronata,Yellow-rumped Warbler,Aves,49.30625,-123.001775,2024-04-29
211712204,Syngnathus californiensis,Kelp Pipefish,Actinopterygii,49.3775538621,-123.2741714269,2024-04-29
211712320,Berberis aquifolium,Oregon grape,Plantae,49.1233901484,-123.1754395627,2024-04-29
211712781,Symphoricarpos albus,Common Snowberry,Plantae,49.1231502034,-123.175052656,2024-04-29
211713007,Berberis aquifolium,Oregon grape,Plantae,49.1231059224,-123.1748127775,2024-04-29
211713242,Thuja plicata,western redcedar,Plantae,49.1230872972,-123.1747526677,2024-04-29
211713507,Berberis aquifolium,Oregon grape,Plantae,49.1231889697,-123.1746507437,2024-04-29
211713641,Junco hyemalis,Dark-eyed Junco,Aves,49.3061716667,-123.00186,2024-04-29
211714735,Cytisus scoparius,Scotch Broom,Plantae,49.26743229,-123.11538262,2024-04-29
211714748,Symphoricarpos,snowberries,Plantae,49.1242949548,-123.1743245259,2024-04-29
211715245,Hollenbergia subulata,,Plantae,49.3033416667,-123.1265111111,2024-04-27
211716058,Plantago major,greater plantain,Plantae,49.1255837214,-123.174459804,2024-04-29
211716831,Hildenbrandia,encrusting red algae,Plantae,49.302984,-123.126208,2024-04-27
211717432,Nebria brevicollis,European Gazelle Beetle,Insecta,49.30606,-123.0018583333,2024-04-29
211718086,Helminthomorpha,Worm-like Millipedes,Animalia,49.3061333333,-123.00177,2024-04-29
211718178,Ajuga reptans,carpet bugle,Plantae,49.21243324,-123.03909725,2024-04-29
211718641,Corvus brachyrhynchos,American Crow,Aves,49.1269613157,-123.1773922007,2024-04-29
211719235,Lumbricus terrestris,Nightcrawler,Animalia,49.3056683333,-123.001825,2024-04-29
211720290,Larus glaucescens × occidentalis,Olympic Gull,Aves,49.1024506024,-123.3750722334,2024-04-27
211720363,Haliaeetus leucocephalus,Bald Eagle,Aves,49.1162855602,-123.2014252245,2024-04-27
211720444,Larus glaucescens,Glaucous-winged Gull,Aves,49.1256573,-123.1903535,2024-04-27
211720454,Lepidium campestre,field peppergrass,Plantae,49.2331054137,-122.8140079753,2024-04-28
211720604,Columba livia domestica,Feral Pigeon,Aves,49.1237196454,-123.192480728,2024-04-28
211720744,Cancer productus,Red Rock Crab,Animalia,49.3033,-123.1265555556,2024-04-27
211720762,Ardea herodias,Great Blue Heron,Aves,49.156177028,-122.9932428896,2024-04-28
211720854,Cepaea,,Mollusca,49.0323088776,-122.6863771902,2024-04-29
211721190,Anthriscus caucalis,Bur Parsley,Plantae,49.0321647845,-122.6875177881,2024-04-29
211721682,Empidinae,,Insecta,49.0316350922,-122.688307366,2024-04-29
211722046,Perlodidae,Stripetail and Springfly Stoneflies,Insecta,49.0340658624,-122.6869502624,2024-04-29
211722426,Sciaroidea,Fungus Gnats and Gall Midges,Insecta,49.0369069451,-122.6832510122,2024-04-29
211722427,Plantago lanceolata,ribwort plantain,Plantae,49.2330469274,-122.8145136794,2024-04-28
211722652,Prunus emarginata,Bitter cherry,Plantae,49.0387965,-122.683600638,2024-04-29
211723007,Tipuloidea,Typical Crane Flies,Insecta,49.0387212661,-122.6867463662,2024-04-29
211723139,Pipilo maculatus,Spotted Towhee,Aves,49.2025884783,-122.6869712387,2024-04-29
211723173,Tipuloidea,Typical Crane Flies,Insecta,49.0380781794,-122.6867583256,2024-04-29
211723409,Tipuloidea,Typical Crane Flies,Insecta,49.038077584,-122.686690738,2024-04-29
211723652,Chironomini,,Insecta,49.0381538439,-122.6865878217,2024-04-29
211723993,Matricaria discoidea,pineapple-weed,Plantae,49.2331037978,-122.8146622783,2024-04-28
211724100,Cryptosiphonia woodii,Bleached brunette,Plantae,49.3032138889,-123.1263111111,2024-04-27
211724253,Dryobates pubescens,Downy Woodpecker,Aves,49.2024716496,-122.6864370325,2024-04-29
211724286,Tsuga heterophylla,western hemlock,Plantae,49.2414964997,-122.7668146,2024-04-29
211724644,Salix,Willows,Plantae,49.2438744997,-122.7672529997,2024-04-29
211724834,Costaria costata,seersucker kelp,Chromista,49.303016,-123.126547,2024-04-27
211724975,Pipilo maculatus,Spotted Towhee,Aves,49.163075,-122.634645,2024-04-29
211725262,Metacarcinus magister,Dungeness Crab,Animalia,49.27604783,-123.10645647,2024-04-29
211725306,Evernia prunastri,Oakmoss,Fungi,49.2334838275,-122.8142026537,2024-04-28
211725826,Thryomanes bewickii,Bewick's Wren,Aves,49.30553,-123.001895,2024-04-29
211726329,Desmarestia viridis,stringy acid kelp,Chromista,49.3031194444,-123.1261277778,2024-04-27
211727396,Mazzaella splendens,splendid iridescent seaweed,Plantae,49.3032833333,-123.1263722222,2024-04-27
211727835,Magnolia liliiflora,Lily Magnolia,Plantae,49.0534124852,-122.8014571619,2024-04-29
211728147,Thuja plicata,western redcedar,Plantae,49.0534042004,-122.801404382,2024-04-29
211729087,Veronica chamaedrys,Germander Speedwell,Plantae,49.2341289998,-122.8144183435,2024-04-28
211729295,Quercus robur,English oak,Plantae,49.0531219279,-122.8025407637,2024-04-29
211729624,Cumathamnion decipiens,winged rib,Plantae,49.3032944444,-123.1263972222,2024-04-27
211729980,Pseudotsuga menziesii menziesii,Coast Douglas-fir,Plantae,49.053448654,-122.8029863249,2024-04-29
211730392,Vinca minor,lesser periwinkle,Plantae,49.0536871508,-122.8032320452,2024-04-29
211730651,Pyropia,Nori,Plantae,49.303067,-123.126441,2024-04-27
211730835,Cornus sericea,red osier dogwood,Plantae,49.0536778071,-122.8032290904,2024-04-29
211731737,Strongylocentrotus droebachiensis,Arctic Green Sea Urchin,Animalia,49.3043,-123.00239,2024-04-29
211731946,Betula papyrifera,paper birch,Plantae,49.0537709094,-122.8033746343,2024-04-29
211732792,Lottia,Lottia Limpets,Mollusca,49.3042883333,-123.00246,2024-04-29
211732948,Rosaceae,rose family,Plantae,49.0538376897,-122.8033965347,2024-04-29
211733393,Pisaster ochraceus,Ochre Sea Star,Animalia,49.3042733333,-123.0024466667,2024-04-29
211734180,Lamium purpureum,red deadnettle,Plantae,49.0546121425,-122.8044288242,2024-04-29
211735872,Corvus corax,Common Raven,Aves,49.3040087,-123.1390617,2024-04-27
211735875,Nannopterum auritum albociliatum,Farallon cormorant,Aves,49.2957868,-123.1413965,2024-04-27
211735879,Gasterosteus aculeatus,Threespine Stickleback,Actinopterygii,49.2957868,-123.1413965,2024-04-27
211736255,Ranunculus,buttercups,Plantae,49.2046315389,-122.6913048111,2024-04-29
211736342,Urtica dioica,,Plantae,49.0556591898,-122.8064035604,2024-04-29
211736425,Equisetum telmateia braunii,Braun's Giant Horsetail,Plantae,49.3608457874,-123.0267608936,2024-04-29
211737241,Colaptes auratus cafer,Northern Red-shafted Flicker,Aves,49.304265,-123.0023066667,2024-04-29
211737993,Anas platyrhynchos,Mallard,Aves,49.0561494378,-122.8082659403,2024-04-29
211738096,Polystichum munitum,western sword fern,Plantae,49.3555744424,-123.0206680718,2024-04-29
211738478,Agelaius phoeniceus,Red-winged Blackbird,Aves,49.0561551477,-122.8082627558,2024-04-29
211738565,Prunus,"plums, cherries, and allies",Plantae,49.1266024998,-123.1965871063,2024-04-29
211739135,Spiraea douglasii,Rose Spirea,Plantae,49.0561278098,-122.808492751,2024-04-29
211739698,Setophaga coronata,Yellow-rumped Warbler,Aves,49.205331936,-122.6935660503,2024-04-29
211739982,Bucephala islandica,Barrow's Goldeneye,Aves,49.30416,-123.0021666667,2024-04-29
211740116,Branta canadensis,Canada Goose,Aves,49.0558507115,-122.8085240095,2024-04-29
211740855,Typha latifolia,broadleaf cattail,Plantae,49.055810101,-122.8084670473,2024-04-29
211741141,Sambucus racemosa,red-berried elder,Plantae,49.2055210751,-122.6942711864,2024-04-29
211741903,Nymphaea alba,European White Waterlily,Plantae,49.0557839583,-122.808386589,2024-04-29
211742283,Angiospermae,Flowering Plants,Plantae,49.2434082031,-123.1001281738,2024-04-29
211742601,Angiospermae,Flowering Plants,Plantae,49.2438354492,-123.1001663208,2024-04-29
211742932,Ceramium,Banded Weeds,Plantae,49.3028333333,-123.1281444444,2024-04-27
211742957,Cardamine pratensis,Cuckooflower,Plantae,49.212005,-122.8996283333,2024-04-29
211743007,Heuchera,alumroots,Plantae,49.2438354492,-123.1001281738,2024-04-29
211743240,Magnoliopsida,Dicots,Plantae,49.2437744141,-123.1001052856,2024-04-29
211743883,Cirsium arvense,creeping thistle,Plantae,49.1646111667,-122.6645883333,2024-04-29
211744022,Onagraceae,evening primrose family,Plantae,49.2435874939,-123.0999450684,2024-04-29
211744455,Helleborus,Hellebores,Plantae,49.2437133789,-123.100151062,2024-04-29
211745958,Mentha,mints,Plantae,49.2432250977,-123.1002426147,2024-04-29
211747311,Ambystoma macrodactylum,Long-toed Salamander,Amphibia,49.2799894419,-122.806713693,2024-04-29
211747808,Dicentra formosa,Pacific Bleeding Heart,Plantae,49.0263956739,-122.6564314497,2024-04-29
211748478,Corvus brachyrhynchos,American Crow,Aves,49.0546592756,-122.808836874,2024-04-29
211748971,Cornus nuttallii,Pacific Dogwood,Plantae,49.0522433701,-122.8072635014,2024-04-29
211750671,Alnus rubra,Red Alder,Plantae,49.0517876186,-122.8067886293,2024-04-29
211750962,Geranium robertianum,Herb Robert,Plantae,49.051780072,-122.8067716716,2024-04-29
211751093,Spinus tristis,American Goldfinch,Aves,49.06662216,-123.11806944,2024-04-29
211751585,Tamiasciurus douglasii,Douglas's Squirrel,Mammalia,49.022449432,-122.6550595836,2024-04-29
211751595,Mergus serrator,Red-breasted Merganser,Aves,49.2952332626,-123.1521799858,2024-04-28
211751596,Phoca vitulina richardii,Pacific Harbor Seal,Mammalia,49.2952332626,-123.1521799858,2024-04-28
211751599,Urile pelagicus,Pelagic Cormorant,Aves,49.2952332626,-123.1521799858,2024-04-28
211751614,Chroicocephalus philadelphia,Bonaparte's Gull,Aves,49.2952332626,-123.1521799858,2024-04-28
211751618,Larus glaucescens × occidentalis,Olympic Gull,Aves,49.2952332626,-123.1521799858,2024-04-28
211751619,Melanitta perspicillata,Surf Scoter,Aves,49.2952332626,-123.1521799858,2024-04-28
211751631,Larus brachyrhynchus,Short-billed Gull,Aves,49.2959407269,-123.1391005299,2024-04-28
211751632,Mareca americana,American Wigeon,Aves,49.2959407269,-123.1391005299,2024-04-28
211751633,Setophaga coronata coronata × auduboni,Myrtle × Audubon's Warbler,Aves,49.2959407269,-123.1391005299,2024-04-28
211751640,Anas platyrhynchos,Mallard,Aves,49.2959407269,-123.1391005299,2024-04-28
211752918,Rubus parviflorus,thimbleberry,Plantae,49.0316223356,-122.6852344301,2024-04-29
211752920,Melospiza melodia,Song Sparrow,Aves,49.0320512334,-122.6856313971,2024-04-29
211752922,Picea sitchensis,Sitka spruce,Plantae,49.032381958,-122.6857175534,2024-04-29
211752930,Prunus emarginata,Bitter cherry,Plantae,49.0319843923,-122.6873645927,2024-04-29
211752931,Trillium ovatum,Pacific trillium,Plantae,49.0363682821,-122.6838262595,2024-04-29
211752933,Poecile rufescens,Chestnut-backed Chickadee,Aves,49.0367158958,-122.6840984915,2024-04-29
211752939,Prosartes hookeri,Hooker's fairybells,Plantae,49.0369415785,-122.6836404992,2024-04-29
211752940,Setophaga coronata auduboni,Audubon's Warbler,Aves,49.0372513578,-122.6832827527,2024-04-29
211752949,Tellima grandiflora,fringe cups,Plantae,49.038587856,-122.6832326272,2024-04-29
211752954,Bucephala albeola,Bufflehead,Aves,49.0391354186,-122.6861079552,2024-04-29
211752955,Agelaius phoeniceus,Red-winged Blackbird,Aves,49.0393654616,-122.6852496483,2024-04-29
211752961,Branta canadensis,Canada Goose,Aves,49.0393316279,-122.684430271,2024-04-29
211752963,Tachycineta bicolor,Tree Swallow,Aves,49.0394033239,-122.6841386486,2024-04-29
211752965,Tachycineta bicolor,Tree Swallow,Aves,49.0392849566,-122.684176058,2024-04-29
211752970,Tachycineta thalassina,Violet-green Swallow,Aves,49.0393886926,-122.6840702627,2024-04-29
211752971,Podilymbus podiceps,Pied-billed Grebe,Aves,49.039603991,-122.6849636896,2024-04-29
211752972,Haliaeetus leucocephalus,Bald Eagle,Aves,49.0386775299,-122.6840002783,2024-04-29
211752979,Turdus migratorius,American Robin,Aves,49.0391496709,-122.68542072,2024-04-29
211752980,Tachycineta thalassina,Violet-green Swallow,Aves,49.0393222924,-122.6845097719,2024-04-29
211752981,Stelgidopteryx serripennis,Northern Rough-winged Swallow,Aves,49.0392691519,-122.684522854,2024-04-29
211752987,Pinaceae,pine family,Plantae,49.25956875,-122.75224003,2024-04-29
211752989,Mareca strepera,Gadwall,Aves,49.0393341397,-122.6842079459,2024-04-29
211752990,Scathophaga furcata,Furcate Dung Fly,Insecta,49.0387895348,-122.6858195363,2024-04-29
211752993,Ichneumonoidea,Ichneumonid and Braconid Wasps,Insecta,49.0334215609,-122.6878632951,2024-04-29
211752998,Spinus tristis,American Goldfinch,Aves,49.0335047634,-122.6886937298,2024-04-29
211753000,Haemorhous mexicanus,House Finch,Aves,49.0331556221,-122.6884786896,2024-04-29
211753001,Zonotrichia leucophrys,White-crowned Sparrow,Aves,49.0331887785,-122.6884131334,2024-04-29
211753290,Ajuga,Bugles,Plantae,49.3028,-123.0038266667,2024-04-29
211753530,Pinaceae,pine family,Plantae,49.2595669,-122.75219846,2024-04-29
211754258,Homo sapiens,Human,Mammalia,49.3010872876,-122.767845484,2024-04-29
211754483,Angiospermae,Flowering Plants,Plantae,49.25948209,-122.75218691,2024-04-29
211754533,Syringa,Lilacs,Plantae,49.1262694444,-122.6823055556,2024-04-27
211755000,Rubus,brambles,Plantae,49.259316,-122.7520497,2024-04-29
211755075,Cornus nuttallii,Pacific Dogwood,Plantae,49.1262694444,-122.6823055556,2024-04-27
211755181,Magnoliopsida,Dicots,Plantae,49.25935992,-122.75229185,2024-04-29
211755379,Viburnum plicatum,Japanese snowball,Plantae,49.1262166667,-122.6841027778,2024-04-27
211755702,Magnoliopsida,Dicots,Plantae,49.25942979,-122.7522039,2024-04-29
211756054,Angiospermae,Flowering Plants,Plantae,49.259498635,-122.7521575506,2024-04-29
211756525,Plantago major,greater plantain,Plantae,49.25948173,-122.75205259,2024-04-29
211756818,Homo sapiens,Human,Mammalia,49.2099152357,-122.6953303477,2024-04-29
211757002,Rubus,brambles,Plantae,49.25948706,-122.75213162,2024-04-29
211757647,Poales,"Grasses, Sedges, Cattails, and Allies",Plantae,49.3023333333,-123.0040916667,2024-04-29
211758657,Wisteria sinensis,Chinese wisteria,Plantae,49.2595169517,-122.7516504731,2024-04-29
211759105,Cardamine flexuosa,wavy bittercress,Plantae,49.25953803,-122.75164155,2024-04-29
211759214,Picea glauca,white spruce,Plantae,49.259485362,-122.7516311884,2024-04-29
211759657,Spiraea,meadowsweets,Plantae,49.2593265906,-122.7516258205,2024-04-29
211760306,Pinus,pines,Plantae,49.2593044258,-122.7515950457,2024-04-29
211760318,Trifolium,,Plantae,49.2593983,-122.75165857,2024-04-29
211760660,Pieris,Garden Whites,Insecta,49.2061345961,-122.6799638003,2024-04-29
211760852,Epilobium,willowherbs,Plantae,49.25937283,-122.75158308,2024-04-29
211761086,Lonchaeidae,Lance Flies,Insecta,49.2064046505,-122.6798721203,2024-04-29
211761207,Camelinodae,,Plantae,49.25944323,-122.75159448,2024-04-29
211761542,Spiraea lucida,Shinyleaf Meadowsweet,Plantae,49.25938709,-122.75156512,2024-04-29
211761961,Bryum argenteum,Silvery Bryum,Plantae,49.2593507,-122.7517006,2024-04-29
211761990,Hosta,hostas,Plantae,49.2593316967,-122.7516667173,2024-04-29
211763838,Sagina,pearlworts,Plantae,49.25941773,-122.75157211,2024-04-29
211764656,Equisetum,,Plantae,49.3028,-123.0051883333,2024-04-29
211766128,Equisetum,horsetails,Plantae,49.3029066667,-123.0050616667,2024-04-29
211767102,Cornus,dogwoods,Plantae,49.2593589952,-122.7516408326,2024-04-29
211767250,Acer palmatum,Japanese maple,Plantae,49.2593806051,-122.7516757698,2024-04-29
211767983,Guzmania,Guzmania,Plantae,49.2420178728,-123.1137983624,2024-04-29
211770170,Lamium purpureum,red deadnettle,Plantae,49.2067253807,-122.6794568363,2024-04-29
211771017,Tanacetum,tansies,Plantae,49.2065324405,-122.6795107812,2024-04-29
211771817,Hieracium albiflorum,white hawkweed,Plantae,49.2063191824,-122.6795807944,2024-04-29
211772489,Spiraea japonica,Japanese Spirea,Plantae,49.1651695,-122.6649783333,2024-04-29
211773824,Pipilo maculatus,Spotted Towhee,Aves,49.3041983333,-123.0062016667,2024-04-29
211774504,Ardea herodias,Great Blue Heron,Aves,49.304225,-123.0063666667,2024-04-29
211775913,Aves,Birds,Aves,49.3041033812,-123.0065999553,2024-04-29
211776681,Fungi,Fungi Including Lichens,Fungi,49.0306145285,-122.7892569052,2024-04-27
211777002,Staphylinina,,Insecta,49.1562563792,-122.7071061487,2024-04-27
211777078,Typha,Cattails,Plantae,49.3040767102,-123.0064748973,2024-04-29
211778519,Larus brachyrhynchus,Short-billed Gull,Aves,49.35438,-123.30182,2024-04-29
211778890,Julidae,,Animalia,49.0517894128,-122.7862388407,2024-04-27
211778993,Araneae,Spiders,Arachnida,49.168282759,-122.7963726749,2024-04-27
211780280,Salix lasiandra,Pacific Willow,Plantae,49.3042516667,-123.00665,2024-04-29
211781160,Malus,apples and crabapples,Plantae,49.0111105191,-122.6410286968,2024-04-29
211782375,Pseudacris regilla,Pacific chorus frog,Amphibia,49.0946864043,-122.4880126119,2024-04-29
211783667,Peromyscus sonoriensis,Western Deer Mouse,Mammalia,49.0941974808,-122.4909446016,2024-04-29
211785002,Thamnophis ordinoides,Northwestern Garter Snake,Reptilia,49.0666318,-123.1181346997,2024-04-29
211785382,Typha latifolia,broadleaf cattail,Plantae,49.0640161,-123.1161443997,2024-04-29
211788394,Cryptomeria japonica,sugi,Plantae,49.3063833333,-123.0064816667,2024-04-29
211789230,Fraxinus,ashes,Plantae,49.2178340608,-123.20393309,2024-04-29
211789657,Malus fusca,Pacific Crab Apple,Plantae,49.2180620365,-123.2086779177,2024-04-29
211789939,Crataegus,hawthorns,Plantae,49.2171236284,-123.2098661363,2024-04-29
211791118,Polystichum munitum,western sword fern,Plantae,49.3074233333,-123.0059116667,2024-04-29
211793453,Pseudacris regilla,Pacific chorus frog,Amphibia,49.1706130786,-122.4138485633,2024-04-29
211794521,Bombus impatiens,Common Eastern Bumble Bee,Insecta,49.1750838032,-122.5272041243,2024-04-29
211796084,Cardamine hirsuta,hairy bittercress,Plantae,49.16402637,-123.17005843,2024-04-29
211798174,Setophaga coronata,Yellow-rumped Warbler,Aves,49.1627428,-123.1703483,2024-04-29
211798487,Turdus migratorius,American Robin,Aves,49.2128591733,-122.5266842237,2024-04-29
211799174,Adiantum aleuticum,western maidenhair fern,Plantae,49.2107775378,-122.5245884268,2024-04-29
211799296,Gaultheria shallon,salal,Plantae,49.2105906321,-122.524399406,2024-04-29
211799372,Dicentra formosa,Pacific Bleeding Heart,Plantae,49.2096402767,-122.5225811026,2024-04-29
211799494,Maianthemum dilatatum,Western Lily of the Valley,Plantae,49.2096150109,-122.5225328465,2024-04-29
211799622,Sambucus racemosa,red-berried elder,Plantae,49.2093603228,-122.5231275557,2024-04-29
211799739,Geum macrophyllum,Large-leaved Avens,Plantae,49.2095570692,-122.5231148886,2024-04-29
211799880,Polypodium glycyrrhiza,licorice fern,Plantae,49.2095148038,-122.5234319673,2024-04-29
211800039,Aesculus hippocastanum,horse-chestnut,Plantae,49.2093969014,-122.5233878762,2024-04-29
211800202,Viola glabella,stream violet,Plantae,49.2093783988,-122.5233244884,2024-04-29
211800328,Myosotis sylvatica,Wood Forget-me-not,Plantae,49.209297964,-122.5233540534,2024-04-29
211800445,Cetrelia cetrarioides,Speckled Rag Lichen,Fungi,49.2092613142,-122.5231855169,2024-04-29
211800506,Troglodytes pacificus,Pacific Wren,Aves,49.2087486648,-122.5228601334,2024-04-29
211800536,Achlys triphylla,vanilla leaf,Plantae,49.2108776292,-122.5223122829,2024-04-29
211801202,Lysimachia latifolia,Western Starflower,Plantae,49.2108541887,-122.521983807,2024-04-29
211801301,Aruncus dioicus,Goatsbeard,Plantae,49.2111679558,-122.5206782235,2024-04-29
211801358,Streptopus amplexifolius,white twisted-stalk,Plantae,49.2112942977,-122.5200571124,2024-04-29
211801415,Trillium ovatum,Pacific trillium,Plantae,49.2112373337,-122.5175239416,2024-04-29
211801789,Carnivora,Carnivorans,Mammalia,49.1422666667,-123.1944416667,2024-04-26
211802184,Allium,onions,Plantae,49.1411471667,-123.194595,2024-04-26
211802193,Aix sponsa,Wood Duck,Aves,49.3053133333,-123.0042633333,2024-04-29
211802615,Agelaius phoeniceus,Red-winged Blackbird,Aves,49.1417805,-123.1946116667,2024-04-26
211805545,Alnus rubra,Red Alder,Plantae,49.30494,-123.0035333333,2024-04-29
211806571,Equisetum telmateia,great horsetail,Plantae,49.2490989844,-123.0434452832,2024-04-29
211806702,Bellis perennis,Lawn daisy,Plantae,49.2898133333,-123.0362333333,2024-04-29
211807071,Lysichiton americanus,western skunk cabbage,Plantae,49.2492008743,-123.0434477787,2024-04-29
211807448,Tellima grandiflora,fringe cups,Plantae,49.2492826365,-123.0435856064,2024-04-29
211807846,Ranunculus repens,Creeping buttercup,Plantae,49.2496378466,-123.043266738,2024-04-29
211807927,Zonotrichia leucophrys,White-crowned Sparrow,Aves,49.3042433333,-123.0023433333,2024-04-29
211808197,Lamium purpureum,red deadnettle,Plantae,49.288355,-123.0346666667,2024-04-29
211808216,Aegopodium podagraria,Goutweed,Plantae,49.2488231526,-123.0428178356,2024-04-29
211808436,Acer circinatum,Vine Maple,Plantae,49.2494192279,-123.0428684618,2024-04-29
211808722,Holodiscus discolor,Ocean spray,Plantae,49.2490306426,-123.0428325116,2024-04-29
211809298,Hedera helix,common ivy,Plantae,49.2492344698,-123.0428891651,2024-04-29
211809583,Prunus,"plums, cherries, and allies",Plantae,49.2494251615,-123.0432142392,2024-04-29
211809868,Haliaeetus leucocephalus,Bald Eagle,Aves,49.1235083333,-123.1700283333,2024-04-29
211809910,Alnus rubra,Red Alder,Plantae,49.2488826051,-123.0426718268,2024-04-29
211810274,Dicentra formosa,Pacific Bleeding Heart,Plantae,49.2482775865,-123.0430967205,2024-04-29
211810336,Mergus merganser,Common Merganser,Aves,49.121375,-123.172775,2024-04-29
211810701,Hyacinthoides,Bluebells,Plantae,49.2490209608,-123.042838334,2024-04-29
211810797,Poecile atricapillus,Black-capped Chickadee,Aves,49.1215861667,-123.1730716667,2024-04-29
211811106,Rubus spectabilis,Salmonberry,Plantae,49.2484548307,-123.0432082033,2024-04-29
211811506,Turdus migratorius,American Robin,Aves,49.1221805,-123.174255,2024-04-29
211811578,Taraxacum officinale,common dandelion,Plantae,49.2480456135,-123.0434473631,2024-04-29
211811861,Tortula muralis,Wall Screw-moss,Plantae,49.16300871,-123.16993227,2024-04-29
211811922,Polystichum munitum,western sword fern,Plantae,49.2494968589,-123.0428819878,2024-04-29
211812092,Musca autumnalis,Face fly,Insecta,49.16299974,-123.1699298,2024-04-29
211812518,Rubus,brambles,Plantae,49.2489844278,-123.0429177091,2024-04-29
211812836,Alnus rubra,Red Alder,Plantae,49.2494979874,-123.0426738763,2024-04-29
211813203,Symphoricarpos albus,Common Snowberry,Plantae,49.2492913335,-123.0426984114,2024-04-29
211813322,Ilex aquifolium,European holly,Plantae,49.2498803891,-123.0436298505,2024-04-29
211813622,Angiospermae,Flowering Plants,Plantae,49.16269752,-123.17029944,2024-04-29
211813730,Branta canadensis,Canada Goose,Aves,49.1224055,-123.17433,2024-04-29
211814024,Cathartes aura,Turkey Vulture,Aves,49.2710748184,-123.1989852661,2024-04-29
211814029,Corthylio calendula,Ruby-crowned Kinglet,Aves,49.2717604967,-123.1989396685,2024-04-29
211814030,Catharus guttatus,Hermit Thrush,Aves,49.2713257942,-123.199843573,2024-04-29
211814550,Castor canadensis,American Beaver,Mammalia,49.1224638333,-123.176095,2024-04-29
211814959,Columba livia domestica,Feral Pigeon,Aves,49.1236638333,-123.18097,2024-04-29
211815452,Trifolium pratense,Red Clover,Plantae,49.16279224,-123.17017773,2024-04-29
211815624,Poecile atricapillus,Black-capped Chickadee,Aves,49.1265305,-123.1728666667,2024-04-29
211815626,Ramalina roesleri,Frayed Ribbon Lichen,Fungi,49.1617166,-123.1666124,2024-04-29
211815722,Parmelia saxatilis,Salted Shield Lichen,Fungi,49.16267735,-123.16973543,2024-04-29
211816103,Evernia prunastri,Oakmoss,Fungi,49.16270617,-123.16955513,2024-04-29
211816282,Punctelia jeckeri,Powdered Speckled Shield Lichen,Fungi,49.16268599,-123.16912783,2024-04-29
211816467,Pezizomycotina,Sac Fungi and Lichens,Fungi,49.16269718,-123.1690791,2024-04-29
211816682,Maleae,,Plantae,49.16255565,-123.16890513,2024-04-29
211816806,Xanthomendoza fallax,Hooded Sunburst Lichen,Fungi,49.16257577,-123.16886595,2024-04-29
211816967,Xanthomendoza weberi,Bare-bottom Sunburst Lichen,Fungi,49.16294705,-123.16821089,2024-04-29
211817155,Plantago lanceolata,ribwort plantain,Plantae,49.16285533,-123.16825858,2024-04-29
211817282,Poa pratensis,Smooth Meadow-grass,Plantae,49.16282685,-123.16828638,2024-04-29
211817395,Veronica arvensis,corn speedwell,Plantae,49.1625475,-123.167774,2024-04-29
211817448,Geranium molle,Dove's-foot crane's-bill,Plantae,49.16285211,-123.16743137,2024-04-29
211817611,Taraxacum officinale,common dandelion,Plantae,49.16303303,-123.16765137,2024-04-29
211817669,Plantago lanceolata,ribwort plantain,Plantae,49.16360196,-123.16783249,2024-04-29
211818874,Coccinella septempunctata,Seven-spotted Lady Beetle,Insecta,49.2500616667,-122.8197416667,2024-04-29
211819388,Trillium ovatum,Pacific trillium,Plantae,49.2060027778,-122.8178694444,2024-04-29
211820045,Entiminae,Broad-nosed Weevils,Insecta,49.3163146973,-123.0284118652,2024-04-29
211820080,Ambystoma macrodactylum,Long-toed Salamander,Amphibia,49.2799133333,-122.806795,2024-04-29
211822015,Juliformia,Round-backed Millipedes,Animalia,49.2790366667,-122.8066783333,2024-04-29
211823367,Erodium cicutarium,Redstem Stork's-bill,Plantae,49.2250775407,-122.6959221998,2024-04-29
211823528,Gastropoda,Gastropods,Mollusca,49.2789616667,-122.8067333333,2024-04-29
211823776,Harpaphe haydeniana,Yellow-spotted Millipede,Animalia,49.28,-122.8067866667,2024-04-29
211824345,Oncorhynchus,Pacific Salmons and Trouts,Actinopterygii,49.27995,-122.8067033333,2024-04-29
211825409,Dicentra formosa,Pacific Bleeding Heart,Plantae,49.0363228488,-122.7489114155,2024-04-29
211826458,Mollisia cinerea,common grey disco,Fungi,49.2611928145,-122.8343022243,2024-04-29
211830267,Dichelotarsus piniphilus,Treehugger Soldier Beetle,Insecta,49.0317542854,-122.6854880473,2024-04-29
211830548,Byturus unicolor,Raspberry Fruitworm Beetle,Insecta,49.0316877812,-122.6851388105,2024-04-29
211831685,Misumena vatia,Goldenrod Crab Spider,Arachnida,49.274756347,-122.9899507823,2024-04-29
211832247,Vespericola columbianus,Northwest Hesperian,Mollusca,49.03271075,-122.6867294941,2024-04-29
211837999,Limax maximus,Leopard Slug,Mollusca,49.2422132,-122.7669869,2024-04-29
211838145,Anas platyrhynchos,Mallard,Aves,49.3073753997,-123.0022347997,2024-04-29
211838448,Anas platyrhynchos,Mallard,Aves,49.3073753997,-123.0022347997,2024-04-29
211838885,Junco hyemalis,Dark-eyed Junco,Aves,49.3069509997,-123.0022182997,2024-04-29
211838988,Lepraria,Dust Lichens,Fungi,49.2439302,-122.7669867997,2024-04-29
211839076,Pipilo maculatus,Spotted Towhee,Aves,49.3067664,-123.0021234997,2024-04-29
211839498,Equisetum arvense,field horsetail,Plantae,49.3060900997,-123.0013519997,2024-04-29
211839624,Trametes versicolor,turkey-tail,Fungi,49.2416352997,-122.7670557,2024-04-29
211839859,Corthylio calendula,Ruby-crowned Kinglet,Aves,49.3059628997,-123.0018878997,2024-04-29
211840516,Ilex aquifolium,European holly,Plantae,49.2415463997,-122.7671143,2024-04-29
211840950,Syrphus ribesii,Common Flower Fly,Insecta,49.3048432,-123.0021971,2024-04-29
211841421,Leersia oryzoides,rice cutgrass,Plantae,49.2394496,-122.7657983997,2024-04-29
211842247,Berberis aquifolium,Oregon grape,Plantae,49.3047735,-123.0035127,2024-04-29
211842817,Arabidopsis thaliana,mouse-ear cress,Plantae,49.237076,-122.7659507997,2024-04-29
211843032,Lasius,"Citronella Ants, Fuzzy Ants, and Allies",Insecta,49.3050715997,-123.0041561997,2024-04-29
211843367,Anthophila,Bees,Insecta,49.3038499997,-123.0048357997,2024-04-29
211843558,Lamiaceae,Mint Family,Plantae,49.3028195997,-123.0036345,2024-04-29
211844049,Halictini,,Insecta,49.3046919,-123.0020377997,2024-04-29
211844333,Tanacetum,tansies,Plantae,49.3051389,-123.0020195,2024-04-29
211844754,Stellaria media,common chickweed,Plantae,49.2572833333,-123.0984583333,2024-04-27
211844759,Ficaria verna,lesser celandine,Plantae,49.2570833333,-123.0986027778,2024-04-27
211844760,Plantago major,greater plantain,Plantae,49.256925,-123.0985111111,2024-04-27
211844767,Capsella bursa-pastoris,shepherd's-purse,Plantae,49.2569194444,-123.0985027778,2024-04-27
211844771,Medicago lupulina,Black Medick,Plantae,49.2568888889,-123.09855,2024-04-27
211844779,Trifolium pratense,Red Clover,Plantae,49.2568138889,-123.0987472222,2024-04-27
211844791,Magnoliopsida,Dicots,Plantae,49.2567222222,-123.0989,2024-04-27
211844799,Magnoliopsida,Dicots,Plantae,49.2568277778,-123.0990666667,2024-04-27
211844800,Lamium galeobdolon,yellow archangel,Plantae,49.2570444444,-123.095725,2024-04-27
211844808,Dacrymyces stillatus,Jelly Spot Fungus,Fungi,49.2568333333,-123.0941083333,2024-04-27
211844823,Peltigera collina,tree pelt lichen,Fungi,49.3163388889,-122.9979388889,2024-04-27
211844826,Draba verna,Common Whitlowgrass,Plantae,49.2568944444,-123.0941166667,2024-04-27
211844839,Sticta limbata,Powdered Moon Lichen,Fungi,49.3075444444,-123.0017777778,2024-04-27
211844854,Plantago lanceolata,ribwort plantain,Plantae,49.3074638889,-123.0019611111,2024-04-27
211844858,Ranunculus acris,meadow buttercup,Plantae,49.3097611111,-123.0007083333,2024-04-27
211844867,Sticta limbata,Powdered Moon Lichen,Fungi,49.3074388889,-123.0022805556,2024-04-27
211844877,Lapsana communis,nipplewort,Plantae,49.3075,-123.0021583333,2024-04-27
211844882,Picea sitchensis,Sitka spruce,Plantae,49.3068972222,-123.0019611111,2024-04-27
211844890,Polystichum munitum,western sword fern,Plantae,49.3066944444,-123.0019222222,2024-04-27
211844900,Acer macrophyllum,bigleaf maple,Plantae,49.3064611111,-123.0019,2024-04-27
211844905,Lupinus,lupines,Plantae,49.3063555556,-123.0018777778,2024-04-27
211844909,Fragaria vesca,woodland strawberry,Plantae,49.3063444444,-123.0018222222,2024-04-27
211844921,Viola,Violets,Plantae,49.306275,-123.0017861111,2024-04-27
211844925,Lamium galeobdolon,yellow archangel,Plantae,49.3058472222,-123.0019222222,2024-04-27
211844929,Ranunculus repens,Creeping buttercup,Plantae,49.30585,-123.0018305556,2024-04-27
211844942,Geranium robertianum,Herb Robert,Plantae,49.3059194444,-123.0019138889,2024-04-27
211844944,Evernia prunastri,Oakmoss,Fungi,49.3055583333,-123.0019,2024-04-27
211844947,Lonicera involucrata,twinberry honeysuckle,Plantae,49.3054861111,-123.0019222222,2024-04-27
211844959,Tanacetum vulgare,tansy,Plantae,49.3055,-123.0019694444,2024-04-27
211844961,Geranium dissectum,Cut-leaved crane's-bill,Plantae,49.3053972222,-123.002,2024-04-27
211844963,Cytisus scoparius,Scotch Broom,Plantae,49.3047472222,-123.0022138889,2024-04-27
211844978,Laburnum anagyroides,Common Laburnum,Plantae,49.3044083333,-123.0021666667,2024-04-27
211844980,Leukoma staminea,Pacific Littleneck Clam,Mollusca,49.3042027778,-123.0022361111,2024-04-27
211844986,Metacarcinus magister,Dungeness Crab,Animalia,49.3042416667,-123.0023888889,2024-04-27
211844991,Tresus capax,Fat Gaper,Mollusca,49.3041166667,-123.0023944444,2024-04-27
211844999,Nuttallia obscurata,Purple Mahogany Clam,Mollusca,49.3043444444,-123.001725,2024-04-27
211845002,Saccharina latissima,Sugar Kelp,Chromista,49.3045277778,-123.0015111111,2024-04-27
211845013,Spiraea douglasii,Rose Spirea,Plantae,49.3041611111,-123.0031277778,2024-04-27
211845030,Equisetum arvense,field horsetail,Plantae,49.3041444444,-123.0031972222,2024-04-27
211845037,Leucanthemum vulgare,oxeye daisy,Plantae,49.303925,-123.0034027778,2024-04-27
211845038,Equisetum telmateia,great horsetail,Plantae,49.3035083333,-123.002875,2024-04-27
211845044,Hyacinthoides non-scripta,bluebell,Plantae,49.3032611111,-123.0029611111,2024-04-27
211845055,Petrosedum rupestre,Reflexed Stonecrop,Plantae,49.3027388889,-123.0031444444,2024-04-27
211845067,Fungi,Fungi Including Lichens,Fungi,49.3026694444,-123.0030888889,2024-04-27
211845069,Cepaea nemoralis,Brown-lipped Snail,Mollusca,49.3026722222,-123.0030583333,2024-04-27
211845074,Ajuga reptans,carpet bugle,Plantae,49.3026972222,-123.0032111111,2024-04-27
211845091,Lathyrus latifolius,broad-leaved sweet pea,Plantae,49.3027722222,-123.0039222222,2024-04-27
211845093,Berberis nervosa,Cascade Oregon-grape,Plantae,49.3026583333,-123.0040583333,2024-04-27
211845095,Callitropsis nootkatensis,Alaska yellow cedar,Plantae,49.3027111111,-123.0043027778,2024-04-27
211845104,Usnea hirta,Bristly Beard Lichen,Fungi,49.3026555556,-123.0044027778,2024-04-27
211845105,Equisetum hyemale,rough horsetail,Plantae,49.3029277778,-123.0047527778,2024-04-27
211845106,Cepaea nemoralis,Brown-lipped Snail,Mollusca,49.3026388889,-123.0052333333,2024-04-27
211845114,Cepaea nemoralis,Brown-lipped Snail,Mollusca,49.3026416667,-123.0052416667,2024-04-27
211845122,Pinus contorta,lodgepole pine,Plantae,49.3025472222,-123.0053166667,2024-04-27
211845123,Evernia prunastri,Oakmoss,Fungi,49.3026055556,-123.0062861111,2024-04-27
211845134,Crataegus monogyna,common hawthorn,Plantae,49.3026083333,-123.0062166667,2024-04-27
211845136,Ranunculus repens,Creeping buttercup,Plantae,49.3032416667,-123.0063166667,2024-04-27
211845137,Ranunculus acris,meadow buttercup,Plantae,49.3032222222,-123.0062944444,2024-04-27
211845145,Anas platyrhynchos,Mallard,Aves,49.3035722222,-123.0065611111,2024-04-27
211845157,Crataegus monogyna,common hawthorn,Plantae,49.3044027778,-123.0065388889,2024-04-27
211845158,Rubus spectabilis,Salmonberry,Plantae,49.3061305556,-123.0066972222,2024-04-27
211845163,Oemleria cerasiformis,Osoberry,Plantae,49.3067333333,-123.0058444444,2024-04-27
211845170,Dicentra formosa,Pacific Bleeding Heart,Plantae,49.3070222222,-123.0050277778,2024-04-27
211845179,Lapsana communis,nipplewort,Plantae,49.3069694444,-123.0049055556,2024-04-27
211845180,Trametes,Turkey-tails and allies,Fungi,49.3070138889,-123.0048666667,2024-04-27
211845181,Buxus sempervirens,common box,Plantae,49.3066777778,-123.0038138889,2024-04-27
211845192,Symphoricarpos albus,Common Snowberry,Plantae,49.3059777778,-123.0018611111,2024-04-27
211845204,Lunaria annua,Annual Honesty,Plantae,49.2595444444,-123.0654,2024-04-27
211845211,Cytisus scoparius,Scotch Broom,Plantae,49.2581277778,-123.0486527778,2024-04-27
211845219,Coprinellus micaceus,mica cap,Fungi,49.2567333333,-123.0853583333,2024-04-28
211845227,Berberis aquifolium,Oregon grape,Plantae,49.2570638889,-123.0701,2024-04-28
211845229,Veronica serpyllifolia,thyme-leaved speedwell,Plantae,49.2567944444,-123.0669472222,2024-04-28
211845243,Achillea millefolium,common yarrow,Plantae,49.2540638889,-123.0641111111,2024-04-28
211845249,Ribes sanguineum,Red-flowering Currant,Plantae,49.2544777778,-123.0609666667,2024-04-28
211845250,Rubus parviflorus,thimbleberry,Plantae,49.2547611111,-123.0609138889,2024-04-28
211845265,Anemonoides nemorosa,wood anemone,Plantae,49.2572638889,-123.060775,2024-04-28
211845273,Ficaria verna,lesser celandine,Plantae,49.2572444444,-123.0607,2024-04-28
211845275,Convallaria majalis,European lily of the valley,Plantae,49.2573,-123.0608138889,2024-04-28
211845300,Rubus spectabilis,Salmonberry,Plantae,49.25735,-123.0614083333,2024-04-28
211845302,Rubra,Acer sect. Rubra,Plantae,49.2565388889,-123.0639583333,2024-04-28
211845304,Aquilegia vulgaris,common columbine,Plantae,49.2568861111,-123.0675888889,2024-04-28
211845315,Capsella bursa-pastoris,shepherd's-purse,Plantae,49.2569055556,-123.06765,2024-04-28
211845320,Ranunculus repens,Creeping buttercup,Plantae,49.2568861111,-123.0808555556,2024-04-28
211845323,Geranium molle,Dove's-foot crane's-bill,Plantae,49.2571638889,-123.0875638889,2024-04-28
211845336,Geranium molle,Dove's-foot crane's-bill,Plantae,49.2572472222,-123.0875638889,2024-04-28
211846213,Cis,,Insecta,49.2392294082,-122.765221931,2024-04-29
211846477,Selasphorus rufus,Rufous Hummingbird,Aves,49.3056522997,-123.0018010997,2024-04-29
211846601,Typha,Cattails,Plantae,49.0635402997,-123.1162254997,2024-04-29
211846877,Coleoptera,Beetles,Insecta,49.0350416364,-122.75286925,2024-04-29
211846954,Sciurus carolinensis,Eastern Gray Squirrel,Mammalia,49.3056522997,-123.0018010997,2024-04-29
211847430,Corthylio calendula,Ruby-crowned Kinglet,Aves,49.3059240997,-123.0019453,2024-04-29
211848574,Osmia,Mason Bees,Insecta,49.3060487997,-123.0019003997,2024-04-29
211848851,Turdus migratorius,American Robin,Aves,49.3076304,-123.0022514997,2024-04-29
211849364,Turdus migratorius,American Robin,Aves,49.3076391,-123.0022342997,2024-04-29
211852174,Tolmiea menziesii,Youth-on-Age,Plantae,49.2313734317,-122.8084135083,2024-04-28
211852175,Hedera helix,common ivy,Plantae,49.23138836,-122.8084221233,2024-04-28
211852176,Acer platanoides,Norway maple,Plantae,49.231317015,-122.8082618867,2024-04-28
211852183,Plagiomnium insigne,Badge Moss,Plantae,49.2314063183,-122.8078010817,2024-04-28
211853136,Pleurotineae,,Fungi,49.0340888333,-122.7519466667,2024-04-29
211854555,Callobius,,Arachnida,49.03406701,-122.7519323207,2024-04-29
211856510,Athyrium filix-femina,lady fern,Plantae,49.2313126583,-122.8078192267,2024-04-28
211856514,Ranunculus repens,Creeping buttercup,Plantae,49.2312788233,-122.807734105,2024-04-28
211856516,Polystichum munitum,western sword fern,Plantae,49.23130799,-122.80780824,2024-04-28
211856532,Rubus bifrons,Himalayan Blackberry,Plantae,49.23124468,-122.8076474683,2024-04-28
211856535,Castanea,Chestnuts,Plantae,49.2311457133,-122.8076378167,2024-04-28
211858064,Plagiomnium,Thyme and Allied Mosses,Plantae,49.3610424,-123.0241192997,2024-04-29
211858468,Populus trichocarpa,black cottonwood,Plantae,49.2306956083,-122.8078351733,2024-04-28
211858469,Anas platyrhynchos,Mallard,Aves,49.2314427583,-122.8075288483,2024-04-28
211858472,Corvus brachyrhynchos,American Crow,Aves,49.2315155133,-122.8075304,2024-04-28
211858479,Sambucus racemosa,red-berried elder,Plantae,49.2316417867,-122.8075144167,2024-04-28
211858719,Rubus spectabilis,Salmonberry,Plantae,49.3610424,-123.0241192997,2024-04-29
211859174,Ariolimax columbianus,Pacific Banana Slug,Mollusca,49.3582563,-123.0274852997,2024-04-29
211859189,Bombus vosnesenskii,Yellow-faced Bumble Bee,Insecta,49.2061395517,-122.6957651604,2024-04-29
211859196,Stelgidopteryx serripennis,Northern Rough-winged Swallow,Aves,49.2082662534,-122.7005067008,2024-04-29
211859199,Pandion haliaetus,Osprey,Aves,49.2072815783,-122.6797437968,2024-04-29
211859427,Berberis nervosa,Cascade Oregon-grape,Plantae,49.3719267,-123.0308263,2024-04-29
211859739,Pseudotaxiphyllum elegans,Elegant Silk-moss,Plantae,49.3763969997,-123.0325646,2024-04-29
211860185,Vaccinium parvifolium,Red Huckleberry,Plantae,49.3764575,-123.0326692,2024-04-29
211860617,Gaultheria shallon,salal,Plantae,49.3763999997,-123.0326342997,2024-04-29
211860719,Larus glaucescens,Glaucous-winged Gull,Aves,49.3321699943,-123.1786183497,2024-04-29
211861030,Geum macrophyllum,Large-leaved Avens,Plantae,49.2316951217,-122.80748433,2024-04-28
211861035,Malus domestica,apple,Plantae,49.23188295,-122.8075625483,2024-04-28
211861372,Fomitopsis mounceae,Northern Red Belt,Fungi,49.3760262997,-123.0353821,2024-04-29
211861693,Rhizomnium,,Plantae,49.3759705,-123.0353822,2024-04-29
211862869,Ariolimax columbianus,Pacific Banana Slug,Mollusca,49.3548321728,-123.0122235417,2024-04-29
211863661,Populus trichocarpa,black cottonwood,Plantae,49.2320689983,-122.8074607433,2024-04-28
211863662,Lamium purpureum,red deadnettle,Plantae,49.232060815,-122.80746322,2024-04-28
211863666,Ranunculus repens,Creeping buttercup,Plantae,49.2320691633,-122.8074509483,2024-04-28
211863672,Dichodontium pellucidum,transparent fork-moss,Plantae,49.232216255,-122.8071684467,2024-04-28
211863707,Dicentra formosa,Pacific Bleeding Heart,Plantae,49.3674192,-123.0330096997,2024-04-29
211864194,Pseudisothecium,,Plantae,49.3566004422,-123.01353883,2024-04-29
211864617,Sambucus racemosa,red-berried elder,Plantae,49.3566004422,-123.01353883,2024-04-29
211865040,Lysichiton americanus,western skunk cabbage,Plantae,49.3558914997,-123.0241831997,2024-04-29
211865309,Vaccinium,"blueberries, cranberries, and allies",Plantae,49.3548425997,-123.0236022997,2024-04-29
211865589,Tiarella trifoliata,Threeleaf Foamflower,Plantae,49.3548964,-123.023571,2024-04-29
211865821,Lumbricus terrestris,Nightcrawler,Animalia,49.2321905017,-122.807185475,2024-04-28
211865824,Lamium galeobdolon,yellow archangel,Plantae,49.2321684933,-122.8072058967,2024-04-28
211865825,Amelanchier alnifolia,Saskatoon,Plantae,49.2322797333,-122.8069387883,2024-04-28
211865841,Arion hortensis,Garden Arion,Mollusca,49.3697453677,-123.1200086666,2024-04-29
211866202,Kobeltia,hortensis-group Arion Slugs,Mollusca,49.3309734997,-123.1080757,2024-04-29
211866375,Kobeltia,hortensis-group Arion Slugs,Mollusca,49.3406734991,-123.0047636808,2024-04-29
211866554,Sciurus carolinensis,Eastern Gray Squirrel,Mammalia,49.2005602455,-123.1939917713,2024-04-29
211866811,Kobeltia,hortensis-group Arion Slugs,Mollusca,49.313279841,-123.0510094966,2024-04-29
211867228,Lonicera involucrata,twinberry honeysuckle,Plantae,49.2323170317,-122.8068242917,2024-04-28
211867232,Sorbus aucuparia,European mountain ash,Plantae,49.2323372233,-122.8068124483,2024-04-28
211867262,Strix varia,Barred Owl,Aves,49.0331848579,-122.75125999,2024-04-29
211867453,Oxychilus draparnaudi,Draparnaud's Glass Snail,Mollusca,49.3272910258,-123.1328968095,2024-04-29
211867743,Kobeltia,hortensis-group Arion Slugs,Mollusca,49.2839305114,-123.1464837993,2024-04-29
211868071,Oxychilus draparnaudi,Draparnaud's Glass Snail,Mollusca,49.2853739553,-123.1644869304,2024-04-29
211868444,Kobeltia,hortensis-group Arion Slugs,Mollusca,49.2643786178,-123.0158989636,2024-04-29
211868811,Ficaria verna,lesser celandine,Plantae,49.2325135033,-122.80631716,2024-04-28
211868813,Corvus brachyrhynchos,American Crow,Aves,49.2327803183,-122.8057215117,2024-04-28
211868815,Alopecurus pratensis,Meadow Foxtail,Plantae,49.2328430367,-122.8054431683,2024-04-28
211869909,Lithobates clamitans,Green Frog,Amphibia,49.2471014599,-122.9519324,2024-04-29
211869975,Tamiasciurus douglasii,Douglas's Squirrel,Mammalia,49.0387067796,-122.6851698895,2024-04-29
211869980,Geothlypis trichas,Common Yellowthroat,Aves,49.0393838937,-122.6841988879,2024-04-29
211869989,Strix varia,Barred Owl,Aves,49.0389836729,-122.6828683446,2024-04-29
211870007,Setophaga townsendi,Townsend's Warbler,Aves,49.0364875076,-122.6848078806,2024-04-29
211870010,Empidonax hammondii,Hammond's Flycatcher,Aves,49.0366045437,-122.6839923214,2024-04-29
211870021,Ixoreus naevius,Varied Thrush,Aves,49.0320336573,-122.6868247341,2024-04-29
211870023,Setophaga nigrescens,Black-throated Gray Warbler,Aves,49.0384433498,-122.685458831,2024-04-29
211870027,Porzana carolina,Sora,Aves,49.0398500708,-122.6844070118,2024-04-29
211870896,Amelanchier alnifolia,Saskatoon,Plantae,49.3610894792,-123.2603240934,2024-04-29
211871902,Corylus,hazels,Plantae,49.23294376,-122.8051351417,2024-04-28
211872190,Dicentra formosa,Pacific Bleeding Heart,Plantae,49.29776883,-123.12815035,2024-04-29
211872331,Turdus migratorius,American Robin,Aves,49.29774086,-123.12348734,2024-04-29
211873104,Anas platyrhynchos,Mallard,Aves,49.23285594,-122.8054484683,2024-04-28
211873108,Pipilo maculatus,Spotted Towhee,Aves,49.2329104417,-122.8049261233,2024-04-28
211873109,Cepaea,,Mollusca,49.23279019,-122.80509083,2024-04-28
211873118,Amelanchier alnifolia,Saskatoon,Plantae,49.2321697317,-122.805229925,2024-04-28
211873119,Turdus migratorius,American Robin,Aves,49.2320253083,-122.8059480117,2024-04-28
211876413,Setophaga,Setophaga Warblers,Aves,49.3071352997,-123.0022598997,2024-04-29
211881065,Aesculus hippocastanum,horse-chestnut,Plantae,49.30046816,-123.11712946,2024-04-29
211881356,Ostreidae,True Oysters,Mollusca,49.29994502,-123.12092462,2024-04-29
211882341,Phoca vitulina richardii,Pacific Harbor Seal,Mammalia,49.3722027195,-123.2930538182,2024-04-29
211883666,Aix sponsa,Wood Duck,Aves,49.2324473033,-122.8063783083,2024-04-28
211883667,Aix sponsa,Wood Duck,Aves,49.2324440183,-122.80638638,2024-04-28
211883672,Haemorhous purpureus,Purple Finch,Aves,49.231706825,-122.8075076433,2024-04-28
211884126,Anas crecca,Green-winged Teal,Aves,49.2425554086,-122.9360392499,2024-04-29
211884127,Turdus migratorius,American Robin,Aves,49.2571144,-122.9645139131,2024-04-29
211884131,Spinus tristis,American Goldfinch,Aves,49.2569491318,-122.9647577949,2024-04-29
211884136,Molothrus ater,Brown-headed Cowbird,Aves,49.2560527611,-122.9651081007,2024-04-29
211884137,Pipilo maculatus,Spotted Towhee,Aves,49.2558221756,-122.9647289587,2024-04-29
211884145,Molothrus ater,Brown-headed Cowbird,Aves,49.2558608235,-122.9649359367,2024-04-29
211884156,Psaltriparus minimus,Bushtit,Aves,49.2554795872,-122.9645926372,2024-04-29
211884168,Zonotrichia leucophrys,White-crowned Sparrow,Aves,49.2555371746,-122.9647627954,2024-04-29
211884172,Athyrium filix-femina,lady fern,Plantae,49.2552747949,-122.9647463846,2024-04-29
211884186,Melospiza melodia,Song Sparrow,Aves,49.2541985757,-122.9645697784,2024-04-29
211884197,Pipilo maculatus,Spotted Towhee,Aves,49.2528575427,-122.9638235191,2024-04-29
211884198,Cardellina pusilla,Wilson's Warbler,Aves,49.2529595599,-122.9640296601,2024-04-29
211884200,Anas platyrhynchos,Mallard,Aves,49.253300002,-122.9635441019,2024-04-29
211884207,Melospiza melodia,Song Sparrow,Aves,49.2523523359,-122.9581495503,2024-04-29
211884209,Turdus migratorius,American Robin,Aves,49.2538805143,-122.9600774807,2024-04-29
211884210,Melospiza melodia,Song Sparrow,Aves,49.2531904647,-122.9625120275,2024-04-29
211884222,Pipilo maculatus,Spotted Towhee,Aves,49.2521328359,-122.9582502758,2024-04-29
211884227,Melospiza melodia,Song Sparrow,Aves,49.2521763491,-122.9579166404,2024-04-29
211884228,Lysichiton americanus,western skunk cabbage,Plantae,49.25215622,-122.95811785,2024-04-29
211884229,Melospiza melodia,Song Sparrow,Aves,49.250770958,-122.9565802919,2024-04-29
211884249,Melospiza melodia,Song Sparrow,Aves,49.2492464846,-122.9546003049,2024-04-29
211884260,Lysichiton americanus,western skunk cabbage,Plantae,49.2486279136,-122.9537581919,2024-04-29
211884267,Melospiza melodia,Song Sparrow,Aves,49.2479032695,-122.9531004904,2024-04-29
211884280,Poecile atricapillus,Black-capped Chickadee,Aves,49.2465565712,-122.9512249539,2024-04-29
211884290,Equisetum telmateia braunii,Braun's Giant Horsetail,Plantae,49.246530614,-122.9510574274,2024-04-29
211884304,Catharus guttatus,Hermit Thrush,Aves,49.2457389613,-122.9494613763,2024-04-29
211884315,Branta canadensis,Canada Goose,Aves,49.2432912982,-122.9498024455,2024-04-29
211884326,Zonotrichia leucophrys,White-crowned Sparrow,Aves,49.2437635757,-122.9367355395,2024-04-29
211884338,Zonotrichia leucophrys,White-crowned Sparrow,Aves,49.2438119178,-122.9368363256,2024-04-29
211884353,Corvus brachyrhynchos,American Crow,Aves,49.2433691171,-122.9362880322,2024-04-29
211884354,Agelaius phoeniceus,Red-winged Blackbird,Aves,49.2429622376,-122.9360291046,2024-04-29
211884356,Anas crecca,Green-winged Teal,Aves,49.2418277918,-122.9375120764,2024-04-29
211884367,Ardea herodias,Great Blue Heron,Aves,49.2422910178,-122.9381614496,2024-04-29
211884368,Branta canadensis,Canada Goose,Aves,49.2421784426,-122.9367379485,2024-04-29
211884373,Passeriformes,Perching Birds,Aves,49.2535125866,-122.961757549,2024-04-29
211884492,Rosa nutkana,Nootka rose,Plantae,49.1425555556,-123.1828611111,2024-04-29
211884579,Pisaster ochraceus,Ochre Sea Star,Animalia,49.3721773121,-123.2929739983,2024-04-29
211884979,Senecio vulgaris,common groundsel,Plantae,49.0193759,-122.7131461997,2024-04-29
211885044,Aesculus hippocastanum,horse-chestnut,Plantae,49.2310473983,-122.8084259267,2024-04-28
211885046,Galium,bedstraws,Plantae,49.2316325667,-122.808860215,2024-04-28
211885048,Veronica chamaedrys,Germander Speedwell,Plantae,49.2316182333,-122.808896675,2024-04-28
211885258,Malus,apples and crabapples,Plantae,49.0193240997,-122.7129826997,2024-04-29
211885655,Pisaster ochraceus,Ochre Sea Star,Animalia,49.30049652,-123.12218865,2024-04-29
211886452,Betula pendula,silver birch,Plantae,49.0193240997,-122.7129826997,2024-04-29
211886832,Brachythecium albicans,Whitish Feather-moss,Plantae,49.231597125,-122.8092318117,2024-04-28
211886836,Ribes sanguineum,Red-flowering Currant,Plantae,49.231645645,-122.8092497417,2024-04-28
211886837,Lupinus polyphyllus,Large-leaved lupine,Plantae,49.2317118583,-122.8092073083,2024-04-28
211886946,Coleoptera,Beetles,Insecta,49.0192618,-122.7130415997,2024-04-29
211888404,Scandiceae,"Chervils, Carrots, Hedgeparsleys and Allies",Plantae,49.1269226074,-123.1952590942,2024-04-29
211888417,Ribes sanguineum,Red-flowering Currant,Plantae,49.2317359783,-122.8094063733,2024-04-28
211888421,Tanacetum vulgare,tansy,Plantae,49.2316845933,-122.8100399417,2024-04-28
211889957,Passerculus sandwichensis,Savannah Sparrow,Aves,49.23165965,-122.81029702,2024-04-28
211889961,Zonotrichia leucophrys,White-crowned Sparrow,Aves,49.2316559233,-122.8104601567,2024-04-28
211889963,Equisetum telmateia,great horsetail,Plantae,49.2316292817,-122.8107093217,2024-04-28
211889974,Passerculus sandwichensis,Savannah Sparrow,Aves,49.2315617883,-122.8115711733,2024-04-28
211890466,Gymnosporangium juniperi-virginianae,Cedar-apple rust,Fungi,49.3161944444,-122.9491916667,2024-04-29
211891853,Myosotis,Forget-me-nots,Plantae,49.0666724,-123.1173658997,2024-04-29
211891957,Anas platyrhynchos,Mallard,Aves,49.2314965417,-122.8116246533,2024-04-28
211891964,Corvus brachyrhynchos,American Crow,Aves,49.2315317933,-122.8115853933,2024-04-28
211891966,Aythya collaris,Ring-necked Duck,Aves,49.2315447167,-122.81158793,2024-04-28
211891971,Spiraea douglasii,Rose Spirea,Plantae,49.2313221417,-122.8117763833,2024-04-28
211891976,Canis latrans,Coyote,Mammalia,49.2308470433,-122.811662595,2024-04-28
211892766,Iris pseudacorus,Yellow Iris,Plantae,49.2462687102,-122.9297347182,2024-04-29
211893865,Vicia,Vetches,Plantae,49.2500914692,-123.0586723611,2024-04-29
211893897,Urtica dioica,,Plantae,49.2305981917,-122.81272766,2024-04-28
211893898,Lumbricus terrestris,Nightcrawler,Animalia,49.2297200667,-122.8136563733,2024-04-28
211893902,Cirsium arvense,creeping thistle,Plantae,49.2296333033,-122.813706615,2024-04-28
211893912,Brachythecium albicans,Whitish Feather-moss,Plantae,49.229412075,-122.8139936267,2024-04-28
211895347,Rhytidiadelphus squarrosus,Square Gooseneck Moss,Plantae,49.2283866,-122.9936354,2024-04-29
211895376,Achillea millefolium,common yarrow,Plantae,49.2500772437,-123.0587457865,2024-04-29
211895453,Rubus bifrons,Himalayan Blackberry,Plantae,49.22842578,-122.99368374,2024-04-29
211895465,Lonicera,honeysuckles,Plantae,49.2468941259,-122.9277810642,2024-04-29
211895722,Gaultheria shallon,salal,Plantae,49.22851507,-122.99367605,2024-04-29
211896002,Polystichum munitum,western sword fern,Plantae,49.22830141,-122.99358637,2024-04-29
211896134,Ranunculus repens,Creeping buttercup,Plantae,49.22834093,-122.99346294,2024-04-29
211896158,Arctostaphylos,bearberries and manzanitas,Plantae,49.3633187453,-123.265345789,2024-04-29
211896477,Lycosidae,Wolf Spiders,Arachnida,49.0248484,-122.719671,2024-04-29
211896483,Ranunculus acris,meadow buttercup,Plantae,49.22829128,-122.99317748,2024-04-29
211896610,Columba livia domestica,Feral Pigeon,Aves,49.1998166667,-122.9799777778,2024-04-29
211897021,Cercidiphyllum japonicum,katsura tree,Plantae,49.1998166667,-122.9799777778,2024-04-29
211897085,Passerculus sandwichensis,Savannah Sparrow,Aves,49.2293230233,-122.8143223583,2024-04-28
211897087,Eriophyes tiliae,Red Nail Gall Mite,Arachnida,49.2291614967,-122.814647575,2024-04-28
211897094,Tilia platyphyllos,Bigleaf Linden,Plantae,49.2291544567,-122.8146753317,2024-04-28
211898636,Corvus brachyrhynchos,American Crow,Aves,49.25284305,-122.93533952,2024-04-29
211898639,Melospiza melodia,Song Sparrow,Aves,49.2540879498,-122.9351316344,2024-04-29
211898641,Turdus migratorius,American Robin,Aves,49.2433152281,-122.9360858664,2024-04-29
211898650,Aix sponsa,Wood Duck,Aves,49.243710857,-122.9352164643,2024-04-29
211898652,Branta canadensis,Canada Goose,Aves,49.2436607813,-122.9351564912,2024-04-29
211898653,Columba livia domestica,Feral Pigeon,Aves,49.2435235844,-122.9353703252,2024-04-29
211898662,Agelaius phoeniceus,Red-winged Blackbird,Aves,49.2434068443,-122.9353766273,2024-04-29
211898663,Agelaius phoeniceus,Red-winged Blackbird,Aves,49.2433950957,-122.9354168202,2024-04-29
211898665,Anas platyrhynchos,Mallard,Aves,49.2433934532,-122.9353944511,2024-04-29
211898672,Molothrus ater,Brown-headed Cowbird,Aves,49.2433647148,-122.9354022169,2024-04-29
211898673,Melospiza melodia,Song Sparrow,Aves,49.2432327882,-122.9353173671,2024-04-29
211898679,Anas platyrhynchos,Mallard,Aves,49.2431992847,-122.9353039918,2024-04-29
211898686,Antigone canadensis,Sandhill Crane,Aves,49.242897981,-122.9354957026,2024-04-29
211898688,Larus,Large White-headed Gulls,Aves,49.2427431282,-122.9351150523,2024-04-29
211898693,Aix sponsa,Wood Duck,Aves,49.2428535055,-122.9352449085,2024-04-29
211898704,Aix sponsa,Wood Duck,Aves,49.2427074197,-122.9353460518,2024-04-29
211898706,Agelaius phoeniceus,Red-winged Blackbird,Aves,49.2427376141,-122.9353498124,2024-04-29
211898720,Hippuris vulgaris,Common Mare's Tail,Plantae,49.2427339183,-122.9356286306,2024-04-29
211898741,Mareca strepera,Gadwall,Aves,49.2424316628,-122.935374639,2024-04-29
211898744,Tachycineta bicolor,Tree Swallow,Aves,49.2418489717,-122.9363465602,2024-04-29
211898745,Hippuris vulgaris,Common Mare's Tail,Plantae,49.2426274172,-122.9356398649,2024-04-29
211898760,Tachycineta bicolor,Tree Swallow,Aves,49.242263958,-122.9349024046,2024-04-29
211898763,Nymphaeales,"Waterlilies, Fanworts, and Allies",Plantae,49.2420050783,-122.9353870037,2024-04-29
211898766,Anas crecca,Green-winged Teal,Aves,49.2418868656,-122.9346954062,2024-04-29
211898773,Fulica americana,American Coot,Aves,49.2421714707,-122.9351187805,2024-04-29
211898785,Anas crecca,Green-winged Teal,Aves,49.2425013719,-122.9356958535,2024-04-29
211898786,Molothrus ater,Brown-headed Cowbird,Aves,49.2426365241,-122.9354658938,2024-04-29
211898794,Aix sponsa,Wood Duck,Aves,49.2429541962,-122.9353776739,2024-04-29
211898805,Branta canadensis,Canada Goose,Aves,49.2514245486,-122.9352036165,2024-04-29
211898812,Fulica americana,American Coot,Aves,49.2430383703,-122.9352152939,2024-04-29
211898817,Anas platyrhynchos,Mallard,Aves,49.2430128834,-122.9352390258,2024-04-29
211899116,Myadestes townsendi,Townsend's Solitaire,Aves,49.2291556133,-122.81492651,2024-04-28
211899117,Thamnophis ordinoides,Northwestern Garter Snake,Reptilia,49.229174045,-122.8149316717,2024-04-28
211899933,Laccaria laccata,deceiver,Fungi,49.3632587583,-123.2653581772,2024-04-29
211900453,Barbarea verna,land cress,Plantae,49.2291313567,-122.8150249417,2024-04-28
211900454,Geranium robertianum,Herb Robert,Plantae,49.22911475,-122.815041425,2024-04-28
211900795,Cytisus scoparius,Scotch Broom,Plantae,49.1256828308,-123.1993408203,2024-04-29
211901062,Cytisus scoparius,Scotch Broom,Plantae,49.1264038086,-123.2007827759,2024-04-29
211901406,Sorbus,Rowans and Mountain Ashes,Plantae,49.1264038086,-123.2007522583,2024-04-29
211902901,Magnoliopsida,Dicots,Plantae,49.2690668308,-123.1517605686,2024-04-29
211903132,Osmia,Mason Bees,Insecta,49.0326790985,-122.6864236482,2024-04-29
211903136,Cimbicidae,Club-horned Sawflies,Insecta,49.0326448895,-122.686427661,2024-04-29
211903138,Eupeodes fumipennis,Western Aphideater,Insecta,49.032649078,-122.6864209555,2024-04-29
211903149,Pieris marginalis,Margined White,Insecta,49.0316784685,-122.6850946604,2024-04-29
211903233,Persicaria filiformis,Asian jumpseed,Plantae,49.2690668308,-123.1517605686,2024-04-29
211903471,Alnus rubra,Red Alder,Plantae,49.25478368,-122.9647031901,2024-04-29
211903478,Reynoutria × bohemica,Bohemian Knotweed,Plantae,49.25480072,-122.96470009,2024-04-29
211903479,Cecidomyiidae,Gall and Forest Midges,Insecta,49.25463629,-122.96469254,2024-04-29
211903492,Alnus rubra,Red Alder,Plantae,49.25731183,-122.96490296,2024-04-29
211903494,Hiemales,,Plantae,49.25717891,-122.9646326599,2024-04-29
211903498,Arion ater,Black Slug,Mollusca,49.25719475,-122.96460909,2024-04-29
211903506,Galium,bedstraws,Plantae,49.25712931,-122.9646154199,2024-04-29
211903508,Lumbricidae,Lumbricid Earthworms,Animalia,49.25712578,-122.96459767,2024-04-29
211903514,Oniscus asellus,Common Shiny Woodlouse,Animalia,49.25712393,-122.96458937,2024-04-29
211903518,Porcellio scaber,Common Rough Woodlouse,Animalia,49.25711905,-122.96459239,2024-04-29
211903520,Armadillidium vulgare,Common Pill Woodlouse,Animalia,49.2570912,-122.96463691,2024-04-29
211903530,Rubus parviflorus,thimbleberry,Plantae,49.2570831,-122.96461391,2024-04-29
211903538,Cerastium,Mouse-ear Chickweeds,Plantae,49.25708707,-122.96461837,2024-04-29
211903542,Dactylis glomerata,orchard grass,Plantae,49.2570855801,-122.96461746,2024-04-29
211903546,Equisetum arvense,field horsetail,Plantae,49.25691547,-122.96458929,2024-04-29
211903548,Cornus sericea,red osier dogwood,Plantae,49.25688039,-122.9646785899,2024-04-29
211903559,Anthoxanthum odoratum,sweet vernal grass,Plantae,49.2568702,-122.96467912,2024-04-29
211903564,Taraxacum erythrospermum,red-seeded dandelion,Plantae,49.2567339497,-122.9646206609,2024-04-29
211903565,Ranunculus repens,Creeping buttercup,Plantae,49.25682735,-122.96467658,2024-04-29
211903571,Alchemilla,Lady's-mantles,Plantae,49.2567082796,-122.9646665707,2024-04-29
211903573,Betula,birches,Plantae,49.2566570804,-122.9646776994,2024-04-29
211903575,Alnus rubra,Red Alder,Plantae,49.2565726544,-122.9646549308,2024-04-29
211903582,Amygdaloideae,,Plantae,49.2564384123,-122.9646798103,2024-04-29
211903584,Sambucus racemosa,red-berried elder,Plantae,49.2563794793,-122.9648409755,2024-04-29
211903595,Bellis perennis,Lawn daisy,Plantae,49.2563662326,-122.9649421515,2024-04-29
211903603,Trifolium dubium,Lesser hop trefoil,Plantae,49.2563669083,-122.9648686368,2024-04-29
211903608,Vicia,Vetches,Plantae,49.2562670549,-122.9646779736,2024-04-29
211903609,Rubus spectabilis,Salmonberry,Plantae,49.2563405544,-122.9647356935,2024-04-29
211903617,Plantago lanceolata,ribwort plantain,Plantae,49.2561789,-122.9647189091,2024-04-29
211903622,Tanacetum vulgare,tansy,Plantae,49.2561310701,-122.9647406975,2024-04-29
211903623,Hypericum,St. John's worts,Plantae,49.2561433297,-122.9647085423,2024-04-29
211903636,Equisetum arvense,field horsetail,Plantae,49.2561114899,-122.9647854099,2024-04-29
211903642,Agriotes lineatus,Lined Click Beetle,Insecta,49.256095645,-122.964732438,2024-04-29
211903647,Anthoxanthum odoratum,sweet vernal grass,Plantae,49.2560404799,-122.96477143,2024-04-29
211903657,Arion ater,Black Slug,Mollusca,49.25599244,-122.9647474099,2024-04-29
211903661,Malus,apples and crabapples,Plantae,49.2559517356,-122.9647201917,2024-04-29
211903662,Rhytidiadelphus squarrosus,Square Gooseneck Moss,Plantae,49.2559196299,-122.9646096799,2024-04-29
211903674,Entomobryomorpha,Elongate Springtails,Animalia,49.2559169398,-122.96460974,2024-04-29
211903675,Plantago lanceolata,ribwort plantain,Plantae,49.2555951497,-122.9647136102,2024-04-29
211903680,Brassicaceae,mustard family,Plantae,49.25551554,-122.9646231801,2024-04-29
211903699,Hiemales,,Plantae,49.2554919699,-122.9646614999,2024-04-29
211903700,Geum macrophyllum,Large-leaved Avens,Plantae,49.25503964,-122.9647394399,2024-04-29
211903707,Rubus spectabilis,Salmonberry,Plantae,49.25499203,-122.96472239,2024-04-29
211903715,Arion ater,Black Slug,Mollusca,49.25497885,-122.9647354301,2024-04-29
211903737,Equisetum telmateia braunii,Braun's Giant Horsetail,Plantae,49.2549686,-122.96475172,2024-04-29
211903749,Impatiens glandulifera,Himalayan balsam,Plantae,49.25495239,-122.96472349,2024-04-29
211904195,Lepidium campestre,field peppergrass,Plantae,49.229097345,-122.81504994,2024-04-28
211904197,Melilotus,melilots and sweetclovers,Plantae,49.2290987167,-122.8149769083,2024-04-28
211904198,Trifolium pratense,Red Clover,Plantae,49.22910094,-122.8149936867,2024-04-28
211904420,Gaultheria shallon,salal,Plantae,49.22846732,-122.99272375,2024-04-29
211904598,Gaultheria shallon,salal,Plantae,49.22853602,-122.99256383,2024-04-29
211905334,Goodyera oblongifolia,Western Rattlesnake Plantain,Plantae,49.363794575,-123.2652495248,2024-04-29
211905806,Tanacetum vulgare,tansy,Plantae,49.2291699633,-122.815234735,2024-04-28
211905807,Geranium robertianum,Herb Robert,Plantae,49.2292789083,-122.8153159017,2024-04-28
211905809,Trifolium pratense,Red Clover,Plantae,49.2292881067,-122.8153234,2024-04-28
211906155,Vaccinium ovalifolium,Oval-leaf Blueberry,Plantae,49.2476871377,-122.9227462226,2024-04-29
211906226,Sciurus carolinensis,Eastern Gray Squirrel,Mammalia,49.24632,-122.92582,2024-04-29
211906285,Tamiasciurus douglasii,Douglas's Squirrel,Mammalia,49.246336394,-122.9258289189,2024-04-29
211906354,Sambucus racemosa,red-berried elder,Plantae,49.3826041639,-123.3472644961,2024-04-29
211906541,Corylus cornuta,beaked hazelnut,Plantae,49.2285141,-122.99251589,2024-04-29
211906588,Hiemales,,Plantae,49.2529305305,-122.9643747755,2024-04-29
211906594,Oemleria cerasiformis,Osoberry,Plantae,49.2529313799,-122.9643608295,2024-04-29
211906596,Prunus,"plums, cherries, and allies",Plantae,49.2529342038,-122.9643400947,2024-04-29
211906600,Rubus spectabilis,Salmonberry,Plantae,49.2529348764,-122.9644048111,2024-04-29
211906603,Geranium robertianum,Herb Robert,Plantae,49.2529384872,-122.9641764459,2024-04-29
211906606,Equisetum arvense,field horsetail,Plantae,49.25461565,-122.9647239399,2024-04-29
211906622,Lapsana communis,nipplewort,Plantae,49.25453216,-122.9646862599,2024-04-29
211906634,Trifolium,clovers,Plantae,49.25451799,-122.96464287,2024-04-29
211906644,Rubus parviflorus,thimbleberry,Plantae,49.25434607,-122.9647434601,2024-04-29
211906651,Lapsana communis,nipplewort,Plantae,49.25434451,-122.9647519399,2024-04-29
211906660,Calystegia,false bindweeds,Plantae,49.25431873,-122.96471791,2024-04-29
211906667,Geranium robertianum,Herb Robert,Plantae,49.25422622,-122.96459615,2024-04-29
211906675,Ranunculus,buttercups,Plantae,49.25420722,-122.96466672,2024-04-29
211906684,Malus fusca,Pacific Crab Apple,Plantae,49.25409068,-122.96470353,2024-04-29
211906692,Cochlicopa lubrica,Glossy Pillar,Mollusca,49.25406332,-122.96480886,2024-04-29
211906707,Oniscus asellus,Common Shiny Woodlouse,Animalia,49.25404438,-122.9647971101,2024-04-29
211906715,Lithobiomorpha,Stone Centipedes,Animalia,49.25404399,-122.96479456,2024-04-29
211906728,Polydesmus angustus,Common Flat-backed Millipede,Animalia,49.25396652,-122.96476718,2024-04-29
211906735,Equisetum telmateia braunii,Braun's Giant Horsetail,Plantae,49.25387978,-122.96466984,2024-04-29
211906745,Salix,Willows,Plantae,49.2537763297,-122.9645966116,2024-04-29
211906756,Galium,bedstraws,Plantae,49.253646057,-122.9645795728,2024-04-29
211906771,Equisetum telmateia braunii,Braun's Giant Horsetail,Plantae,49.2535193273,-122.9645623742,2024-04-29
211906782,Lapsana communis,nipplewort,Plantae,49.2534025614,-122.9644656085,2024-04-29
211906793,Ranunculus repens,Creeping buttercup,Plantae,49.2532543201,-122.9645195009,2024-04-29
211906805,Equisetum arvense,field horsetail,Plantae,49.2532070171,-122.9645331685,2024-04-29
211906815,Plantago lanceolata,ribwort plantain,Plantae,49.25308853,-122.9645188406,2024-04-29
211906817,Reynoutria × bohemica,Bohemian Knotweed,Plantae,49.2530846899,-122.9645165503,2024-04-29
211906819,Formicinae,Formicine Ants,Insecta,49.2530601722,-122.9645564689,2024-04-29
211906823,Ranunculus repens,Creeping buttercup,Plantae,49.2529004574,-122.96448055,2024-04-29
211906825,Spiraea douglasii,Rose Spirea,Plantae,49.2529271814,-122.9643712596,2024-04-29
211906948,Colaptes auratus,Northern Flicker,Aves,49.2292739083,-122.8152859483,2024-04-28
211906949,Tanacetum vulgare,tansy,Plantae,49.2293047983,-122.81526846,2024-04-28
211906950,Melospiza melodia,Song Sparrow,Aves,49.22929249,-122.8153013917,2024-04-28
211907100,Berberis nervosa,Cascade Oregon-grape,Plantae,49.3638711021,-123.2651645402,2024-04-29
211908478,Melospiza melodia,Song Sparrow,Aves,49.2292897933,-122.8153213417,2024-04-28
211908484,Turdus migratorius,American Robin,Aves,49.229369285,-122.8153445383,2024-04-28
211908486,Arion ater,Black Slug,Mollusca,49.2298133583,-122.8152772483,2024-04-28
211908495,Plantago lanceolata,ribwort plantain,Plantae,49.2301581617,-122.8152965383,2024-04-28
211908734,Melanoleuca verrucipes,Warty Knight,Fungi,49.3950433685,-123.1186334295,2024-04-29
211909196,Erodium cicutarium,Redstem Stork's-bill,Plantae,49.132648468,-123.1851959229,2024-04-29
211909461,Oncorhynchus kisutch,Coho Salmon,Actinopterygii,49.1923418958,-122.7744165435,2024-04-29
211909664,Acer circinatum,Vine Maple,Plantae,49.1925590336,-122.7730774507,2024-04-29
211909743,Coccinella septempunctata,Seven-spotted Lady Beetle,Insecta,49.132648468,-123.1851959229,2024-04-29
211909905,Rhus typhina,staghorn sumac,Plantae,49.23111314,-122.8153097783,2024-04-28
211909907,Colaptes auratus,Northern Flicker,Aves,49.23141331,-122.8153006933,2024-04-28
211909910,Turdus migratorius,American Robin,Aves,49.23209703,-122.815241525,2024-04-28
211909917,Equisetum telmateia,great horsetail,Plantae,49.2322004117,-122.81534341,2024-04-28
211910487,Oniscus asellus,Common Shiny Woodlouse,Animalia,49.2538143994,-122.961155811,2024-04-29
211910489,Ranunculus repens,Creeping buttercup,Plantae,49.2539357419,-122.9609786231,2024-04-29
211910492,Maianthemum dilatatum,Western Lily of the Valley,Plantae,49.2539676455,-122.9608438252,2024-04-29
211910500,Cerastium,Mouse-ear Chickweeds,Plantae,49.25397244,-122.9608717101,2024-04-29
211910501,Ptychostomum capillare,Capillary Thread-moss,Plantae,49.2539914327,-122.9607968165,2024-04-29
211910503,Urtica,nettles,Plantae,49.2529509474,-122.9640283454,2024-04-29
211910510,Cornus,dogwoods,Plantae,49.2529363331,-122.9640067684,2024-04-29
211910518,Equisetum telmateia braunii,Braun's Giant Horsetail,Plantae,49.25289008,-122.9639287566,2024-04-29
211910529,Spiraea douglasii,Rose Spirea,Plantae,49.2528446038,-122.9637634921,2024-04-29
211910536,Geranium robertianum,Herb Robert,Plantae,49.2527692327,-122.9636639145,2024-04-29
211910543,Hiemales,,Plantae,49.2527741168,-122.9636592678,2024-04-29
211910551,Impatiens glandulifera,Himalayan balsam,Plantae,49.2527761664,-122.9635339747,2024-04-29
211910558,Alnus rubra,Red Alder,Plantae,49.2527748299,-122.96343005,2024-04-29
211910564,Equisetum telmateia braunii,Braun's Giant Horsetail,Plantae,49.25276007,-122.9632974301,2024-04-29
211910578,Impatiens glandulifera,Himalayan balsam,Plantae,49.25277975,-122.96330803,2024-04-29
211910585,Geum macrophyllum,Large-leaved Avens,Plantae,49.25278356,-122.96325974,2024-04-29
211910593,Berberis aquifolium,Oregon grape,Plantae,49.25280537,-122.96321412,2024-04-29
211910601,Spiraea douglasii,Rose Spirea,Plantae,49.2530109,-122.9629302399,2024-04-29
211910613,Equisetum arvense,field horsetail,Plantae,49.25299516,-122.96290911,2024-04-29
211910620,Sorbus,Rowans and Mountain Ashes,Plantae,49.25309811,-122.96277383,2024-04-29
211910626,Trifolium,clovers,Plantae,49.25311927,-122.9626648301,2024-04-29
211910631,Chamaenerion angustifolium,fireweed,Plantae,49.25313154,-122.96264961,2024-04-29
211910636,Pteridium aquilinum,common bracken,Plantae,49.25313084,-122.96264563,2024-04-29
211910651,Betula,birches,Plantae,49.2531336,-122.9626321901,2024-04-29
211910665,Stellaria,chickweeds,Plantae,49.2531804,-122.96254809,2024-04-29
211910673,Rubus spectabilis,Salmonberry,Plantae,49.25327559,-122.96235962,2024-04-29
211910682,Chamaenerion angustifolium,fireweed,Plantae,49.25336323,-122.9621578899,2024-04-29
211910696,Galium,bedstraws,Plantae,49.2534251,-122.96203521,2024-04-29
211910709,Poaceae,Grasses,Plantae,49.25350976,-122.96191706,2024-04-29
211910731,Chamaenerion angustifolium,fireweed,Plantae,49.25355321,-122.96182638,2024-04-29
211910744,Arion ater,Black Slug,Mollusca,49.25354022,-122.96181998,2024-04-29
211910760,Maianthemum dilatatum,Western Lily of the Valley,Plantae,49.25360571,-122.96177989,2024-04-29
211910779,Anthoxanthum odoratum,sweet vernal grass,Plantae,49.25362875,-122.9616991399,2024-04-29
211910793,Prunus,"plums, cherries, and allies",Plantae,49.25362745,-122.9616816,2024-04-29
211910809,Rubus spectabilis,Salmonberry,Plantae,49.2537413164,-122.9614064012,2024-04-29
211910829,Cerastium,Mouse-ear Chickweeds,Plantae,49.2537740994,-122.9614514403,2024-04-29
211910837,Lapsana communis,nipplewort,Plantae,49.2537528702,-122.961293782,2024-04-29
211910849,Sambucus racemosa,red-berried elder,Plantae,49.2538054897,-122.9612767696,2024-04-29
211910859,Julida,Snake Millipedes,Animalia,49.253808481,-122.961346494,2024-04-29
211910871,Lumbricidae,Lumbricid Earthworms,Animalia,49.2538110087,-122.9613609485,2024-04-29
211910883,Julida,Snake Millipedes,Animalia,49.2537995699,-122.9612410952,2024-04-29
211912507,Cepaea nemoralis,Brown-lipped Snail,Mollusca,49.232392805,-122.8153066317,2024-04-28
211912508,Stelgidopteryx serripennis,Northern Rough-winged Swallow,Aves,49.2312507233,-122.8153044167,2024-04-28
211912510,Spiraea douglasii,Rose Spirea,Plantae,49.2323596817,-122.8152639517,2024-04-28
211912520,Aix sponsa,Wood Duck,Aves,49.231588415,-122.8115243817,2024-04-28
211912522,Haliaeetus leucocephalus,Bald Eagle,Aves,49.2315193417,-122.8116071017,2024-04-28
211913644,Lathyrus japonicus,seaside pea,Plantae,49.1258773804,-123.2004394531,2024-04-29
211914318,Silene latifolia,white campion,Plantae,49.125869751,-123.2004241943,2024-04-29
211914951,Bombus impatiens,Common Eastern Bumble Bee,Insecta,49.1638682332,-123.1378704293,2024-04-29
211914953,Sturnus vulgaris,European Starling,Aves,49.1845128665,-123.138149379,2024-04-29
211914955,Equisetum telmateia,great horsetail,Plantae,49.1406645815,-123.0565673096,2024-04-28
211914960,Taraxacum,dandelions,Plantae,49.1364583228,-123.0600114675,2024-04-28
211914963,Haliaeetus leucocephalus,Bald Eagle,Aves,49.1370012322,-123.059453568,2024-04-28
211915072,Phalaris arundinacea,reed canary grass,Plantae,49.24405,-122.9330366667,2024-04-29
211915328,Lithobiomorpha,Stone Centipedes,Animalia,49.2527988003,-122.9589367602,2024-04-29
211915329,Neodermaptera,Extant Earwigs,Insecta,49.25280333,-122.95893209,2024-04-29
211915332,Tomoceroidea,,Animalia,49.2528058001,-122.9589284999,2024-04-29
211915344,Porcellio scaber,Common Rough Woodlouse,Animalia,49.2528031197,-122.9589297802,2024-04-29
211915345,Athyrium filix-femina,lady fern,Plantae,49.2539993167,-122.9608065804,2024-04-29
211915347,Alnus rubra,Red Alder,Plantae,49.2540883758,-122.9605446516,2024-04-29
211915358,Porcellio scaber,Common Rough Woodlouse,Animalia,49.254131933,-122.9605366836,2024-04-29
211915367,Oniscus asellus,Common Shiny Woodlouse,Animalia,49.2541400889,-122.9604494359,2024-04-29
211915374,Rubus spectabilis,Salmonberry,Plantae,49.2540941007,-122.960491698,2024-04-29
211915385,Oemleria cerasiformis,Osoberry,Plantae,49.2540452793,-122.9603861727,2024-04-29
211915395,Fungi,Fungi Including Lichens,Fungi,49.2540642051,-122.9603339237,2024-04-29
211915405,Sorbus,Rowans and Mountain Ashes,Plantae,49.1263237,-123.2007369995,2024-04-29
211915406,Arion ater,Black Slug,Mollusca,49.2540374401,-122.9602544192,2024-04-29
211915415,Nostoc,star jellies,,49.2540539399,-122.9601818799,2024-04-29
211915428,Muscoidea,Muscoid Flies,Insecta,49.25391101,-122.96031199,2024-04-29
211915435,Geum macrophyllum,Large-leaved Avens,Plantae,49.25391101,-122.96031199,2024-04-29
211915445,Aesculus hippocastanum,horse-chestnut,Plantae,49.2539739605,-122.9602445043,2024-04-29
211915468,Equisetum arvense,field horsetail,Plantae,49.25376894,-122.96004853,2024-04-29
211915480,Tacamahaca,balsam poplars,Plantae,49.25374456,-122.96004671,2024-04-29
211915495,Acer circinatum,Vine Maple,Plantae,49.25367394,-122.95992875,2024-04-29
211915517,Arion ater,Black Slug,Mollusca,49.25368141,-122.95993184,2024-04-29
211915519,Oniscus asellus,Common Shiny Woodlouse,Animalia,49.25367972,-122.95993998,2024-04-29
211915525,Impatiens glandulifera,Himalayan balsam,Plantae,49.25356096,-122.9598486501,2024-04-29
211915535,Corylus,hazels,Plantae,49.25349773,-122.95979093,2024-04-29
211915542,Equisetum telmateia braunii,Braun's Giant Horsetail,Plantae,49.25345595,-122.95971917,2024-04-29
211915555,Cirsium,Plume Thistles,Plantae,49.25344405,-122.9597170101,2024-04-29
211915564,Acer circinatum,Vine Maple,Plantae,49.25337971,-122.95963341,2024-04-29
211915574,Hiemales,,Plantae,49.25333869,-122.95954881,2024-04-29
211915578,Impatiens glandulifera,Himalayan balsam,Plantae,49.25332233,-122.9595035,2024-04-29
211915583,Bryopsida,Joint-toothed Mosses,Plantae,49.25333303,-122.9595203199,2024-04-29
211915594,Impatiens glandulifera,Himalayan balsam,Plantae,49.25332246,-122.9595216699,2024-04-29
211915608,Kindbergia praelonga,Common Feather-moss,Plantae,49.25331572,-122.95951552,2024-04-29
211915621,Poa annua,Annual Meadow-grass,Plantae,49.2532284458,-122.9594143948,2024-04-29
211915632,Rubus parviflorus,thimbleberry,Plantae,49.2532152899,-122.95941142,2024-04-29
211915644,Arion ater,Black Slug,Mollusca,49.2531889479,-122.959348023,2024-04-29
211915654,Acer circinatum,Vine Maple,Plantae,49.2531769349,-122.9592935397,2024-04-29
211915668,Impatiens glandulifera,Himalayan balsam,Plantae,49.2531778099,-122.9593107298,2024-04-29
211915680,Trichoniscus,,Animalia,49.25317656,-122.9593090202,2024-04-29
211915688,Mollisia cinerea,common grey disco,Fungi,49.2531776397,-122.9593028995,2024-04-29
211915699,Enchytraeidae,Potworms,Animalia,49.2531782704,-122.95929486,2024-04-29
211915707,Polydesmus angustus,Common Flat-backed Millipede,Animalia,49.2531761198,-122.9592934394,2024-04-29
211915713,Oniscus asellus,Common Shiny Woodlouse,Animalia,49.2531347122,-122.9592717222,2024-04-29
211915717,Amelanchier alnifolia,Saskatoon,Plantae,49.2531104357,-122.9592513465,2024-04-29
211915726,Rubus ursinus,trailing blackberry,Plantae,49.2530873874,-122.9591734542,2024-04-29
211915741,Tellima grandiflora,fringe cups,Plantae,49.2530319435,-122.9591231561,2024-04-29
211915746,Rubus spectabilis,Salmonberry,Plantae,49.2530275197,-122.9591221799,2024-04-29
211915747,Cornus,dogwoods,Plantae,49.2529606658,-122.9590461381,2024-04-29
211915748,Hiemales,,Plantae,49.252915476,-122.958997511,2024-04-29
211915757,Sambucus racemosa,red-berried elder,Plantae,49.2528758483,-122.9589730747,2024-04-29
211915761,Impatiens glandulifera,Himalayan balsam,Plantae,49.2528551699,-122.9589301901,2024-04-29
211915765,Equisetum telmateia braunii,Braun's Giant Horsetail,Plantae,49.2527909698,-122.95893962,2024-04-29
211915767,Polydesmus angustus,Common Flat-backed Millipede,Animalia,49.2527968802,-122.9589327698,2024-04-29
211915769,Philoscia muscorum,Common Striped Woodlouse,Animalia,49.2527985805,-122.9589366006,2024-04-29
211917046,Malus fusca,Pacific Crab Apple,Plantae,49.1264839172,-123.2000808716,2024-04-29
211917248,Columba livia domestica,Feral Pigeon,Aves,49.1560118216,-123.1541799493,2024-04-28
211918564,Rubus spectabilis,Salmonberry,Plantae,49.1272544861,-123.1946334839,2024-04-29
211919841,Philoscia muscorum,Common Striped Woodlouse,Animalia,49.2511148432,-122.9568693384,2024-04-29
211919844,Exomias pellucidus,Hairy Spider Weevil,Insecta,49.2511237303,-122.9568601695,2024-04-29
211919846,Oniscus asellus,Common Shiny Woodlouse,Animalia,49.25113361,-122.95685267,2024-04-29
211919856,Araneoidea,Orbweavers and Allies,Arachnida,49.2511317808,-122.9568680199,2024-04-29
211919857,Tomocerus minor,,Animalia,49.2510658268,-122.9568358723,2024-04-29
211919862,Hiemales,,Plantae,49.2526874263,-122.9587448198,2024-04-29
211919866,Ranunculus repens,Creeping buttercup,Plantae,49.2526676502,-122.9587264499,2024-04-29
211919869,Tomocerus minor,,Animalia,49.2526681098,-122.9587283,2024-04-29
211919882,Heteroptera,True Bugs,Insecta,49.25266823,-122.95872854,2024-04-29
211919891,Orchesella cincta,Belted Springtail,Animalia,49.2526328917,-122.9587189459,2024-04-29
211919901,Porcellio scaber,Common Rough Woodlouse,Animalia,49.252629701,-122.9587047255,2024-04-29
211919917,Urtica dioica,,Plantae,49.2525487825,-122.9585720934,2024-04-29
211919921,Impatiens glandulifera,Himalayan balsam,Plantae,49.2525039785,-122.9585400307,2024-04-29
211919936,Carabus granulatus,Granulated Ground Beetle,Insecta,49.2525057303,-122.9585376904,2024-04-29
211919948,Oniscus asellus,Common Shiny Woodlouse,Animalia,49.2525058594,-122.9585379699,2024-04-29
211919965,Arion ater,Black Slug,Mollusca,49.25222653,-122.95820827,2024-04-29
211919969,Trichoniscus,,Animalia,49.25222645,-122.95820975,2024-04-29
211919970,Julida,Snake Millipedes,Animalia,49.25222646,-122.95821172,2024-04-29
211919983,Coleoptera,Beetles,Insecta,49.25220034,-122.95813852,2024-04-29
211919984,Oniscus asellus,Common Shiny Woodlouse,Animalia,49.25216702,-122.95811194,2024-04-29
211919985,Arion ater,Black Slug,Mollusca,49.25215554,-122.95811743,2024-04-29
211919989,Rubus spectabilis,Salmonberry,Plantae,49.25196742,-122.95789525,2024-04-29
211919990,Geum macrophyllum,Large-leaved Avens,Plantae,49.25190211,-122.95783029,2024-04-29
211919992,Equisetum arvense,field horsetail,Plantae,49.2517233285,-122.957636985,2024-04-29
211919999,Impatiens glandulifera,Himalayan balsam,Plantae,49.2516774008,-122.9575252875,2024-04-29
211920000,Geum macrophyllum,Large-leaved Avens,Plantae,49.251671466,-122.9575150238,2024-04-29
211920004,Rubus spectabilis,Salmonberry,Plantae,49.2515772786,-122.9574554385,2024-04-29
211920009,Acer circinatum,Vine Maple,Plantae,49.2515275348,-122.9573964704,2024-04-29
211920012,Teloschistales,Sunburst Lichens and Allies,Fungi,49.2514872455,-122.9573393435,2024-04-29
211920015,Physcia,rosette lichens,Fungi,49.2514805407,-122.957294528,2024-04-29
211920021,Dicentra formosa,Pacific Bleeding Heart,Plantae,49.2514493999,-122.95732161,2024-04-29
211920025,Oniscus asellus,Common Shiny Woodlouse,Animalia,49.25145398,-122.9573066976,2024-04-29
211920027,Philoscia muscorum,Common Striped Woodlouse,Animalia,49.2514521401,-122.9572943392,2024-04-29
211920033,Fungi,Fungi Including Lichens,Fungi,49.2514568824,-122.9572944294,2024-04-29
211920036,Dicentra formosa,Pacific Bleeding Heart,Plantae,49.2513645599,-122.95722071,2024-04-29
211920037,Arion ater,Black Slug,Mollusca,49.25127321,-122.9572100489,2024-04-29
211920046,Oemleria cerasiformis,Osoberry,Plantae,49.2512623275,-122.9570351259,2024-04-29
211920047,Trametes,Turkey-tails and allies,Fungi,49.2511863994,-122.9569558304,2024-04-29
211920048,Urtica dioica,,Plantae,49.2511032631,-122.9569247073,2024-04-29
211920056,Philoscia muscorum,Common Striped Woodlouse,Animalia,49.2511134903,-122.9568703099,2024-04-29
211920057,Acer circinatum,Vine Maple,Plantae,49.2511086301,-122.9568836495,2024-04-29
211920542,Myosotis discolor,Changing Forget-me-not,Plantae,49.1264648438,-123.1981735229,2024-04-29
211921909,Rumex acetosella,Sheep's sorrel,Plantae,49.1264572144,-123.1979141235,2024-04-29
211922064,Achillea millefolium,common yarrow,Plantae,49.16217375,-123.17000434,2024-04-29
211922124,Lichenomphalia ericetorum,Lichen Agaric,Fungi,49.3653069185,-123.2648566344,2024-04-29
211922326,Rumex crispus,curled dock,Plantae,49.16201388,-123.17014688,2024-04-29
211922605,Ranunculus repens,Creeping buttercup,Plantae,49.16206258,-123.17002477,2024-04-29
211922834,Lepidium draba,Heart-podded Hoary Cress,Plantae,49.16212849,-123.17012388,2024-04-29
211922987,Ranunculus acris,meadow buttercup,Plantae,49.16010217,-123.17011128,2024-04-29
211923203,Sphaerulina,,Fungi,49.15661627,-123.170064,2024-04-29
211923370,Athyrium filix-femina,lady fern,Plantae,49.15655091,-123.16999153,2024-04-29
211923506,Tripleurospermum inodorum,scentless mayweed,Plantae,49.15573189,-123.17012219,2024-04-29
211923517,Malus,apples and crabapples,Plantae,49.1265449524,-123.1971206665,2024-04-29
211923786,Rubus spectabilis,Salmonberry,Plantae,49.2486010101,-122.95388467,2024-04-29
211923789,Oniscus asellus,Common Shiny Woodlouse,Animalia,49.24860859,-122.95387738,2024-04-29
211923792,Porcellio scaber,Common Rough Woodlouse,Animalia,49.2486218499,-122.95386545,2024-04-29
211923803,Philoscia muscorum,Common Striped Woodlouse,Animalia,49.2486029699,-122.95386084,2024-04-29
211923804,Equisetum telmateia braunii,Braun's Giant Horsetail,Plantae,49.2484051396,-122.9536302289,2024-04-29
211923812,Equisetum arvense,field horsetail,Plantae,49.2483186141,-122.9535427036,2024-04-29
211923821,Polydesmus angustus,Common Flat-backed Millipede,Animalia,49.2483313,-122.9535251405,2024-04-29
211923824,Barbarea verna,land cress,Plantae,49.14932348,-123.17027316,2024-04-29
211923836,Philoscia muscorum,Common Striped Woodlouse,Animalia,49.24833312,-122.9535332406,2024-04-29
211923847,Armadillidium vulgare,Common Pill Woodlouse,Animalia,49.2483338599,-122.9535343896,2024-04-29
211923855,Acer circinatum,Vine Maple,Plantae,49.250981662,-122.9567435067,2024-04-29
211923860,Sambucus racemosa,red-berried elder,Plantae,49.2509974297,-122.956701068,2024-04-29
211923877,Julida,Snake Millipedes,Animalia,49.2510088105,-122.9566874397,2024-04-29
211923887,Poduromorpha,Plump Springtails,Animalia,49.2510245899,-122.9566343102,2024-04-29
211923897,Entomobrya nivalis,Cosmopolitan Springtail,Animalia,49.25102166,-122.9566356608,2024-04-29
211923912,Philoscia muscorum,Common Striped Woodlouse,Animalia,49.2510189799,-122.9566520008,2024-04-29
211923923,Rhiscosomides meineri,,Animalia,49.2510106398,-122.9566934304,2024-04-29
211923934,Orchesella villosa,Shaggy Springtail,Animalia,49.250967906,-122.9566795134,2024-04-29
211923940,Ilex aquifolium,European holly,Plantae,49.2508567561,-122.9565887897,2024-04-29
211923956,Rubus spectabilis,Salmonberry,Plantae,49.2507611235,-122.9564106512,2024-04-29
211923965,Equisetum telmateia braunii,Braun's Giant Horsetail,Plantae,49.2507013883,-122.9564176715,2024-04-29
211923976,Acer macrophyllum,bigleaf maple,Plantae,49.2504900596,-122.9560587815,2024-04-29
211923990,Equisetum telmateia braunii,Braun's Giant Horsetail,Plantae,49.2504406913,-122.9560914731,2024-04-29
211923999,Alnus rubra,Red Alder,Plantae,49.25024133,-122.95586684,2024-04-29
211924012,Hedera hibernica,Atlantic Ivy,Plantae,49.2502282,-122.95588128,2024-04-29
211924022,Fungi,Fungi Including Lichens,Fungi,49.25022587,-122.95583887,2024-04-29
211924023,Camassia quamash,small camas,Plantae,49.14882115,-123.17003111,2024-04-29
211924030,Oemleria cerasiformis,Osoberry,Plantae,49.25019464,-122.95578761,2024-04-29
211924031,Sorbus,Rowans and Mountain Ashes,Plantae,49.25008049,-122.9556459,2024-04-29
211924034,Sorbus,Rowans and Mountain Ashes,Plantae,49.24994355,-122.95551445,2024-04-29
211924035,Equisetum arvense,field horsetail,Plantae,49.25004637,-122.95562594,2024-04-29
211924046,Parrotia persica,Persian ironwood,Plantae,49.3941863094,-122.876608015,2024-04-29
211924047,Urtica dioica,,Plantae,49.2498305501,-122.95540066,2024-04-29
211924048,Oemleria cerasiformis,Osoberry,Plantae,49.24974122,-122.95527859,2024-04-29
211924055,Neanuridae,Short-legged Springtails,Animalia,49.24978425,-122.95527361,2024-04-29
211924062,Ozyptila,Leaflitter Crab Spiders,Arachnida,49.24969937,-122.95520987,2024-04-29
211924070,Tellima grandiflora,fringe cups,Plantae,49.24949519,-122.95496008,2024-04-29
211924080,Urtica dioica,,Plantae,49.2494831,-122.95490679,2024-04-29
211924091,Equisetum telmateia braunii,Braun's Giant Horsetail,Plantae,49.2492109299,-122.95463726,2024-04-29
211924102,Hiemales,,Plantae,49.24888597,-122.95426298,2024-04-29
211924112,Lonicera involucrata,twinberry honeysuckle,Plantae,49.2488918101,-122.95427013,2024-04-29
211924114,Rosa nutkana,Nootka rose,Plantae,49.14760926,-123.16996925,2024-04-29
211924116,Magnoliopsida,Dicots,Plantae,49.2487114301,-122.95404226,2024-04-29
211924125,Athyrium filix-femina,lady fern,Plantae,49.24866547,-122.95397891,2024-04-29
211924258,Geranium dissectum,Cut-leaved crane's-bill,Plantae,49.1339950562,-123.1875991821,2024-04-29
211924284,Angiospermae,Flowering Plants,Plantae,49.14651974,-123.1700937,2024-04-29
211924500,Lupinus polyphyllus,Large-leaved lupine,Plantae,49.14617191,-123.17016614,2024-04-29
211924791,Ornithogalum umbellatum,common star-of-Bethlehem,Plantae,49.14437627,-123.17040471,2024-04-29
211924954,Prunus avium,wild cherry,Plantae,49.1265220642,-123.1964645386,2024-04-29
211925062,Athyrium filix-femina,lady fern,Plantae,49.2399397839,-122.8271198517,2024-04-29
211925731,Eriophyllum lanatum,common woolly sunflower,Plantae,49.30952,-122.9950416667,2024-04-29
211926020,Hyacinthoides × massartiana,Hybrid bluebell,Plantae,49.1265258789,-123.1959991455,2024-04-29
211926031,Anas crecca,Green-winged Teal,Aves,49.1968794775,-123.1284666044,2024-04-27
211926034,Phalacrocoracidae,Cormorants and Shags,Aves,49.1987872334,-123.1236612043,2024-04-27
211926108,Allium cernuum,nodding onion,Plantae,49.3094533333,-122.9951866667,2024-04-29
211926586,Anaphalis margaritacea,pearly everlasting,Plantae,49.3094333333,-122.9951783333,2024-04-29
211926895,Camassia quamash,small camas,Plantae,49.30938,-122.995125,2024-04-29
211926899,Ixoreus naevius,Varied Thrush,Aves,49.2171821594,-122.9108123779,2024-04-29
211927224,Lunaria annua,Annual Honesty,Plantae,49.2436916667,-123.1119611667,2024-04-29
211927259,Viola glabella,stream violet,Plantae,49.2171211243,-122.9105377197,2024-04-29
211927337,Angiospermae,Flowering Plants,Plantae,49.30937,-122.9951383333,2024-04-29
211927448,Maianthemum dilatatum,Western Lily of the Valley,Plantae,49.2171516418,-122.9104690552,2024-04-29
211927661,Fagus sylvatica,European beech,Plantae,49.2167510986,-122.9088058472,2024-04-29
211927748,Symphyotrichum,American asters,Plantae,49.3093616667,-122.9950466667,2024-04-29
211927901,Anthriscus sylvestris,Cow Parsley,Plantae,49.1272354126,-123.1947021484,2024-04-29
211928463,Erodium cicutarium,Redstem Stork's-bill,Plantae,49.1001298997,-122.6360061,2024-04-29
211928530,Holodiscus discolor,Ocean spray,Plantae,49.3093633333,-122.9948416667,2024-04-29
211928750,Ribes sanguineum,Red-flowering Currant,Plantae,49.3093533333,-122.99478,2024-04-29
211928994,Amelanchier alnifolia,Saskatoon,Plantae,49.309355,-122.9947133333,2024-04-29
211929089,Melanostoma mellinum,Variable Duskyface Fly,Insecta,49.2435716667,-123.1127778333,2024-04-29
211929369,Armadillidium vulgare,Common Pill Woodlouse,Animalia,49.2460335252,-122.9501398026,2024-04-29
211929370,Dicentra formosa,Pacific Bleeding Heart,Plantae,49.2460388503,-122.9501530108,2024-04-29
211929372,Philoscia muscorum,Common Striped Woodlouse,Animalia,49.2460010032,-122.9500976796,2024-04-29
211929380,Maianthemum dilatatum,Western Lily of the Valley,Plantae,49.2459413602,-122.9499348266,2024-04-29
211929391,Plagiomnium insigne,Badge Moss,Plantae,49.2458632683,-122.9497573898,2024-04-29
211929402,Acer circinatum,Vine Maple,Plantae,49.2458353499,-122.9495413729,2024-04-29
211929411,Acer macrophyllum,bigleaf maple,Plantae,49.2458011598,-122.9495152692,2024-04-29
211929427,Lathys humilis,Palaearctic Backspined Meshweaver,Arachnida,49.2457402782,-122.9494658577,2024-04-29
211929446,Heteroptera,True Bugs,Insecta,49.2482494203,-122.9534798405,2024-04-29
211929461,Aphididae,Aphids,Insecta,49.2481863886,-122.9534276432,2024-04-29
211929473,Solidago elongata,west coast Canada goldenrod,Plantae,49.30937,-122.9945133333,2024-04-29
211929474,Betula,birches,Plantae,49.2481911011,-122.9534132605,2024-04-29
211929485,Lonicera involucrata,twinberry honeysuckle,Plantae,49.2481959701,-122.9534198709,2024-04-29
211929497,Impatiens glandulifera,Himalayan balsam,Plantae,49.2480995982,-122.9533627768,2024-04-29
211929513,Sorbus,Rowans and Mountain Ashes,Plantae,49.2479604212,-122.9531270417,2024-04-29
211929523,Tsuga heterophylla,western hemlock,Plantae,49.2478454791,-122.9530227282,2024-04-29
211929538,Corylus,hazels,Plantae,49.2477284518,-122.9528856108,2024-04-29
211929556,Equisetum telmateia braunii,Braun's Giant Horsetail,Plantae,49.2475114111,-122.9526345342,2024-04-29
211929574,Maianthemum dilatatum,Western Lily of the Valley,Plantae,49.2474681508,-122.952583442,2024-04-29
211929588,Spiraea douglasii,Rose Spirea,Plantae,49.2474528503,-122.9525476796,2024-04-29
211929598,Iris pseudacorus,Yellow Iris,Plantae,49.2473819282,-122.9524591815,2024-04-29
211929599,Sorbus,Rowans and Mountain Ashes,Plantae,49.2474516199,-122.9525379597,2024-04-29
211929609,Magnoliopsida,Dicots,Plantae,49.24736432,-122.9524070399,2024-04-29
211929613,Anura,Frogs and Toads,Amphibia,49.2472524695,-122.9521652803,2024-04-29
211929623,Equisetum telmateia braunii,Braun's Giant Horsetail,Plantae,49.24715238,-122.95207845,2024-04-29
211929640,Arion ater,Black Slug,Mollusca,49.2470500999,-122.95195437,2024-04-29
211929656,Equisetum telmateia braunii,Braun's Giant Horsetail,Plantae,49.2468286801,-122.95167221,2024-04-29
211929657,Ranunculus repens,Creeping buttercup,Plantae,49.24696408,-122.95185522,2024-04-29
211929659,Equisetum,horsetails,Plantae,49.24683947,-122.95162219,2024-04-29
211929670,Hiemales,,Plantae,49.24667615,-122.95148396,2024-04-29
211929671,Armadillidium vulgare,Common Pill Woodlouse,Animalia,49.24667248,-122.95136802,2024-04-29
211929672,Rubus spectabilis,Salmonberry,Plantae,49.2466511,-122.95138451,2024-04-29
211929686,Polydesmus angustus,Common Flat-backed Millipede,Animalia,49.24663984,-122.95134882,2024-04-29
211929687,Rubus parviflorus,thimbleberry,Plantae,49.2465177799,-122.95117685,2024-04-29
211929689,Philoscia muscorum,Common Striped Woodlouse,Animalia,49.2466354099,-122.95135188,2024-04-29
211929713,Rubus spectabilis,Salmonberry,Plantae,49.2465192901,-122.95113219,2024-04-29
211929726,Oemleria cerasiformis,Osoberry,Plantae,49.24624881,-122.95062404,2024-04-29
211929743,Acer circinatum,Vine Maple,Plantae,49.24620423,-122.95051559,2024-04-29
211929758,Impatiens glandulifera,Himalayan balsam,Plantae,49.24622752,-122.95052975,2024-04-29
211929766,Sambucus racemosa,red-berried elder,Plantae,49.24621633,-122.95050848,2024-04-29
211929779,Oestroidea,"Bot Flies, Blow Flies, and Allies",Insecta,49.24609455,-122.95034348,2024-04-29
211929794,Cardamine,Bittercresses and Toothworts,Plantae,49.24607273,-122.95024329,2024-04-29
211929809,Achillea millefolium,common yarrow,Plantae,49.3093333333,-122.9946283333,2024-04-29
211929813,Armadillidium vulgare,Common Pill Woodlouse,Animalia,49.24606411,-122.95020959,2024-04-29
211929824,Oniscus asellus,Common Shiny Woodlouse,Animalia,49.2460667901,-122.95021131,2024-04-29
211929839,Oryctolagus cuniculus,European Rabbit,Mammalia,49.194551809,-123.1142508966,2024-04-27
211929841,Philoscia muscorum,Common Striped Woodlouse,Animalia,49.24606591,-122.95021347,2024-04-29
211929842,Caltha palustris,marsh marigold,Plantae,49.2435716667,-123.1127778333,2024-04-29
211929853,Orchesella villosa,Shaggy Springtail,Animalia,49.24609011,-122.95021836,2024-04-29
211930059,Camponotus modoc,Western Black Carpenter Ant,Insecta,49.2080355895,-123.1051018232,2024-04-29
211930066,Aruncus dioicus,Goatsbeard,Plantae,49.309325,-122.9955216667,2024-04-29
211930285,Berberis nervosa,Cascade Oregon-grape,Plantae,49.3093416667,-122.99553,2024-04-29
211930286,Eratigena,,Arachnida,49.3480279792,-123.0481088372,2024-04-29
211930495,Rumex,docks and sorrels,Plantae,49.2043727529,-122.939594889,2024-04-29
211930780,Geum macrophyllum,Large-leaved Avens,Plantae,49.243545,-123.1128305,2024-04-29
211930922,Dicentra formosa,Pacific Bleeding Heart,Plantae,49.3093916667,-122.9961,2024-04-29
211930966,Argentina anserina,common silverweed,Plantae,49.1288299561,-123.1956253052,2024-04-29
211931109,Agaricineae,,Fungi,49.2024566667,-122.87127,2024-04-29
211931124,Pipilo maculatus,Spotted Towhee,Aves,49.2092471778,-123.1585678105,2024-04-27
211931850,Melospiza melodia,Song Sparrow,Aves,49.3094216667,-122.9951783333,2024-04-29
211932222,Hyacinthoides,Bluebells,Plantae,49.2105141702,-123.1603749836,2024-04-27
211932244,Veronica arvensis,corn speedwell,Plantae,49.2436666667,-123.1128305,2024-04-29
211932514,Allium cernuum,nodding onion,Plantae,49.2868895862,-122.9689347426,2024-04-29
211933022,Oxalis,Woodsorrels,Plantae,49.0663471,-123.1176087,2024-04-29
211933553,Hyacinthoides,Bluebells,Plantae,49.2436333333,-123.1128695,2024-04-29
211934751,Oemleria cerasiformis,Osoberry,Plantae,49.2451071598,-122.9457525299,2024-04-29
211934754,Tacamahaca,balsam poplars,Plantae,49.2451137528,-122.9456251764,2024-04-29
211934755,Cladonia,pixie cup and reindeer lichens,Fungi,49.2450921346,-122.9455020717,2024-04-29
211934762,Maianthemum dilatatum,Western Lily of the Valley,Plantae,49.2450735099,-122.9454212204,2024-04-29
211934773,Equisetum telmateia braunii,Braun's Giant Horsetail,Plantae,49.2450566606,-122.9453104917,2024-04-29
211934782,Impatiens glandulifera,Himalayan balsam,Plantae,49.2450246882,-122.9452874246,2024-04-29
211934792,Dicentra formosa,Pacific Bleeding Heart,Plantae,49.2450169675,-122.9452675265,2024-04-29
211934802,Sambucus racemosa,red-berried elder,Plantae,49.2449610411,-122.9451317158,2024-04-29
211934813,Equisetum telmateia braunii,Braun's Giant Horsetail,Plantae,49.2449567971,-122.9449719049,2024-04-29
211934820,Tellima grandiflora,fringe cups,Plantae,49.2449871197,-122.9448470601,2024-04-29
211934831,Hiemales,,Plantae,49.2450211354,-122.9447247416,2024-04-29
211934843,Taraxacum,dandelions,Plantae,49.245054652,-122.9447229001,2024-04-29
211934850,Urtica gracilis,slender stinging nettle,Plantae,49.2457142851,-122.9494087719,2024-04-29
211934857,Dicentra formosa,Pacific Bleeding Heart,Plantae,49.2455892234,-122.9494103072,2024-04-29
211934869,Rubus spectabilis,Salmonberry,Plantae,49.2455847395,-122.9494065902,2024-04-29
211934874,Athyrium filix-femina,lady fern,Plantae,49.2452563606,-122.9493136936,2024-04-29
211934883,Athyrium filix-femina,lady fern,Plantae,49.2451650296,-122.9492863998,2024-04-29
211934891,Dicentra formosa,Pacific Bleeding Heart,Plantae,49.2451491504,-122.949288928,2024-04-29
211934892,Haemorhous mexicanus,House Finch,Aves,49.3997298603,-122.8275692651,2024-04-29
211934900,Sorbus,Rowans and Mountain Ashes,Plantae,49.2451508203,-122.9492928998,2024-04-29
211934913,Homalothecium,homalothecium mosses,Plantae,49.245111346,-122.9492998816,2024-04-29
211934926,Rubus parviflorus,thimbleberry,Plantae,49.2450306881,-122.949329369,2024-04-29
211934937,Homalothecium,homalothecium mosses,Plantae,49.245027434,-122.9493240303,2024-04-29
211934949,Tellima grandiflora,fringe cups,Plantae,49.2449193794,-122.9494166865,2024-04-29
211934966,Mycelis muralis,Wall Lettuce,Plantae,49.2448834002,-122.9494838803,2024-04-29
211934979,Spiraea douglasii,Rose Spirea,Plantae,49.2448420711,-122.9495192669,2024-04-29
211934991,Bellis perennis,Lawn daisy,Plantae,49.2447470649,-122.9495973278,2024-04-29
211934999,Nymphaeales,"Waterlilies, Fanworts, and Allies",Plantae,49.2446961266,-122.9495219949,2024-04-29
211935016,Equisetum telmateia braunii,Braun's Giant Horsetail,Plantae,49.2446973733,-122.9495034752,2024-04-29
211935029,Physocarpus capitatus,Pacific ninebark,Plantae,49.24486003,-122.9493924699,2024-04-29
211935048,Homalothecium,homalothecium mosses,Plantae,49.24499352,-122.94926739,2024-04-29
211935060,Thuja plicata,western redcedar,Plantae,49.2453297,-122.94914692,2024-04-29
211935074,Dicentra formosa,Pacific Bleeding Heart,Plantae,49.24529861,-122.94894437,2024-04-29
211935087,Tellima grandiflora,fringe cups,Plantae,49.2453133401,-122.94883043,2024-04-29
211935108,Claytonia sibirica,Candy Flower,Plantae,49.24528902,-122.94866179,2024-04-29
211935124,Maianthemum dilatatum,Western Lily of the Valley,Plantae,49.2453290701,-122.9483894799,2024-04-29
211935140,Sambucus racemosa,red-berried elder,Plantae,49.24533239,-122.94820498,2024-04-29
211935155,Lysichiton americanus,western skunk cabbage,Plantae,49.2453569801,-122.94809175,2024-04-29
211935162,Acer circinatum,Vine Maple,Plantae,49.24532855,-122.94801095,2024-04-29
211935169,Ranunculus repens,Creeping buttercup,Plantae,49.2453175,-122.9479429999,2024-04-29
211935181,Rubus spectabilis,Salmonberry,Plantae,49.2452544,-122.94775685,2024-04-29
211935224,Lysichiton americanus,western skunk cabbage,Plantae,49.24518411,-122.94759822,2024-04-29
211935241,Arion ater,Black Slug,Mollusca,49.2451581,-122.94753231,2024-04-29
211935254,Beauveria,,Fungi,49.24514973,-122.9475047699,2024-04-29
211935256,Cornus,dogwoods,Plantae,49.245125,-122.94734289,2024-04-29
211935258,Athyrium filix-femina,lady fern,Plantae,49.24512241,-122.94710621,2024-04-29
211935271,Thamnophis sirtalis,Common Garter Snake,Reptilia,49.2451589,-122.9469244399,2024-04-29
211935272,Ranunculus repens,Creeping buttercup,Plantae,49.2451584699,-122.94675381,2024-04-29
211935275,Galium,bedstraws,Plantae,49.24519324,-122.94672331,2024-04-29
211935295,Athyrium filix-femina,lady fern,Plantae,49.2451254798,-122.9464967499,2024-04-29
211935309,Salix,Willows,Plantae,49.2451257001,-122.9464978599,2024-04-29
211935325,Impatiens glandulifera,Himalayan balsam,Plantae,49.2451097992,-122.9462299893,2024-04-29
211935347,Rumex obtusifolius,broad-leaved dock,Plantae,49.245071189,-122.946068104,2024-04-29
211935359,Arion ater,Black Slug,Mollusca,49.2451044603,-122.9459525496,2024-04-29
211935378,Equisetum telmateia braunii,Braun's Giant Horsetail,Plantae,49.2450954335,-122.9458206216,2024-04-29
211936172,Pieris,Garden Whites,Insecta,49.042605454,-122.771915844,2024-04-29
211936404,Turdus migratorius,American Robin,Aves,49.1943308237,-123.1212393922,2024-04-27
211936492,Arabidopsis thaliana,mouse-ear cress,Plantae,49.24363,-123.1128611667,2024-04-29
211936559,Calypte anna,Anna's Hummingbird,Aves,49.0712234136,-123.0271040712,2024-04-29
211937673,Spizella passerina,Chipping Sparrow,Aves,49.3095633333,-122.9950033333,2024-04-29
211937834,Bryophyta,Mosses,Plantae,49.193783952,-123.1384936931,2024-04-27
211938050,Spinus pinus,Pine Siskin,Aves,49.346455,-123.0819778333,2024-04-29
211938510,Ornithogalum umbellatum,common star-of-Bethlehem,Plantae,49.1943097673,-123.1379388507,2024-04-27
211939028,Branta canadensis,Canada Goose,Aves,49.1954578687,-123.1378905458,2024-04-27
211939128,Maianthemum dilatatum,Western Lily of the Valley,Plantae,49.31842513,-122.96051794,2024-04-29
211939332,Tsuga heterophylla,western hemlock,Plantae,49.2442719097,-122.9406072092,2024-04-29
211939333,Atrichum,Smoothcap Mosses,Plantae,49.2442445411,-122.9405029698,2024-04-29
211939336,Sciaridae,Dark-winged Fungus Gnats,Insecta,49.2442447399,-122.9405008597,2024-04-29
211939345,Campylopus introflexus,Heath Star-moss,Plantae,49.2442360709,-122.9404878295,2024-04-29
211939351,Spiraea douglasii,Rose Spirea,Plantae,49.2442193402,-122.9403690409,2024-04-29
211939352,Plagiomnium insigne,Badge Moss,Plantae,49.2441848143,-122.940235762,2024-04-29
211939365,Equisetum telmateia braunii,Braun's Giant Horsetail,Plantae,49.2449930694,-122.9443566556,2024-04-29
211939368,Cardamine,Bittercresses and Toothworts,Plantae,49.2449784501,-122.9443373062,2024-04-29
211939370,Lysichiton americanus,western skunk cabbage,Plantae,49.2449400199,-122.9440098317,2024-04-29
211939375,Arion ater,Black Slug,Mollusca,49.2449532509,-122.9440304221,2024-04-29
211939382,Julida,Snake Millipedes,Animalia,49.2449608588,-122.9439882217,2024-04-29
211939383,Equisetum telmateia braunii,Braun's Giant Horsetail,Plantae,49.24490275,-122.9436919301,2024-04-29
211939385,Formicidae,Ants,Insecta,49.24489612,-122.9436945401,2024-04-29
211939387,Julida,Snake Millipedes,Animalia,49.2448879199,-122.94363041,2024-04-29
211939402,Lysichiton americanus,western skunk cabbage,Plantae,49.24487392,-122.94344114,2024-04-29
211939416,Lonicera involucrata,twinberry honeysuckle,Plantae,49.24488139,-122.94337109,2024-04-29
211939420,Arion,ater-group Arion Slugs,Mollusca,49.24486229,-122.94326878,2024-04-29
211939429,Cornus,dogwoods,Plantae,49.2448613399,-122.9432708799,2024-04-29
211939434,Cladonia,pixie cup and reindeer lichens,Fungi,49.24489071,-122.94302695,2024-04-29
211939444,Lysichiton americanus,western skunk cabbage,Plantae,49.24489985,-122.94281577,2024-04-29
211939458,Arion ater,Black Slug,Mollusca,49.24486182,-122.94281269,2024-04-29
211939467,Tacamahaca,balsam poplars,Plantae,49.24485309,-122.94278463,2024-04-29
211939473,Tricyphona,,Insecta,49.24485318,-122.9427842601,2024-04-29
211939482,Magnoliopsida,Dicots,Plantae,49.24476223,-122.94256569,2024-04-29
211939490,Homalothecium,homalothecium mosses,Plantae,49.2447258901,-122.94246975,2024-04-29
211939498,Hiemales,,Plantae,49.24469298,-122.94214209,2024-04-29
211939506,Athyrium filix-femina,lady fern,Plantae,49.24470391,-122.94207247,2024-04-29
211939508,Sordariomycetes,,Fungi,49.2447086301,-122.94203588,2024-04-29
211939509,Betulaceae,birch family,Plantae,49.24468642,-122.9419144801,2024-04-29
211939518,Schizophyllum commune,splitgill mushroom,Fungi,49.24468652,-122.9418660702,2024-04-29
211939520,Athyrium filix-femina,lady fern,Plantae,49.2446590185,-122.9416002861,2024-04-29
211939522,Lysichiton americanus,western skunk cabbage,Plantae,49.2446593617,-122.9415287237,2024-04-29
211939534,Equisetum telmateia braunii,Braun's Giant Horsetail,Plantae,49.244606319,-122.9414589835,2024-04-29
211939540,Graphis scripta,Common Script Lichen,Fungi,49.2445759157,-122.9414199613,2024-04-29
211939553,Sorbus,Rowans and Mountain Ashes,Plantae,49.2445073995,-122.9412990505,2024-04-29
211939565,Corylus,hazels,Plantae,49.244480837,-122.9413428271,2024-04-29
211939573,Maianthemum dilatatum,Western Lily of the Valley,Plantae,49.2444763918,-122.9410679767,2024-04-29
211939583,Ranunculus repens,Creeping buttercup,Plantae,49.2444465565,-122.9409406195,2024-04-29
211939590,Tsuga heterophylla,western hemlock,Plantae,49.2444244399,-122.9409084706,2024-04-29
211939599,Ilex aquifolium,European holly,Plantae,49.2444291078,-122.9408658467,2024-04-29
211939602,Geum macrophyllum,Large-leaved Avens,Plantae,49.2443805099,-122.9407934229,2024-04-29
211939612,Plagiomnium insigne,Badge Moss,Plantae,49.2443550599,-122.9407744802,2024-04-29
211939621,Pteridium aquilinum,common bracken,Plantae,49.2443158207,-122.9407420109,2024-04-29
211939628,Corylus,hazels,Plantae,49.2443065401,-122.9406654295,2024-04-29
211940084,Zonotrichia leucophrys,White-crowned Sparrow,Aves,49.1977661014,-123.1370372727,2024-04-27
211940669,Galium odoratum,Sweet Woodruff,Plantae,49.111175,-123.0775166667,2024-04-29
211940693,Vaccinium parvifolium,Red Huckleberry,Plantae,49.31838148,-122.96048744,2024-04-29
211941402,Carex,true sedges,Plantae,49.31839225,-122.96050472,2024-04-29
211941731,Myathropa florea,Yellow-haired Sun Fly,Insecta,49.1112055,-123.0792111667,2024-04-29
211942092,Zonotrichia leucophrys,White-crowned Sparrow,Aves,49.2824545746,-123.0398055666,2024-04-29
211942213,Sambucus racemosa,red-berried elder,Plantae,49.31843228,-122.96024924,2024-04-29
211942268,Polyporales,Shelf Fungi,Fungi,49.3471916667,-123.086075,2024-04-28
211942905,Cornus unalaschkensis,Western Bunchberry,Plantae,49.31833701,-122.96021228,2024-04-29
211943211,Platycryptus californicus,California Flattened Jumping Spider,Arachnida,49.3163895115,-123.0593123865,2024-04-29
211943215,Nephrotoma wulpiana,,Insecta,49.316390297,-123.0593143982,2024-04-29
211943216,Marasmius oreades,fairy ring marasmius,Fungi,49.3163409023,-123.0592627657,2024-04-29
211943219,Armadillidium vulgare,Common Pill Woodlouse,Animalia,49.3166393125,-123.0592133294,2024-04-29
211943229,Junco hyemalis,Dark-eyed Junco,Aves,49.2824545746,-123.0398055666,2024-04-29
211943423,Sambucus racemosa,red-berried elder,Plantae,49.2437030098,-122.9366265179,2024-04-29
211943424,Orthotrichaceae,,Plantae,49.2436813239,-122.9365801213,2024-04-29
211943427,Lonicera,honeysuckles,Plantae,49.2436166003,-122.9364268594,2024-04-29
211943436,Ranunculus repens,Creeping buttercup,Plantae,49.2436032641,-122.9363706674,2024-04-29
211943437,Cornus,dogwoods,Plantae,49.2436001703,-122.9363579008,2024-04-29
211943453,Cornus,dogwoods,Plantae,49.24361256,-122.9362713142,2024-04-29
211943462,Oniscus asellus,Common Shiny Woodlouse,Animalia,49.2441860703,-122.9402379092,2024-04-29
211943471,Geophilomorpha,Soil Centipedes,Animalia,49.2441980605,-122.9402424905,2024-04-29
211943486,Beauveria,,Fungi,49.2441989099,-122.9402449999,2024-04-29
211943495,Araneomorphae,Typical Spiders,Arachnida,49.2441843404,-122.9401930408,2024-04-29
211943506,Sciaridae,Dark-winged Fungus Gnats,Insecta,49.2441844281,-122.9401960038,2024-04-29
211943514,Tsuga heterophylla,western hemlock,Plantae,49.24416215,-122.93994814,2024-04-29
211943525,Prunus,"plums, cherries, and allies",Plantae,49.24414805,-122.93992418,2024-04-29
211943531,Psychodini,,Insecta,49.2441279599,-122.9399453299,2024-04-29
211943538,Calliphora,Bluebottle Flies,Insecta,49.111175,-123.0788388333,2024-04-29
211943548,Ilex aquifolium,European holly,Plantae,49.24410452,-122.9398669,2024-04-29
211943553,Phytomyza ilicis,European Holly Leafminer,Insecta,49.24409455,-122.93982506,2024-04-29
211943559,Maianthemum dilatatum,Western Lily of the Valley,Plantae,49.24405802,-122.93978934,2024-04-29
211943571,Polystichum munitum,western sword fern,Plantae,49.24405555,-122.93970716,2024-04-29
211943579,Vaccinium,"blueberries, cranberries, and allies",Plantae,49.24404169,-122.93966214,2024-04-29
211943587,Pteridium aquilinum,common bracken,Plantae,49.24402846,-122.93962633,2024-04-29
211943592,Fomes fomentarius,Hoof Fungus,Fungi,49.24403446,-122.93961336,2024-04-29
211943601,Sorbus,Rowans and Mountain Ashes,Plantae,49.24398662,-122.93940567,2024-04-29
211943612,Plagiomnium insigne,Badge Moss,Plantae,49.24395502,-122.93928648,2024-04-29
211943623,Maianthemum dilatatum,Western Lily of the Valley,Plantae,49.24401327,-122.93865969,2024-04-29
211943629,Lapsana communis,nipplewort,Plantae,49.24394066,-122.93898734,2024-04-29
211943636,Sorbus,Rowans and Mountain Ashes,Plantae,49.24396111,-122.9388709899,2024-04-29
211943643,Rubus spectabilis,Salmonberry,Plantae,49.24395276,-122.93873973,2024-04-29
211943656,Geum macrophyllum,Large-leaved Avens,Plantae,49.24396688,-122.93865428,2024-04-29
211943666,Graphis scripta,Common Script Lichen,Fungi,49.24396248,-122.93864721,2024-04-29
