wolf_id,pack_id,timestamp,latitude,longitude
W001,Yellowhead,2024-06-01T16:00:00,54.151116,-119.796873
W001,Yellowhead,2024-06-01T20:00:00,54.07726,-119.953972
W001,Yellowhead,2024-06-02T00:00:00,54.005192,-120.032461
W001,Yellowhead,2024-06-02T04:00:00,54.017798,-119.836354
W001,Yellowhead,2024-06-02T08:00:00,53.929879,-119.948002
W001,Yellowhead,2024-06-02T12:00:00,53.905308,-120.080178
W001,Yellowhead,2024-06-02T16:00:00,53.820119,-120.000113
W001,Yellowhead,2024-06-02T20:00:00,53.91365,-119.979835
W001,Yellowhead,2024-06-03T00:00:00,53.982903,-119.795436
W001,Yellowhead,2024-06-03T04:00:00,53.90699,-119.7272
W001,Yellowhead,2024-06-03T08:00:00,53.972886,-119.867972
W001,Yellowhead,2024-06-03T12:00:00,53.893596,-119.741263
W001,Yellowhead,2024-06-03T16:00:00,53.903537,-119.909729
W001,Yellowhead,2024-06-03T20:00:00,53.89252,-119.705332
W001,Yellowhead,2024-06-04T00:00:00,53.953496,-119.895058
W001,Yellowhead,2024-06-04T04:00:00,54.072403,-119.785944
W001,Yellowhead,2024-06-04T08:00:00,54.005872,-119.986405
W001,Yellowhead,2024-06-04T12:00:00,54.105542,-120.135067
W001,Yellowhead,2024-06-04T16:00:00,54.026009,-120.030247
W001,Yellowhead,2024-06-04T20:00:00,54.045093,-120.252819
W001,Yellowhead,2024-06-05T00:00:00,53.935911,-120.170809
W001,Yellowhead,2024-06-05T04:00:00,54.005961,-120.303272
W001,Yellowhead,2024-06-05T08:00:00,53.969873,-120.156209
W001,Yellowhead,2024-06-05T12:00:00,53.900142,-120.003915
W001,Yellowhead,2024-06-05T16:00:00,53.852623,-120.151003
W001,Yellowhead,2024-06-05T20:00:00,53.952312,-120.138549
W001,Yellowhead,2024-06-06T00:00:00,53.824161,-120.185993
W001,Yellowhead,2024-06-06T04:00:00,53.904467,-120.03675
W001,Yellowhead,2024-06-06T08:00:00,53.888445,-119.820903
W001,Yellowhead,2024-06-06T12:00:00,53.916383,-120.040925
W001,Yellowhead,2024-06-06T16:00:00,53.929143,-120.228373
W001,Yellowhead,2024-06-06T20:00:00,53.862242,-120.051512
W001,Yellowhead,2024-06-07T00:00:00,53.965491,-119.949051
W001,Yellowhead,2024-06-07T04:00:00,54.048681,-119.886598
W001,Yellowhead,2024-06-07T08:00:00,54.023043,-120.100269
W001,Yellowhead,2024-06-07T12:00:00,54.04538,-119.941332
W001,Yellowhead,2024-06-07T16:00:00,54.001324,-120.035416
W001,Yellowhead,2024-06-07T20:00:00,54.068833,-119.891363
W001,Yellowhead,2024-06-08T00:00:00,53.945479,-119.943898
W001,Yellowhead,2024-06-08T04:00:00,53.943021,-120.166463
W001,Yellowhead,2024-06-08T08:00:00,53.886968,-120.054243
W001,Yellowhead,2024-06-08T12:00:00,54.005425,-120.05762
W001,Yellowhead,2024-06-08T16:00:00,54.009845,-120.264514
W001,Yellowhead,2024-06-08T20:00:00,53.982471,-120.058429
W001,Yellowhead,2024-06-09T00:00:00,54.036148,-119.914627
W001,Yellowhead,2024-06-09T04:00:00,53.962851,-119.80427
W001,Yellowhead,2024-06-09T08:00:00,53.891899,-119.88722
W001,Yellowhead,2024-06-09T12:00:00,53.802472,-119.93995
W001,Yellowhead,2024-06-09T16:00:00,53.90408,-119.864947
W001,Yellowhead,2024-06-09T20:00:00,53.978133,-119.754758
W001,Yellowhead,2024-06-10T00:00:00,53.919775,-119.953456
W001,Yellowhead,2024-06-10T04:00:00,53.890076,-119.773567
W001,Yellowhead,2024-06-10T08:00:00,53.931969,-119.91215
W001,Yellowhead,2024-06-10T12:00:00,53.912896,-120.094995
W001,Yellowhead,2024-06-10T16:00:00,53.92033,-120.262581
W001,Yellowhead,2024-06-10T20:00:00,53.951156,-120.173547
W001,Yellowhead,2024-06-11T00:00:00,53.875147,-120.303197
W001,Yellowhead,2024-06-11T04:00:00,53.96822,-120.175278
W001,Yellowhead,2024-06-11T08:00:00,54.028158,-120.011207
W001,Yellowhead,2024-06-11T12:00:00,54.14753,-120.072333
W001,Yellowhead,2024-06-11T16:00:00,54.072275,-119.880696
W001,Yellowhead,2024-06-11T20:00:00,54.141817,-119.780284
W001,Yellowhead,2024-06-12T00:00:00,54.045985,-119.788595
W001,Yellowhead,2024-06-12T04:00:00,54.034513,-120.017924
W001,Yellowhead,2024-06-12T08:00:00,54.039994,-119.855385
W001,Yellowhead,2024-06-12T12:00:00,54.028486,-120.027039
W001,Yellowhead,2024-06-12T16:00:00,54.07085,-120.190809
W001,Yellowhead,2024-06-12T20:00:00,54.036081,-119.977119
W001,Yellowhead,2024-06-13T00:00:00,54.155806,-120.047851
W001,Yellowhead,2024-06-13T04:00:00,54.028912,-120.050743
W001,Yellowhead,2024-06-13T08:00:00,53.929259,-120.185086
W001,Yellowhead,2024-06-13T12:00:00,54.007818,-119.998338
W001,Yellowhead,2024-06-13T16:00:00,53.982667,-120.178845
W001,Yellowhead,2024-06-13T20:00:00,53.9178,-120.097626
W001,Yellowhead,2024-06-14T00:00:00,53.99846,-120.197639
W001,Yellowhead,2024-06-14T04:00:00,53.909983,-120.150282
W001,Yellowhead,2024-06-14T08:00:00,54.017234,-120.126077
W001,Yellowhead,2024-06-14T12:00:00,53.90909,-120.190938
W001,Yellowhead,2024-06-14T16:00:00,53.95779,-120.030595
W001,Yellowhead,2024-06-14T20:00:00,54.05485,-119.956237
W001,Yellowhead,2024-06-15T00:00:00,54.154919,-119.922146
W001,Yellowhead,2024-06-15T04:00:00,54.101463,-120.061649
W001,Yellowhead,2024-06-15T08:00:00,54.000208,-120.105102
W001,Yellowhead,2024-06-15T12:00:00,53.978786,-120.320741
W001,Yellowhead,2024-06-15T16:00:00,54.03979,-120.13413
W001,Yellowhead,2024-06-15T20:00:00,53.948849,-120.031787
W001,Yellowhead,2024-06-16T00:00:00,54.055418,-119.90984
W001,Yellowhead,2024-06-16T04:00:00,53.971475,-119.820471
W001,Yellowhead,2024-06-16T08:00:00,54.03308,-119.941037
W001,Yellowhead,2024-06-16T12:00:00,53.952445,-120.12077
W001,Yellowhead,2024-06-16T16:00:00,54.060937,-120.046952
W001,Yellowhead,2024-06-16T20:00:00,54.141136,-119.934964
W001,Yellowhead,2024-06-17T00:00:00,54.080785,-120.013972
W001,Yellowhead,2024-06-17T04:00:00,54.162873,-119.844435
W001,Yellowhead,2024-06-17T08:00:00,54.128622,-120.03419
W001,Yellowhead,2024-06-17T12:00:00,54.024427,-119.95896
W001,Yellowhead,2024-06-17T16:00:00,54.123044,-119.84033
W001,Yellowhead,2024-06-17T20:00:00,54.059309,-119.907685
W001,Yellowhead,2024-06-18T00:00:00,54.148674,-119.893526
W001,Yellowhead,2024-06-18T04:00:00,54.086382,-120.094615
W001,Yellowhead,2024-06-18T08:00:00,53.977452,-120.072764
W001,Yellowhead,2024-06-18T12:00:00,54.060862,-120.234351
W001,Yellowhead,2024-06-18T16:00:00,54.051335,-120.035758
W001,Yellowhead,2024-06-18T20:00:00,54.164173,-120.131395
W001,Yellowhead,2024-06-19T00:00:00,54.073853,-120.029163
W001,Yellowhead,2024-06-19T04:00:00,54.042997,-120.179951
W001,Yellowhead,2024-06-19T08:00:00,53.988172,-120.330976
W001,Yellowhead,2024-06-19T12:00:00,54.015171,-120.208636
W001,Yellowhead,2024-06-19T16:00:00,54.037157,-120.026789
W001,Yellowhead,2024-06-19T20:00:00,54.162501,-119.940794
W001,Yellowhead,2024-06-20T00:00:00,54.048687,-119.998167
W001,Yellowhead,2024-06-20T04:00:00,53.936459,-119.970089
W001,Yellowhead,2024-06-20T08:00:00,54.055903,-119.894322
W001,Yellowhead,2024-06-20T12:00:00,53.958671,-119.902476
W001,Yellowhead,2024-06-20T16:00:00,54.060746,-119.823538
W001,Yellowhead,2024-06-20T20:00:00,54.127077,-119.957012
W001,Yellowhead,2024-06-21T00:00:00,54.061164,-120.009662
W001,Yellowhead,2024-06-21T04:00:00,53.944605,-120.117089
W001,Yellowhead,2024-06-21T08:00:00,53.88121,-120.28078
W001,Yellowhead,2024-06-21T12:00:00,53.960099,-120.150854
W001,Yellowhead,2024-06-21T16:00:00,53.953215,-119.978144
W001,Yellowhead,2024-06-21T20:00:00,53.943367,-119.808099
W001,Yellowhead,2024-06-22T00:00:00,54.007613,-119.690569
W001,Yellowhead,2024-06-22T04:00:00,53.964808,-119.836691
W001,Yellowhead,2024-06-22T08:00:00,54.099712,-119.823253
W001,Yellowhead,2024-06-22T12:00:00,54.025081,-119.908727
W001,Yellowhead,2024-06-22T16:00:00,54.09961,-119.816571
W001,Yellowhead,2024-06-22T20:00:00,54.04771,-119.936303
W001,Yellowhead,2024-06-23T00:00:00,54.156082,-119.85115
W001,Yellowhead,2024-06-23T04:00:00,54.070145,-119.995285
W001,Yellowhead,2024-06-23T08:00:00,53.956439,-119.915996
W001,Yellowhead,2024-06-23T12:00:00,54.049332,-119.932068
W001,Yellowhead,2024-06-23T16:00:00,54.085851,-120.097943
W001,Yellowhead,2024-06-23T20:00:00,54.008821,-120.144852
W001,Yellowhead,2024-06-24T00:00:00,54.102742,-120.217916
W001,Yellowhead,2024-06-24T04:00:00,53.984717,-120.105666
W001,Yellowhead,2024-06-24T08:00:00,53.979732,-120.28348
W001,Yellowhead,2024-06-24T12:00:00,53.958693,-120.056489
W001,Yellowhead,2024-06-24T16:00:00,53.988138,-119.858322
W001,Yellowhead,2024-06-24T20:00:00,54.044149,-119.98452
W001,Yellowhead,2024-06-25T00:00:00,53.913184,-119.992103
W001,Yellowhead,2024-06-25T04:00:00,54.015568,-119.934658
W001,Yellowhead,2024-06-25T08:00:00,53.925747,-120.106492
W001,Yellowhead,2024-06-25T12:00:00,53.870265,-119.943819
W001,Yellowhead,2024-06-25T16:00:00,53.958795,-119.853358
W001,Yellowhead,2024-06-25T20:00:00,54.030067,-119.65822
W001,Yellowhead,2024-06-26T00:00:00,54.045652,-119.794917
W001,Yellowhead,2024-06-26T04:00:00,54.139719,-119.852539
W001,Yellowhead,2024-06-26T08:00:00,54.060183,-119.969112
W001,Yellowhead,2024-06-26T12:00:00,54.156234,-119.931421
W001,Yellowhead,2024-06-26T16:00:00,54.097123,-120.053031
W001,Yellowhead,2024-06-26T20:00:00,54.02895,-119.920582
W001,Yellowhead,2024-06-27T00:00:00,54.129697,-119.997265
W001,Yellowhead,2024-06-27T04:00:00,54.058766,-119.846767
W001,Yellowhead,2024-06-27T08:00:00,54.01438,-120.01304
W001,Yellowhead,2024-06-27T12:00:00,53.92164,-120.075397
W001,Yellowhead,2024-06-27T16:00:00,53.987645,-120.187887
W001,Yellowhead,2024-06-27T20:00:00,54.108345,-120.291247
W001,Yellowhead,2024-06-28T00:00:00,54.069976,-120.127829
W001,Yellowhead,2024-06-28T04:00:00,54.106608,-120.320422
W001,Yellowhead,2024-06-28T08:00:00,54.024507,-120.179854
W001,Yellowhead,2024-06-28T12:00:00,54.049909,-120.389411
W001,Yellowhead,2024-06-28T16:00:00,54.115328,-120.188
W001,Yellowhead,2024-06-28T20:00:00,54.055138,-120.006491
W001,Yellowhead,2024-06-29T00:00:00,54.106207,-119.870918
W001,Yellowhead,2024-06-29T04:00:00,54.01212,-119.941461
W001,Yellowhead,2024-06-29T08:00:00,54.051949,-119.734743
W001,Yellowhead,2024-06-29T12:00:00,54.075601,-119.922975
W001,Yellowhead,2024-06-29T16:00:00,54.118447,-120.076815
W001,Yellowhead,2024-06-29T20:00:00,54.055805,-120.245304
W001,Yellowhead,2024-06-30T00:00:00,54.065764,-120.077757
W001,Yellowhead,2024-06-30T04:00:00,54.17161,-119.993686
W001,Yellowhead,2024-06-30T08:00:00,54.070812,-119.916106
W001,Yellowhead,2024-06-30T12:00:00,54.115761,-120.030888
W001,Yellowhead,2024-06-30T16:00:00,54.06378,-119.872301
W001,Yellowhead,2024-06-30T20:00:00,54.054265,-119.642614
W001,Yellowhead,2024-07-01T00:00:00,53.941382,-119.675
W001,Yellowhead,2024-07-01T04:00:00,54.002831,-119.769945
W001,Yellowhead,2024-07-01T08:00:00,53.947306,-119.939127
W001,Yellowhead,2024-07-01T12:00:00,53.823666,-119.850392
W002,Yellowhead,2024-06-01T14:00:00,53.974979,-119.811209
W002,Yellowhead,2024-06-01T18:00:00,53.862707,-119.835228
W002,Yellowhead,2024-06-01T22:00:00,53.860385,-120.034696
W002,Yellowhead,2024-06-02T02:00:00,53.995309,-120.047523
W002,Yellowhead,2024-06-02T06:00:00,54.103821,-120.108947
W002,Yellowhead,2024-06-02T10:00:00,54.214705,-120.211726
W002,Yellowhead,2024-06-02T14:00:00,54.190364,-120.065167
W002,Yellowhead,2024-06-02T18:00:00,54.067372,-120.160856
W002,Yellowhead,2024-06-02T22:00:00,54.029871,-120.037708
W002,Yellowhead,2024-06-03T02:00:00,53.995055,-120.209807
W002,Yellowhead,2024-06-03T06:00:00,53.945626,-120.35184
W002,Yellowhead,2024-06-03T10:00:00,54.017051,-120.223013
W002,Yellowhead,2024-06-03T14:00:00,53.969982,-120.019126
W002,Yellowhead,2024-06-03T18:00:00,53.862905,-119.897202
W002,Yellowhead,2024-06-03T22:00:00,53.92436,-120.063651
W002,Yellowhead,2024-06-04T02:00:00,53.833497,-120.185944
W002,Yellowhead,2024-06-04T06:00:00,53.944743,-120.05594
W002,Yellowhead,2024-06-04T10:00:00,53.888166,-120.246452
W002,Yellowhead,2024-06-04T14:00:00,53.923901,-120.132314
W002,Yellowhead,2024-06-04T18:00:00,53.85067,-120.325182
W002,Yellowhead,2024-06-04T22:00:00,53.906401,-120.182867
W002,Yellowhead,2024-06-05T02:00:00,53.985975,-119.999607
W002,Yellowhead,2024-06-05T06:00:00,54.084014,-120.051477
W002,Yellowhead,2024-06-05T10:00:00,54.122145,-120.226613
W002,Yellowhead,2024-06-05T14:00:00,54.05372,-120.051035
W002,Yellowhead,2024-06-05T18:00:00,54.165685,-120.070352
W002,Yellowhead,2024-06-05T22:00:00,54.11666,-119.952756
W002,Yellowhead,2024-06-06T02:00:00,54.052635,-120.008993
W002,Yellowhead,2024-06-06T06:00:00,54.029224,-120.206862
W002,Yellowhead,2024-06-06T10:00:00,54.085949,-120.078116
W002,Yellowhead,2024-06-06T14:00:00,54.040023,-120.267549
W002,Yellowhead,2024-06-06T18:00:00,54.101363,-120.062495
W002,Yellowhead,2024-06-06T22:00:00,54.126969,-119.84229
W002,Yellowhead,2024-06-07T02:00:00,54.091249,-119.978584
W002,Yellowhead,2024-06-07T06:00:00,54.011375,-119.947737
W002,Yellowhead,2024-06-07T10:00:00,54.062319,-119.864922
W002,Yellowhead,2024-06-07T14:00:00,54.12515,-119.746015
W002,Yellowhead,2024-06-07T18:00:00,54.097764,-119.885987
W002,Yellowhead,2024-06-07T22:00:00,54.100846,-120.04523
W002,Yellowhead,2024-06-08T02:00:00,54.005028,-119.983569
W002,Yellowhead,2024-06-08T06:00:00,53.894645,-119.890444
W002,Yellowhead,2024-06-08T10:00:00,53.955678,-119.959083
W002,Yellowhead,2024-06-08T14:00:00,54.018921,-120.086546
W002,Yellowhead,2024-06-08T18:00:00,53.912725,-120.027904
W002,Yellowhead,2024-06-08T22:00:00,53.894199,-119.846415
W002,Yellowhead,2024-06-09T02:00:00,53.941787,-119.941746
W002,Yellowhead,2024-06-09T06:00:00,53.947707,-119.793131
W002,Yellowhead,2024-06-09T10:00:00,53.98962,-119.912147
W002,Yellowhead,2024-06-09T14:00:00,54.075455,-120.02832
W002,Yellowhead,2024-06-09T18:00:00,54.18419,-119.925558
W002,Yellowhead,2024-06-09T22:00:00,54.10025,-120.068354
W002,Yellowhead,2024-06-10T02:00:00,54.001074,-119.968138
W002,Yellowhead,2024-06-10T06:00:00,53.943485,-119.792229
W002,Yellowhead,2024-06-10T10:00:00,53.973925,-119.957264
W002,Yellowhead,2024-06-10T14:00:00,53.988441,-120.15468
W002,Yellowhead,2024-06-10T18:00:00,54.075757,-120.20703
W002,Yellowhead,2024-06-10T22:00:00,54.013715,-120.002414
W002,Yellowhead,2024-06-11T02:00:00,54.097832,-120.05626
W002,Yellowhead,2024-06-11T06:00:00,54.068147,-119.895711
W002,Yellowhead,2024-06-11T10:00:00,54.108591,-120.01104
W002,Yellowhead,2024-06-11T14:00:00,53.980064,-120.064724
W002,Yellowhead,2024-06-11T18:00:00,54.064148,-120.171643
W002,Yellowhead,2024-06-11T22:00:00,53.988417,-120.162082
W002,Yellowhead,2024-06-12T02:00:00,53.907901,-120.047125
W002,Yellowhead,2024-06-12T06:00:00,53.845117,-120.237781
W002,Yellowhead,2024-06-12T10:00:00,53.958835,-120.193179
W002,Yellowhead,2024-06-12T14:00:00,54.087774,-120.219854
W002,Yellowhead,2024-06-12T18:00:00,54.134595,-120.122103
W002,Yellowhead,2024-06-12T22:00:00,54.113204,-119.955801
W002,Yellowhead,2024-06-13T02:00:00,54.194085,-119.875428
W002,Yellowhead,2024-06-13T06:00:00,54.153674,-119.984446
W002,Yellowhead,2024-06-13T10:00:00,54.051281,-120.069739
W002,Yellowhead,2024-06-13T14:00:00,53.999638,-119.926186
W002,Yellowhead,2024-06-13T18:00:00,54.09104,-120.072875
W002,Yellowhead,2024-06-13T22:00:00,54.002687,-119.991976
W002,Yellowhead,2024-06-14T02:00:00,54.071411,-120.189944
W002,Yellowhead,2024-06-14T06:00:00,54.032745,-120.073187
W002,Yellowhead,2024-06-14T10:00:00,54.054537,-119.846112
W002,Yellowhead,2024-06-14T14:00:00,54.165716,-119.758989
W002,Yellowhead,2024-06-14T18:00:00,54.098148,-119.913887
W002,Yellowhead,2024-06-14T22:00:00,54.162717,-120.089266
W002,Yellowhead,2024-06-15T02:00:00,54.083118,-119.957772
W002,Yellowhead,2024-06-15T06:00:00,53.985558,-119.929887
W002,Yellowhead,2024-06-15T10:00:00,53.853671,-119.8798
W002,Yellowhead,2024-06-15T14:00:00,53.956461,-120.028526
W002,Yellowhead,2024-06-15T18:00:00,53.857822,-120.160073
W002,Yellowhead,2024-06-15T22:00:00,53.964185,-120.018738
W002,Yellowhead,2024-06-16T02:00:00,53.923032,-119.845371
W002,Yellowhead,2024-06-16T06:00:00,53.83721,-119.92393
W002,Yellowhead,2024-06-16T10:00:00,53.934478,-120.068527
W002,Yellowhead,2024-06-16T14:00:00,54.049019,-120.143488
W002,Yellowhead,2024-06-16T18:00:00,54.080458,-119.984379
W002,Yellowhead,2024-06-16T22:00:00,54.084037,-119.848687
W002,Yellowhead,2024-06-17T02:00:00,54.05487,-119.993004
W002,Yellowhead,2024-06-17T06:00:00,54.088849,-120.152127
W002,Yellowhead,2024-06-17T10:00:00,54.127238,-120.37109
W002,Yellowhead,2024-06-17T14:00:00,54.099474,-120.201237
W002,Yellowhead,2024-06-17T18:00:00,54.074514,-120.06777
W002,Yellowhead,2024-06-17T22:00:00,54.205823,-120.049942
W002,Yellowhead,2024-06-18T02:00:00,54.118465,-119.911699
W002,Yellowhead,2024-06-18T06:00:00,54.010448,-119.829909
W002,Yellowhead,2024-06-18T10:00:00,53.929607,-119.794347
W002,Yellowhead,2024-06-18T14:00:00,53.995337,-119.994884
W002,Yellowhead,2024-06-18T18:00:00,53.879126,-120.022065
W002,Yellowhead,2024-06-18T22:00:00,53.960966,-120.098823
W002,Yellowhead,2024-06-19T02:00:00,53.974521,-120.246441
W002,Yellowhead,2024-06-19T06:00:00,53.96689,-120.119166
W002,Yellowhead,2024-06-19T10:00:00,53.969573,-119.958037
W002,Yellowhead,2024-06-19T14:00:00,54.06069,-120.025507
W002,Yellowhead,2024-06-19T18:00:00,54.061003,-120.203624
W002,Yellowhead,2024-06-19T22:00:00,54.108444,-120.001971
W002,Yellowhead,2024-06-20T02:00:00,54.058473,-119.860686
W002,Yellowhead,2024-06-20T06:00:00,53.966612,-119.848418
W002,Yellowhead,2024-06-20T10:00:00,53.900096,-119.702314
W002,Yellowhead,2024-06-20T14:00:00,53.971537,-119.83829
W002,Yellowhead,2024-06-20T18:00:00,53.898688,-119.883576
W002,Yellowhead,2024-06-20T22:00:00,53.812137,-119.898978
W002,Yellowhead,2024-06-21T02:00:00,53.923875,-119.926989
W002,Yellowhead,2024-06-21T06:00:00,53.929284,-119.776087
W002,Yellowhead,2024-06-21T10:00:00,53.874136,-119.958683
W002,Yellowhead,2024-06-21T14:00:00,53.767679,-119.897713
W002,Yellowhead,2024-06-21T18:00:00,53.882431,-119.972927
W002,Yellowhead,2024-06-21T22:00:00,53.832505,-120.114035
W002,Yellowhead,2024-06-22T02:00:00,53.946627,-120.081643
W002,Yellowhead,2024-06-22T06:00:00,53.877241,-119.905218
W002,Yellowhead,2024-06-22T10:00:00,53.97976,-120.043242
W002,Yellowhead,2024-06-22T14:00:00,53.946225,-119.889773
W002,Yellowhead,2024-06-22T18:00:00,53.961351,-119.680649
W002,Yellowhead,2024-06-22T22:00:00,53.929442,-119.851201
W002,Yellowhead,2024-06-23T02:00:00,53.890474,-120.018866
W002,Yellowhead,2024-06-23T06:00:00,53.913428,-119.91764
W002,Yellowhead,2024-06-23T10:00:00,53.822876,-120.014646
W002,Yellowhead,2024-06-23T14:00:00,53.915786,-119.994757
W002,Yellowhead,2024-06-23T18:00:00,53.999031,-120.012152
W002,Yellowhead,2024-06-23T22:00:00,53.924852,-119.861312
W002,Yellowhead,2024-06-24T02:00:00,53.894213,-119.70861
W002,Yellowhead,2024-06-24T06:00:00,53.904457,-119.887076
W002,Yellowhead,2024-06-24T10:00:00,53.874654,-119.700483
W002,Yellowhead,2024-06-24T14:00:00,53.97074,-119.790649
W002,Yellowhead,2024-06-24T18:00:00,53.972482,-119.959394
W002,Yellowhead,2024-06-24T22:00:00,53.948852,-119.776095
W002,Yellowhead,2024-06-25T02:00:00,53.924061,-119.957866
W002,Yellowhead,2024-06-25T06:00:00,54.03178,-119.998156
W002,Yellowhead,2024-06-25T10:00:00,54.112861,-119.877849
W002,Yellowhead,2024-06-25T14:00:00,54.084358,-120.103194
W002,Yellowhead,2024-06-25T18:00:00,53.981258,-120.195578
W002,Yellowhead,2024-06-25T22:00:00,54.020269,-120.359685
W002,Yellowhead,2024-06-26T02:00:00,53.99525,-120.197374
W002,Yellowhead,2024-06-26T06:00:00,53.996452,-120.017547
W002,Yellowhead,2024-06-26T10:00:00,53.921843,-120.105122
W002,Yellowhead,2024-06-26T14:00:00,53.847211,-120.221784
W002,Yellowhead,2024-06-26T18:00:00,53.945374,-120.134159
W002,Yellowhead,2024-06-26T22:00:00,53.842773,-120.242537
W002,Yellowhead,2024-06-27T02:00:00,53.934332,-120.174901
W002,Yellowhead,2024-06-27T06:00:00,54.044179,-120.100712
W002,Yellowhead,2024-06-27T10:00:00,54.05346,-120.297791
W002,Yellowhead,2024-06-27T14:00:00,54.063911,-120.117989
W002,Yellowhead,2024-06-27T18:00:00,54.149509,-120.036383
W002,Yellowhead,2024-06-27T22:00:00,54.048327,-120.108131
W002,Yellowhead,2024-06-28T02:00:00,54.004329,-120.295247
W002,Yellowhead,2024-06-28T06:00:00,54.018112,-120.086462
W002,Yellowhead,2024-06-28T10:00:00,53.992268,-119.906264
W002,Yellowhead,2024-06-28T14:00:00,54.083172,-119.832098
W002,Yellowhead,2024-06-28T18:00:00,54.097221,-119.60298
W002,Yellowhead,2024-06-28T22:00:00,54.160144,-119.746738
W002,Yellowhead,2024-06-29T02:00:00,54.090352,-119.815676
W002,Yellowhead,2024-06-29T06:00:00,54.065916,-120.000242
W002,Yellowhead,2024-06-29T10:00:00,54.055156,-119.814178
W002,Yellowhead,2024-06-29T14:00:00,54.129222,-119.657218
W002,Yellowhead,2024-06-29T18:00:00,54.124374,-119.887692
W002,Yellowhead,2024-06-29T22:00:00,54.045817,-119.916289
W002,Yellowhead,2024-06-30T02:00:00,53.923071,-119.874634
W002,Yellowhead,2024-06-30T06:00:00,53.890102,-119.716291
W002,Yellowhead,2024-06-30T10:00:00,53.944409,-119.851347
W002,Yellowhead,2024-06-30T14:00:00,53.871458,-119.939085
W002,Yellowhead,2024-06-30T18:00:00,53.973034,-119.907197
W002,Yellowhead,2024-06-30T22:00:00,53.902016,-119.999302
W002,Yellowhead,2024-07-01T02:00:00,53.846641,-120.181772
W002,Yellowhead,2024-07-01T06:00:00,53.876593,-120.00199
W002,Yellowhead,2024-07-01T10:00:00,53.965524,-119.982215
W003,Yellowhead,2024-06-01T18:00:00,53.852827,-120.00361
W003,Yellowhead,2024-06-01T22:00:00,53.946899,-120.117742
W003,Yellowhead,2024-06-02T02:00:00,53.978378,-120.001259
W003,Yellowhead,2024-06-02T06:00:00,53.892372,-119.993649
W003,Yellowhead,2024-06-02T10:00:00,53.972221,-119.906169
W003,Yellowhead,2024-06-02T14:00:00,53.924725,-120.053347
W003,Yellowhead,2024-06-02T18:00:00,54.00074,-120.213997
W003,Yellowhead,2024-06-02T22:00:00,53.978197,-120.057362
W003,Yellowhead,2024-06-03T02:00:00,54.102836,-120.133373
W003,Yellowhead,2024-06-03T06:00:00,53.990552,-120.077509
W003,Yellowhead,2024-06-03T10:00:00,53.956193,-119.941323
W003,Yellowhead,2024-06-03T14:00:00,53.884582,-119.857689
W003,Yellowhead,2024-06-03T18:00:00,53.787541,-120.017245
W003,Yellowhead,2024-06-03T22:00:00,53.887219,-120.062459
W003,Yellowhead,2024-06-04T02:00:00,53.810894,-119.983935
W003,Yellowhead,2024-06-04T06:00:00,53.918455,-119.916792
W003,Yellowhead,2024-06-04T10:00:00,53.925301,-120.101728
W003,Yellowhead,2024-06-04T14:00:00,53.949143,-119.966928
W003,Yellowhead,2024-06-04T18:00:00,53.885506,-119.922627
W003,Yellowhead,2024-06-04T22:00:00,53.854985,-120.07623
W003,Yellowhead,2024-06-05T02:00:00,53.876174,-119.849955
W003,Yellowhead,2024-06-05T06:00:00,53.919255,-119.998849
W003,Yellowhead,2024-06-05T10:00:00,53.805174,-120.064834
W003,Yellowhead,2024-06-05T14:00:00,53.798859,-119.849649
W003,Yellowhead,2024-06-05T18:00:00,53.932118,-119.887639
W003,Yellowhead,2024-06-05T22:00:00,54.00438,-119.776003
W003,Yellowhead,2024-06-06T02:00:00,53.944409,-119.950008
W003,Yellowhead,2024-06-06T06:00:00,53.929211,-119.775836
W003,Yellowhead,2024-06-06T10:00:00,54.003279,-119.85365
W003,Yellowhead,2024-06-06T14:00:00,54.005824,-119.743798
W003,Yellowhead,2024-06-06T18:00:00,53.98962,-119.896674
W003,Yellowhead,2024-06-06T22:00:00,54.081859,-120.045256
W003,Yellowhead,2024-06-07T02:00:00,54.146209,-120.171224
W003,Yellowhead,2024-06-07T06:00:00,54.04333,-120.172514
W003,Yellowhead,2024-06-07T10:00:00,53.971484,-120.178467
W003,Yellowhead,2024-06-07T14:00:00,54.027036,-120.377388
W003,Yellowhead,2024-06-07T18:00:00,53.978208,-120.21914
W003,Yellowhead,2024-06-07T22:00:00,54.022884,-120.17637
W003,Yellowhead,2024-06-08T02:00:00,53.927837,-120.216377
W003,Yellowhead,2024-06-08T06:00:00,53.996099,-120.072549
W003,Yellowhead,2024-06-08T10:00:00,53.873817,-120.130765
W003,Yellowhead,2024-06-08T14:00:00,53.92968,-120.004967
W003,Yellowhead,2024-06-08T18:00:00,53.822959,-120.092775
W003,Yellowhead,2024-06-08T22:00:00,53.935582,-119.969998
W003,Yellowhead,2024-06-09T02:00:00,54.065667,-119.907831
W003,Yellowhead,2024-06-09T06:00:00,54.106,-120.077024
W003,Yellowhead,2024-06-09T10:00:00,54.045663,-119.987526
W003,Yellowhead,2024-06-09T14:00:00,54.13587,-120.006133
W003,Yellowhead,2024-06-09T18:00:00,54.057695,-119.981523
W003,Yellowhead,2024-06-09T22:00:00,53.949453,-119.984178
W003,Yellowhead,2024-06-10T02:00:00,54.003916,-120.07767
W003,Yellowhead,2024-06-10T06:00:00,53.921492,-120.022456
W003,Yellowhead,2024-06-10T10:00:00,53.906252,-120.170428
W003,Yellowhead,2024-06-10T14:00:00,54.000585,-120.092636
W003,Yellowhead,2024-06-10T18:00:00,54.069672,-119.921166
W003,Yellowhead,2024-06-10T22:00:00,54.037221,-119.832256
W003,Yellowhead,2024-06-11T02:00:00,53.995947,-120.018978
W003,Yellowhead,2024-06-11T06:00:00,54.048345,-120.137943
W003,Yellowhead,2024-06-11T10:00:00,54.098859,-120.242829
W003,Yellowhead,2024-06-11T14:00:00,54.037692,-120.115223
W003,Yellowhead,2024-06-11T18:00:00,54.108739,-120.24025
W003,Yellowhead,2024-06-11T22:00:00,54.063991,-120.13069
W003,Yellowhead,2024-06-12T02:00:00,53.989533,-120.267786
W003,Yellowhead,2024-06-12T06:00:00,54.092121,-120.118176
W003,Yellowhead,2024-06-12T10:00:00,54.179882,-120.011678
W003,Yellowhead,2024-06-12T14:00:00,54.11436,-119.90904
W003,Yellowhead,2024-06-12T18:00:00,54.038507,-119.861234
W003,Yellowhead,2024-06-12T22:00:00,54.129263,-119.815289
W003,Yellowhead,2024-06-13T02:00:00,54.095502,-119.922924
W003,Yellowhead,2024-06-13T06:00:00,54.029299,-119.809808
W003,Yellowhead,2024-06-13T10:00:00,53.917949,-119.893159
W003,Yellowhead,2024-06-13T14:00:00,53.951127,-120.098989
W003,Yellowhead,2024-06-13T18:00:00,54.027971,-120.236582
W003,Yellowhead,2024-06-13T22:00:00,54.045462,-120.043919
W003,Yellowhead,2024-06-14T02:00:00,54.129955,-120.131695
W003,Yellowhead,2024-06-14T06:00:00,54.016972,-120.059828
W003,Yellowhead,2024-06-14T10:00:00,54.124547,-120.049004
W003,Yellowhead,2024-06-14T14:00:00,54.165588,-120.244943
W003,Yellowhead,2024-06-14T18:00:00,54.145251,-120.025344
W003,Yellowhead,2024-06-14T22:00:00,54.031114,-120.081243
W003,Yellowhead,2024-06-15T02:00:00,53.970356,-120.204603
W003,Yellowhead,2024-06-15T06:00:00,53.856654,-120.105051
W003,Yellowhead,2024-06-15T10:00:00,53.853668,-119.921864
W003,Yellowhead,2024-06-15T14:00:00,53.967317,-119.926211
W003,Yellowhead,2024-06-15T18:00:00,53.881923,-119.996675
W003,Yellowhead,2024-06-15T22:00:00,53.784296,-120.080819
W003,Yellowhead,2024-06-16T02:00:00,53.900439,-120.01144
W003,Yellowhead,2024-06-16T06:00:00,53.879869,-119.786262
W003,Yellowhead,2024-06-16T10:00:00,53.860712,-119.960465
W003,Yellowhead,2024-06-16T14:00:00,53.953954,-120.006249
W003,Yellowhead,2024-06-16T18:00:00,53.873602,-120.114116
W003,Yellowhead,2024-06-16T22:00:00,53.923845,-120.033662
W003,Yellowhead,2024-06-17T02:00:00,53.84498,-120.140359
W003,Yellowhead,2024-06-17T06:00:00,53.973703,-120.070641
W003,Yellowhead,2024-06-17T10:00:00,53.880432,-120.221239
W003,Yellowhead,2024-06-17T14:00:00,53.969887,-120.164577
W003,Yellowhead,2024-06-17T18:00:00,53.907886,-120.274375
W003,Yellowhead,2024-06-17T22:00:00,53.886904,-120.144802
W003,Yellowhead,2024-06-18T02:00:00,53.957493,-120.04131
W003,Yellowhead,2024-06-18T06:00:00,53.846724,-120.144151
W003,Yellowhead,2024-06-18T10:00:00,53.938775,-120.050887
W003,Yellowhead,2024-06-18T14:00:00,53.983702,-119.899595
W003,Yellowhead,2024-06-18T18:00:00,54.074863,-119.729948
W003,Yellowhead,2024-06-18T22:00:00,54.040268,-119.816636
W003,Yellowhead,2024-06-19T02:00:00,54.073684,-119.919423
W003,Yellowhead,2024-06-19T06:00:00,54.069287,-119.748424
W003,Yellowhead,2024-06-19T10:00:00,53.986675,-119.8907
W003,Yellowhead,2024-06-19T14:00:00,53.923998,-119.719693
W003,Yellowhead,2024-06-19T18:00:00,53.999412,-119.765612
W003,Yellowhead,2024-06-19T22:00:00,54.098983,-119.921046
W003,Yellowhead,2024-06-20T02:00:00,54.185213,-120.098484
W003,Yellowhead,2024-06-20T06:00:00,54.214537,-119.935137
W003,Yellowhead,2024-06-20T10:00:00,54.080205,-119.9603
W003,Yellowhead,2024-06-20T14:00:00,54.166792,-119.94736
W003,Yellowhead,2024-06-20T18:00:00,54.038373,-119.895876
W003,Yellowhead,2024-06-20T22:00:00,53.99009,-120.051939
W003,Yellowhead,2024-06-21T02:00:00,54.032681,-120.200005
W003,Yellowhead,2024-06-21T06:00:00,54.113642,-120.254291
W003,Yellowhead,2024-06-21T10:00:00,54.042037,-120.093585
W003,Yellowhead,2024-06-21T14:00:00,53.916836,-120.180194
W003,Yellowhead,2024-06-21T18:00:00,53.931345,-119.988262
W003,Yellowhead,2024-06-21T22:00:00,54.02507,-119.921481
W003,Yellowhead,2024-06-22T02:00:00,53.984559,-119.718771
W003,Yellowhead,2024-06-22T06:00:00,53.971868,-119.840682
W003,Yellowhead,2024-06-22T10:00:00,54.078955,-119.904603
W003,Yellowhead,2024-06-22T14:00:00,54.161763,-119.805809
W003,Yellowhead,2024-06-22T18:00:00,54.101633,-119.998579
W003,Yellowhead,2024-06-22T22:00:00,54.004142,-119.948733
W003,Yellowhead,2024-06-23T02:00:00,54.092661,-120.001918
W003,Yellowhead,2024-06-23T06:00:00,54.020994,-119.933863
W003,Yellowhead,2024-06-23T10:00:00,53.928417,-119.840515
W003,Yellowhead,2024-06-23T14:00:00,54.007794,-119.743829
W003,Yellowhead,2024-06-23T18:00:00,54.008138,-119.896457
W003,Yellowhead,2024-06-23T22:00:00,53.930825,-119.757293
W003,Yellowhead,2024-06-24T02:00:00,53.849141,-119.873929
W003,Yellowhead,2024-06-24T06:00:00,53.954074,-119.984318
W003,Yellowhead,2024-06-24T10:00:00,53.914119,-120.143085
W003,Yellowhead,2024-06-24T14:00:00,53.87607,-120.063659
W003,Yellowhead,2024-06-24T18:00:00,53.800358,-119.968038
W003,Yellowhead,2024-06-24T22:00:00,53.911519,-119.953242
W003,Yellowhead,2024-06-25T02:00:00,53.849215,-120.126505
W003,Yellowhead,2024-06-25T06:00:00,53.937701,-120.084365
W003,Yellowhead,2024-06-25T10:00:00,54.026121,-120.064087
W003,Yellowhead,2024-06-25T14:00:00,54.104289,-119.929463
W003,Yellowhead,2024-06-25T18:00:00,54.016999,-119.993421
W003,Yellowhead,2024-06-25T22:00:00,54.052938,-119.771704
W003,Yellowhead,2024-06-26T02:00:00,54.0513,-119.977676
W003,Yellowhead,2024-06-26T06:00:00,53.987272,-119.774964
W003,Yellowhead,2024-06-26T10:00:00,54.091428,-119.911046
W003,Yellowhead,2024-06-26T14:00:00,54.174463,-119.729262
W003,Yellowhead,2024-06-26T18:00:00,54.141042,-119.906054
W003,Yellowhead,2024-06-26T22:00:00,54.06984,-120.06687
W003,Yellowhead,2024-06-27T02:00:00,54.199802,-120.030678
W003,Yellowhead,2024-06-27T06:00:00,54.064998,-120.014521
W003,Yellowhead,2024-06-27T10:00:00,54.115087,-119.848956
W003,Yellowhead,2024-06-27T14:00:00,54.130844,-120.058789
W003,Yellowhead,2024-06-27T18:00:00,54.092458,-119.868909
W003,Yellowhead,2024-06-27T22:00:00,53.990362,-119.842732
W003,Yellowhead,2024-06-28T02:00:00,54.077001,-119.72229
W003,Yellowhead,2024-06-28T06:00:00,53.99057,-119.736305
W003,Yellowhead,2024-06-28T10:00:00,54.072937,-119.852636
W003,Yellowhead,2024-06-28T14:00:00,54.15112,-120.000035
W003,Yellowhead,2024-06-28T18:00:00,54.06302,-119.988792
W003,Yellowhead,2024-06-28T22:00:00,53.949686,-119.963141
W003,Yellowhead,2024-06-29T02:00:00,53.86275,-119.858088
W003,Yellowhead,2024-06-29T06:00:00,53.88596,-120.022912
W003,Yellowhead,2024-06-29T10:00:00,53.985625,-119.928854
W003,Yellowhead,2024-06-29T14:00:00,53.904534,-120.040481
W003,Yellowhead,2024-06-29T18:00:00,53.823193,-120.193327
W003,Yellowhead,2024-06-29T22:00:00,53.927799,-120.116966
W003,Yellowhead,2024-06-30T02:00:00,54.031067,-120.122889
W003,Yellowhead,2024-06-30T06:00:00,53.961159,-120.215725
W003,Yellowhead,2024-06-30T10:00:00,53.915456,-120.05632
W003,Yellowhead,2024-06-30T14:00:00,53.99037,-120.225079
W003,Yellowhead,2024-06-30T18:00:00,54.051012,-120.111682
W003,Yellowhead,2024-06-30T22:00:00,53.950053,-120.057656
W003,Yellowhead,2024-07-01T02:00:00,53.962956,-119.896384
W003,Yellowhead,2024-07-01T06:00:00,53.878634,-119.812818
W003,Yellowhead,2024-07-01T10:00:00,53.984494,-119.925267
W003,Yellowhead,2024-07-01T14:00:00,53.924089,-120.099242
W004,Yellowhead,2024-06-01T11:00:00,54.160914,-119.950748
W004,Yellowhead,2024-06-01T15:00:00,54.062643,-119.86873
W004,Yellowhead,2024-06-01T19:00:00,53.97873,-119.721462
W004,Yellowhead,2024-06-01T23:00:00,54.001565,-119.908679
W004,Yellowhead,2024-06-02T03:00:00,53.938756,-120.103098
W004,Yellowhead,2024-06-02T07:00:00,53.85246,-120.011105
W004,Yellowhead,2024-06-02T11:00:00,53.949127,-120.171192
W004,Yellowhead,2024-06-02T15:00:00,54.017994,-120.131991
W004,Yellowhead,2024-06-02T19:00:00,53.9883,-119.922228
W004,Yellowhead,2024-06-02T23:00:00,53.883528,-119.930533
W004,Yellowhead,2024-06-03T03:00:00,53.948833,-119.768099
W004,Yellowhead,2024-06-03T07:00:00,53.972297,-119.88627
W004,Yellowhead,2024-06-03T11:00:00,54.043298,-119.780001
W004,Yellowhead,2024-06-03T15:00:00,54.010945,-119.988593
W004,Yellowhead,2024-06-03T19:00:00,53.901928,-119.900027
W004,Yellowhead,2024-06-03T23:00:00,53.844521,-119.993532
W004,Yellowhead,2024-06-04T03:00:00,53.935876,-120.046781
W004,Yellowhead,2024-06-04T07:00:00,53.868004,-120.14094
W004,Yellowhead,2024-06-04T11:00:00,53.959535,-120.113555
W004,Yellowhead,2024-06-04T15:00:00,53.969058,-120.320735
W004,Yellowhead,2024-06-04T19:00:00,53.934925,-120.141687
W004,Yellowhead,2024-06-04T23:00:00,53.976777,-119.987081
W004,Yellowhead,2024-06-05T03:00:00,54.089564,-119.897446
W004,Yellowhead,2024-06-05T07:00:00,54.082262,-120.116636
W004,Yellowhead,2024-06-05T11:00:00,53.968491,-120.154242
W004,Yellowhead,2024-06-05T15:00:00,53.892468,-120.026927
W004,Yellowhead,2024-06-05T19:00:00,53.855454,-119.872934
W004,Yellowhead,2024-06-05T23:00:00,53.889681,-120.052198
W004,Yellowhead,2024-06-06T03:00:00,53.778501,-120.182537
W004,Yellowhead,2024-06-06T07:00:00,53.880501,-120.089419
W004,Yellowhead,2024-06-06T11:00:00,53.976399,-120.004163
W004,Yellowhead,2024-06-06T15:00:00,53.865289,-119.906423
W004,Yellowhead,2024-06-06T19:00:00,53.92772,-120.075568
W004,Yellowhead,2024-06-06T23:00:00,53.948434,-119.915503
W004,Yellowhead,2024-06-07T03:00:00,54.018668,-119.815646
W004,Yellowhead,2024-06-07T07:00:00,53.972105,-119.979284
W004,Yellowhead,2024-06-07T11:00:00,53.939904,-119.83689
W004,Yellowhead,2024-06-07T15:00:00,53.957572,-119.676705
W004,Yellowhead,2024-06-07T19:00:00,53.970567,-119.869411
W004,Yellowhead,2024-06-07T23:00:00,53.983664,-120.072853
W004,Yellowhead,2024-06-08T03:00:00,53.995672,-120.301759
W004,Yellowhead,2024-06-08T07:00:00,53.97146,-120.126428
W004,Yellowhead,2024-06-08T11:00:00,54.032706,-120.016674
W004,Yellowhead,2024-06-08T15:00:00,53.926548,-120.054203
W004,Yellowhead,2024-06-08T19:00:00,53.871894,-120.218243
W004,Yellowhead,2024-06-08T23:00:00,53.96916,-120.069471
W004,Yellowhead,2024-06-09T03:00:00,53.963038,-120.277445
W004,Yellowhead,2024-06-09T07:00:00,53.955511,-120.125515
W004,Yellowhead,2024-06-09T11:00:00,53.845455,-120.036472
W004,Yellowhead,2024-06-09T15:00:00,53.953581,-120.105045
W004,Yellowhead,2024-06-09T19:00:00,53.923438,-119.902979
W004,Yellowhead,2024-06-09T23:00:00,53.956113,-119.79917
W004,Yellowhead,2024-06-10T03:00:00,54.083355,-119.873035
W004,Yellowhead,2024-06-10T07:00:00,54.030737,-119.767141
W004,Yellowhead,2024-06-10T11:00:00,53.991396,-119.951025
W004,Yellowhead,2024-06-10T15:00:00,53.888963,-119.876505
W004,Yellowhead,2024-06-10T19:00:00,53.965796,-119.990842
W004,Yellowhead,2024-06-10T23:00:00,53.988643,-119.775722
W004,Yellowhead,2024-06-11T03:00:00,53.996141,-119.922183
W004,Yellowhead,2024-06-11T07:00:00,53.928477,-120.049845
W004,Yellowhead,2024-06-11T11:00:00,53.944308,-120.211512
W004,Yellowhead,2024-06-11T15:00:00,54.033667,-120.115122
W004,Yellowhead,2024-06-11T19:00:00,53.951139,-120.297322
W004,Yellowhead,2024-06-11T23:00:00,53.948477,-120.105117
W004,Yellowhead,2024-06-12T03:00:00,54.010195,-119.955161
W004,Yellowhead,2024-06-12T07:00:00,54.017048,-120.15771
W004,Yellowhead,2024-06-12T11:00:00,53.923279,-120.32333
W004,Yellowhead,2024-06-12T15:00:00,54.02056,-120.181263
W004,Yellowhead,2024-06-12T19:00:00,53.921075,-120.273621
W004,Yellowhead,2024-06-12T23:00:00,54.007909,-120.219554
W004,Yellowhead,2024-06-13T03:00:00,53.974538,-120.104938
W004,Yellowhead,2024-06-13T07:00:00,54.040165,-120.125517
W004,Yellowhead,2024-06-13T11:00:00,53.941793,-120.092382
W004,Yellowhead,2024-06-13T15:00:00,53.856442,-120.249515
W004,Yellowhead,2024-06-13T19:00:00,53.962033,-120.172159
W004,Yellowhead,2024-06-13T23:00:00,53.86114,-120.130122
W004,Yellowhead,2024-06-14T03:00:00,53.900326,-119.948993
W004,Yellowhead,2024-06-14T07:00:00,53.874434,-119.763783
W004,Yellowhead,2024-06-14T11:00:00,53.830785,-119.872669
W004,Yellowhead,2024-06-14T15:00:00,53.95414,-119.93374
W004,Yellowhead,2024-06-14T19:00:00,54.040779,-119.977288
W004,Yellowhead,2024-06-14T23:00:00,54.032163,-120.18772
W004,Yellowhead,2024-06-15T03:00:00,53.910495,-120.287847
W004,Yellowhead,2024-06-15T07:00:00,53.915645,-120.087434
W004,Yellowhead,2024-06-15T11:00:00,53.784809,-120.089342
W004,Yellowhead,2024-06-15T15:00:00,53.907995,-120.036131
W004,Yellowhead,2024-06-15T19:00:00,54.028199,-120.058807
W004,Yellowhead,2024-06-15T23:00:00,54.093998,-119.993194
W004,Yellowhead,2024-06-16T03:00:00,54.066365,-120.165952
W004,Yellowhead,2024-06-16T07:00:00,54.170261,-120.17599
W004,Yellowhead,2024-06-16T11:00:00,54.118598,-120.063558
W004,Yellowhead,2024-06-16T15:00:00,54.056521,-119.973003
W004,Yellowhead,2024-06-16T19:00:00,54.077212,-120.200507
W004,Yellowhead,2024-06-16T23:00:00,54.054209,-120.024916
W004,Yellowhead,2024-06-17T03:00:00,54.007625,-119.8799
W004,Yellowhead,2024-06-17T07:00:00,53.917744,-119.938201
W004,Yellowhead,2024-06-17T11:00:00,53.975958,-120.07147
W004,Yellowhead,2024-06-17T15:00:00,54.090129,-120.115619
W004,Yellowhead,2024-06-17T19:00:00,54.177205,-120.032165
W004,Yellowhead,2024-06-17T23:00:00,54.103008,-119.912775
W004,Yellowhead,2024-06-18T03:00:00,54.075775,-119.795961
W004,Yellowhead,2024-06-18T07:00:00,53.998915,-119.886212
W004,Yellowhead,2024-06-18T11:00:00,54.108877,-119.776022
W004,Yellowhead,2024-06-18T15:00:00,53.993004,-119.87122
W004,Yellowhead,2024-06-18T19:00:00,53.946264,-119.723262
W004,Yellowhead,2024-06-18T23:00:00,54.033445,-119.881584
W004,Yellowhead,2024-06-19T03:00:00,54.148644,-120.00187
W004,Yellowhead,2024-06-19T07:00:00,54.076417,-120.087628
W004,Yellowhead,2024-06-19T11:00:00,53.95361,-120.098803
W004,Yellowhead,2024-06-19T15:00:00,54.071337,-120.162187
W004,Yellowhead,2024-06-19T19:00:00,54.011455,-120.005182
W004,Yellowhead,2024-06-19T23:00:00,54.120755,-120.005209
W004,Yellowhead,2024-06-20T03:00:00,54.174969,-119.869196
W004,Yellowhead,2024-06-20T07:00:00,54.166633,-120.037909
W004,Yellowhead,2024-06-20T11:00:00,54.08369,-120.001162
W004,Yellowhead,2024-06-20T15:00:00,54.027699,-120.155675
W004,Yellowhead,2024-06-20T19:00:00,54.089134,-120.258448
W004,Yellowhead,2024-06-20T23:00:00,54.100234,-120.105848
W004,Yellowhead,2024-06-21T03:00:00,54.059976,-120.28874
W004,Yellowhead,2024-06-21T07:00:00,54.122343,-120.119095
W004,Yellowhead,2024-06-21T11:00:00,54.066086,-120.020482
W004,Yellowhead,2024-06-21T15:00:00,53.998436,-119.888562
W004,Yellowhead,2024-06-21T19:00:00,53.922344,-119.996472
W004,Yellowhead,2024-06-21T23:00:00,53.923266,-120.100644
W004,Yellowhead,2024-06-22T03:00:00,53.930806,-119.912784
W004,Yellowhead,2024-06-22T07:00:00,54.023837,-119.947482
W004,Yellowhead,2024-06-22T11:00:00,54.063965,-119.761364
W004,Yellowhead,2024-06-22T15:00:00,54.027678,-119.86338
W004,Yellowhead,2024-06-22T19:00:00,53.946648,-119.80936
W004,Yellowhead,2024-06-22T23:00:00,53.834749,-119.812833
W004,Yellowhead,2024-06-23T03:00:00,53.869239,-119.929635
W004,Yellowhead,2024-06-23T07:00:00,53.978112,-119.983121
W004,Yellowhead,2024-06-23T11:00:00,54.06988,-120.143131
W004,Yellowhead,2024-06-23T15:00:00,53.981803,-119.985713
W004,Yellowhead,2024-06-23T19:00:00,54.086911,-120.064006
W004,Yellowhead,2024-06-23T23:00:00,54.159816,-119.940214
W004,Yellowhead,2024-06-24T03:00:00,54.088647,-120.025791
W004,Yellowhead,2024-06-24T07:00:00,53.980886,-119.965225
W004,Yellowhead,2024-06-24T11:00:00,54.043145,-119.896426
W004,Yellowhead,2024-06-24T15:00:00,54.132198,-119.992001
W004,Yellowhead,2024-06-24T19:00:00,54.054444,-119.828576
W004,Yellowhead,2024-06-24T23:00:00,53.95497,-119.699594
W004,Yellowhead,2024-06-25T03:00:00,53.935235,-119.866571
W004,Yellowhead,2024-06-25T07:00:00,54.040481,-119.765927
W004,Yellowhead,2024-06-25T11:00:00,54.069046,-119.947923
W004,Yellowhead,2024-06-25T15:00:00,54.002007,-119.755551
W004,Yellowhead,2024-06-25T19:00:00,54.011567,-119.967172
W004,Yellowhead,2024-06-25T23:00:00,54.108911,-120.061804
W004,Yellowhead,2024-06-26T03:00:00,54.113055,-120.188916
W004,Yellowhead,2024-06-26T07:00:00,54.128835,-119.99638
W004,Yellowhead,2024-06-26T11:00:00,54.222563,-120.103829
W004,Yellowhead,2024-06-26T15:00:00,54.11127,-120.024467
W004,Yellowhead,2024-06-26T19:00:00,54.007925,-120.168231
W004,Yellowhead,2024-06-26T23:00:00,53.888199,-120.061596
W004,Yellowhead,2024-06-27T03:00:00,53.967708,-119.931929
W004,Yellowhead,2024-06-27T07:00:00,53.974603,-119.770833
W004,Yellowhead,2024-06-27T11:00:00,53.936721,-119.913274
W004,Yellowhead,2024-06-27T15:00:00,53.801586,-119.913027
W004,Yellowhead,2024-06-27T19:00:00,53.856389,-120.096252
W004,Yellowhead,2024-06-27T23:00:00,53.958053,-120.11683
W004,Yellowhead,2024-06-28T03:00:00,53.933674,-119.960644
W004,Yellowhead,2024-06-28T07:00:00,53.82087,-120.051787
W004,Yellowhead,2024-06-28T11:00:00,53.912231,-119.953357
W004,Yellowhead,2024-06-28T15:00:00,53.780851,-119.98651
W004,Yellowhead,2024-06-28T19:00:00,53.830939,-119.881947
W004,Yellowhead,2024-06-28T23:00:00,53.882202,-119.980785
W004,Yellowhead,2024-06-29T03:00:00,53.955287,-120.107403
W004,Yellowhead,2024-06-29T07:00:00,54.059208,-120.057852
W004,Yellowhead,2024-06-29T11:00:00,54.057608,-120.219525
W004,Yellowhead,2024-06-29T15:00:00,54.040927,-120.017978
W004,Yellowhead,2024-06-29T19:00:00,54.047246,-119.825198
W004,Yellowhead,2024-06-29T23:00:00,53.957183,-119.911934
W004,Yellowhead,2024-06-30T03:00:00,53.961424,-120.083563
W004,Yellowhead,2024-06-30T07:00:00,53.898401,-119.911312
W004,Yellowhead,2024-06-30T11:00:00,53.823176,-120.071277
W004,Yellowhead,2024-06-30T15:00:00,53.939749,-120.128416
W004,Yellowhead,2024-06-30T19:00:00,53.9928,-119.92955
W004,Yellowhead,2024-06-30T23:00:00,54.062732,-119.794874
W004,Yellowhead,2024-07-01T03:00:00,53.964288,-119.812069
W004,Yellowhead,2024-07-01T07:00:00,53.994908,-120.009076
W005,Smoky,2024-06-01T06:00:00,54.049269,-119.641147
W005,Smoky,2024-06-01T10:00:00,54.054616,-119.838966
W005,Smoky,2024-06-01T14:00:00,54.024603,-119.617503
W005,Smoky,2024-06-01T18:00:00,54.098364,-119.765554
W005,Smoky,2024-06-01T22:00:00,54.040408,-119.91243
W005,Smoky,2024-06-02T02:00:00,54.028643,-119.737464
W005,Smoky,2024-06-02T06:00:00,54.116373,-119.780542
W005,Smoky,2024-06-02T10:00:00,54.081246,-119.684831
W005,Smoky,2024-06-02T14:00:00,54.129493,-119.488662
W005,Smoky,2024-06-02T18:00:00,54.091544,-119.650185
W005,Smoky,2024-06-02T22:00:00,54.189021,-119.555231
W005,Smoky,2024-06-03T02:00:00,54.133313,-119.685771
W005,Smoky,2024-06-03T06:00:00,54.250101,-119.691912
W005,Smoky,2024-06-03T10:00:00,54.208792,-119.874632
W005,Smoky,2024-06-03T14:00:00,54.174582,-119.67627
W005,Smoky,2024-06-03T18:00:00,54.063555,-119.60921
W005,Smoky,2024-06-03T22:00:00,54.077256,-119.788159
W005,Smoky,2024-06-04T02:00:00,54.064235,-119.939426
W005,Smoky,2024-06-04T06:00:00,54.060168,-119.743802
W005,Smoky,2024-06-04T10:00:00,53.97301,-119.679476
W005,Smoky,2024-06-04T14:00:00,53.998309,-119.822225
W005,Smoky,2024-06-04T18:00:00,54.120601,-119.732182
W005,Smoky,2024-06-04T22:00:00,54.120544,-119.885979
W005,Smoky,2024-06-05T02:00:00,54.184917,-119.712936
W005,Smoky,2024-06-05T06:00:00,54.125915,-119.920694
W005,Smoky,2024-06-05T10:00:00,54.019562,-119.846417
W005,Smoky,2024-06-05T14:00:00,54.116224,-119.73306
W005,Smoky,2024-06-05T18:00:00,54.208993,-119.785071
W005,Smoky,2024-06-05T22:00:00,54.301637,-119.752384
W005,Smoky,2024-06-06T02:00:00,54.214591,-119.892295
W005,Smoky,2024-06-06T06:00:00,54.298418,-119.8171
W005,Smoky,2024-06-06T10:00:00,54.178487,-119.857769
W005,Smoky,2024-06-06T14:00:00,54.130773,-119.667361
W005,Smoky,2024-06-06T18:00:00,54.229347,-119.639725
W005,Smoky,2024-06-06T22:00:00,54.199391,-119.865155
W005,Smoky,2024-06-07T02:00:00,54.309081,-119.978381
W005,Smoky,2024-06-07T06:00:00,54.182406,-119.920553
W005,Smoky,2024-06-07T10:00:00,54.102647,-120.036038
W005,Smoky,2024-06-07T14:00:00,54.173168,-119.924686
W005,Smoky,2024-06-07T18:00:00,54.187548,-119.848787
W005,Smoky,2024-06-07T22:00:00,54.240212,-119.678393
W005,Smoky,2024-06-08T02:00:00,54.142962,-119.778304
W005,Smoky,2024-06-08T06:00:00,54.160718,-119.854147
W005,Smoky,2024-06-08T10:00:00,54.094014,-120.054869
W005,Smoky,2024-06-08T14:00:00,54.129701,-119.900337
W005,Smoky,2024-06-08T18:00:00,54.108107,-119.758146
W005,Smoky,2024-06-08T22:00:00,54.081753,-119.931252
W005,Smoky,2024-06-09T02:00:00,54.0454,-120.122872
W005,Smoky,2024-06-09T06:00:00,54.032965,-119.926541
W005,Smoky,2024-06-09T10:00:00,53.959214,-119.77292
W005,Smoky,2024-06-09T14:00:00,54.05735,-119.863125
W005,Smoky,2024-06-09T18:00:00,53.97551,-119.931188
W005,Smoky,2024-06-09T22:00:00,54.054862,-120.057624
W005,Smoky,2024-06-10T02:00:00,54.013301,-119.868451
W005,Smoky,2024-06-10T06:00:00,54.094552,-119.684685
W005,Smoky,2024-06-10T10:00:00,54.070749,-119.877227
W005,Smoky,2024-06-10T14:00:00,53.995149,-119.794819
W005,Smoky,2024-06-10T18:00:00,54.101901,-119.843919
W005,Smoky,2024-06-10T22:00:00,54.059434,-119.682234
W005,Smoky,2024-06-11T02:00:00,54.158797,-119.81461
W005,Smoky,2024-06-11T06:00:00,54.205841,-119.962834
W005,Smoky,2024-06-11T10:00:00,54.237589,-119.787984
W005,Smoky,2024-06-11T14:00:00,54.248795,-119.95889
W005,Smoky,2024-06-11T18:00:00,54.1465,-119.842659
W005,Smoky,2024-06-11T22:00:00,54.016245,-119.868062
W005,Smoky,2024-06-12T02:00:00,54.093642,-119.816733
W005,Smoky,2024-06-12T06:00:00,54.202048,-119.897086
W005,Smoky,2024-06-12T10:00:00,54.088034,-119.92034
W005,Smoky,2024-06-12T14:00:00,54.059344,-119.695199
W005,Smoky,2024-06-12T18:00:00,54.150008,-119.825431
W005,Smoky,2024-06-12T22:00:00,54.063752,-119.972751
W005,Smoky,2024-06-13T02:00:00,54.125115,-119.829257
W005,Smoky,2024-06-13T06:00:00,54.060048,-119.965182
W005,Smoky,2024-06-13T10:00:00,54.126782,-119.866933
W005,Smoky,2024-06-13T14:00:00,54.224817,-119.985296
W005,Smoky,2024-06-13T18:00:00,54.251975,-119.76731
W005,Smoky,2024-06-13T22:00:00,54.382609,-119.708107
W005,Smoky,2024-06-14T02:00:00,54.272382,-119.750595
W005,Smoky,2024-06-14T06:00:00,54.138078,-119.776217
W005,Smoky,2024-06-14T10:00:00,54.04191,-119.856172
W005,Smoky,2024-06-14T14:00:00,54.153417,-119.778586
W005,Smoky,2024-06-14T18:00:00,54.233964,-119.89384
W005,Smoky,2024-06-14T22:00:00,54.207171,-119.758826
W005,Smoky,2024-06-15T02:00:00,54.210415,-119.586541
W005,Smoky,2024-06-15T06:00:00,54.132016,-119.729455
W005,Smoky,2024-06-15T10:00:00,54.176648,-119.612562
W005,Smoky,2024-06-15T14:00:00,54.108921,-119.773527
W005,Smoky,2024-06-15T18:00:00,54.045417,-119.603293
W005,Smoky,2024-06-15T22:00:00,54.169834,-119.669239
W005,Smoky,2024-06-16T02:00:00,54.121614,-119.548636
W005,Smoky,2024-06-16T06:00:00,54.048967,-119.743062
W005,Smoky,2024-06-16T10:00:00,53.923309,-119.763267
W005,Smoky,2024-06-16T14:00:00,54.041661,-119.749272
W005,Smoky,2024-06-16T18:00:00,54.163704,-119.76126
W005,Smoky,2024-06-16T22:00:00,54.268972,-119.825501
W005,Smoky,2024-06-17T02:00:00,54.157332,-119.85067
W005,Smoky,2024-06-17T06:00:00,54.248739,-119.887954
W005,Smoky,2024-06-17T10:00:00,54.206839,-119.668125
W005,Smoky,2024-06-17T14:00:00,54.256462,-119.454481
W005,Smoky,2024-06-17T18:00:00,54.310658,-119.591092
W005,Smoky,2024-06-17T22:00:00,54.176073,-119.570208
W005,Smoky,2024-06-18T02:00:00,54.138539,-119.75733
W005,Smoky,2024-06-18T06:00:00,54.053752,-119.642484
W005,Smoky,2024-06-18T10:00:00,54.111149,-119.771901
W005,Smoky,2024-06-18T14:00:00,54.090952,-119.599296
W005,Smoky,2024-06-18T18:00:00,54.040414,-119.756732
W005,Smoky,2024-06-18T22:00:00,54.114745,-119.837499
W005,Smoky,2024-06-19T02:00:00,54.209663,-119.829172
W005,Smoky,2024-06-19T06:00:00,54.199161,-119.632238
W005,Smoky,2024-06-19T10:00:00,54.132566,-119.790726
W005,Smoky,2024-06-19T14:00:00,54.249461,-119.732433
W005,Smoky,2024-06-19T18:00:00,54.164973,-119.563171
W005,Smoky,2024-06-19T22:00:00,54.144103,-119.757069
W005,Smoky,2024-06-20T02:00:00,54.024761,-119.69137
W005,Smoky,2024-06-20T06:00:00,54.065723,-119.800525
W005,Smoky,2024-06-20T10:00:00,54.128162,-119.689115
W005,Smoky,2024-06-20T14:00:00,54.202712,-119.600674
W005,Smoky,2024-06-20T18:00:00,54.253347,-119.685901
W005,Smoky,2024-06-20T22:00:00,54.180933,-119.783151
W005,Smoky,2024-06-21T02:00:00,54.080638,-119.660905
W005,Smoky,2024-06-21T06:00:00,54.203962,-119.60657
W005,Smoky,2024-06-21T10:00:00,54.193074,-119.836859
W005,Smoky,2024-06-21T14:00:00,54.261502,-119.67811
W005,Smoky,2024-06-21T18:00:00,54.217542,-119.807717
W005,Smoky,2024-06-21T22:00:00,54.310165,-119.880602
W005,Smoky,2024-06-22T02:00:00,54.209579,-119.878487
W005,Smoky,2024-06-22T06:00:00,54.141113,-119.956685
W005,Smoky,2024-06-22T10:00:00,54.056252,-119.963348
W005,Smoky,2024-06-22T14:00:00,54.102328,-119.837141
W005,Smoky,2024-06-22T18:00:00,54.191076,-119.821261
W005,Smoky,2024-06-22T22:00:00,54.142106,-119.671787
W005,Smoky,2024-06-23T02:00:00,54.09866,-119.476167
W005,Smoky,2024-06-23T06:00:00,54.197842,-119.591347
W005,Smoky,2024-06-23T10:00:00,54.142906,-119.705346
W005,Smoky,2024-06-23T14:00:00,54.134091,-119.551616
W005,Smoky,2024-06-23T18:00:00,54.063889,-119.621146
W005,Smoky,2024-06-23T22:00:00,54.090487,-119.779564
W005,Smoky,2024-06-24T02:00:00,53.964301,-119.812578
W005,Smoky,2024-06-24T06:00:00,54.078506,-119.829666
W005,Smoky,2024-06-24T10:00:00,54.021937,-119.739336
W005,Smoky,2024-06-24T14:00:00,54.103132,-119.875422
W005,Smoky,2024-06-24T18:00:00,54.133301,-119.743569
W005,Smoky,2024-06-24T22:00:00,54.044012,-119.684379
W005,Smoky,2024-06-25T02:00:00,54.121029,-119.76971
W005,Smoky,2024-06-25T06:00:00,54.033728,-119.895288
W005,Smoky,2024-06-25T10:00:00,54.157591,-119.95348
W005,Smoky,2024-06-25T14:00:00,54.141414,-120.146746
W005,Smoky,2024-06-25T18:00:00,54.199605,-120.003466
W005,Smoky,2024-06-25T22:00:00,54.219636,-119.927248
W005,Smoky,2024-06-26T02:00:00,54.307042,-119.968968
W005,Smoky,2024-06-26T06:00:00,54.290377,-119.781772
W005,Smoky,2024-06-26T10:00:00,54.195906,-119.673423
W005,Smoky,2024-06-26T14:00:00,54.263518,-119.800189
W005,Smoky,2024-06-26T18:00:00,54.199099,-119.682036
W005,Smoky,2024-06-26T22:00:00,54.301544,-119.730138
W005,Smoky,2024-06-27T02:00:00,54.180846,-119.806971
W005,Smoky,2024-06-27T06:00:00,54.295653,-119.882531
W005,Smoky,2024-06-27T10:00:00,54.18497,-119.749685
W005,Smoky,2024-06-27T14:00:00,54.084814,-119.73784
W005,Smoky,2024-06-27T18:00:00,54.003848,-119.72023
W005,Smoky,2024-06-27T22:00:00,54.044976,-119.814586
W005,Smoky,2024-06-28T02:00:00,53.950539,-119.894608
W005,Smoky,2024-06-28T06:00:00,54.028672,-119.981872
W005,Smoky,2024-06-28T10:00:00,54.108311,-119.88512
W005,Smoky,2024-06-28T14:00:00,54.125396,-120.084807
W005,Smoky,2024-06-28T18:00:00,54.122004,-119.894956
W005,Smoky,2024-06-28T22:00:00,54.224261,-119.985231
W005,Smoky,2024-06-29T02:00:00,54.232811,-119.804365
W005,Smoky,2024-06-29T06:00:00,54.251497,-119.665503
W005,Smoky,2024-06-29T10:00:00,54.155018,-119.772152
W005,Smoky,2024-06-29T14:00:00,54.228385,-119.669527
W005,Smoky,2024-06-29T18:00:00,54.173668,-119.818121
W005,Smoky,2024-06-29T22:00:00,54.26369,-119.76733
W005,Smoky,2024-06-30T02:00:00,54.145287,-119.783412
W005,Smoky,2024-06-30T06:00:00,54.0926,-119.620505
W005,Smoky,2024-06-30T10:00:00,54.043554,-119.800385
W005,Smoky,2024-06-30T14:00:00,54.116835,-119.65432
W005,Smoky,2024-06-30T18:00:00,54.190714,-119.461272
W005,Smoky,2024-06-30T22:00:00,54.127391,-119.587102
W005,Smoky,2024-07-01T02:00:00,54.082851,-119.695669
W006,Smoky,2024-06-01T18:00:00,54.111408,-119.963645
W006,Smoky,2024-06-01T22:00:00,54.008981,-120.051478
W006,Smoky,2024-06-02T02:00:00,54.108841,-120.003001
W006,Smoky,2024-06-02T06:00:00,54.034483,-119.884447
W006,Smoky,2024-06-02T10:00:00,54.076486,-119.743794
W006,Smoky,2024-06-02T14:00:00,54.137238,-119.538054
W006,Smoky,2024-06-02T18:00:00,54.042204,-119.702044
W006,Smoky,2024-06-02T22:00:00,54.126817,-119.760437
W006,Smoky,2024-06-03T02:00:00,54.247622,-119.863787
W006,Smoky,2024-06-03T06:00:00,54.312116,-119.971778
W006,Smoky,2024-06-03T10:00:00,54.218383,-119.813895
W006,Smoky,2024-06-03T14:00:00,54.189267,-119.588204
W006,Smoky,2024-06-03T18:00:00,54.246974,-119.797044
W006,Smoky,2024-06-03T22:00:00,54.140487,-119.790069
W006,Smoky,2024-06-04T02:00:00,54.008071,-119.744029
W006,Smoky,2024-06-04T06:00:00,54.098987,-119.79014
W006,Smoky,2024-06-04T10:00:00,54.159786,-119.620958
W006,Smoky,2024-06-04T14:00:00,54.196729,-119.472089
W006,Smoky,2024-06-04T18:00:00,54.172817,-119.658524
W006,Smoky,2024-06-04T22:00:00,54.103287,-119.712411
W006,Smoky,2024-06-05T02:00:00,54.170477,-119.85797
W006,Smoky,2024-06-05T06:00:00,54.24782,-119.957768
W006,Smoky,2024-06-05T10:00:00,54.245183,-119.755529
W006,Smoky,2024-06-05T14:00:00,54.297386,-119.549854
W006,Smoky,2024-06-05T18:00:00,54.266975,-119.752315
W006,Smoky,2024-06-05T22:00:00,54.155679,-119.831064
W006,Smoky,2024-06-06T02:00:00,54.166773,-119.623393
W006,Smoky,2024-06-06T06:00:00,54.131773,-119.446769
W006,Smoky,2024-06-06T10:00:00,54.134225,-119.554897
W006,Smoky,2024-06-06T14:00:00,54.095836,-119.722465
W006,Smoky,2024-06-06T18:00:00,54.17476,-119.667091
W006,Smoky,2024-06-06T22:00:00,54.075773,-119.552806
W006,Smoky,2024-06-07T02:00:00,53.993254,-119.697858
W006,Smoky,2024-06-07T06:00:00,54.07536,-119.815897
W006,Smoky,2024-06-07T10:00:00,54.144337,-119.709036
W006,Smoky,2024-06-07T14:00:00,54.053287,-119.845428
W006,Smoky,2024-06-07T18:00:00,54.072665,-119.677387
W006,Smoky,2024-06-07T22:00:00,54.071028,-119.873443
W006,Smoky,2024-06-08T02:00:00,53.979827,-119.995163
W006,Smoky,2024-06-08T06:00:00,54.014172,-119.856523
W006,Smoky,2024-06-08T10:00:00,54.089425,-119.785302
W006,Smoky,2024-06-08T14:00:00,54.091043,-119.612087
W006,Smoky,2024-06-08T18:00:00,54.122951,-119.768735
W006,Smoky,2024-06-08T22:00:00,54.185207,-119.708698
W006,Smoky,2024-06-09T02:00:00,54.257143,-119.643012
W006,Smoky,2024-06-09T06:00:00,54.176044,-119.78818
W006,Smoky,2024-06-09T10:00:00,54.075157,-119.841385
W006,Smoky,2024-06-09T14:00:00,54.124962,-119.724776
W006,Smoky,2024-06-09T18:00:00,54.074386,-119.563295
W006,Smoky,2024-06-09T22:00:00,54.10157,-119.725936
W006,Smoky,2024-06-10T02:00:00,54.19805,-119.620144
W006,Smoky,2024-06-10T06:00:00,54.077496,-119.707835
W006,Smoky,2024-06-10T10:00:00,53.976026,-119.655735
W006,Smoky,2024-06-10T14:00:00,54.041316,-119.756743
W006,Smoky,2024-06-10T18:00:00,54.166116,-119.795661
W006,Smoky,2024-06-10T22:00:00,54.072276,-119.67285
W006,Smoky,2024-06-11T02:00:00,54.105143,-119.799118
W006,Smoky,2024-06-11T06:00:00,54.208305,-119.747651
W006,Smoky,2024-06-11T10:00:00,54.161051,-119.627999
W006,Smoky,2024-06-11T14:00:00,54.28493,-119.720216
W006,Smoky,2024-06-11T18:00:00,54.287596,-119.943946
W006,Smoky,2024-06-11T22:00:00,54.167666,-119.87917
W006,Smoky,2024-06-12T02:00:00,54.180958,-120.068735
W006,Smoky,2024-06-12T06:00:00,54.288693,-120.010144
W006,Smoky,2024-06-12T10:00:00,54.272436,-119.846909
W006,Smoky,2024-06-12T14:00:00,54.156,-119.765432
W006,Smoky,2024-06-12T18:00:00,54.060219,-119.603188
W006,Smoky,2024-06-12T22:00:00,54.070199,-119.737449
W006,Smoky,2024-06-13T02:00:00,53.988833,-119.772402
W006,Smoky,2024-06-13T06:00:00,54.072933,-119.860004
W006,Smoky,2024-06-13T10:00:00,53.957037,-119.896197
W006,Smoky,2024-06-13T14:00:00,54.074496,-119.80866
W006,Smoky,2024-06-13T18:00:00,54.169915,-119.805111
W006,Smoky,2024-06-13T22:00:00,54.112988,-119.991605
W006,Smoky,2024-06-14T02:00:00,54.190775,-119.858279
W006,Smoky,2024-06-14T06:00:00,54.236138,-120.0144
W006,Smoky,2024-06-14T10:00:00,54.155234,-119.891039
W006,Smoky,2024-06-14T14:00:00,54.139402,-120.061903
W006,Smoky,2024-06-14T18:00:00,54.057554,-119.87835
W006,Smoky,2024-06-14T22:00:00,53.944397,-119.771166
W006,Smoky,2024-06-15T02:00:00,53.987902,-119.94628
W006,Smoky,2024-06-15T06:00:00,54.074469,-119.804227
W006,Smoky,2024-06-15T10:00:00,53.983032,-119.914172
W006,Smoky,2024-06-15T14:00:00,54.077338,-119.814943
W006,Smoky,2024-06-15T18:00:00,54.071241,-119.989614
W006,Smoky,2024-06-15T22:00:00,54.088969,-119.826489
W006,Smoky,2024-06-16T02:00:00,54.197239,-119.758133
W006,Smoky,2024-06-16T06:00:00,54.062144,-119.763787
W006,Smoky,2024-06-16T10:00:00,54.050556,-119.933049
W006,Smoky,2024-06-16T14:00:00,54.158479,-119.794518
W006,Smoky,2024-06-16T18:00:00,54.097584,-119.99103
W006,Smoky,2024-06-16T22:00:00,54.085941,-119.819002
W006,Smoky,2024-06-17T02:00:00,54.10848,-119.610151
W006,Smoky,2024-06-17T06:00:00,54.129005,-119.827127
W006,Smoky,2024-06-17T10:00:00,54.237264,-119.889062
W006,Smoky,2024-06-17T14:00:00,54.142307,-120.05358
W006,Smoky,2024-06-17T18:00:00,54.184943,-119.936231
W006,Smoky,2024-06-17T22:00:00,54.300586,-119.97099
W006,Smoky,2024-06-18T02:00:00,54.242126,-119.76589
W006,Smoky,2024-06-18T06:00:00,54.145572,-119.670021
W006,Smoky,2024-06-18T10:00:00,54.200439,-119.542414
W006,Smoky,2024-06-18T14:00:00,54.233641,-119.679078
W006,Smoky,2024-06-18T18:00:00,54.202053,-119.792692
W006,Smoky,2024-06-18T22:00:00,54.236128,-119.952062
W006,Smoky,2024-06-19T02:00:00,54.117882,-119.840827
W006,Smoky,2024-06-19T06:00:00,54.2122,-119.87385
W006,Smoky,2024-06-19T10:00:00,54.216644,-119.704626
W006,Smoky,2024-06-19T14:00:00,54.246904,-119.533204
W006,Smoky,2024-06-19T18:00:00,54.167703,-119.578444
W006,Smoky,2024-06-19T22:00:00,54.138717,-119.764405
W006,Smoky,2024-06-20T02:00:00,54.12642,-119.584263
W006,Smoky,2024-06-20T06:00:00,54.106796,-119.745574
W006,Smoky,2024-06-20T10:00:00,54.167346,-119.850658
W006,Smoky,2024-06-20T14:00:00,54.148109,-120.052415
W006,Smoky,2024-06-20T18:00:00,54.217607,-119.854539
W006,Smoky,2024-06-20T22:00:00,54.286276,-119.980432
W006,Smoky,2024-06-21T02:00:00,54.201826,-120.004353
W006,Smoky,2024-06-21T06:00:00,54.154029,-119.78826
W006,Smoky,2024-06-21T10:00:00,54.270883,-119.788797
W006,Smoky,2024-06-21T14:00:00,54.168941,-119.739155
W006,Smoky,2024-06-21T18:00:00,54.081865,-119.853642
W006,Smoky,2024-06-21T22:00:00,53.968809,-119.919056
W006,Smoky,2024-06-22T02:00:00,54.07561,-119.778301
W006,Smoky,2024-06-22T06:00:00,53.986933,-119.810741
W006,Smoky,2024-06-22T10:00:00,54.079542,-119.750203
W006,Smoky,2024-06-22T14:00:00,54.150408,-119.664044
W006,Smoky,2024-06-22T18:00:00,54.256084,-119.685322
W006,Smoky,2024-06-22T22:00:00,54.216374,-119.792743
W006,Smoky,2024-06-23T02:00:00,54.110929,-119.684452
W006,Smoky,2024-06-23T06:00:00,54.019269,-119.749246
W006,Smoky,2024-06-23T10:00:00,54.128708,-119.766817
W006,Smoky,2024-06-23T14:00:00,54.036196,-119.852508
W006,Smoky,2024-06-23T18:00:00,54.169088,-119.810758
W006,Smoky,2024-06-23T22:00:00,54.11462,-119.641168
W006,Smoky,2024-06-24T02:00:00,54.031354,-119.640545
W006,Smoky,2024-06-24T06:00:00,54.058899,-119.859438
W006,Smoky,2024-06-24T10:00:00,54.054965,-119.713926
W006,Smoky,2024-06-24T14:00:00,53.974097,-119.884108
W006,Smoky,2024-06-24T18:00:00,54.039244,-119.868153
W006,Smoky,2024-06-24T22:00:00,54.1267,-119.758069
W006,Smoky,2024-06-25T02:00:00,54.108606,-119.921685
W006,Smoky,2024-06-25T06:00:00,54.04295,-119.952048
W006,Smoky,2024-06-25T10:00:00,54.116412,-119.810205
W006,Smoky,2024-06-25T14:00:00,54.217322,-119.773057
W006,Smoky,2024-06-25T18:00:00,54.151997,-119.970988
W006,Smoky,2024-06-25T22:00:00,54.158516,-120.09421
W006,Smoky,2024-06-26T02:00:00,54.118667,-119.978545
W006,Smoky,2024-06-26T06:00:00,54.055348,-119.822176
W006,Smoky,2024-06-26T10:00:00,53.964844,-119.664471
W006,Smoky,2024-06-26T14:00:00,54.006589,-119.836249
W006,Smoky,2024-06-26T18:00:00,54.095227,-119.86365
W006,Smoky,2024-06-26T22:00:00,54.001232,-119.851395
W006,Smoky,2024-06-27T02:00:00,54.1238,-119.773156
W006,Smoky,2024-06-27T06:00:00,54.103646,-119.553715
W006,Smoky,2024-06-27T10:00:00,54.133775,-119.733714
W006,Smoky,2024-06-27T14:00:00,54.175376,-119.90315
W006,Smoky,2024-06-27T18:00:00,54.253923,-119.988583
W006,Smoky,2024-06-27T22:00:00,54.204193,-119.883253
W006,Smoky,2024-06-28T02:00:00,54.271339,-119.727526
W006,Smoky,2024-06-28T06:00:00,54.219724,-119.905366
W006,Smoky,2024-06-28T10:00:00,54.129004,-119.787944
W006,Smoky,2024-06-28T14:00:00,54.062605,-119.671819
W006,Smoky,2024-06-28T18:00:00,54.135222,-119.75889
W006,Smoky,2024-06-28T22:00:00,54.086509,-119.947898
W006,Smoky,2024-06-29T02:00:00,54.14842,-120.097344
W006,Smoky,2024-06-29T06:00:00,54.212552,-119.994818
W006,Smoky,2024-06-29T10:00:00,54.202842,-119.80987
W006,Smoky,2024-06-29T14:00:00,54.288732,-119.75584
W006,Smoky,2024-06-29T18:00:00,54.187535,-119.878106
W006,Smoky,2024-06-29T22:00:00,54.078771,-119.87794
W006,Smoky,2024-06-30T02:00:00,54.00623,-119.93224
W006,Smoky,2024-06-30T06:00:00,54.08284,-119.773225
W006,Smoky,2024-06-30T10:00:00,53.982602,-119.803777
W006,Smoky,2024-06-30T14:00:00,54.101914,-119.780628
W006,Smoky,2024-06-30T18:00:00,53.969926,-119.7457
W006,Smoky,2024-06-30T22:00:00,54.049832,-119.759973
W006,Smoky,2024-07-01T02:00:00,54.14816,-119.844537
W006,Smoky,2024-07-01T06:00:00,54.272278,-119.800093
W006,Smoky,2024-07-01T10:00:00,54.18501,-119.86169
W006,Smoky,2024-07-01T14:00:00,54.283387,-119.903204
W007,Smoky,2024-06-01T15:00:00,54.159514,-119.490593
W007,Smoky,2024-06-01T19:00:00,54.118084,-119.588483
W007,Smoky,2024-06-01T23:00:00,54.173118,-119.728875
W007,Smoky,2024-06-02T03:00:00,54.089764,-119.765975
W007,Smoky,2024-06-02T07:00:00,54.11143,-119.908005
W007,Smoky,2024-06-02T11:00:00,54.063862,-120.110386
W007,Smoky,2024-06-02T15:00:00,54.047699,-119.883097
W007,Smoky,2024-06-02T19:00:00,54.114504,-119.748497
W007,Smoky,2024-06-02T23:00:00,54.028519,-119.862531
W007,Smoky,2024-06-03T03:00:00,54.143686,-119.868901
W007,Smoky,2024-06-03T07:00:00,54.234138,-119.899445
W007,Smoky,2024-06-03T11:00:00,54.25429,-120.060582
W007,Smoky,2024-06-03T15:00:00,54.249309,-119.83689
W007,Smoky,2024-06-03T19:00:00,54.143402,-119.899637
W007,Smoky,2024-06-03T23:00:00,54.057679,-119.987275
W007,Smoky,2024-06-04T03:00:00,54.160492,-119.894831
W007,Smoky,2024-06-04T07:00:00,54.124119,-119.682897
W007,Smoky,2024-06-04T11:00:00,54.111919,-119.49933
W007,Smoky,2024-06-04T15:00:00,54.055505,-119.670569
W007,Smoky,2024-06-04T19:00:00,54.158041,-119.80587
W007,Smoky,2024-06-04T23:00:00,54.079305,-119.644778
W007,Smoky,2024-06-05T03:00:00,54.198374,-119.753712
W007,Smoky,2024-06-05T07:00:00,54.261971,-119.672371
W007,Smoky,2024-06-05T11:00:00,54.230702,-119.86804
W007,Smoky,2024-06-05T15:00:00,54.120106,-119.938837
W007,Smoky,2024-06-05T19:00:00,54.20443,-119.848013
W007,Smoky,2024-06-05T23:00:00,54.103154,-119.909395
W007,Smoky,2024-06-06T03:00:00,54.157027,-120.015322
W007,Smoky,2024-06-06T07:00:00,54.110124,-119.884044
W007,Smoky,2024-06-06T11:00:00,54.13009,-120.067787
W007,Smoky,2024-06-06T15:00:00,54.197914,-119.932165
W007,Smoky,2024-06-06T19:00:00,54.077451,-119.959632
W007,Smoky,2024-06-06T23:00:00,54.133365,-119.803149
W007,Smoky,2024-06-07T03:00:00,54.121741,-119.637029
W007,Smoky,2024-06-07T07:00:00,54.174896,-119.478695
W007,Smoky,2024-06-07T11:00:00,54.15772,-119.678428
W007,Smoky,2024-06-07T15:00:00,54.182813,-119.88427
W007,Smoky,2024-06-07T19:00:00,54.168216,-120.019164
W007,Smoky,2024-06-07T23:00:00,54.245546,-119.829857
W007,Smoky,2024-06-08T03:00:00,54.14057,-119.781147
W007,Smoky,2024-06-08T07:00:00,54.053764,-119.667231
W007,Smoky,2024-06-08T11:00:00,54.139225,-119.784361
W007,Smoky,2024-06-08T15:00:00,54.199705,-119.905704
W007,Smoky,2024-06-08T19:00:00,54.239966,-120.043915
W007,Smoky,2024-06-08T23:00:00,54.244329,-119.84706
W007,Smoky,2024-06-09T03:00:00,54.216772,-119.703255
W007,Smoky,2024-06-09T07:00:00,54.131549,-119.68392
W007,Smoky,2024-06-09T11:00:00,54.171659,-119.543883
W007,Smoky,2024-06-09T15:00:00,54.188483,-119.704358
W007,Smoky,2024-06-09T19:00:00,54.29201,-119.740694
W007,Smoky,2024-06-09T23:00:00,54.218804,-119.806666
W007,Smoky,2024-06-10T03:00:00,54.201314,-119.651441
W007,Smoky,2024-06-10T07:00:00,54.303215,-119.730671
W007,Smoky,2024-06-10T11:00:00,54.250648,-119.858752
W007,Smoky,2024-06-10T15:00:00,54.308242,-119.64951
W007,Smoky,2024-06-10T19:00:00,54.22143,-119.761273
W007,Smoky,2024-06-10T23:00:00,54.247003,-119.592463
W007,Smoky,2024-06-11T03:00:00,54.236656,-119.703026
W007,Smoky,2024-06-11T07:00:00,54.305258,-119.648546
W007,Smoky,2024-06-11T11:00:00,54.178788,-119.658436
W007,Smoky,2024-06-11T15:00:00,54.145052,-119.491216
W007,Smoky,2024-06-11T19:00:00,54.14616,-119.660866
W007,Smoky,2024-06-11T23:00:00,54.041187,-119.566877
W007,Smoky,2024-06-12T03:00:00,54.109797,-119.676361
W007,Smoky,2024-06-12T07:00:00,54.023188,-119.708768
W007,Smoky,2024-06-12T11:00:00,54.114103,-119.665723
W007,Smoky,2024-06-12T15:00:00,54.034579,-119.589242
W007,Smoky,2024-06-12T19:00:00,54.131705,-119.749225
W007,Smoky,2024-06-12T23:00:00,54.05004,-119.842442
W007,Smoky,2024-06-13T03:00:00,54.115878,-119.909335
W007,Smoky,2024-06-13T07:00:00,54.055294,-120.083341
W007,Smoky,2024-06-13T11:00:00,54.052611,-119.884515
W007,Smoky,2024-06-13T15:00:00,54.182016,-119.87323
W007,Smoky,2024-06-13T19:00:00,54.122757,-120.00677
W007,Smoky,2024-06-13T23:00:00,54.150276,-119.800581
W007,Smoky,2024-06-14T03:00:00,54.240278,-119.690971
W007,Smoky,2024-06-14T07:00:00,54.188337,-119.837072
W007,Smoky,2024-06-14T11:00:00,54.062074,-119.919377
W007,Smoky,2024-06-14T15:00:00,54.14674,-119.818698
W007,Smoky,2024-06-14T19:00:00,54.106489,-119.963687
W007,Smoky,2024-06-14T23:00:00,54.061745,-120.158003
W007,Smoky,2024-06-15T03:00:00,53.937152,-120.068848
W007,Smoky,2024-06-15T07:00:00,53.991593,-119.940517
W007,Smoky,2024-06-15T11:00:00,54.084755,-119.826381
W007,Smoky,2024-06-15T15:00:00,54.013872,-119.656333
W007,Smoky,2024-06-15T19:00:00,54.036326,-119.791735
W007,Smoky,2024-06-15T23:00:00,54.152224,-119.907686
W007,Smoky,2024-06-16T03:00:00,54.238821,-119.803591
W007,Smoky,2024-06-16T07:00:00,54.334284,-119.730238
W007,Smoky,2024-06-16T11:00:00,54.295557,-119.866983
W007,Smoky,2024-06-16T15:00:00,54.179614,-119.871446
W007,Smoky,2024-06-16T19:00:00,54.264994,-119.751739
W007,Smoky,2024-06-16T23:00:00,54.172399,-119.618482
W007,Smoky,2024-06-17T03:00:00,54.101644,-119.755179
W007,Smoky,2024-06-17T07:00:00,54.018595,-119.68454
W007,Smoky,2024-06-17T11:00:00,54.016664,-119.859705
W007,Smoky,2024-06-17T15:00:00,54.130054,-119.820421
W007,Smoky,2024-06-17T19:00:00,54.075225,-119.962499
W007,Smoky,2024-06-17T23:00:00,54.069508,-119.818364
W007,Smoky,2024-06-18T03:00:00,53.958614,-119.728787
W007,Smoky,2024-06-18T07:00:00,54.053522,-119.730181
W007,Smoky,2024-06-18T11:00:00,54.034308,-119.548345
W007,Smoky,2024-06-18T15:00:00,53.993684,-119.701889
W007,Smoky,2024-06-18T19:00:00,54.038048,-119.814204
W007,Smoky,2024-06-18T23:00:00,54.129408,-119.811623
W007,Smoky,2024-06-19T03:00:00,54.076362,-119.978028
W007,Smoky,2024-06-19T07:00:00,54.192032,-120.001474
W007,Smoky,2024-06-19T11:00:00,54.190558,-119.811427
W007,Smoky,2024-06-19T15:00:00,54.093309,-119.67834
W007,Smoky,2024-06-19T19:00:00,53.976765,-119.62446
W007,Smoky,2024-06-19T23:00:00,54.084461,-119.711121
W007,Smoky,2024-06-20T03:00:00,54.125715,-119.924767
W007,Smoky,2024-06-20T07:00:00,54.065026,-120.119212
W007,Smoky,2024-06-20T11:00:00,54.1028,-119.968197
W007,Smoky,2024-06-20T15:00:00,54.092574,-119.763635
W007,Smoky,2024-06-20T19:00:00,54.168138,-119.605154
W007,Smoky,2024-06-20T23:00:00,54.198132,-119.749299
W007,Smoky,2024-06-21T03:00:00,54.107192,-119.736248
W007,Smoky,2024-06-21T07:00:00,54.010375,-119.775763
W007,Smoky,2024-06-21T11:00:00,54.110735,-119.92976
W007,Smoky,2024-06-21T15:00:00,54.083397,-119.742448
W007,Smoky,2024-06-21T19:00:00,54.128734,-119.557186
W007,Smoky,2024-06-21T23:00:00,54.070906,-119.740108
W007,Smoky,2024-06-22T03:00:00,53.936402,-119.717872
W007,Smoky,2024-06-22T07:00:00,54.009813,-119.743246
W007,Smoky,2024-06-22T11:00:00,54.070995,-119.928347
W007,Smoky,2024-06-22T15:00:00,54.155757,-119.843792
W007,Smoky,2024-06-22T19:00:00,54.126158,-120.04139
W007,Smoky,2024-06-22T23:00:00,54.125563,-119.874367
W007,Smoky,2024-06-23T03:00:00,54.140046,-119.74243
W007,Smoky,2024-06-23T07:00:00,54.23332,-119.709253
W007,Smoky,2024-06-23T11:00:00,54.25452,-119.894707
W007,Smoky,2024-06-23T15:00:00,54.248835,-119.684735
W007,Smoky,2024-06-23T19:00:00,54.156481,-119.72752
W007,Smoky,2024-06-23T23:00:00,54.058891,-119.809442
W007,Smoky,2024-06-24T03:00:00,54.164297,-119.819728
W007,Smoky,2024-06-24T07:00:00,54.038307,-119.877936
W007,Smoky,2024-06-24T11:00:00,54.144712,-119.921267
W007,Smoky,2024-06-24T15:00:00,54.058863,-119.846767
W007,Smoky,2024-06-24T19:00:00,54.048957,-120.037973
W007,Smoky,2024-06-24T23:00:00,54.11451,-119.908497
W007,Smoky,2024-06-25T03:00:00,54.105553,-119.719123
W007,Smoky,2024-06-25T07:00:00,54.173492,-119.85532
W007,Smoky,2024-06-25T11:00:00,54.273508,-119.700065
W007,Smoky,2024-06-25T15:00:00,54.186076,-119.857481
W007,Smoky,2024-06-25T19:00:00,54.17856,-120.022175
W007,Smoky,2024-06-25T23:00:00,54.246117,-119.908663
W007,Smoky,2024-06-26T03:00:00,54.210884,-119.760531
W007,Smoky,2024-06-26T07:00:00,54.243752,-119.893772
W007,Smoky,2024-06-26T11:00:00,54.170172,-119.814168
W007,Smoky,2024-06-26T15:00:00,54.085834,-119.843797
W007,Smoky,2024-06-26T19:00:00,54.184104,-119.866031
W007,Smoky,2024-06-26T23:00:00,54.157144,-119.698186
W007,Smoky,2024-06-27T03:00:00,54.089217,-119.708722
W007,Smoky,2024-06-27T07:00:00,54.160855,-119.79728
W007,Smoky,2024-06-27T11:00:00,54.160922,-119.988534
W007,Smoky,2024-06-27T15:00:00,54.169902,-119.819829
W007,Smoky,2024-06-27T19:00:00,54.150865,-119.632274
W007,Smoky,2024-06-27T23:00:00,54.213032,-119.515336
W007,Smoky,2024-06-28T03:00:00,54.217237,-119.660256
W007,Smoky,2024-06-28T07:00:00,54.219092,-119.45379
W007,Smoky,2024-06-28T11:00:00,54.151199,-119.619039
W007,Smoky,2024-06-28T15:00:00,54.065021,-119.771485
W007,Smoky,2024-06-28T19:00:00,53.974435,-119.617464
W007,Smoky,2024-06-28T23:00:00,54.098985,-119.706604
W007,Smoky,2024-06-29T03:00:00,54.098849,-119.894661
W007,Smoky,2024-06-29T07:00:00,54.068225,-120.038876
W007,Smoky,2024-06-29T11:00:00,54.148294,-119.881245
W007,Smoky,2024-06-29T15:00:00,54.205631,-119.986939
W007,Smoky,2024-06-29T19:00:00,54.161223,-119.815071
W007,Smoky,2024-06-29T23:00:00,54.261251,-119.845275
W007,Smoky,2024-06-30T03:00:00,54.210253,-119.719009
W007,Smoky,2024-06-30T07:00:00,54.108589,-119.588855
W007,Smoky,2024-06-30T11:00:00,54.182102,-119.65137
W007,Smoky,2024-06-30T15:00:00,54.08074,-119.645616
W007,Smoky,2024-06-30T19:00:00,54.152772,-119.767764
W007,Smoky,2024-06-30T23:00:00,54.212172,-119.902991
W007,Smoky,2024-07-01T03:00:00,54.237274,-120.077894
W007,Smoky,2024-07-01T07:00:00,54.265943,-119.857178
W007,Smoky,2024-07-01T11:00:00,54.138,-119.799256
W008,Jasper,2024-06-01T13:00:00,54.135438,-120.240063
W008,Jasper,2024-06-01T17:00:00,54.119326,-120.028878
W008,Jasper,2024-06-01T21:00:00,54.131338,-120.256884
W008,Jasper,2024-06-02T01:00:00,54.048827,-120.204548
W008,Jasper,2024-06-02T05:00:00,53.927409,-120.305594
W008,Jasper,2024-06-02T09:00:00,53.861842,-120.171735
W008,Jasper,2024-06-02T13:00:00,53.783973,-120.350884
W008,Jasper,2024-06-02T17:00:00,53.898898,-120.285258
W008,Jasper,2024-06-02T21:00:00,53.901781,-120.433995
W008,Jasper,2024-06-03T01:00:00,53.822763,-120.370091
W008,Jasper,2024-06-03T05:00:00,53.848934,-120.180591
W008,Jasper,2024-06-03T09:00:00,53.948192,-120.090908
W008,Jasper,2024-06-03T13:00:00,53.863532,-120.039186
W008,Jasper,2024-06-03T17:00:00,53.959406,-120.030943
W008,Jasper,2024-06-03T21:00:00,54.025257,-120.165647
W008,Jasper,2024-06-04T01:00:00,53.9854,-120.350568
W008,Jasper,2024-06-04T05:00:00,54.06603,-120.26435
W008,Jasper,2024-06-04T09:00:00,53.956109,-120.263255
W008,Jasper,2024-06-04T13:00:00,53.888636,-120.137331
W008,Jasper,2024-06-04T17:00:00,53.928461,-120.297986
W008,Jasper,2024-06-04T21:00:00,54.016546,-120.448536
W008,Jasper,2024-06-05T01:00:00,54.021387,-120.293797
W008,Jasper,2024-06-05T05:00:00,53.922008,-120.43431
W008,Jasper,2024-06-05T09:00:00,53.982521,-120.262735
W008,Jasper,2024-06-05T13:00:00,53.981426,-120.433977
W008,Jasper,2024-06-05T17:00:00,54.084918,-120.530883
W008,Jasper,2024-06-05T21:00:00,54.064302,-120.375256
W008,Jasper,2024-06-06T01:00:00,53.957115,-120.450611
W008,Jasper,2024-06-06T05:00:00,53.942834,-120.642826
W008,Jasper,2024-06-06T09:00:00,53.966496,-120.451233
W008,Jasper,2024-06-06T13:00:00,53.998003,-120.654123
W008,Jasper,2024-06-06T17:00:00,53.909329,-120.547849
W008,Jasper,2024-06-06T21:00:00,53.838755,-120.408195
W008,Jasper,2024-06-07T01:00:00,53.937109,-120.472646
W008,Jasper,2024-06-07T05:00:00,54.029376,-120.445976
W008,Jasper,2024-06-07T09:00:00,54.061797,-120.23307
W008,Jasper,2024-06-07T13:00:00,53.97858,-120.368088
W008,Jasper,2024-06-07T17:00:00,53.908848,-120.523295
W008,Jasper,2024-06-07T21:00:00,53.881665,-120.316598
W008,Jasper,2024-06-08T01:00:00,53.886806,-120.186583
W008,Jasper,2024-06-08T05:00:00,53.82342,-120.31344
W008,Jasper,2024-06-08T09:00:00,53.928878,-120.227978
W008,Jasper,2024-06-08T13:00:00,53.858013,-120.084518
W008,Jasper,2024-06-08T17:00:00,53.814895,-119.919775
W008,Jasper,2024-06-08T21:00:00,53.87789,-120.008733
W008,Jasper,2024-06-09T01:00:00,53.919028,-119.876393
W008,Jasper,2024-06-09T05:00:00,53.800372,-119.8897
W008,Jasper,2024-06-09T09:00:00,53.890096,-120.018832
W008,Jasper,2024-06-09T13:00:00,54.008372,-120.001395
W008,Jasper,2024-06-09T17:00:00,54.083075,-120.15421
W008,Jasper,2024-06-09T21:00:00,53.964209,-120.221908
W008,Jasper,2024-06-10T01:00:00,53.975115,-120.393685
W008,Jasper,2024-06-10T05:00:00,53.855263,-120.287544
W008,Jasper,2024-06-10T09:00:00,53.770646,-120.322133
W008,Jasper,2024-06-10T13:00:00,53.841233,-120.151787
W008,Jasper,2024-06-10T17:00:00,53.941831,-120.244232
W008,Jasper,2024-06-10T21:00:00,54.052152,-120.274747
W008,Jasper,2024-06-11T01:00:00,53.937572,-120.315781
W008,Jasper,2024-06-11T05:00:00,53.889351,-120.428289
W008,Jasper,2024-06-11T09:00:00,53.831936,-120.55092
W008,Jasper,2024-06-11T13:00:00,53.804417,-120.3863
W008,Jasper,2024-06-11T17:00:00,53.808608,-120.181785
W008,Jasper,2024-06-11T21:00:00,53.901402,-120.26232
W008,Jasper,2024-06-12T01:00:00,54.020521,-120.18949
W008,Jasper,2024-06-12T05:00:00,53.95781,-120.372809
W008,Jasper,2024-06-12T09:00:00,54.059479,-120.359029
W008,Jasper,2024-06-12T13:00:00,53.975338,-120.271039
W008,Jasper,2024-06-12T17:00:00,53.865191,-120.266817
W008,Jasper,2024-06-12T21:00:00,53.907294,-120.412545
W008,Jasper,2024-06-13T01:00:00,53.89998,-120.199085
W008,Jasper,2024-06-13T05:00:00,53.961126,-120.30489
W008,Jasper,2024-06-13T09:00:00,53.947243,-120.524126
W008,Jasper,2024-06-13T13:00:00,53.841775,-120.380571
W008,Jasper,2024-06-13T17:00:00,53.744486,-120.405471
W008,Jasper,2024-06-13T21:00:00,53.841722,-120.273905
W008,Jasper,2024-06-14T01:00:00,53.7477,-120.438415
W008,Jasper,2024-06-14T05:00:00,53.80114,-120.323244
W008,Jasper,2024-06-14T09:00:00,53.86855,-120.124931
W008,Jasper,2024-06-14T13:00:00,53.934712,-119.954556
W008,Jasper,2024-06-14T17:00:00,53.830235,-120.030698
W008,Jasper,2024-06-14T21:00:00,53.839384,-120.206257
W008,Jasper,2024-06-15T01:00:00,53.907559,-120.348288
W008,Jasper,2024-06-15T05:00:00,54.014059,-120.334302
W008,Jasper,2024-06-15T09:00:00,54.123278,-120.436145
W008,Jasper,2024-06-15T13:00:00,54.011498,-120.407985
W008,Jasper,2024-06-15T17:00:00,53.876763,-120.390305
W008,Jasper,2024-06-15T21:00:00,53.850927,-120.580855
W008,Jasper,2024-06-16T01:00:00,53.894195,-120.426269
W008,Jasper,2024-06-16T05:00:00,53.848018,-120.259567
W008,Jasper,2024-06-16T09:00:00,53.910121,-120.463015
W008,Jasper,2024-06-16T13:00:00,53.863823,-120.613342
W008,Jasper,2024-06-16T17:00:00,53.839384,-120.441642
W008,Jasper,2024-06-16T21:00:00,53.727666,-120.460469
W008,Jasper,2024-06-17T01:00:00,53.79246,-120.278615
W008,Jasper,2024-06-17T05:00:00,53.812193,-120.502939
W008,Jasper,2024-06-17T09:00:00,53.845477,-120.374377
W008,Jasper,2024-06-17T13:00:00,53.734489,-120.321953
W008,Jasper,2024-06-17T17:00:00,53.808466,-120.213444
W008,Jasper,2024-06-17T21:00:00,53.813797,-120.019803
W008,Jasper,2024-06-18T01:00:00,53.772668,-120.134526
W008,Jasper,2024-06-18T05:00:00,53.906696,-120.105321
W008,Jasper,2024-06-18T09:00:00,53.894856,-120.286991
W008,Jasper,2024-06-18T13:00:00,53.940096,-120.180525
W008,Jasper,2024-06-18T17:00:00,54.030156,-120.249726
W008,Jasper,2024-06-18T21:00:00,53.944529,-120.41707
W008,Jasper,2024-06-19T01:00:00,53.905756,-120.594646
W008,Jasper,2024-06-19T05:00:00,53.900297,-120.383762
W008,Jasper,2024-06-19T09:00:00,53.892136,-120.568395
W008,Jasper,2024-06-19T13:00:00,53.905186,-120.416209
W008,Jasper,2024-06-19T17:00:00,54.024045,-120.437694
W008,Jasper,2024-06-19T21:00:00,53.96079,-120.395744
W008,Jasper,2024-06-20T01:00:00,53.938816,-120.198781
W008,Jasper,2024-06-20T05:00:00,54.041189,-120.149555
W008,Jasper,2024-06-20T09:00:00,54.042013,-120.340545
W008,Jasper,2024-06-20T13:00:00,53.96664,-120.338564
W008,Jasper,2024-06-20T17:00:00,53.897414,-120.404004
W008,Jasper,2024-06-20T21:00:00,53.781654,-120.410706
W008,Jasper,2024-06-21T01:00:00,53.86351,-120.324645
W008,Jasper,2024-06-21T05:00:00,53.809822,-120.473094
W008,Jasper,2024-06-21T09:00:00,53.820391,-120.296885
W008,Jasper,2024-06-21T13:00:00,53.890925,-120.459373
W008,Jasper,2024-06-21T17:00:00,53.952055,-120.642832
W008,Jasper,2024-06-21T21:00:00,53.964165,-120.474079
W008,Jasper,2024-06-22T01:00:00,53.914983,-120.277508
W008,Jasper,2024-06-22T05:00:00,54.00364,-120.104348
W008,Jasper,2024-06-22T09:00:00,54.089648,-119.989865
W008,Jasper,2024-06-22T13:00:00,54.003696,-120.075401
W008,Jasper,2024-06-22T17:00:00,53.981903,-120.264026
W008,Jasper,2024-06-22T21:00:00,53.997167,-120.466064
W008,Jasper,2024-06-23T01:00:00,53.947801,-120.340257
W008,Jasper,2024-06-23T05:00:00,53.987744,-120.519536
W008,Jasper,2024-06-23T09:00:00,53.982267,-120.346587
W008,Jasper,2024-06-23T13:00:00,53.875012,-120.484977
W008,Jasper,2024-06-23T17:00:00,53.94409,-120.327226
W008,Jasper,2024-06-23T21:00:00,53.911436,-120.55002
W008,Jasper,2024-06-24T01:00:00,53.919105,-120.336757
W008,Jasper,2024-06-24T05:00:00,53.971359,-120.525037
W008,Jasper,2024-06-24T09:00:00,53.88886,-120.394488
W008,Jasper,2024-06-24T13:00:00,53.971418,-120.576017
W008,Jasper,2024-06-24T17:00:00,53.971589,-120.428569
W008,Jasper,2024-06-24T21:00:00,54.002853,-120.616767
W008,Jasper,2024-06-25T01:00:00,53.958688,-120.440185
W008,Jasper,2024-06-25T05:00:00,53.980444,-120.627871
W008,Jasper,2024-06-25T09:00:00,53.924078,-120.466879
W008,Jasper,2024-06-25T13:00:00,54.003412,-120.522609
W008,Jasper,2024-06-25T17:00:00,53.903426,-120.397386
W008,Jasper,2024-06-25T21:00:00,54.00778,-120.498522
W008,Jasper,2024-06-26T01:00:00,53.882502,-120.412309
W008,Jasper,2024-06-26T05:00:00,53.924904,-120.596361
W008,Jasper,2024-06-26T09:00:00,53.822326,-120.453427
W008,Jasper,2024-06-26T13:00:00,53.86832,-120.654315
W008,Jasper,2024-06-26T17:00:00,53.77591,-120.487096
W008,Jasper,2024-06-26T21:00:00,53.79302,-120.26026
W008,Jasper,2024-06-27T01:00:00,53.711351,-120.256895
W008,Jasper,2024-06-27T05:00:00,53.823818,-120.327134
W008,Jasper,2024-06-27T09:00:00,53.750367,-120.164492
W008,Jasper,2024-06-27T13:00:00,53.839343,-120.30123
W008,Jasper,2024-06-27T17:00:00,53.765115,-120.410887
W008,Jasper,2024-06-27T21:00:00,53.87033,-120.348401
W008,Jasper,2024-06-28T01:00:00,53.779667,-120.34733
W008,Jasper,2024-06-28T05:00:00,53.884752,-120.238009
W008,Jasper,2024-06-28T09:00:00,53.814809,-120.130732
W008,Jasper,2024-06-28T13:00:00,53.839799,-120.269256
W008,Jasper,2024-06-28T17:00:00,53.840446,-120.06475
W008,Jasper,2024-06-28T21:00:00,53.970125,-120.037644
W008,Jasper,2024-06-29T01:00:00,53.890786,-119.914907
W008,Jasper,2024-06-29T05:00:00,53.8386,-120.066395
W008,Jasper,2024-06-29T09:00:00,53.736585,-120.142051
W008,Jasper,2024-06-29T13:00:00,53.80341,-120.248668
W008,Jasper,2024-06-29T17:00:00,53.922784,-120.215267
W008,Jasper,2024-06-29T21:00:00,53.961676,-120.379989
W008,Jasper,2024-06-30T01:00:00,53.941283,-120.203893
W008,Jasper,2024-06-30T05:00:00,53.869142,-120.050781
W008,Jasper,2024-06-30T09:00:00,53.792146,-120.126892
W008,Jasper,2024-06-30T13:00:00,53.793617,-119.941953
W008,Jasper,2024-06-30T17:00:00,53.836181,-120.129488
W008,Jasper,2024-06-30T21:00:00,53.869573,-120.342979
W008,Jasper,2024-07-01T01:00:00,53.969564,-120.400681
W008,Jasper,2024-07-01T05:00:00,53.900587,-120.461074
W008,Jasper,2024-07-01T09:00:00,54.016169,-120.545665
W009,Jasper,2024-06-01T08:00:00,53.970187,-120.305793
W009,Jasper,2024-06-01T12:00:00,54.063907,-120.277256
W009,Jasper,2024-06-01T16:00:00,54.003428,-120.216059
W009,Jasper,2024-06-01T20:00:00,53.942213,-120.260051
W009,Jasper,2024-06-02T00:00:00,54.039312,-120.272506
W009,Jasper,2024-06-02T04:00:00,54.115564,-120.391971
W009,Jasper,2024-06-02T08:00:00,54.037149,-120.307836
W009,Jasper,2024-06-02T12:00:00,54.048077,-120.138085
W009,Jasper,2024-06-02T16:00:00,53.969844,-120.266328
W009,Jasper,2024-06-02T20:00:00,54.099559,-120.265381
W009,Jasper,2024-06-03T00:00:00,53.984405,-120.216829
W009,Jasper,2024-06-03T04:00:00,54.095782,-120.322859
W009,Jasper,2024-06-03T08:00:00,53.967518,-120.298835
W009,Jasper,2024-06-03T12:00:00,54.06151,-120.276696
W009,Jasper,2024-06-03T16:00:00,54.00717,-120.191875
W009,Jasper,2024-06-03T20:00:00,54.079839,-120.340071
W009,Jasper,2024-06-04T00:00:00,54.006205,-120.340637
W009,Jasper,2024-06-04T04:00:00,54.103202,-120.403687
W009,Jasper,2024-06-04T08:00:00,54.014444,-120.31965
W009,Jasper,2024-06-04T12:00:00,54.072083,-120.170305
W009,Jasper,2024-06-04T16:00:00,54.037753,-120.361561
W009,Jasper,2024-06-04T20:00:00,53.93978,-120.365062
W009,Jasper,2024-06-05T00:00:00,53.986417,-120.211474
W009,Jasper,2024-06-05T04:00:00,54.10827,-120.310837
W009,Jasper,2024-06-05T08:00:00,54.007665,-120.275633
W009,Jasper,2024-06-05T12:00:00,53.926573,-120.361931
W009,Jasper,2024-06-05T16:00:00,53.883201,-120.542962
W009,Jasper,2024-06-05T20:00:00,53.824196,-120.362058
W009,Jasper,2024-06-06T00:00:00,53.946568,-120.431169
W009,Jasper,2024-06-06T04:00:00,54.071633,-120.438806
W009,Jasper,2024-06-06T08:00:00,53.993815,-120.325327
W009,Jasper,2024-06-06T12:00:00,53.90812,-120.434616
W009,Jasper,2024-06-06T16:00:00,53.932694,-120.209042
W009,Jasper,2024-06-06T20:00:00,53.854205,-120.267282
W009,Jasper,2024-06-07T00:00:00,53.850775,-120.465985
W009,Jasper,2024-06-07T04:00:00,53.858632,-120.289735
W009,Jasper,2024-06-07T08:00:00,53.948027,-120.422824
W009,Jasper,2024-06-07T12:00:00,54.038742,-120.326725
W009,Jasper,2024-06-07T16:00:00,54.00151,-120.165841
W009,Jasper,2024-06-07T20:00:00,53.989777,-119.957621
W009,Jasper,2024-06-08T00:00:00,53.961853,-120.112599
W009,Jasper,2024-06-08T04:00:00,53.957049,-119.917538
W009,Jasper,2024-06-08T08:00:00,53.940353,-120.10029
W009,Jasper,2024-06-08T12:00:00,54.024779,-120.128491
W009,Jasper,2024-06-08T16:00:00,54.120054,-120.272292
W009,Jasper,2024-06-08T20:00:00,54.029797,-120.259983
W009,Jasper,2024-06-09T00:00:00,53.930506,-120.238076
W009,Jasper,2024-06-09T04:00:00,53.999954,-120.373489
W009,Jasper,2024-06-09T08:00:00,54.047998,-120.239811
W009,Jasper,2024-06-09T12:00:00,53.996963,-120.357262
W009,Jasper,2024-06-09T16:00:00,53.962528,-120.155194
W009,Jasper,2024-06-09T20:00:00,54.042519,-120.086773
W009,Jasper,2024-06-10T00:00:00,53.979598,-120.290445
W009,Jasper,2024-06-10T04:00:00,53.965656,-120.498997
W009,Jasper,2024-06-10T08:00:00,53.969467,-120.378021
W009,Jasper,2024-06-10T12:00:00,53.872525,-120.520842
W009,Jasper,2024-06-10T16:00:00,53.899723,-120.32005
W009,Jasper,2024-06-10T20:00:00,54.001296,-120.385263
W009,Jasper,2024-06-11T00:00:00,54.07149,-120.204439
W009,Jasper,2024-06-11T04:00:00,53.955066,-120.321362
W009,Jasper,2024-06-11T08:00:00,53.997547,-120.139069
W009,Jasper,2024-06-11T12:00:00,53.985159,-120.305679
W009,Jasper,2024-06-11T16:00:00,53.977416,-120.168812
W009,Jasper,2024-06-11T20:00:00,54.077824,-120.11377
W009,Jasper,2024-06-12T00:00:00,53.959306,-120.071218
W009,Jasper,2024-06-12T04:00:00,54.012304,-119.941166
W009,Jasper,2024-06-12T08:00:00,54.017713,-120.104109
W009,Jasper,2024-06-12T12:00:00,54.020624,-120.275561
W009,Jasper,2024-06-12T16:00:00,54.117729,-120.248598
W009,Jasper,2024-06-12T20:00:00,54.018811,-120.283624
W009,Jasper,2024-06-13T00:00:00,54.124355,-120.181999
W009,Jasper,2024-06-13T04:00:00,54.007879,-120.169527
W009,Jasper,2024-06-13T08:00:00,53.959403,-120.301403
W009,Jasper,2024-06-13T12:00:00,54.060807,-120.190292
W009,Jasper,2024-06-13T16:00:00,53.967244,-120.234071
W009,Jasper,2024-06-13T20:00:00,53.853083,-120.165268
W009,Jasper,2024-06-14T00:00:00,53.845014,-120.001892
W009,Jasper,2024-06-14T04:00:00,53.872883,-120.156741
W009,Jasper,2024-06-14T08:00:00,53.874391,-120.338819
W009,Jasper,2024-06-14T12:00:00,53.817645,-120.507488
W009,Jasper,2024-06-14T16:00:00,53.826709,-120.300884
W009,Jasper,2024-06-14T20:00:00,53.774435,-120.356877
W009,Jasper,2024-06-15T00:00:00,53.684036,-120.410435
W009,Jasper,2024-06-15T04:00:00,53.808913,-120.439802
W009,Jasper,2024-06-15T08:00:00,53.821677,-120.291238
W009,Jasper,2024-06-15T12:00:00,53.911336,-120.430929
W009,Jasper,2024-06-15T16:00:00,53.819437,-120.407485
W009,Jasper,2024-06-15T20:00:00,53.789383,-120.630666
W009,Jasper,2024-06-16T00:00:00,53.913118,-120.585136
W009,Jasper,2024-06-16T04:00:00,53.884045,-120.409257
W009,Jasper,2024-06-16T08:00:00,53.824111,-120.505073
W009,Jasper,2024-06-16T12:00:00,53.787164,-120.293614
W009,Jasper,2024-06-16T16:00:00,53.917458,-120.332584
W009,Jasper,2024-06-16T20:00:00,53.965987,-120.546728
W009,Jasper,2024-06-17T00:00:00,53.898198,-120.375576
W009,Jasper,2024-06-17T04:00:00,54.025501,-120.379283
W009,Jasper,2024-06-17T08:00:00,54.013805,-120.198753
W009,Jasper,2024-06-17T12:00:00,54.009663,-120.056613
W009,Jasper,2024-06-17T16:00:00,53.888936,-120.159932
W009,Jasper,2024-06-17T20:00:00,53.789518,-120.033035
W009,Jasper,2024-06-18T00:00:00,53.82207,-120.220458
W009,Jasper,2024-06-18T04:00:00,53.705257,-120.167199
W009,Jasper,2024-06-18T08:00:00,53.772403,-120.355812
W009,Jasper,2024-06-18T12:00:00,53.691522,-120.280119
W009,Jasper,2024-06-18T16:00:00,53.783866,-120.295731
W009,Jasper,2024-06-18T20:00:00,53.687395,-120.396403
W009,Jasper,2024-06-19T00:00:00,53.779694,-120.498548
W009,Jasper,2024-06-19T04:00:00,53.866795,-120.338083
W009,Jasper,2024-06-19T08:00:00,53.749769,-120.383274
W009,Jasper,2024-06-19T12:00:00,53.855535,-120.299161
W009,Jasper,2024-06-19T16:00:00,53.763899,-120.158758
W009,Jasper,2024-06-19T20:00:00,53.836017,-120.230014
W009,Jasper,2024-06-20T00:00:00,53.911591,-120.067342
W009,Jasper,2024-06-20T04:00:00,53.825096,-120.186746
W009,Jasper,2024-06-20T08:00:00,53.90686,-120.301967
W009,Jasper,2024-06-20T12:00:00,53.85622,-120.149024
W009,Jasper,2024-06-20T16:00:00,53.953271,-120.238363
W009,Jasper,2024-06-20T20:00:00,54.061097,-120.376788
W009,Jasper,2024-06-21T00:00:00,53.945883,-120.256466
W009,Jasper,2024-06-21T04:00:00,53.8427,-120.247226
W009,Jasper,2024-06-21T08:00:00,53.802255,-120.442165
W009,Jasper,2024-06-21T12:00:00,53.787054,-120.214798
W009,Jasper,2024-06-21T16:00:00,53.660461,-120.134766
W009,Jasper,2024-06-21T20:00:00,53.790818,-120.194868
W009,Jasper,2024-06-22T00:00:00,53.708149,-120.114197
W009,Jasper,2024-06-22T04:00:00,53.773163,-120.244814
W009,Jasper,2024-06-22T08:00:00,53.766557,-120.441076
W009,Jasper,2024-06-22T12:00:00,53.837161,-120.246136
W009,Jasper,2024-06-22T16:00:00,53.868218,-120.356156
W009,Jasper,2024-06-22T20:00:00,53.831667,-120.202762
W009,Jasper,2024-06-23T00:00:00,53.724672,-120.210507
W009,Jasper,2024-06-23T04:00:00,53.839019,-120.101564
W009,Jasper,2024-06-23T08:00:00,53.878181,-119.925037
W009,Jasper,2024-06-23T12:00:00,53.93232,-120.077859
W009,Jasper,2024-06-23T16:00:00,53.932571,-119.944789
W009,Jasper,2024-06-23T20:00:00,53.946062,-120.060258
W009,Jasper,2024-06-24T00:00:00,53.992429,-120.218532
W009,Jasper,2024-06-24T04:00:00,53.898206,-120.223696
W009,Jasper,2024-06-24T08:00:00,53.998329,-120.190658
W009,Jasper,2024-06-24T12:00:00,53.927959,-120.067068
W009,Jasper,2024-06-24T16:00:00,53.995776,-120.188981
W009,Jasper,2024-06-24T20:00:00,53.908744,-120.278916
W009,Jasper,2024-06-25T00:00:00,53.988977,-120.385263
W009,Jasper,2024-06-25T04:00:00,53.988214,-120.583966
W009,Jasper,2024-06-25T08:00:00,54.000647,-120.410791
W009,Jasper,2024-06-25T12:00:00,53.910797,-120.48539
W009,Jasper,2024-06-25T16:00:00,54.023146,-120.528127
W009,Jasper,2024-06-25T20:00:00,54.041441,-120.3188
W009,Jasper,2024-06-26T00:00:00,53.971104,-120.19336
W009,Jasper,2024-06-26T04:00:00,53.990985,-120.368733
W009,Jasper,2024-06-26T08:00:00,54.003113,-120.554799
W009,Jasper,2024-06-26T12:00:00,53.952018,-120.341945
W009,Jasper,2024-06-26T16:00:00,54.045311,-120.333506
W009,Jasper,2024-06-26T20:00:00,53.969112,-120.256563
W009,Jasper,2024-06-27T00:00:00,53.92297,-120.040636
W009,Jasper,2024-06-27T04:00:00,53.804561,-119.936275
W009,Jasper,2024-06-27T08:00:00,53.800952,-120.110228
W009,Jasper,2024-06-27T12:00:00,53.799447,-119.907402
W009,Jasper,2024-06-27T16:00:00,53.834329,-120.032311
W009,Jasper,2024-06-27T20:00:00,53.927389,-119.914201
W009,Jasper,2024-06-28T00:00:00,53.860416,-120.021131
W009,Jasper,2024-06-28T04:00:00,53.919153,-120.171134
W009,Jasper,2024-06-28T08:00:00,53.849618,-120.267629
W009,Jasper,2024-06-28T12:00:00,53.811654,-120.06291
W009,Jasper,2024-06-28T16:00:00,53.924551,-120.076918
W009,Jasper,2024-06-28T20:00:00,53.853344,-120.224211
W009,Jasper,2024-06-29T00:00:00,53.824991,-120.416906
W009,Jasper,2024-06-29T04:00:00,53.90095,-120.520172
W009,Jasper,2024-06-29T08:00:00,53.872413,-120.348651
W009,Jasper,2024-06-29T12:00:00,53.910588,-120.526986
W009,Jasper,2024-06-29T16:00:00,53.89289,-120.412624
W009,Jasper,2024-06-29T20:00:00,53.847571,-120.5347
W009,Jasper,2024-06-30T00:00:00,53.923156,-120.434459
W009,Jasper,2024-06-30T04:00:00,53.918822,-120.310345
W009,Jasper,2024-06-30T08:00:00,53.86957,-120.263382
W009,Jasper,2024-06-30T12:00:00,53.842377,-120.434365
W009,Jasper,2024-06-30T16:00:00,53.74235,-120.516815
W009,Jasper,2024-06-30T20:00:00,53.717026,-120.320552
W009,Jasper,2024-07-01T00:00:00,53.779653,-120.163729
W009,Jasper,2024-07-01T04:00:00,53.724665,-120.337815
W010,Jasper,2024-06-01T14:00:00,53.85506,-120.314479
W010,Jasper,2024-06-01T18:00:00,53.762566,-120.285362
W010,Jasper,2024-06-01T22:00:00,53.756707,-120.458864
W010,Jasper,2024-06-02T02:00:00,53.855341,-120.400334
W010,Jasper,2024-06-02T06:00:00,53.964463,-120.535478
W010,Jasper,2024-06-02T10:00:00,53.962605,-120.390474
W010,Jasper,2024-06-02T14:00:00,53.97888,-120.226954
W010,Jasper,2024-06-02T18:00:00,54.070651,-120.361352
W010,Jasper,2024-06-02T22:00:00,54.022609,-120.22266
W010,Jasper,2024-06-03T02:00:00,53.900477,-120.174487
W010,Jasper,2024-06-03T06:00:00,53.825742,-120.317269
W010,Jasper,2024-06-03T10:00:00,53.727576,-120.409128
W010,Jasper,2024-06-03T14:00:00,53.815019,-120.354056
W010,Jasper,2024-06-03T18:00:00,53.768108,-120.524854
W010,Jasper,2024-06-03T22:00:00,53.863312,-120.410773
W010,Jasper,2024-06-04T02:00:00,53.93535,-120.539474
W010,Jasper,2024-06-04T06:00:00,53.802447,-120.497922
W010,Jasper,2024-06-04T10:00:00,53.74279,-120.4106
W010,Jasper,2024-06-04T14:00:00,53.876954,-120.437944
W010,Jasper,2024-06-04T18:00:00,53.932219,-120.237561
W010,Jasper,2024-06-04T22:00:00,54.050305,-120.125959
W010,Jasper,2024-06-05T02:00:00,54.081763,-120.25466
W010,Jasper,2024-06-05T06:00:00,53.977015,-120.278675
W010,Jasper,2024-06-05T10:00:00,53.99121,-120.440654
W010,Jasper,2024-06-05T14:00:00,53.97058,-120.253801
W010,Jasper,2024-06-05T18:00:00,53.993232,-120.425022
W010,Jasper,2024-06-05T22:00:00,53.892754,-120.349411
W010,Jasper,2024-06-06T02:00:00,53.803525,-120.277473
W010,Jasper,2024-06-06T06:00:00,53.893075,-120.273023
W010,Jasper,2024-06-06T10:00:00,53.778738,-120.314837
W010,Jasper,2024-06-06T14:00:00,53.858736,-120.423989
W010,Jasper,2024-06-06T18:00:00,53.861503,-120.532946
W010,Jasper,2024-06-06T22:00:00,53.877534,-120.357423
W010,Jasper,2024-06-07T02:00:00,53.897611,-120.130735
W010,Jasper,2024-06-07T06:00:00,53.975546,-120.259742
W010,Jasper,2024-06-07T10:00:00,53.870652,-120.263482
W010,Jasper,2024-06-07T14:00:00,53.830641,-120.079057
W010,Jasper,2024-06-07T18:00:00,53.937922,-120.140067
W010,Jasper,2024-06-07T22:00:00,53.831818,-120.088837
W010,Jasper,2024-06-08T02:00:00,53.752881,-120.029618
W010,Jasper,2024-06-08T06:00:00,53.801976,-120.1872
W010,Jasper,2024-06-08T10:00:00,53.90115,-120.191275
W010,Jasper,2024-06-08T14:00:00,53.940985,-120.077141
W010,Jasper,2024-06-08T18:00:00,54.032659,-120.180297
W010,Jasper,2024-06-08T22:00:00,54.050242,-119.996358
W010,Jasper,2024-06-09T02:00:00,54.030246,-120.171647
W010,Jasper,2024-06-09T06:00:00,54.136165,-120.14666
W010,Jasper,2024-06-09T10:00:00,54.04529,-120.213159
W010,Jasper,2024-06-09T14:00:00,53.963103,-120.114998
W010,Jasper,2024-06-09T18:00:00,53.975066,-120.266392
W010,Jasper,2024-06-09T22:00:00,53.884713,-120.416458
W010,Jasper,2024-06-10T02:00:00,53.965171,-120.30623
W010,Jasper,2024-06-10T06:00:00,54.019237,-120.459166
W010,Jasper,2024-06-10T10:00:00,53.954136,-120.294436
W010,Jasper,2024-06-10T14:00:00,53.952425,-120.125515
W010,Jasper,2024-06-10T18:00:00,53.919282,-120.306039
W010,Jasper,2024-06-10T22:00:00,54.03476,-120.294562
W010,Jasper,2024-06-11T02:00:00,53.91658,-120.185367
W010,Jasper,2024-06-11T06:00:00,53.826477,-120.334177
W010,Jasper,2024-06-11T10:00:00,53.789595,-120.529521
W010,Jasper,2024-06-11T14:00:00,53.778754,-120.404816
W010,Jasper,2024-06-11T18:00:00,53.833282,-120.298496
W010,Jasper,2024-06-11T22:00:00,53.731628,-120.296049
W010,Jasper,2024-06-12T02:00:00,53.855839,-120.386027
W010,Jasper,2024-06-12T06:00:00,53.899121,-120.516582
W010,Jasper,2024-06-12T10:00:00,53.909397,-120.305445
W010,Jasper,2024-06-12T14:00:00,53.814775,-120.355568
W010,Jasper,2024-06-12T18:00:00,53.911021,-120.458512
W010,Jasper,2024-06-12T22:00:00,53.92077,-120.289043
W010,Jasper,2024-06-13T02:00:00,54.009503,-120.276947
W010,Jasper,2024-06-13T06:00:00,53.906316,-120.365241
W010,Jasper,2024-06-13T10:00:00,53.793661,-120.358153
W010,Jasper,2024-06-13T14:00:00,53.914049,-120.254231
W010,Jasper,2024-06-13T18:00:00,53.8978,-120.418866
W010,Jasper,2024-06-13T22:00:00,53.773037,-120.359869
W010,Jasper,2024-06-14T02:00:00,53.865602,-120.38237
W010,Jasper,2024-06-14T06:00:00,53.907201,-120.550647
W010,Jasper,2024-06-14T10:00:00,53.832843,-120.404273
W010,Jasper,2024-06-14T14:00:00,53.779813,-120.295951
W010,Jasper,2024-06-14T18:00:00,53.854208,-120.183679
W010,Jasper,2024-06-14T22:00:00,53.908329,-120.307913
W010,Jasper,2024-06-15T02:00:00,53.979327,-120.165181
W010,Jasper,2024-06-15T06:00:00,53.915215,-120.30981
W010,Jasper,2024-06-15T10:00:00,54.001636,-120.35235
W010,Jasper,2024-06-15T14:00:00,53.986124,-120.123955
W010,Jasper,2024-06-15T18:00:00,53.92766,-119.973046
W010,Jasper,2024-06-15T22:00:00,53.952943,-120.121172
W010,Jasper,2024-06-16T02:00:00,53.837336,-120.066149
W010,Jasper,2024-06-16T06:00:00,53.716227,-120.037918
W010,Jasper,2024-06-16T10:00:00,53.699057,-120.177621
W010,Jasper,2024-06-16T14:00:00,53.822065,-120.22247
W010,Jasper,2024-06-16T18:00:00,53.804871,-120.41755
W010,Jasper,2024-06-16T22:00:00,53.912315,-120.278763
W010,Jasper,2024-06-17T02:00:00,54.000631,-120.372302
W010,Jasper,2024-06-17T06:00:00,53.922085,-120.317601
W010,Jasper,2024-06-17T10:00:00,53.837419,-120.438568
W010,Jasper,2024-06-17T14:00:00,53.910602,-120.583639
W010,Jasper,2024-06-17T18:00:00,53.861998,-120.467852
W010,Jasper,2024-06-17T22:00:00,53.93059,-120.561922
W010,Jasper,2024-06-18T02:00:00,53.916742,-120.415396
W010,Jasper,2024-06-18T06:00:00,54.030025,-120.334539
W010,Jasper,2024-06-18T10:00:00,53.976332,-120.469003
W010,Jasper,2024-06-18T14:00:00,53.922033,-120.258592
W010,Jasper,2024-06-18T18:00:00,53.909117,-120.390492
W010,Jasper,2024-06-18T22:00:00,53.925958,-120.217148
W010,Jasper,2024-06-19T02:00:00,53.791795,-120.244623
W010,Jasper,2024-06-19T06:00:00,53.754691,-120.398284
W010,Jasper,2024-06-19T10:00:00,53.839901,-120.331257
W010,Jasper,2024-06-19T14:00:00,53.785676,-120.483817
W010,Jasper,2024-06-19T18:00:00,53.837582,-120.364238
W010,Jasper,2024-06-19T22:00:00,53.883865,-120.514798
W010,Jasper,2024-06-20T02:00:00,53.944184,-120.324341
W010,Jasper,2024-06-20T06:00:00,53.809132,-120.332371
W010,Jasper,2024-06-20T10:00:00,53.700013,-120.296262
W010,Jasper,2024-06-20T14:00:00,53.794612,-120.257971
W010,Jasper,2024-06-20T18:00:00,53.741929,-120.097875
W010,Jasper,2024-06-20T22:00:00,53.801362,-120.217203
W010,Jasper,2024-06-21T02:00:00,53.67861,-120.285453
W010,Jasper,2024-06-21T06:00:00,53.737473,-120.184061
W010,Jasper,2024-06-21T10:00:00,53.86174,-120.211069
W010,Jasper,2024-06-21T14:00:00,53.760571,-120.209405
W010,Jasper,2024-06-21T18:00:00,53.718357,-120.047363
W010,Jasper,2024-06-21T22:00:00,53.798042,-120.2318
W010,Jasper,2024-06-22T02:00:00,53.921162,-120.184059
W010,Jasper,2024-06-22T06:00:00,53.816214,-120.24085
W010,Jasper,2024-06-22T10:00:00,53.935703,-120.288539
W010,Jasper,2024-06-22T14:00:00,53.883924,-120.391573
W010,Jasper,2024-06-22T18:00:00,53.812856,-120.568023
W010,Jasper,2024-06-22T22:00:00,53.873482,-120.447783
W010,Jasper,2024-06-23T02:00:00,53.924787,-120.61775
W010,Jasper,2024-06-23T06:00:00,54.01364,-120.475213
W010,Jasper,2024-06-23T10:00:00,53.926658,-120.419442
W010,Jasper,2024-06-23T14:00:00,53.871164,-120.310203
W010,Jasper,2024-06-23T18:00:00,53.783899,-120.264703
W010,Jasper,2024-06-23T22:00:00,53.913622,-120.261672
W010,Jasper,2024-06-24T02:00:00,53.837969,-120.096383
W010,Jasper,2024-06-24T06:00:00,53.755294,-120.139669
W010,Jasper,2024-06-24T10:00:00,53.81276,-120.243396
W010,Jasper,2024-06-24T14:00:00,53.903808,-120.360124
W010,Jasper,2024-06-24T18:00:00,53.900296,-120.486742
W010,Jasper,2024-06-24T22:00:00,53.807965,-120.386198
W010,Jasper,2024-06-25T02:00:00,53.886192,-120.26062
W010,Jasper,2024-06-25T06:00:00,53.958059,-120.423674
W010,Jasper,2024-06-25T10:00:00,54.000121,-120.241181
W010,Jasper,2024-06-25T14:00:00,53.9292,-120.045481
W010,Jasper,2024-06-25T18:00:00,53.856647,-120.182175
W010,Jasper,2024-06-25T22:00:00,53.808455,-120.335657
W010,Jasper,2024-06-26T02:00:00,53.678135,-120.275113
W010,Jasper,2024-06-26T06:00:00,53.80276,-120.361285
W010,Jasper,2024-06-26T10:00:00,53.897025,-120.398172
W010,Jasper,2024-06-26T14:00:00,53.769377,-120.473448
W010,Jasper,2024-06-26T18:00:00,53.868062,-120.395497
W010,Jasper,2024-06-26T22:00:00,53.9729,-120.486977
W010,Jasper,2024-06-27T02:00:00,54.054198,-120.34681
W010,Jasper,2024-06-27T06:00:00,53.985399,-120.213655
W010,Jasper,2024-06-27T10:00:00,53.924215,-120.372113
W010,Jasper,2024-06-27T14:00:00,53.845349,-120.477574
W010,Jasper,2024-06-27T18:00:00,53.786628,-120.357798
W010,Jasper,2024-06-27T22:00:00,53.756035,-120.494876
W010,Jasper,2024-06-28T02:00:00,53.816368,-120.319065
W010,Jasper,2024-06-28T06:00:00,53.746813,-120.140587
W010,Jasper,2024-06-28T10:00:00,53.842938,-120.099256
W010,Jasper,2024-06-28T14:00:00,53.936631,-120.23673
W010,Jasper,2024-06-28T18:00:00,53.810222,-120.253351
W010,Jasper,2024-06-28T22:00:00,53.763069,-120.06529
W010,Jasper,2024-06-29T02:00:00,53.812344,-120.191035
W010,Jasper,2024-06-29T06:00:00,53.829725,-120.04959
W010,Jasper,2024-06-29T10:00:00,53.785026,-120.229585
W010,Jasper,2024-06-29T14:00:00,53.90393,-120.338271
W010,Jasper,2024-06-29T18:00:00,54.029563,-120.371799
W010,Jasper,2024-06-29T22:00:00,53.915076,-120.27019
W010,Jasper,2024-06-30T02:00:00,53.83133,-120.435358
W010,Jasper,2024-06-30T06:00:00,53.738339,-120.500369
W010,Jasper,2024-06-30T10:00:00,53.81685,-120.505675
W010,Jasper,2024-06-30T14:00:00,53.858419,-120.376819
W010,Jasper,2024-06-30T18:00:00,53.922824,-120.462777
W010,Jasper,2024-06-30T22:00:00,53.859198,-120.405471
W010,Jasper,2024-07-01T02:00:00,53.959178,-120.391839
W010,Jasper,2024-07-01T06:00:00,54.074411,-120.324005
W010,Jasper,2024-07-01T10:00:00,53.955421,-120.317537
W011,Jasper,2024-06-01T18:00:00,53.918792,-120.006041
W011,Jasper,2024-06-01T22:00:00,53.837345,-120.162105
W011,Jasper,2024-06-02T02:00:00,53.934967,-120.128054
W011,Jasper,2024-06-02T06:00:00,53.987876,-120.339276
W011,Jasper,2024-06-02T10:00:00,53.978961,-120.568614
W011,Jasper,2024-06-02T14:00:00,53.886984,-120.412689
W011,Jasper,2024-06-02T18:00:00,53.807438,-120.467376
W011,Jasper,2024-06-02T22:00:00,53.757311,-120.300485
W011,Jasper,2024-06-03T02:00:00,53.869745,-120.310482
W011,Jasper,2024-06-03T06:00:00,53.803541,-120.21465
W011,Jasper,2024-06-03T10:00:00,53.873605,-120.247747
W011,Jasper,2024-06-03T14:00:00,53.756641,-120.315149
W011,Jasper,2024-06-03T18:00:00,53.82988,-120.186129
W011,Jasper,2024-06-03T22:00:00,53.750524,-120.313291
W011,Jasper,2024-06-04T02:00:00,53.846152,-120.421736
W011,Jasper,2024-06-04T06:00:00,53.810374,-120.628675
W011,Jasper,2024-06-04T10:00:00,53.859577,-120.536574
W011,Jasper,2024-06-04T14:00:00,53.919261,-120.436536
W011,Jasper,2024-06-04T18:00:00,53.935785,-120.605782
W011,Jasper,2024-06-04T22:00:00,53.934878,-120.397238
W011,Jasper,2024-06-05T02:00:00,53.981215,-120.208971
W011,Jasper,2024-06-05T06:00:00,54.042315,-120.008811
W011,Jasper,2024-06-05T10:00:00,53.992995,-120.138321
W011,Jasper,2024-06-05T14:00:00,54.052803,-120.029893
W011,Jasper,2024-06-05T18:00:00,53.957559,-120.148808
W011,Jasper,2024-06-05T22:00:00,53.908518,-119.99846
W011,Jasper,2024-06-06T02:00:00,53.875877,-120.168748
W011,Jasper,2024-06-06T06:00:00,53.987101,-120.106324
W011,Jasper,2024-06-06T10:00:00,54.097516,-120.191282
W011,Jasper,2024-06-06T14:00:00,54.011005,-120.161363
W011,Jasper,2024-06-06T18:00:00,53.957833,-120.049266
W011,Jasper,2024-06-06T22:00:00,53.98107,-120.231135
W011,Jasper,2024-06-07T02:00:00,54.022588,-120.071109
W011,Jasper,2024-06-07T06:00:00,54.015259,-120.274435
W011,Jasper,2024-06-07T10:00:00,53.914218,-120.174088
W011,Jasper,2024-06-07T14:00:00,53.93229,-120.006399
W011,Jasper,2024-06-07T18:00:00,53.929176,-120.186848
W011,Jasper,2024-06-07T22:00:00,53.849745,-120.025429
W011,Jasper,2024-06-08T02:00:00,53.737793,-120.062248
W011,Jasper,2024-06-08T06:00:00,53.872567,-120.045571
W011,Jasper,2024-06-08T10:00:00,53.979211,-120.067114
W011,Jasper,2024-06-08T14:00:00,53.852135,-119.99034
W011,Jasper,2024-06-08T18:00:00,53.92695,-120.126096
W011,Jasper,2024-06-08T22:00:00,53.858832,-120.236291
W011,Jasper,2024-06-09T02:00:00,53.80085,-120.030521
W011,Jasper,2024-06-09T06:00:00,53.901415,-120.048708
W011,Jasper,2024-06-09T10:00:00,53.836414,-119.952518
W011,Jasper,2024-06-09T14:00:00,53.84659,-120.11068
W011,Jasper,2024-06-09T18:00:00,53.75106,-119.948666
W011,Jasper,2024-06-09T22:00:00,53.804757,-120.071668
W011,Jasper,2024-06-10T02:00:00,53.890984,-120.030387
W011,Jasper,2024-06-10T06:00:00,53.773867,-120.047781
W011,Jasper,2024-06-10T10:00:00,53.849436,-120.161373
W011,Jasper,2024-06-10T14:00:00,53.950134,-120.209486
W011,Jasper,2024-06-10T18:00:00,54.047276,-120.137471
W011,Jasper,2024-06-10T22:00:00,53.942739,-120.180829
W011,Jasper,2024-06-11T02:00:00,53.996196,-120.283909
W011,Jasper,2024-06-11T06:00:00,53.898407,-120.324128
W011,Jasper,2024-06-11T10:00:00,53.865645,-120.505856
W011,Jasper,2024-06-11T14:00:00,53.900653,-120.284513
W011,Jasper,2024-06-11T18:00:00,53.899046,-120.424109
W011,Jasper,2024-06-11T22:00:00,53.941179,-120.320641
W011,Jasper,2024-06-12T02:00:00,54.020007,-120.23855
W011,Jasper,2024-06-12T06:00:00,54.125754,-120.174681
W011,Jasper,2024-06-12T10:00:00,54.01619,-120.118383
W011,Jasper,2024-06-12T14:00:00,54.010945,-119.954271
W011,Jasper,2024-06-12T18:00:00,53.931073,-120.062858
W011,Jasper,2024-06-12T22:00:00,53.817389,-119.97644
W011,Jasper,2024-06-13T02:00:00,53.866489,-120.189286
W011,Jasper,2024-06-13T06:00:00,53.805458,-120.284478
W011,Jasper,2024-06-13T10:00:00,53.809296,-120.457938
W011,Jasper,2024-06-13T14:00:00,53.870145,-120.359701
W011,Jasper,2024-06-13T18:00:00,53.976329,-120.21794
W011,Jasper,2024-06-13T22:00:00,54.005348,-120.426973
W011,Jasper,2024-06-14T02:00:00,53.934195,-120.294024
W011,Jasper,2024-06-14T06:00:00,53.847261,-120.17965
W011,Jasper,2024-06-14T10:00:00,53.799987,-120.307197
W011,Jasper,2024-06-14T14:00:00,53.856399,-120.196941
W011,Jasper,2024-06-14T18:00:00,53.769869,-120.077106
W011,Jasper,2024-06-14T22:00:00,53.775013,-120.271083
W011,Jasper,2024-06-15T02:00:00,53.723028,-120.450045
W011,Jasper,2024-06-15T06:00:00,53.718851,-120.271685
W011,Jasper,2024-06-15T10:00:00,53.810339,-120.262934
W011,Jasper,2024-06-15T14:00:00,53.89664,-120.310967
W011,Jasper,2024-06-15T18:00:00,53.958452,-120.208368
W011,Jasper,2024-06-15T22:00:00,54.058942,-120.202968
W011,Jasper,2024-06-16T02:00:00,53.969398,-120.192813
W011,Jasper,2024-06-16T06:00:00,53.968086,-120.401269
W011,Jasper,2024-06-16T10:00:00,54.052813,-120.501091
W011,Jasper,2024-06-16T14:00:00,53.971864,-120.407686
W011,Jasper,2024-06-16T18:00:00,54.022269,-120.270843
W011,Jasper,2024-06-16T22:00:00,54.038872,-120.118605
W011,Jasper,2024-06-17T02:00:00,53.937361,-120.207406
W011,Jasper,2024-06-17T06:00:00,54.010229,-120.372809
W011,Jasper,2024-06-17T10:00:00,54.09061,-120.557667
W011,Jasper,2024-06-17T14:00:00,54.105195,-120.328605
W011,Jasper,2024-06-17T18:00:00,54.021131,-120.297499
W011,Jasper,2024-06-17T22:00:00,54.107918,-120.192699
W011,Jasper,2024-06-18T02:00:00,53.995164,-120.227823
W011,Jasper,2024-06-18T06:00:00,53.952587,-120.09773
W011,Jasper,2024-06-18T10:00:00,54.054768,-119.971497
W011,Jasper,2024-06-18T14:00:00,53.932601,-120.03111
W011,Jasper,2024-06-18T18:00:00,53.898839,-119.904707
W011,Jasper,2024-06-18T22:00:00,53.9168,-120.044594
W011,Jasper,2024-06-19T02:00:00,53.82523,-120.112517
W011,Jasper,2024-06-19T06:00:00,53.739219,-119.946168
W011,Jasper,2024-06-19T10:00:00,53.822045,-120.042093
W011,Jasper,2024-06-19T14:00:00,53.86605,-120.234216
W011,Jasper,2024-06-19T18:00:00,53.761689,-120.15911
W011,Jasper,2024-06-19T22:00:00,53.884106,-120.255928
W011,Jasper,2024-06-20T02:00:00,53.873434,-120.424517
W011,Jasper,2024-06-20T06:00:00,53.796056,-120.26329
W011,Jasper,2024-06-20T10:00:00,53.763896,-120.113455
W011,Jasper,2024-06-20T14:00:00,53.825546,-120.241218
W011,Jasper,2024-06-20T18:00:00,53.876663,-120.347642
W011,Jasper,2024-06-20T22:00:00,53.931877,-120.234424
W011,Jasper,2024-06-21T02:00:00,54.003237,-120.339487
W011,Jasper,2024-06-21T06:00:00,54.096107,-120.257139
W011,Jasper,2024-06-21T10:00:00,53.984892,-120.258628
W011,Jasper,2024-06-21T14:00:00,53.894727,-120.345317
W011,Jasper,2024-06-21T18:00:00,53.80543,-120.24252
W011,Jasper,2024-06-21T22:00:00,53.73433,-120.282978
W011,Jasper,2024-06-22T02:00:00,53.735125,-120.430203
W011,Jasper,2024-06-22T06:00:00,53.825466,-120.433387
W011,Jasper,2024-06-22T10:00:00,53.749946,-120.289756
W011,Jasper,2024-06-22T14:00:00,53.800634,-120.118427
W011,Jasper,2024-06-22T18:00:00,53.696707,-120.078746
W011,Jasper,2024-06-22T22:00:00,53.730347,-120.225639
W011,Jasper,2024-06-23T02:00:00,53.7985,-120.364906
W011,Jasper,2024-06-23T06:00:00,53.860721,-120.51384
W011,Jasper,2024-06-23T10:00:00,53.944039,-120.37515
W011,Jasper,2024-06-23T14:00:00,53.831741,-120.308107
W011,Jasper,2024-06-23T18:00:00,53.886345,-120.114192
W011,Jasper,2024-06-23T22:00:00,54.01681,-120.159691
W011,Jasper,2024-06-24T02:00:00,54.007998,-120.328771
W011,Jasper,2024-06-24T06:00:00,54.025754,-120.176531
W011,Jasper,2024-06-24T10:00:00,53.916219,-120.162023
W011,Jasper,2024-06-24T14:00:00,54.035838,-120.106038
W011,Jasper,2024-06-24T18:00:00,53.984524,-120.280837
W011,Jasper,2024-06-24T22:00:00,53.897569,-120.104915
W011,Jasper,2024-06-25T02:00:00,53.982449,-120.061649
W011,Jasper,2024-06-25T06:00:00,54.093484,-120.084793
W011,Jasper,2024-06-25T10:00:00,54.0776,-120.245356
W011,Jasper,2024-06-25T14:00:00,54.003457,-120.232701
W011,Jasper,2024-06-25T18:00:00,53.892635,-120.286648
W011,Jasper,2024-06-25T22:00:00,53.936825,-120.14207
W011,Jasper,2024-06-26T02:00:00,53.880706,-120.279238
W011,Jasper,2024-06-26T06:00:00,53.928784,-120.416227
W011,Jasper,2024-06-26T10:00:00,54.004507,-120.501005
W011,Jasper,2024-06-26T14:00:00,54.011889,-120.32061
W011,Jasper,2024-06-26T18:00:00,54.083593,-120.454345
W011,Jasper,2024-06-26T22:00:00,54.022097,-120.348213
W011,Jasper,2024-06-27T02:00:00,54.080707,-120.229194
W011,Jasper,2024-06-27T06:00:00,53.987762,-120.263946
W011,Jasper,2024-06-27T10:00:00,53.916825,-120.416451
W011,Jasper,2024-06-27T14:00:00,53.844959,-120.273077
W011,Jasper,2024-06-27T18:00:00,53.820609,-120.47114
W011,Jasper,2024-06-27T22:00:00,53.832334,-120.272737
W011,Jasper,2024-06-28T02:00:00,53.714243,-120.249393
W011,Jasper,2024-06-28T06:00:00,53.790913,-120.295831
W011,Jasper,2024-06-28T10:00:00,53.848994,-120.138187
W011,Jasper,2024-06-28T14:00:00,53.955005,-120.088243
W011,Jasper,2024-06-28T18:00:00,53.861194,-120.167575
W011,Jasper,2024-06-28T22:00:00,53.979088,-120.117329
W011,Jasper,2024-06-29T02:00:00,53.862582,-120.214028
W011,Jasper,2024-06-29T06:00:00,53.914154,-120.02807
W011,Jasper,2024-06-29T10:00:00,54.023191,-120.077792
W011,Jasper,2024-06-29T14:00:00,53.948193,-120.160248
W011,Jasper,2024-06-29T18:00:00,53.877039,-120.355459
W011,Jasper,2024-06-29T22:00:00,53.853782,-120.170549
W011,Jasper,2024-06-30T02:00:00,53.978652,-120.180165
W011,Jasper,2024-06-30T06:00:00,54.058096,-120.328998
W011,Jasper,2024-06-30T10:00:00,53.941871,-120.404334
W011,Jasper,2024-06-30T14:00:00,53.977113,-120.530635
W011,Jasper,2024-06-30T18:00:00,53.928804,-120.403277
W011,Jasper,2024-06-30T22:00:00,53.916761,-120.179723
W011,Jasper,2024-07-01T02:00:00,53.815793,-120.128125
W011,Jasper,2024-07-01T06:00:00,53.738452,-120.21195
W011,Jasper,2024-07-01T10:00:00,53.845153,-120.164323
W011,Jasper,2024-07-01T14:00:00,53.919826,-120.318122
W012,Jasper,2024-06-01T14:00:00,53.76699,-120.532878
W012,Jasper,2024-06-01T18:00:00,53.704003,-120.349825
W012,Jasper,2024-06-01T22:00:00,53.781534,-120.367015
W012,Jasper,2024-06-02T02:00:00,53.847031,-120.293512
W012,Jasper,2024-06-02T06:00:00,53.79194,-120.439427
W012,Jasper,2024-06-02T10:00:00,53.889214,-120.302741
W012,Jasper,2024-06-02T14:00:00,53.830572,-120.509322
W012,Jasper,2024-06-02T18:00:00,53.903394,-120.373202
W012,Jasper,2024-06-02T22:00:00,53.985303,-120.512538
W012,Jasper,2024-06-03T02:00:00,54.00423,-120.342172
W012,Jasper,2024-06-03T06:00:00,54.019125,-120.557197
W012,Jasper,2024-06-03T10:00:00,54.035457,-120.388741
W012,Jasper,2024-06-03T14:00:00,53.901069,-120.388753
W012,Jasper,2024-06-03T18:00:00,53.821768,-120.458531
W012,Jasper,2024-06-03T22:00:00,53.839479,-120.299066
W012,Jasper,2024-06-04T02:00:00,53.93634,-120.203623
W012,Jasper,2024-06-04T06:00:00,53.880285,-120.271256
W012,Jasper,2024-06-04T10:00:00,53.974945,-120.265735
W012,Jasper,2024-06-04T14:00:00,53.970781,-120.442989
W012,Jasper,2024-06-04T18:00:00,53.841786,-120.47036
W012,Jasper,2024-06-04T22:00:00,53.764636,-120.339649
W012,Jasper,2024-06-05T02:00:00,53.778417,-120.142913
W012,Jasper,2024-06-05T06:00:00,53.688191,-120.066404
W012,Jasper,2024-06-05T10:00:00,53.74442,-120.231424
W012,Jasper,2024-06-05T14:00:00,53.818474,-120.347415
W012,Jasper,2024-06-05T18:00:00,53.739982,-120.46008
W012,Jasper,2024-06-05T22:00:00,53.819041,-120.29372
W012,Jasper,2024-06-06T02:00:00,53.7118,-120.362446
W012,Jasper,2024-06-06T06:00:00,53.800889,-120.202518
W012,Jasper,2024-06-06T10:00:00,53.672667,-120.180288
W012,Jasper,2024-06-06T14:00:00,53.796614,-120.255457
W012,Jasper,2024-06-06T18:00:00,53.868308,-120.112305
W012,Jasper,2024-06-06T22:00:00,53.927434,-120.227743
W012,Jasper,2024-06-07T02:00:00,53.951733,-120.423245
W012,Jasper,2024-06-07T06:00:00,54.062802,-120.485562
W012,Jasper,2024-06-07T10:00:00,53.960333,-120.36223
W012,Jasper,2024-06-07T14:00:00,53.873317,-120.49102
W012,Jasper,2024-06-07T18:00:00,53.886693,-120.363149
W012,Jasper,2024-06-07T22:00:00,53.807925,-120.251315
W012,Jasper,2024-06-08T02:00:00,53.846445,-120.38289
W012,Jasper,2024-06-08T06:00:00,53.76419,-120.357805
W012,Jasper,2024-06-08T10:00:00,53.851318,-120.268561
W012,Jasper,2024-06-08T14:00:00,53.768704,-120.38299
W012,Jasper,2024-06-08T18:00:00,53.871665,-120.261892
W012,Jasper,2024-06-08T22:00:00,53.817292,-120.19546
W012,Jasper,2024-06-09T02:00:00,53.914559,-120.233889
W012,Jasper,2024-06-09T06:00:00,54.004185,-120.176429
W012,Jasper,2024-06-09T10:00:00,53.894493,-120.169822
W012,Jasper,2024-06-09T14:00:00,53.991318,-120.158748
W012,Jasper,2024-06-09T18:00:00,53.859478,-120.184438
W012,Jasper,2024-06-09T22:00:00,53.884829,-120.065638
W012,Jasper,2024-06-10T02:00:00,53.848971,-120.246854
W012,Jasper,2024-06-10T06:00:00,53.783736,-120.34458
W012,Jasper,2024-06-10T10:00:00,53.727374,-120.484984
W012,Jasper,2024-06-10T14:00:00,53.765545,-120.341649
W012,Jasper,2024-06-10T18:00:00,53.858539,-120.252326
W012,Jasper,2024-06-10T22:00:00,53.797574,-120.439413
W012,Jasper,2024-06-11T02:00:00,53.827376,-120.281127
W012,Jasper,2024-06-11T06:00:00,53.945458,-120.392464
W012,Jasper,2024-06-11T10:00:00,53.839977,-120.450189
W012,Jasper,2024-06-11T14:00:00,53.749204,-120.538493
W012,Jasper,2024-06-11T18:00:00,53.82145,-120.461779
W012,Jasper,2024-06-11T22:00:00,53.843595,-120.235949
W012,Jasper,2024-06-12T02:00:00,53.713883,-120.171714
W012,Jasper,2024-06-12T06:00:00,53.81331,-120.237023
W012,Jasper,2024-06-12T10:00:00,53.703393,-120.308886
W012,Jasper,2024-06-12T14:00:00,53.828855,-120.344107
W012,Jasper,2024-06-12T18:00:00,53.908797,-120.22162
W012,Jasper,2024-06-12T22:00:00,53.81721,-120.259364
W012,Jasper,2024-06-13T02:00:00,53.846007,-120.43383
W012,Jasper,2024-06-13T06:00:00,53.768582,-120.30598
W012,Jasper,2024-06-13T10:00:00,53.641663,-120.283814
W012,Jasper,2024-06-13T14:00:00,53.732356,-120.182429
W012,Jasper,2024-06-13T18:00:00,53.780362,-120.354372
W012,Jasper,2024-06-13T22:00:00,53.646093,-120.328519
W012,Jasper,2024-06-14T02:00:00,53.729228,-120.288828
W012,Jasper,2024-06-14T06:00:00,53.849077,-120.224288
W012,Jasper,2024-06-14T10:00:00,53.820157,-120.37905
W012,Jasper,2024-06-14T14:00:00,53.751448,-120.225233
W012,Jasper,2024-06-14T18:00:00,53.806055,-120.347162
W012,Jasper,2024-06-14T22:00:00,53.797519,-120.175226
W012,Jasper,2024-06-15T02:00:00,53.796728,-120.35111
W012,Jasper,2024-06-15T06:00:00,53.728001,-120.172736
W012,Jasper,2024-06-15T10:00:00,53.812215,-120.255675
W012,Jasper,2024-06-15T14:00:00,53.719919,-120.333738
W012,Jasper,2024-06-15T18:00:00,53.805507,-120.192181
W012,Jasper,2024-06-15T22:00:00,53.927873,-120.289283
W012,Jasper,2024-06-16T02:00:00,53.939168,-120.088224
W012,Jasper,2024-06-16T06:00:00,53.94591,-119.85894
W012,Jasper,2024-06-16T10:00:00,53.971541,-120.03519
W012,Jasper,2024-06-16T14:00:00,53.857438,-120.12423
W012,Jasper,2024-06-16T18:00:00,53.922189,-120.021292
W012,Jasper,2024-06-16T22:00:00,54.039095,-119.914599
W012,Jasper,2024-06-17T02:00:00,53.971721,-120.10052
W012,Jasper,2024-06-17T06:00:00,54.102177,-120.160458
W012,Jasper,2024-06-17T10:00:00,54.018017,-120.280164
W012,Jasper,2024-06-17T14:00:00,53.980483,-120.133591
W012,Jasper,2024-06-17T18:00:00,53.859892,-120.237298
W012,Jasper,2024-06-17T22:00:00,53.846596,-120.093396
W012,Jasper,2024-06-18T02:00:00,53.726243,-120.107691
W012,Jasper,2024-06-18T06:00:00,53.755395,-120.330719
W012,Jasper,2024-06-18T10:00:00,53.830554,-120.159525
W012,Jasper,2024-06-18T14:00:00,53.720735,-120.062011
W012,Jasper,2024-06-18T18:00:00,53.794354,-120.205584
W012,Jasper,2024-06-18T22:00:00,53.808546,-120.351906
W012,Jasper,2024-06-19T02:00:00,53.678269,-120.291096
W012,Jasper,2024-06-19T06:00:00,53.780712,-120.173301
W012,Jasper,2024-06-19T10:00:00,53.731521,-120.334438
W012,Jasper,2024-06-19T14:00:00,53.836943,-120.279861
W012,Jasper,2024-06-19T18:00:00,53.763516,-120.132492
W012,Jasper,2024-06-19T22:00:00,53.830154,-120.292301
W012,Jasper,2024-06-20T02:00:00,53.9335,-120.338993
W012,Jasper,2024-06-20T06:00:00,53.865951,-120.165739
W012,Jasper,2024-06-20T10:00:00,53.764844,-120.070202
W012,Jasper,2024-06-20T14:00:00,53.840866,-120.238971
W012,Jasper,2024-06-20T18:00:00,53.767099,-120.148846
W012,Jasper,2024-06-20T22:00:00,53.844243,-120.212262
W012,Jasper,2024-06-21T02:00:00,53.89728,-120.422933
W012,Jasper,2024-06-21T06:00:00,53.878217,-120.597385
W012,Jasper,2024-06-21T10:00:00,53.949443,-120.442599
W012,Jasper,2024-06-21T14:00:00,53.985154,-120.629211
W012,Jasper,2024-06-21T18:00:00,53.967455,-120.463965
W012,Jasper,2024-06-21T22:00:00,54.055058,-120.454837
W012,Jasper,2024-06-22T02:00:00,53.98537,-120.333663
W012,Jasper,2024-06-22T06:00:00,53.860246,-120.379803
W012,Jasper,2024-06-22T10:00:00,53.823201,-120.236449
W012,Jasper,2024-06-22T14:00:00,53.882724,-120.360704
W012,Jasper,2024-06-22T18:00:00,53.98711,-120.305967
W012,Jasper,2024-06-22T22:00:00,54.012266,-120.111884
W012,Jasper,2024-06-23T02:00:00,54.009183,-119.917308
W012,Jasper,2024-06-23T06:00:00,53.954517,-120.084448
W012,Jasper,2024-06-23T10:00:00,53.88575,-119.943733
W012,Jasper,2024-06-23T14:00:00,53.817827,-120.054329
W012,Jasper,2024-06-23T18:00:00,53.764017,-119.918636
W012,Jasper,2024-06-23T22:00:00,53.819634,-120.046545
W012,Jasper,2024-06-24T02:00:00,53.796422,-120.207107
W012,Jasper,2024-06-24T06:00:00,53.713899,-120.241522
W012,Jasper,2024-06-24T10:00:00,53.803725,-120.184346
W012,Jasper,2024-06-24T14:00:00,53.755456,-120.024158
W012,Jasper,2024-06-24T18:00:00,53.79326,-120.137745
W012,Jasper,2024-06-24T22:00:00,53.716769,-120.24999
W012,Jasper,2024-06-25T02:00:00,53.754724,-120.425339
W012,Jasper,2024-06-25T06:00:00,53.779152,-120.229567
W012,Jasper,2024-06-25T10:00:00,53.859451,-120.295015
W012,Jasper,2024-06-25T14:00:00,53.788195,-120.212653
W012,Jasper,2024-06-25T18:00:00,53.888156,-120.324449
W012,Jasper,2024-06-25T22:00:00,53.840525,-120.132694
W012,Jasper,2024-06-26T02:00:00,53.774135,-120.293894
W012,Jasper,2024-06-26T06:00:00,53.693311,-120.188434
W012,Jasper,2024-06-26T10:00:00,53.771783,-120.136454
W012,Jasper,2024-06-26T14:00:00,53.85944,-120.129839
W012,Jasper,2024-06-26T18:00:00,53.763395,-120.151385
W012,Jasper,2024-06-26T22:00:00,53.847605,-120.235293
W012,Jasper,2024-06-27T02:00:00,53.858578,-120.043324
W012,Jasper,2024-06-27T06:00:00,53.857536,-119.872556
W012,Jasper,2024-06-27T10:00:00,53.787045,-120.008938
W012,Jasper,2024-06-27T14:00:00,53.876984,-120.123476
W012,Jasper,2024-06-27T18:00:00,53.743763,-120.085038
W012,Jasper,2024-06-27T22:00:00,53.875792,-120.085656
W012,Jasper,2024-06-28T02:00:00,53.758762,-120.115797
W012,Jasper,2024-06-28T06:00:00,53.842778,-120.252428
W012,Jasper,2024-06-28T10:00:00,53.935985,-120.324848
W012,Jasper,2024-06-28T14:00:00,53.856688,-120.213193
W012,Jasper,2024-06-28T18:00:00,53.751829,-120.146856
W012,Jasper,2024-06-28T22:00:00,53.884793,-120.18766
W012,Jasper,2024-06-29T02:00:00,53.944034,-120.00317
W012,Jasper,2024-06-29T06:00:00,53.934868,-120.214337
W012,Jasper,2024-06-29T10:00:00,53.802593,-120.167355
W012,Jasper,2024-06-29T14:00:00,53.864456,-120.277649
W012,Jasper,2024-06-29T18:00:00,53.949665,-120.113511
W012,Jasper,2024-06-29T22:00:00,54.043586,-120.16705
W012,Jasper,2024-06-30T02:00:00,53.964284,-120.217967
W012,Jasper,2024-06-30T06:00:00,54.021134,-120.311856
W012,Jasper,2024-06-30T10:00:00,53.91451,-120.233287
W012,Jasper,2024-06-30T14:00:00,53.993447,-120.319617
W012,Jasper,2024-06-30T18:00:00,53.903075,-120.301816
W012,Jasper,2024-06-30T22:00:00,53.86423,-120.128541
W012,Jasper,2024-07-01T02:00:00,53.765579,-120.025598
W012,Jasper,2024-07-01T06:00:00,53.827461,-120.178581
W012,Jasper,2024-07-01T10:00:00,53.878608,-120.078652
W013,Willmore,2024-06-01T10:00:00,54.340676,-120.183162
W013,Willmore,2024-06-01T14:00:00,54.467962,-120.170619
W013,Willmore,2024-06-01T18:00:00,54.389792,-120.059495
W013,Willmore,2024-06-01T22:00:00,54.280084,-120.115539
W013,Willmore,2024-06-02T02:00:00,54.202784,-119.980861
W013,Willmore,2024-06-02T06:00:00,54.132968,-119.887976
W013,Willmore,2024-06-02T10:00:00,54.229241,-120.011023
W013,Willmore,2024-06-02T14:00:00,54.126684,-119.865364
W013,Willmore,2024-06-02T18:00:00,54.193748,-119.987184
W013,Willmore,2024-06-02T22:00:00,54.202536,-120.151157
W013,Willmore,2024-06-03T02:00:00,54.299082,-120.255972
W013,Willmore,2024-06-03T06:00:00,54.273619,-120.058885
W013,Willmore,2024-06-03T10:00:00,54.269953,-120.200043
W013,Willmore,2024-06-03T14:00:00,54.339461,-120.356552
W013,Willmore,2024-06-03T18:00:00,54.295476,-120.220358
W013,Willmore,2024-06-03T22:00:00,54.216096,-120.378389
W013,Willmore,2024-06-04T02:00:00,54.253149,-120.224155
W013,Willmore,2024-06-04T06:00:00,54.352184,-120.203393
W013,Willmore,2024-06-04T10:00:00,54.254218,-120.1689
W013,Willmore,2024-06-04T14:00:00,54.299248,-119.987859
W013,Willmore,2024-06-04T18:00:00,54.273316,-120.187816
W013,Willmore,2024-06-04T22:00:00,54.256594,-120.38554
W013,Willmore,2024-06-05T02:00:00,54.223568,-120.207325
W013,Willmore,2024-06-05T06:00:00,54.188991,-120.062162
W013,Willmore,2024-06-05T10:00:00,54.222254,-120.239157
W013,Willmore,2024-06-05T14:00:00,54.255252,-120.451083
W013,Willmore,2024-06-05T18:00:00,54.302194,-120.284868
W013,Willmore,2024-06-05T22:00:00,54.244977,-120.075061
W013,Willmore,2024-06-06T02:00:00,54.262033,-120.254586
W013,Willmore,2024-06-06T06:00:00,54.306944,-120.052284
W013,Willmore,2024-06-06T10:00:00,54.370541,-120.22043
W013,Willmore,2024-06-06T14:00:00,54.379089,-120.011555
W013,Willmore,2024-06-06T18:00:00,54.331088,-120.219549
W013,Willmore,2024-06-06T22:00:00,54.229659,-120.154396
W013,Willmore,2024-06-07T02:00:00,54.219158,-120.384879
W013,Willmore,2024-06-07T06:00:00,54.218097,-120.166491
W013,Willmore,2024-06-07T10:00:00,54.328381,-120.187775
W013,Willmore,2024-06-07T14:00:00,54.243205,-120.162591
W013,Willmore,2024-06-07T18:00:00,54.198185,-120.006723
W013,Willmore,2024-06-07T22:00:00,54.133516,-120.123213
W013,Willmore,2024-06-08T02:00:00,54.251777,-120.011609
W013,Willmore,2024-06-08T06:00:00,54.190895,-120.135219
W013,Willmore,2024-06-08T10:00:00,54.224554,-119.96288
W013,Willmore,2024-06-08T14:00:00,54.251718,-119.736444
W013,Willmore,2024-06-08T18:00:00,54.294731,-119.861439
W013,Willmore,2024-06-08T22:00:00,54.25527,-120.064175
W013,Willmore,2024-06-09T02:00:00,54.236032,-119.865161
W013,Willmore,2024-06-09T06:00:00,54.31675,-120.042417
W013,Willmore,2024-06-09T10:00:00,54.340422,-120.232505
W013,Willmore,2024-06-09T14:00:00,54.347619,-120.046963
W013,Willmore,2024-06-09T18:00:00,54.27033,-119.90822
W013,Willmore,2024-06-09T22:00:00,54.368593,-119.799342
W013,Willmore,2024-06-10T02:00:00,54.261594,-119.865531
W013,Willmore,2024-06-10T06:00:00,54.309979,-119.9743
W013,Willmore,2024-06-10T10:00:00,54.410105,-119.906629
W013,Willmore,2024-06-10T14:00:00,54.322428,-119.947726
W013,Willmore,2024-06-10T18:00:00,54.334435,-119.759358
W013,Willmore,2024-06-10T22:00:00,54.393016,-119.896404
W013,Willmore,2024-06-11T02:00:00,54.336269,-120.047036
W013,Willmore,2024-06-11T06:00:00,54.266268,-119.998378
W013,Willmore,2024-06-11T10:00:00,54.192249,-119.84153
W013,Willmore,2024-06-11T14:00:00,54.299486,-119.978596
W013,Willmore,2024-06-11T18:00:00,54.164927,-119.957241
W013,Willmore,2024-06-11T22:00:00,54.225417,-120.08058
W013,Willmore,2024-06-12T02:00:00,54.265854,-119.916141
W013,Willmore,2024-06-12T06:00:00,54.209962,-119.78027
W013,Willmore,2024-06-12T10:00:00,54.181117,-119.955594
W013,Willmore,2024-06-12T14:00:00,54.06088,-120.028863
W013,Willmore,2024-06-12T18:00:00,54.133798,-120.040866
W013,Willmore,2024-06-12T22:00:00,54.22781,-120.146311
W013,Willmore,2024-06-13T02:00:00,54.146178,-119.992089
W013,Willmore,2024-06-13T06:00:00,54.239251,-120.156189
W013,Willmore,2024-06-13T10:00:00,54.338303,-120.136161
W013,Willmore,2024-06-13T14:00:00,54.410487,-120.292048
W013,Willmore,2024-06-13T18:00:00,54.374578,-120.112893
W013,Willmore,2024-06-13T22:00:00,54.30437,-119.982748
W013,Willmore,2024-06-14T02:00:00,54.214607,-120.006193
W013,Willmore,2024-06-14T06:00:00,54.110835,-120.00346
W013,Willmore,2024-06-14T10:00:00,54.168191,-120.109467
W013,Willmore,2024-06-14T14:00:00,54.242557,-120.00375
W013,Willmore,2024-06-14T18:00:00,54.11269,-120.036378
W013,Willmore,2024-06-14T22:00:00,54.247672,-120.047357
W013,Willmore,2024-06-15T02:00:00,54.287183,-119.829597
W013,Willmore,2024-06-15T06:00:00,54.239237,-120.045392
W013,Willmore,2024-06-15T10:00:00,54.141032,-120.125776
W013,Willmore,2024-06-15T14:00:00,54.020903,-120.159342
W013,Willmore,2024-06-15T18:00:00,54.105596,-120.139369
W013,Willmore,2024-06-15T22:00:00,54.198795,-120.169849
W013,Willmore,2024-06-16T02:00:00,54.312881,-120.076764
W013,Willmore,2024-06-16T06:00:00,54.193784,-120.065729
W013,Willmore,2024-06-16T10:00:00,54.272953,-120.17801
W013,Willmore,2024-06-16T14:00:00,54.398378,-120.091871
W013,Willmore,2024-06-16T18:00:00,54.336581,-119.907801
W013,Willmore,2024-06-16T22:00:00,54.267507,-120.014478
W013,Willmore,2024-06-17T02:00:00,54.237343,-120.207731
W013,Willmore,2024-06-17T06:00:00,54.348061,-120.158259
W013,Willmore,2024-06-17T10:00:00,54.434312,-120.088184
W013,Willmore,2024-06-17T14:00:00,54.40022,-120.238254
W013,Willmore,2024-06-17T18:00:00,54.319345,-120.095392
W013,Willmore,2024-06-17T22:00:00,54.358202,-119.92878
W013,Willmore,2024-06-18T02:00:00,54.288774,-120.01641
W013,Willmore,2024-06-18T06:00:00,54.214062,-120.144932
W013,Willmore,2024-06-18T10:00:00,54.109793,-120.039758
W013,Willmore,2024-06-18T14:00:00,54.243277,-120.00384
W013,Willmore,2024-06-18T18:00:00,54.165509,-119.838711
W013,Willmore,2024-06-18T22:00:00,54.205165,-119.961977
W013,Willmore,2024-06-19T02:00:00,54.254367,-119.782043
W013,Willmore,2024-06-19T06:00:00,54.21666,-119.94206
W013,Willmore,2024-06-19T10:00:00,54.280801,-119.77351
W013,Willmore,2024-06-19T14:00:00,54.26814,-119.990994
W013,Willmore,2024-06-19T18:00:00,54.366707,-120.000057
W013,Willmore,2024-06-19T22:00:00,54.260263,-120.097571
W013,Willmore,2024-06-20T02:00:00,54.271264,-120.308343
W013,Willmore,2024-06-20T06:00:00,54.236295,-120.181643
W013,Willmore,2024-06-20T10:00:00,54.256541,-120.031431
W013,Willmore,2024-06-20T14:00:00,54.265754,-120.190722
W013,Willmore,2024-06-20T18:00:00,54.382721,-120.239934
W013,Willmore,2024-06-20T22:00:00,54.354249,-120.071868
W013,Willmore,2024-06-21T02:00:00,54.337348,-120.265287
W013,Willmore,2024-06-21T06:00:00,54.284132,-120.05768
W013,Willmore,2024-06-21T10:00:00,54.267699,-119.97434
W013,Willmore,2024-06-21T14:00:00,54.236037,-119.808665
W013,Willmore,2024-06-21T18:00:00,54.333253,-119.911645
W013,Willmore,2024-06-21T22:00:00,54.294622,-120.133738
W013,Willmore,2024-06-22T02:00:00,54.197653,-120.191984
W013,Willmore,2024-06-22T06:00:00,54.108864,-120.248057
W013,Willmore,2024-06-22T10:00:00,54.200243,-120.122212
W013,Willmore,2024-06-22T14:00:00,54.280576,-119.959546
W013,Willmore,2024-06-22T18:00:00,54.205365,-119.81722
W013,Willmore,2024-06-22T22:00:00,54.203122,-119.982498
W013,Willmore,2024-06-23T02:00:00,54.113347,-119.870688
W013,Willmore,2024-06-23T06:00:00,54.208833,-119.925634
W013,Willmore,2024-06-23T10:00:00,54.193361,-120.08354
W013,Willmore,2024-06-23T14:00:00,54.244221,-120.252303
W013,Willmore,2024-06-23T18:00:00,54.208133,-120.407138
W013,Willmore,2024-06-23T22:00:00,54.251761,-120.306626
W013,Willmore,2024-06-24T02:00:00,54.273495,-120.147408
W013,Willmore,2024-06-24T06:00:00,54.366221,-120.062076
W013,Willmore,2024-06-24T10:00:00,54.329435,-120.192969
W013,Willmore,2024-06-24T14:00:00,54.260888,-120.026668
W013,Willmore,2024-06-24T18:00:00,54.338978,-120.172984
W013,Willmore,2024-06-24T22:00:00,54.401213,-120.286969
W013,Willmore,2024-06-25T02:00:00,54.290922,-120.254202
W013,Willmore,2024-06-25T06:00:00,54.30908,-120.432989
W013,Willmore,2024-06-25T10:00:00,54.323907,-120.252272
W013,Willmore,2024-06-25T14:00:00,54.220917,-120.151951
W013,Willmore,2024-06-25T18:00:00,54.288081,-119.994711
W013,Willmore,2024-06-25T22:00:00,54.378698,-119.943708
W013,Willmore,2024-06-26T02:00:00,54.30541,-120.079715
W013,Willmore,2024-06-26T06:00:00,54.220398,-120.027895
W013,Willmore,2024-06-26T10:00:00,54.236182,-119.875562
W013,Willmore,2024-06-26T14:00:00,54.230193,-120.039651
W013,Willmore,2024-06-26T18:00:00,54.314898,-119.881018
W013,Willmore,2024-06-26T22:00:00,54.319334,-120.101138
W013,Willmore,2024-06-27T02:00:00,54.427265,-119.991578
W013,Willmore,2024-06-27T06:00:00,54.319138,-119.931399
W013,Willmore,2024-06-27T10:00:00,54.297163,-120.112255
W013,Willmore,2024-06-27T14:00:00,54.189872,-120.184107
W013,Willmore,2024-06-27T18:00:00,54.217114,-120.051928
W013,Willmore,2024-06-27T22:00:00,54.134981,-120.177337
W013,Willmore,2024-06-28T02:00:00,54.239352,-120.137964
W013,Willmore,2024-06-28T06:00:00,54.179207,-119.930893
W013,Willmore,2024-06-28T10:00:00,54.246802,-120.103782
W013,Willmore,2024-06-28T14:00:00,54.197455,-120.261484
W013,Willmore,2024-06-28T18:00:00,54.157329,-120.117458
W013,Willmore,2024-06-28T22:00:00,54.061085,-120.227471
W013,Willmore,2024-06-29T02:00:00,54.158625,-120.098975
W013,Willmore,2024-06-29T06:00:00,54.29134,-120.113008
W013,Willmore,2024-06-29T10:00:00,54.192088,-120.048396
W013,Willmore,2024-06-29T14:00:00,54.238372,-120.22165
W013,Willmore,2024-06-29T18:00:00,54.273329,-120.038787
W013,Willmore,2024-06-29T22:00:00,54.325569,-120.157532
W013,Willmore,2024-06-30T02:00:00,54.424277,-120.013207
W013,Willmore,2024-06-30T06:00:00,54.337329,-120.191021
W013,Willmore,2024-06-30T10:00:00,54.39497,-120.400666
W013,Willmore,2024-06-30T14:00:00,54.308733,-120.345734
W013,Willmore,2024-06-30T18:00:00,54.241589,-120.195315
W013,Willmore,2024-06-30T22:00:00,54.361147,-120.165872
W013,Willmore,2024-07-01T02:00:00,54.247582,-120.178729
W013,Willmore,2024-07-01T06:00:00,54.241363,-119.983249
W014,Willmore,2024-06-01T13:00:00,54.134652,-120.427291
W014,Willmore,2024-06-01T17:00:00,54.203361,-120.304451
W014,Willmore,2024-06-01T21:00:00,54.271023,-120.12188
W014,Willmore,2024-06-02T01:00:00,54.303914,-119.945915
W014,Willmore,2024-06-02T05:00:00,54.26618,-120.131094
W014,Willmore,2024-06-02T09:00:00,54.365409,-120.192052
W014,Willmore,2024-06-02T13:00:00,54.237329,-120.191641
W014,Willmore,2024-06-02T17:00:00,54.175528,-120.365382
W014,Willmore,2024-06-02T21:00:00,54.236423,-120.183488
W014,Willmore,2024-06-03T01:00:00,54.325474,-120.320562
W014,Willmore,2024-06-03T05:00:00,54.403556,-120.169982
W014,Willmore,2024-06-03T09:00:00,54.356214,-119.952533
W014,Willmore,2024-06-03T13:00:00,54.340252,-120.133378
W014,Willmore,2024-06-03T17:00:00,54.261307,-120.228052
W014,Willmore,2024-06-03T21:00:00,54.377059,-120.270013
W014,Willmore,2024-06-04T01:00:00,54.387449,-120.074394
W014,Willmore,2024-06-04T05:00:00,54.35942,-120.234804
W014,Willmore,2024-06-04T09:00:00,54.304268,-120.055438
W014,Willmore,2024-06-04T13:00:00,54.299765,-120.274303
W014,Willmore,2024-06-04T17:00:00,54.216686,-120.091659
W014,Willmore,2024-06-04T21:00:00,54.180762,-119.911573
W014,Willmore,2024-06-05T01:00:00,54.222918,-120.13096
W014,Willmore,2024-06-05T05:00:00,54.217754,-119.948042
W014,Willmore,2024-06-05T09:00:00,54.130865,-119.820589
W014,Willmore,2024-06-05T13:00:00,54.183809,-120.032782
W014,Willmore,2024-06-05T17:00:00,54.20446,-119.804568
W014,Willmore,2024-06-05T21:00:00,54.193383,-119.962419
W014,Willmore,2024-06-06T01:00:00,54.273533,-119.802503
W014,Willmore,2024-06-06T05:00:00,54.207245,-119.94274
W014,Willmore,2024-06-06T09:00:00,54.171472,-120.08788
W014,Willmore,2024-06-06T13:00:00,54.106186,-120.024108
W014,Willmore,2024-06-06T17:00:00,54.174729,-120.126378
W014,Willmore,2024-06-06T21:00:00,54.080999,-120.073421
W014,Willmore,2024-06-07T01:00:00,54.204512,-119.99996
W014,Willmore,2024-06-07T05:00:00,54.093268,-120.10613
W014,Willmore,2024-06-07T09:00:00,54.192796,-120.152849
W014,Willmore,2024-06-07T13:00:00,54.294017,-120.280816
W014,Willmore,2024-06-07T17:00:00,54.402832,-120.399858
W014,Willmore,2024-06-07T21:00:00,54.344485,-120.326201
W014,Willmore,2024-06-08T01:00:00,54.380506,-120.145328
W014,Willmore,2024-06-08T05:00:00,54.29192,-120.071758
W014,Willmore,2024-06-08T09:00:00,54.267425,-120.28763
W014,Willmore,2024-06-08T13:00:00,54.314594,-120.103734
W014,Willmore,2024-06-08T17:00:00,54.426149,-120.067897
W014,Willmore,2024-06-08T21:00:00,54.33375,-120.004169
W014,Willmore,2024-06-09T01:00:00,54.464888,-120.060118
W014,Willmore,2024-06-09T05:00:00,54.408896,-120.199133
W014,Willmore,2024-06-09T09:00:00,54.365504,-120.008235
W014,Willmore,2024-06-09T13:00:00,54.266014,-120.077444
W014,Willmore,2024-06-09T17:00:00,54.37625,-120.04609
W014,Willmore,2024-06-09T21:00:00,54.322526,-120.224455
W014,Willmore,2024-06-10T01:00:00,54.239089,-120.336298
W014,Willmore,2024-06-10T05:00:00,54.280729,-120.200467
W014,Willmore,2024-06-10T09:00:00,54.376071,-120.111387
W014,Willmore,2024-06-10T13:00:00,54.26394,-120.103665
W014,Willmore,2024-06-10T17:00:00,54.319949,-120.242623
W014,Willmore,2024-06-10T21:00:00,54.353206,-120.113149
W014,Willmore,2024-06-11T01:00:00,54.267149,-119.986968
W014,Willmore,2024-06-11T05:00:00,54.281627,-119.821909
W014,Willmore,2024-06-11T09:00:00,54.178495,-119.886806
W014,Willmore,2024-06-11T13:00:00,54.310789,-119.922003
W014,Willmore,2024-06-11T17:00:00,54.293175,-120.070108
W014,Willmore,2024-06-11T21:00:00,54.332479,-119.849558
W014,Willmore,2024-06-12T01:00:00,54.330408,-120.040367
W014,Willmore,2024-06-12T05:00:00,54.236453,-120.186167
W014,Willmore,2024-06-12T09:00:00,54.197381,-120.348613
W014,Willmore,2024-06-12T13:00:00,54.308481,-120.222593
W014,Willmore,2024-06-12T17:00:00,54.2461,-120.30873
W014,Willmore,2024-06-12T21:00:00,54.205407,-120.112229
W014,Willmore,2024-06-13T01:00:00,54.140545,-120.025256
W014,Willmore,2024-06-13T05:00:00,54.227026,-120.190682
W014,Willmore,2024-06-13T09:00:00,54.203435,-120.32675
W014,Willmore,2024-06-13T13:00:00,54.200261,-120.151943
W014,Willmore,2024-06-13T17:00:00,54.094091,-120.101554
W014,Willmore,2024-06-13T21:00:00,54.196907,-120.24989
W014,Willmore,2024-06-14T01:00:00,54.305056,-120.268737
W014,Willmore,2024-06-14T05:00:00,54.431596,-120.214139
W014,Willmore,2024-06-14T09:00:00,54.3468,-120.212979
W014,Willmore,2024-06-14T13:00:00,54.276133,-120.047696
W014,Willmore,2024-06-14T17:00:00,54.287005,-120.171928
W014,Willmore,2024-06-14T21:00:00,54.259711,-119.968251
W014,Willmore,2024-06-15T01:00:00,54.360713,-120.064684
W014,Willmore,2024-06-15T05:00:00,54.316088,-120.25795
W014,Willmore,2024-06-15T09:00:00,54.240375,-120.427697
W014,Willmore,2024-06-15T13:00:00,54.19683,-120.280015
W014,Willmore,2024-06-15T17:00:00,54.197286,-120.075683
W014,Willmore,2024-06-15T21:00:00,54.299455,-120.21234
W014,Willmore,2024-06-16T01:00:00,54.25899,-120.072928
W014,Willmore,2024-06-16T05:00:00,54.360663,-120.045458
W014,Willmore,2024-06-16T09:00:00,54.417248,-120.120011
W014,Willmore,2024-06-16T13:00:00,54.298229,-120.128554
W014,Willmore,2024-06-16T17:00:00,54.252075,-119.971076
W014,Willmore,2024-06-16T21:00:00,54.298997,-119.837207
W014,Willmore,2024-06-17T01:00:00,54.281447,-119.980209
W014,Willmore,2024-06-17T05:00:00,54.254215,-120.145511
W014,Willmore,2024-06-17T09:00:00,54.226887,-120.31558
W014,Willmore,2024-06-17T13:00:00,54.257515,-120.148376
W014,Willmore,2024-06-17T17:00:00,54.212066,-120.214467
W014,Willmore,2024-06-17T21:00:00,54.327843,-120.158421
W014,Willmore,2024-06-18T01:00:00,54.388566,-119.96649
W014,Willmore,2024-06-18T05:00:00,54.394548,-120.119845
W014,Willmore,2024-06-18T09:00:00,54.286945,-120.049777
W014,Willmore,2024-06-18T13:00:00,54.407475,-119.980801
W014,Willmore,2024-06-18T17:00:00,54.283488,-120.060789
W014,Willmore,2024-06-18T21:00:00,54.414579,-120.116995
W014,Willmore,2024-06-19T01:00:00,54.311388,-120.153579
W014,Willmore,2024-06-19T05:00:00,54.44649,-120.148437
W014,Willmore,2024-06-19T09:00:00,54.367843,-120.116179
W014,Willmore,2024-06-19T13:00:00,54.288953,-119.996467
W014,Willmore,2024-06-19T17:00:00,54.327249,-120.170247
W014,Willmore,2024-06-19T21:00:00,54.346208,-120.016314
W014,Willmore,2024-06-20T01:00:00,54.295081,-120.153515
W014,Willmore,2024-06-20T05:00:00,54.223106,-120.244566
W014,Willmore,2024-06-20T09:00:00,54.336694,-120.236537
W014,Willmore,2024-06-20T13:00:00,54.30232,-120.041404
W014,Willmore,2024-06-20T17:00:00,54.324692,-119.900774
W014,Willmore,2024-06-20T21:00:00,54.300542,-120.038685
W014,Willmore,2024-06-21T01:00:00,54.234295,-119.880388
W014,Willmore,2024-06-21T05:00:00,54.253394,-120.067358
W014,Willmore,2024-06-21T09:00:00,54.211195,-119.938112
W014,Willmore,2024-06-21T13:00:00,54.293464,-119.851657
W014,Willmore,2024-06-21T17:00:00,54.393486,-120.007353
W014,Willmore,2024-06-21T21:00:00,54.323318,-120.165796
W014,Willmore,2024-06-22T01:00:00,54.239505,-120.235955
W014,Willmore,2024-06-22T05:00:00,54.161447,-120.290964
W014,Willmore,2024-06-22T09:00:00,54.238755,-120.101662
W014,Willmore,2024-06-22T13:00:00,54.250941,-120.280118
W014,Willmore,2024-06-22T17:00:00,54.201528,-120.108356
W014,Willmore,2024-06-22T21:00:00,54.208675,-120.338496
W014,Willmore,2024-06-23T01:00:00,54.214853,-120.188278
W014,Willmore,2024-06-23T05:00:00,54.113965,-120.156282
W014,Willmore,2024-06-23T09:00:00,54.177105,-119.955011
W014,Willmore,2024-06-23T13:00:00,54.201873,-119.790855
W014,Willmore,2024-06-23T17:00:00,54.226417,-119.999472
W014,Willmore,2024-06-23T21:00:00,54.12356,-120.084121
W014,Willmore,2024-06-24T01:00:00,54.250886,-120.129139
W014,Willmore,2024-06-24T05:00:00,54.145883,-120.268148
W014,Willmore,2024-06-24T09:00:00,54.190254,-120.071848
W014,Willmore,2024-06-24T13:00:00,54.11789,-120.010828
W014,Willmore,2024-06-24T17:00:00,54.189136,-120.167364
W014,Willmore,2024-06-24T21:00:00,54.265991,-120.232117
W014,Willmore,2024-06-25T01:00:00,54.193202,-120.341012
W014,Willmore,2024-06-25T05:00:00,54.209912,-120.209051
W014,Willmore,2024-06-25T09:00:00,54.266034,-120.295098
W014,Willmore,2024-06-25T13:00:00,54.277797,-120.110288
W014,Willmore,2024-06-25T17:00:00,54.355243,-119.988509
W014,Willmore,2024-06-25T21:00:00,54.235888,-119.976888
W014,Willmore,2024-06-26T01:00:00,54.226831,-120.173296
W014,Willmore,2024-06-26T05:00:00,54.128235,-120.073022
W014,Willmore,2024-06-26T09:00:00,54.25697,-120.022286
W014,Willmore,2024-06-26T13:00:00,54.295882,-120.203572
W014,Willmore,2024-06-26T17:00:00,54.253872,-120.385442
W014,Willmore,2024-06-26T21:00:00,54.252758,-120.1575
W014,Willmore,2024-06-27T01:00:00,54.21707,-119.970626
W014,Willmore,2024-06-27T05:00:00,54.276601,-119.882181
W014,Willmore,2024-06-27T09:00:00,54.240719,-120.039484
W014,Willmore,2024-06-27T13:00:00,54.128364,-120.12837
W014,Willmore,2024-06-27T17:00:00,54.263497,-120.129545
W014,Willmore,2024-06-27T21:00:00,54.369356,-120.225832
W014,Willmore,2024-06-28T01:00:00,54.342948,-119.998335
W014,Willmore,2024-06-28T05:00:00,54.450978,-119.956228
W014,Willmore,2024-06-28T09:00:00,54.374209,-120.103491
W014,Willmore,2024-06-28T13:00:00,54.302792,-120.130533
W014,Willmore,2024-06-28T17:00:00,54.351459,-120.326072
W014,Willmore,2024-06-28T21:00:00,54.299351,-120.187943
W014,Willmore,2024-06-29T01:00:00,54.194848,-120.211794
W014,Willmore,2024-06-29T05:00:00,54.116595,-120.260118
W014,Willmore,2024-06-29T09:00:00,54.120772,-120.094199
W014,Willmore,2024-06-29T13:00:00,54.212802,-120.199732
W014,Willmore,2024-06-29T17:00:00,54.251141,-120.421325
W014,Willmore,2024-06-29T21:00:00,54.237257,-120.22165
W014,Willmore,2024-06-30T01:00:00,54.154428,-120.080353
W014,Willmore,2024-06-30T05:00:00,54.062304,-120.114764
W014,Willmore,2024-06-30T09:00:00,54.156917,-119.987639
W014,Willmore,2024-06-30T13:00:00,54.179431,-120.17422
W014,Willmore,2024-06-30T17:00:00,54.137752,-119.988511
W014,Willmore,2024-06-30T21:00:00,54.159783,-120.200056
W014,Willmore,2024-07-01T01:00:00,54.236464,-120.327689
W014,Willmore,2024-07-01T05:00:00,54.311886,-120.177527
W014,Willmore,2024-07-01T09:00:00,54.268839,-119.962575
W015,Willmore,2024-06-01T14:00:00,54.344646,-120.183514
W015,Willmore,2024-06-01T18:00:00,54.271831,-120.137452
W015,Willmore,2024-06-01T22:00:00,54.14329,-120.137527
W015,Willmore,2024-06-02T02:00:00,54.184138,-119.960711
W015,Willmore,2024-06-02T06:00:00,54.05155,-119.994597
W015,Willmore,2024-06-02T10:00:00,54.136987,-120.063792
W015,Willmore,2024-06-02T14:00:00,54.205025,-120.184696
W015,Willmore,2024-06-02T18:00:00,54.148719,-120.378783
W015,Willmore,2024-06-02T22:00:00,54.135441,-120.261599
W015,Willmore,2024-06-03T02:00:00,54.26267,-120.220065
W015,Willmore,2024-06-03T06:00:00,54.1485,-120.247691
W015,Willmore,2024-06-03T10:00:00,54.221668,-120.053708
W015,Willmore,2024-06-03T14:00:00,54.306032,-119.96581
W015,Willmore,2024-06-03T18:00:00,54.222109,-119.935433
W015,Willmore,2024-06-03T22:00:00,54.152269,-120.121038
W015,Willmore,2024-06-04T02:00:00,54.108521,-119.940627
W015,Willmore,2024-06-04T06:00:00,54.155677,-120.079994
W015,Willmore,2024-06-04T10:00:00,54.198222,-119.887551
W015,Willmore,2024-06-04T14:00:00,54.214443,-120.053059
W015,Willmore,2024-06-04T18:00:00,54.099126,-119.976575
W015,Willmore,2024-06-04T22:00:00,54.200972,-120.070129
W015,Willmore,2024-06-05T02:00:00,54.123882,-120.198559
W015,Willmore,2024-06-05T06:00:00,54.229309,-120.138037
W015,Willmore,2024-06-05T10:00:00,54.166227,-119.990126
W015,Willmore,2024-06-05T14:00:00,54.136819,-120.160442
W015,Willmore,2024-06-05T18:00:00,54.244137,-120.080227
W015,Willmore,2024-06-05T22:00:00,54.353501,-119.990364
W015,Willmore,2024-06-06T02:00:00,54.270319,-120.071554
W015,Willmore,2024-06-06T06:00:00,54.172804,-120.040499
W015,Willmore,2024-06-06T10:00:00,54.122537,-120.210349
W015,Willmore,2024-06-06T14:00:00,54.199816,-120.070091
W015,Willmore,2024-06-06T18:00:00,54.119169,-120.165212
W015,Willmore,2024-06-06T22:00:00,54.226156,-120.228071
W015,Willmore,2024-06-07T02:00:00,54.198239,-120.373075
W015,Willmore,2024-06-07T06:00:00,54.242474,-120.226474
W015,Willmore,2024-06-07T10:00:00,54.185328,-120.406683
W015,Willmore,2024-06-07T14:00:00,54.267409,-120.400494
W015,Willmore,2024-06-07T18:00:00,54.25977,-120.233268
W015,Willmore,2024-06-07T22:00:00,54.319247,-120.122354
W015,Willmore,2024-06-08T02:00:00,54.19802,-120.080368
W015,Willmore,2024-06-08T06:00:00,54.13,-120.047049
W015,Willmore,2024-06-08T10:00:00,54.17069,-120.196872
W015,Willmore,2024-06-08T14:00:00,54.186317,-120.036214
W015,Willmore,2024-06-08T18:00:00,54.257613,-120.181448
W015,Willmore,2024-06-08T22:00:00,54.196423,-120.097068
W015,Willmore,2024-06-09T02:00:00,54.171075,-120.229332
W015,Willmore,2024-06-09T06:00:00,54.239058,-120.335137
W015,Willmore,2024-06-09T10:00:00,54.252332,-120.198858
W015,Willmore,2024-06-09T14:00:00,54.144243,-120.169952
W015,Willmore,2024-06-09T18:00:00,54.190154,-120.025661
W015,Willmore,2024-06-09T22:00:00,54.204127,-120.236609
W015,Willmore,2024-06-10T02:00:00,54.284455,-120.132909
W015,Willmore,2024-06-10T06:00:00,54.326613,-120.29271
W015,Willmore,2024-06-10T10:00:00,54.331866,-120.099592
W015,Willmore,2024-06-10T14:00:00,54.244509,-120.130859
W015,Willmore,2024-06-10T18:00:00,54.177661,-120.048634
W015,Willmore,2024-06-10T22:00:00,54.094929,-120.092557
W015,Willmore,2024-06-11T02:00:00,54.204618,-120.005078
W015,Willmore,2024-06-11T06:00:00,54.147844,-119.853631
W015,Willmore,2024-06-11T10:00:00,54.121932,-120.049353
W015,Willmore,2024-06-11T14:00:00,54.1918,-120.199215
W015,Willmore,2024-06-11T18:00:00,54.201649,-120.006196
W015,Willmore,2024-06-11T22:00:00,54.156698,-120.131798
W015,Willmore,2024-06-12T02:00:00,54.035981,-120.235518
W015,Willmore,2024-06-12T06:00:00,54.162995,-120.257834
W015,Willmore,2024-06-12T10:00:00,54.262266,-120.176378
W015,Willmore,2024-06-12T14:00:00,54.311852,-120.350994
W015,Willmore,2024-06-12T18:00:00,54.186475,-120.304737
W015,Willmore,2024-06-12T22:00:00,54.209422,-120.110519
W015,Willmore,2024-06-13T02:00:00,54.122341,-119.968761
W015,Willmore,2024-06-13T06:00:00,54.125321,-120.104539
W015,Willmore,2024-06-13T10:00:00,54.200293,-119.96939
W015,Willmore,2024-06-13T14:00:00,54.295978,-120.109523
W015,Willmore,2024-06-13T18:00:00,54.425118,-120.109266
W015,Willmore,2024-06-13T22:00:00,54.332302,-120.128327
W015,Willmore,2024-06-14T02:00:00,54.218267,-120.167236
W015,Willmore,2024-06-14T06:00:00,54.248357,-120.022395
W015,Willmore,2024-06-14T10:00:00,54.196968,-120.214027
W015,Willmore,2024-06-14T14:00:00,54.281259,-120.301449
W015,Willmore,2024-06-14T18:00:00,54.313135,-120.086444
W015,Willmore,2024-06-14T22:00:00,54.189206,-119.994079
W015,Willmore,2024-06-15T02:00:00,54.294675,-119.880815
W015,Willmore,2024-06-15T06:00:00,54.395985,-119.935963
W015,Willmore,2024-06-15T10:00:00,54.306341,-120.047824
W015,Willmore,2024-06-15T14:00:00,54.275251,-119.860843
W015,Willmore,2024-06-15T18:00:00,54.307604,-120.009487
W015,Willmore,2024-06-15T22:00:00,54.36551,-120.21784
W015,Willmore,2024-06-16T02:00:00,54.348488,-120.018617
W015,Willmore,2024-06-16T06:00:00,54.438286,-120.191874
W015,Willmore,2024-06-16T10:00:00,54.333235,-120.251927
W015,Willmore,2024-06-16T14:00:00,54.266553,-120.134214
W015,Willmore,2024-06-16T18:00:00,54.175324,-120.179723
W015,Willmore,2024-06-16T22:00:00,54.11263,-120.354484
W015,Willmore,2024-06-17T02:00:00,54.15415,-120.205659
W015,Willmore,2024-06-17T06:00:00,54.195638,-120.317351
W015,Willmore,2024-06-17T10:00:00,54.105225,-120.145674
W015,Willmore,2024-06-17T14:00:00,54.238265,-120.105239
W015,Willmore,2024-06-17T18:00:00,54.327939,-120.030967
W015,Willmore,2024-06-17T22:00:00,54.193276,-120.011626
W015,Willmore,2024-06-18T02:00:00,54.09098,-119.938215
W015,Willmore,2024-06-18T06:00:00,54.170992,-120.080645
W015,Willmore,2024-06-18T10:00:00,54.078245,-120.035722
W015,Willmore,2024-06-18T14:00:00,54.170051,-120.066337
W015,Willmore,2024-06-18T18:00:00,54.094771,-120.001527
W015,Willmore,2024-06-18T22:00:00,54.212021,-120.006667
W015,Willmore,2024-06-19T02:00:00,54.157061,-119.885986
W015,Willmore,2024-06-19T06:00:00,54.220827,-120.021457
W015,Willmore,2024-06-19T10:00:00,54.105504,-120.126591
W015,Willmore,2024-06-19T14:00:00,54.220354,-120.150139
W015,Willmore,2024-06-19T18:00:00,54.134521,-120.193959
W015,Willmore,2024-06-19T22:00:00,54.239215,-120.238562
W015,Willmore,2024-06-20T02:00:00,54.116281,-120.334578
W015,Willmore,2024-06-20T06:00:00,54.188548,-120.203123
W015,Willmore,2024-06-20T10:00:00,54.239167,-120.095711
W015,Willmore,2024-06-20T14:00:00,54.226115,-120.284853
W015,Willmore,2024-06-20T18:00:00,54.250493,-120.512223
W015,Willmore,2024-06-20T22:00:00,54.270485,-120.339655
W015,Willmore,2024-06-21T02:00:00,54.243239,-120.15769
W015,Willmore,2024-06-21T06:00:00,54.141619,-120.127284
W015,Willmore,2024-06-21T10:00:00,54.234867,-120.042253
W015,Willmore,2024-06-21T14:00:00,54.193229,-120.121729
W015,Willmore,2024-06-21T18:00:00,54.299838,-120.05899
W015,Willmore,2024-06-21T22:00:00,54.248148,-119.926055
W015,Willmore,2024-06-22T02:00:00,54.13678,-119.941253
W015,Willmore,2024-06-22T06:00:00,54.121099,-120.089341
W015,Willmore,2024-06-22T10:00:00,54.162247,-120.270267
W015,Willmore,2024-06-22T14:00:00,54.207116,-120.062012
W015,Willmore,2024-06-22T18:00:00,54.298711,-120.026668
W015,Willmore,2024-06-22T22:00:00,54.279298,-120.254967
W015,Willmore,2024-06-23T02:00:00,54.192598,-120.317801
W015,Willmore,2024-06-23T06:00:00,54.198265,-120.100935
W015,Willmore,2024-06-23T10:00:00,54.309025,-120.112411
W015,Willmore,2024-06-23T14:00:00,54.349977,-120.293359
W015,Willmore,2024-06-23T18:00:00,54.331762,-120.128865
W015,Willmore,2024-06-23T22:00:00,54.407153,-120.303467
W015,Willmore,2024-06-24T02:00:00,54.339029,-120.136444
W015,Willmore,2024-06-24T06:00:00,54.316294,-119.938583
W015,Willmore,2024-06-24T10:00:00,54.400378,-119.816948
W015,Willmore,2024-06-24T14:00:00,54.381131,-119.99555
W015,Willmore,2024-06-24T18:00:00,54.30995,-120.181453
W015,Willmore,2024-06-24T22:00:00,54.354046,-120.380195
W015,Willmore,2024-06-25T02:00:00,54.258046,-120.302548
W015,Willmore,2024-06-25T06:00:00,54.248614,-120.17352
W015,Willmore,2024-06-25T10:00:00,54.35109,-120.070681
W015,Willmore,2024-06-25T14:00:00,54.409602,-119.941135
W015,Willmore,2024-06-25T18:00:00,54.317125,-120.066099
W015,Willmore,2024-06-25T22:00:00,54.323617,-120.152595
W015,Willmore,2024-06-26T02:00:00,54.331907,-119.965266
W015,Willmore,2024-06-26T06:00:00,54.352414,-119.82516
W015,Willmore,2024-06-26T10:00:00,54.306448,-120.010763
W015,Willmore,2024-06-26T14:00:00,54.249062,-120.133155
W015,Willmore,2024-06-26T18:00:00,54.302719,-119.971913
W015,Willmore,2024-06-26T22:00:00,54.222954,-119.870938
W015,Willmore,2024-06-27T02:00:00,54.300392,-119.97546
W015,Willmore,2024-06-27T06:00:00,54.221431,-119.848071
W015,Willmore,2024-06-27T10:00:00,54.217716,-119.994843
W015,Willmore,2024-06-27T14:00:00,54.271866,-119.875218
W015,Willmore,2024-06-27T18:00:00,54.255078,-120.061417
W015,Willmore,2024-06-27T22:00:00,54.20046,-120.25532
W015,Willmore,2024-06-28T02:00:00,54.297029,-120.295765
W015,Willmore,2024-06-28T06:00:00,54.286056,-120.11515
W015,Willmore,2024-06-28T10:00:00,54.411564,-120.175885
W015,Willmore,2024-06-28T14:00:00,54.400665,-120.012992
W015,Willmore,2024-06-28T18:00:00,54.314392,-120.168044
W015,Willmore,2024-06-28T22:00:00,54.304162,-120.005338
W015,Willmore,2024-06-29T02:00:00,54.203769,-119.865087
W015,Willmore,2024-06-29T06:00:00,54.241955,-120.065552
W015,Willmore,2024-06-29T10:00:00,54.234234,-120.199169
W015,Willmore,2024-06-29T14:00:00,54.183057,-120.056096
W015,Willmore,2024-06-29T18:00:00,54.145737,-120.217999
W015,Willmore,2024-06-29T22:00:00,54.163802,-120.019292
W015,Willmore,2024-06-30T02:00:00,54.25579,-120.007461
W015,Willmore,2024-06-30T06:00:00,54.319563,-119.930532
W015,Willmore,2024-06-30T10:00:00,54.312218,-120.142174
W015,Willmore,2024-06-30T14:00:00,54.351046,-119.964073
W015,Willmore,2024-06-30T18:00:00,54.300844,-120.155881
W015,Willmore,2024-06-30T22:00:00,54.40207,-120.226454
W015,Willmore,2024-07-01T02:00:00,54.394401,-120.073861
W015,Willmore,2024-07-01T06:00:00,54.261939,-120.064955
W015,Willmore,2024-07-01T10:00:00,54.327499,-120.206987
W016,Kakwa,2024-06-01T08:00:00,54.1926,-119.704973
W016,Kakwa,2024-06-01T12:00:00,54.302851,-119.672397
W016,Kakwa,2024-06-01T16:00:00,54.270533,-119.47981
W016,Kakwa,2024-06-01T20:00:00,54.278107,-119.677146
W016,Kakwa,2024-06-02T00:00:00,54.180383,-119.626738
W016,Kakwa,2024-06-02T04:00:00,54.31233,-119.676597
W016,Kakwa,2024-06-02T08:00:00,54.324763,-119.844288
W016,Kakwa,2024-06-02T12:00:00,54.317572,-119.702314
W016,Kakwa,2024-06-02T16:00:00,54.294516,-119.474034
W016,Kakwa,2024-06-02T20:00:00,54.32179,-119.682397
W016,Kakwa,2024-06-03T00:00:00,54.368702,-119.87555
W016,Kakwa,2024-06-03T04:00:00,54.32887,-119.703686
W016,Kakwa,2024-06-03T08:00:00,54.442169,-119.728949
W016,Kakwa,2024-06-03T12:00:00,54.328629,-119.722817
W016,Kakwa,2024-06-03T16:00:00,54.229124,-119.767352
W016,Kakwa,2024-06-03T20:00:00,54.137155,-119.694824
W016,Kakwa,2024-06-04T00:00:00,54.238172,-119.67525
W016,Kakwa,2024-06-04T04:00:00,54.330986,-119.639896
W016,Kakwa,2024-06-04T08:00:00,54.43321,-119.556846
W016,Kakwa,2024-06-04T12:00:00,54.332657,-119.513139
W016,Kakwa,2024-06-04T16:00:00,54.258663,-119.694586
W016,Kakwa,2024-06-04T20:00:00,54.369257,-119.693554
W016,Kakwa,2024-06-05T00:00:00,54.442014,-119.517952
W016,Kakwa,2024-06-05T04:00:00,54.34395,-119.612164
W016,Kakwa,2024-06-05T08:00:00,54.467767,-119.60722
W016,Kakwa,2024-06-05T12:00:00,54.384071,-119.513166
W016,Kakwa,2024-06-05T16:00:00,54.342429,-119.650083
W016,Kakwa,2024-06-05T20:00:00,54.436068,-119.574372
W016,Kakwa,2024-06-06T00:00:00,54.373011,-119.645676
W016,Kakwa,2024-06-06T04:00:00,54.326213,-119.845869
W016,Kakwa,2024-06-06T08:00:00,54.338997,-119.658843
W016,Kakwa,2024-06-06T12:00:00,54.312083,-119.579007
W016,Kakwa,2024-06-06T16:00:00,54.280849,-119.423669
W016,Kakwa,2024-06-06T20:00:00,54.364123,-119.605967
W016,Kakwa,2024-06-07T00:00:00,54.423229,-119.739604
W016,Kakwa,2024-06-07T04:00:00,54.384065,-119.591979
W016,Kakwa,2024-06-07T08:00:00,54.392934,-119.82353
W016,Kakwa,2024-06-07T12:00:00,54.316237,-119.700133
W016,Kakwa,2024-06-07T16:00:00,54.282367,-119.792567
W016,Kakwa,2024-06-07T20:00:00,54.254476,-119.641897
W016,Kakwa,2024-06-08T00:00:00,54.216423,-119.802984
W016,Kakwa,2024-06-08T04:00:00,54.329918,-119.796349
W016,Kakwa,2024-06-08T08:00:00,54.226977,-119.723853
W016,Kakwa,2024-06-08T12:00:00,54.335496,-119.694015
W016,Kakwa,2024-06-08T16:00:00,54.448086,-119.698403
W016,Kakwa,2024-06-08T20:00:00,54.340432,-119.731887
W016,Kakwa,2024-06-09T00:00:00,54.225458,-119.731496
W016,Kakwa,2024-06-09T04:00:00,54.306611,-119.762567
W016,Kakwa,2024-06-09T08:00:00,54.431829,-119.740349
W016,Kakwa,2024-06-09T12:00:00,54.388803,-119.657441
W016,Kakwa,2024-06-09T16:00:00,54.366713,-119.863425
W016,Kakwa,2024-06-09T20:00:00,54.320175,-119.715764
W016,Kakwa,2024-06-10T00:00:00,54.40913,-119.77605
W016,Kakwa,2024-06-10T04:00:00,54.327348,-119.711238
W016,Kakwa,2024-06-10T08:00:00,54.322187,-119.868473
W016,Kakwa,2024-06-10T12:00:00,54.290702,-119.689814
W016,Kakwa,2024-06-10T16:00:00,54.396144,-119.668072
W016,Kakwa,2024-06-10T20:00:00,54.46903,-119.750672
W016,Kakwa,2024-06-11T00:00:00,54.399868,-119.630662
W016,Kakwa,2024-06-11T04:00:00,54.328415,-119.765833
W016,Kakwa,2024-06-11T08:00:00,54.415663,-119.867978
W016,Kakwa,2024-06-11T12:00:00,54.384433,-119.683832
W016,Kakwa,2024-06-11T16:00:00,54.459814,-119.628819
W016,Kakwa,2024-06-11T20:00:00,54.376051,-119.663023
W016,Kakwa,2024-06-12T00:00:00,54.293318,-119.759524
W016,Kakwa,2024-06-12T04:00:00,54.323589,-119.590399
W016,Kakwa,2024-06-12T08:00:00,54.269448,-119.438573
W016,Kakwa,2024-06-12T12:00:00,54.204135,-119.617579
W016,Kakwa,2024-06-12T16:00:00,54.163636,-119.775103
W016,Kakwa,2024-06-12T20:00:00,54.271265,-119.714167
W016,Kakwa,2024-06-13T00:00:00,54.372322,-119.753201
W016,Kakwa,2024-06-13T04:00:00,54.422922,-119.586752
W016,Kakwa,2024-06-13T08:00:00,54.347534,-119.732509
W016,Kakwa,2024-06-13T12:00:00,54.352926,-119.927335
W016,Kakwa,2024-06-13T16:00:00,54.286411,-119.762933
W016,Kakwa,2024-06-13T20:00:00,54.186368,-119.859957
W016,Kakwa,2024-06-14T00:00:00,54.174918,-119.656335
W016,Kakwa,2024-06-14T04:00:00,54.301702,-119.717912
W016,Kakwa,2024-06-14T08:00:00,54.353834,-119.58143
W016,Kakwa,2024-06-14T12:00:00,54.467202,-119.572594
W016,Kakwa,2024-06-14T16:00:00,54.423605,-119.73323
W016,Kakwa,2024-06-14T20:00:00,54.366701,-119.601455
W016,Kakwa,2024-06-15T00:00:00,54.331968,-119.76229
W016,Kakwa,2024-06-15T04:00:00,54.411251,-119.623045
W016,Kakwa,2024-06-15T08:00:00,54.333103,-119.693827
W016,Kakwa,2024-06-15T12:00:00,54.219526,-119.631102
W016,Kakwa,2024-06-15T16:00:00,54.180518,-119.804927
W016,Kakwa,2024-06-15T20:00:00,54.295747,-119.752509
W016,Kakwa,2024-06-16T00:00:00,54.225756,-119.854354
W016,Kakwa,2024-06-16T04:00:00,54.206486,-119.625555
W016,Kakwa,2024-06-16T08:00:00,54.110956,-119.687522
W016,Kakwa,2024-06-16T12:00:00,54.205608,-119.545866
W016,Kakwa,2024-06-16T16:00:00,54.33928,-119.57977
W016,Kakwa,2024-06-16T20:00:00,54.407244,-119.715866
W016,Kakwa,2024-06-17T00:00:00,54.30039,-119.590226
W016,Kakwa,2024-06-17T04:00:00,54.322105,-119.45213
W016,Kakwa,2024-06-17T08:00:00,54.335695,-119.645761
W016,Kakwa,2024-06-17T12:00:00,54.401375,-119.492301
W016,Kakwa,2024-06-17T16:00:00,54.271677,-119.511086
W016,Kakwa,2024-06-17T20:00:00,54.357875,-119.589038
W016,Kakwa,2024-06-18T00:00:00,54.45997,-119.527167
W016,Kakwa,2024-06-18T04:00:00,54.39886,-119.663305
W016,Kakwa,2024-06-18T08:00:00,54.482026,-119.781372
W016,Kakwa,2024-06-18T12:00:00,54.394194,-119.609315
W016,Kakwa,2024-06-18T16:00:00,54.498806,-119.547851
W016,Kakwa,2024-06-18T20:00:00,54.408946,-119.614448
W016,Kakwa,2024-06-19T00:00:00,54.29102,-119.706067
W016,Kakwa,2024-06-19T04:00:00,54.178142,-119.636195
W016,Kakwa,2024-06-19T08:00:00,54.273954,-119.741088
W016,Kakwa,2024-06-19T12:00:00,54.27214,-119.910753
W016,Kakwa,2024-06-19T16:00:00,54.309656,-119.718132
W016,Kakwa,2024-06-19T20:00:00,54.319203,-119.516391
W016,Kakwa,2024-06-20T00:00:00,54.219941,-119.412243
W016,Kakwa,2024-06-20T04:00:00,54.336237,-119.461793
W016,Kakwa,2024-06-20T08:00:00,54.349863,-119.68268
W016,Kakwa,2024-06-20T12:00:00,54.376506,-119.470901
W016,Kakwa,2024-06-20T16:00:00,54.307568,-119.627996
W016,Kakwa,2024-06-20T20:00:00,54.236871,-119.504492
W016,Kakwa,2024-06-21T00:00:00,54.282846,-119.650023
W016,Kakwa,2024-06-21T04:00:00,54.231923,-119.504394
W016,Kakwa,2024-06-21T08:00:00,54.336631,-119.601835
W016,Kakwa,2024-06-21T12:00:00,54.315076,-119.411946
W016,Kakwa,2024-06-21T16:00:00,54.351177,-119.61452
W016,Kakwa,2024-06-21T20:00:00,54.366539,-119.477039
W016,Kakwa,2024-06-22T00:00:00,54.313115,-119.667355
W016,Kakwa,2024-06-22T04:00:00,54.345784,-119.862101
W016,Kakwa,2024-06-22T08:00:00,54.359963,-119.631545
W016,Kakwa,2024-06-22T12:00:00,54.371149,-119.481834
W016,Kakwa,2024-06-22T16:00:00,54.293919,-119.583529
W016,Kakwa,2024-06-22T20:00:00,54.371445,-119.739655
W016,Kakwa,2024-06-23T00:00:00,54.262128,-119.69493
W016,Kakwa,2024-06-23T04:00:00,54.389661,-119.674976
W016,Kakwa,2024-06-23T08:00:00,54.390686,-119.545838
W016,Kakwa,2024-06-23T12:00:00,54.283612,-119.653496
W016,Kakwa,2024-06-23T16:00:00,54.385297,-119.738857
W016,Kakwa,2024-06-23T20:00:00,54.493745,-119.877312
W016,Kakwa,2024-06-24T00:00:00,54.442132,-119.740209
W016,Kakwa,2024-06-24T04:00:00,54.334692,-119.786668
W016,Kakwa,2024-06-24T08:00:00,54.228227,-119.791507
W016,Kakwa,2024-06-24T12:00:00,54.250455,-119.638793
W016,Kakwa,2024-06-24T16:00:00,54.347034,-119.521838
W016,Kakwa,2024-06-24T20:00:00,54.264857,-119.51766
W016,Kakwa,2024-06-25T00:00:00,54.217931,-119.732987
W016,Kakwa,2024-06-25T04:00:00,54.115389,-119.616392
W016,Kakwa,2024-06-25T08:00:00,54.222498,-119.56355
W016,Kakwa,2024-06-25T12:00:00,54.334625,-119.544289
W016,Kakwa,2024-06-25T16:00:00,54.268807,-119.746712
W016,Kakwa,2024-06-25T20:00:00,54.161595,-119.833639
W016,Kakwa,2024-06-26T00:00:00,54.282518,-119.888379
W016,Kakwa,2024-06-26T04:00:00,54.310262,-119.753734
W016,Kakwa,2024-06-26T08:00:00,54.278242,-119.934711
W016,Kakwa,2024-06-26T12:00:00,54.18586,-119.796618
W016,Kakwa,2024-06-26T16:00:00,54.26891,-119.744574
W016,Kakwa,2024-06-26T20:00:00,54.168895,-119.593354
W016,Kakwa,2024-06-27T00:00:00,54.256322,-119.702614
W016,Kakwa,2024-06-27T04:00:00,54.231084,-119.559269
W016,Kakwa,2024-06-27T08:00:00,54.148494,-119.67995
W016,Kakwa,2024-06-27T12:00:00,54.228254,-119.694736
W016,Kakwa,2024-06-27T16:00:00,54.187341,-119.855544
W016,Kakwa,2024-06-27T20:00:00,54.257187,-119.742341
W016,Kakwa,2024-06-28T00:00:00,54.365129,-119.859603
W016,Kakwa,2024-06-28T04:00:00,54.345968,-119.692613
W016,Kakwa,2024-06-28T08:00:00,54.262521,-119.563093
W016,Kakwa,2024-06-28T12:00:00,54.193696,-119.431835
W016,Kakwa,2024-06-28T16:00:00,54.192281,-119.618526
W016,Kakwa,2024-06-28T20:00:00,54.232289,-119.747729
W016,Kakwa,2024-06-29T00:00:00,54.294566,-119.621528
W016,Kakwa,2024-06-29T04:00:00,54.237261,-119.754973
W016,Kakwa,2024-06-29T08:00:00,54.227167,-119.972331
W016,Kakwa,2024-06-29T12:00:00,54.329704,-119.910972
W016,Kakwa,2024-06-29T16:00:00,54.392657,-119.779258
W016,Kakwa,2024-06-29T20:00:00,54.372738,-119.594865
W016,Kakwa,2024-06-30T00:00:00,54.261937,-119.494809
W016,Kakwa,2024-06-30T04:00:00,54.35176,-119.440031
W016,Kakwa,2024-06-30T08:00:00,54.366006,-119.60001
W016,Kakwa,2024-06-30T12:00:00,54.293091,-119.576269
W016,Kakwa,2024-06-30T16:00:00,54.187451,-119.613048
W016,Kakwa,2024-06-30T20:00:00,54.224584,-119.818324
W016,Kakwa,2024-07-01T00:00:00,54.249803,-119.667653
W016,Kakwa,2024-07-01T04:00:00,54.344172,-119.690036
W017,Kakwa,2024-06-01T07:00:00,54.400781,-119.451435
W017,Kakwa,2024-06-01T11:00:00,54.374216,-119.615915
W017,Kakwa,2024-06-01T15:00:00,54.432937,-119.446022
W017,Kakwa,2024-06-01T19:00:00,54.395325,-119.616841
W017,Kakwa,2024-06-01T23:00:00,54.462457,-119.457081
W017,Kakwa,2024-06-02T03:00:00,54.518426,-119.641066
W017,Kakwa,2024-06-02T07:00:00,54.392635,-119.666016
W017,Kakwa,2024-06-02T11:00:00,54.302949,-119.640531
W017,Kakwa,2024-06-02T15:00:00,54.241519,-119.582765
W017,Kakwa,2024-06-02T19:00:00,54.2818,-119.411622
W017,Kakwa,2024-06-02T23:00:00,54.367737,-119.513057
W017,Kakwa,2024-06-03T03:00:00,54.350767,-119.704099
W017,Kakwa,2024-06-03T07:00:00,54.304874,-119.572612
W017,Kakwa,2024-06-03T11:00:00,54.324353,-119.714321
W017,Kakwa,2024-06-03T15:00:00,54.229096,-119.700069
W017,Kakwa,2024-06-03T19:00:00,54.136619,-119.749795
W017,Kakwa,2024-06-03T23:00:00,54.225345,-119.761391
W017,Kakwa,2024-06-04T03:00:00,54.316997,-119.877903
W017,Kakwa,2024-06-04T07:00:00,54.240861,-119.774707
W017,Kakwa,2024-06-04T11:00:00,54.214597,-119.5908
W017,Kakwa,2024-06-04T15:00:00,54.285361,-119.767637
W017,Kakwa,2024-06-04T19:00:00,54.39786,-119.822037
W017,Kakwa,2024-06-04T23:00:00,54.362457,-119.625186
W017,Kakwa,2024-06-05T03:00:00,54.264058,-119.663288
W017,Kakwa,2024-06-05T07:00:00,54.23473,-119.84965
W017,Kakwa,2024-06-05T11:00:00,54.186629,-119.664731
W017,Kakwa,2024-06-05T15:00:00,54.273621,-119.625
W017,Kakwa,2024-06-05T19:00:00,54.389264,-119.632752
W017,Kakwa,2024-06-05T23:00:00,54.327264,-119.518895
W017,Kakwa,2024-06-06T03:00:00,54.354886,-119.355265
W017,Kakwa,2024-06-06T07:00:00,54.27592,-119.463355
W017,Kakwa,2024-06-06T11:00:00,54.286469,-119.664997
W017,Kakwa,2024-06-06T15:00:00,54.226244,-119.687137
W017,Kakwa,2024-06-06T19:00:00,54.315642,-119.540812
W017,Kakwa,2024-06-06T23:00:00,54.33133,-119.770911
W017,Kakwa,2024-06-07T03:00:00,54.439826,-119.834239
W017,Kakwa,2024-06-07T07:00:00,54.381261,-119.658996
W017,Kakwa,2024-06-07T11:00:00,54.251044,-119.669413
W017,Kakwa,2024-06-07T15:00:00,54.188535,-119.811436
W017,Kakwa,2024-06-07T19:00:00,54.149206,-119.659364
W017,Kakwa,2024-06-07T23:00:00,54.283706,-119.681703
W017,Kakwa,2024-06-08T03:00:00,54.325022,-119.901512
W017,Kakwa,2024-06-08T07:00:00,54.330669,-119.7181
W017,Kakwa,2024-06-08T11:00:00,54.294842,-119.619489
W017,Kakwa,2024-06-08T15:00:00,54.414706,-119.566645
W017,Kakwa,2024-06-08T19:00:00,54.309275,-119.670251
W017,Kakwa,2024-06-08T23:00:00,54.408092,-119.643647
W017,Kakwa,2024-06-09T03:00:00,54.310958,-119.613491
W017,Kakwa,2024-06-09T07:00:00,54.234648,-119.719168
W017,Kakwa,2024-06-09T11:00:00,54.275398,-119.524936
W017,Kakwa,2024-06-09T15:00:00,54.283666,-119.656263
W017,Kakwa,2024-06-09T19:00:00,54.318091,-119.490127
W017,Kakwa,2024-06-09T23:00:00,54.258307,-119.697901
W017,Kakwa,2024-06-10T03:00:00,54.379567,-119.754518
W017,Kakwa,2024-06-10T07:00:00,54.253846,-119.74157
W017,Kakwa,2024-06-10T11:00:00,54.169844,-119.850484
W017,Kakwa,2024-06-10T15:00:00,54.226437,-119.705511
W017,Kakwa,2024-06-10T19:00:00,54.205416,-119.871085
W017,Kakwa,2024-06-10T23:00:00,54.274708,-119.766592
W017,Kakwa,2024-06-11T03:00:00,54.390293,-119.7514
W017,Kakwa,2024-06-11T07:00:00,54.302487,-119.671305
W017,Kakwa,2024-06-11T11:00:00,54.32095,-119.526786
W017,Kakwa,2024-06-11T15:00:00,54.409196,-119.655509
W017,Kakwa,2024-06-11T19:00:00,54.318896,-119.556511
W017,Kakwa,2024-06-11T23:00:00,54.30539,-119.722972
W017,Kakwa,2024-06-12T03:00:00,54.394982,-119.837925
W017,Kakwa,2024-06-12T07:00:00,54.399675,-119.656703
W017,Kakwa,2024-06-12T11:00:00,54.474377,-119.494156
W017,Kakwa,2024-06-12T15:00:00,54.389652,-119.529745
W017,Kakwa,2024-06-12T19:00:00,54.27003,-119.637714
W017,Kakwa,2024-06-12T23:00:00,54.366388,-119.711403
W017,Kakwa,2024-06-13T03:00:00,54.459686,-119.70474
W017,Kakwa,2024-06-13T07:00:00,54.377543,-119.610688
W017,Kakwa,2024-06-13T11:00:00,54.421676,-119.462223
W017,Kakwa,2024-06-13T15:00:00,54.386669,-119.596151
W017,Kakwa,2024-06-13T19:00:00,54.445213,-119.772968
W017,Kakwa,2024-06-13T23:00:00,54.377534,-119.641763
W017,Kakwa,2024-06-14T03:00:00,54.434237,-119.839544
W017,Kakwa,2024-06-14T07:00:00,54.339101,-119.784186
W017,Kakwa,2024-06-14T11:00:00,54.351624,-119.651154
W017,Kakwa,2024-06-14T15:00:00,54.379592,-119.83228
W017,Kakwa,2024-06-14T19:00:00,54.299197,-119.686938
W017,Kakwa,2024-06-14T23:00:00,54.364471,-119.576235
W017,Kakwa,2024-06-15T03:00:00,54.31996,-119.707123
W017,Kakwa,2024-06-15T07:00:00,54.407838,-119.807054
W017,Kakwa,2024-06-15T11:00:00,54.347829,-119.63025
W017,Kakwa,2024-06-15T15:00:00,54.357497,-119.809098
W017,Kakwa,2024-06-15T19:00:00,54.333753,-119.713989
W017,Kakwa,2024-06-15T23:00:00,54.240236,-119.694224
W017,Kakwa,2024-06-16T03:00:00,54.149882,-119.628546
W017,Kakwa,2024-06-16T07:00:00,54.23688,-119.522933
W017,Kakwa,2024-06-16T11:00:00,54.14241,-119.357597
W017,Kakwa,2024-06-16T15:00:00,54.190246,-119.512837
W017,Kakwa,2024-06-16T19:00:00,54.252401,-119.656919
W017,Kakwa,2024-06-16T23:00:00,54.332468,-119.477604
W017,Kakwa,2024-06-17T03:00:00,54.332478,-119.61692
W017,Kakwa,2024-06-17T07:00:00,54.265346,-119.479801
W017,Kakwa,2024-06-17T11:00:00,54.20023,-119.637397
W017,Kakwa,2024-06-17T15:00:00,54.270979,-119.599176
W017,Kakwa,2024-06-17T19:00:00,54.360839,-119.518531
W017,Kakwa,2024-06-17T23:00:00,54.406805,-119.30443
W017,Kakwa,2024-06-18T03:00:00,54.338101,-119.395718
W017,Kakwa,2024-06-18T07:00:00,54.306453,-119.557057
W017,Kakwa,2024-06-18T11:00:00,54.363326,-119.7005
W017,Kakwa,2024-06-18T15:00:00,54.401001,-119.900038
W017,Kakwa,2024-06-18T19:00:00,54.30572,-119.826899
W017,Kakwa,2024-06-18T23:00:00,54.260632,-119.686245
W017,Kakwa,2024-06-19T03:00:00,54.327226,-119.553687
W017,Kakwa,2024-06-19T07:00:00,54.304443,-119.358351
W017,Kakwa,2024-06-19T11:00:00,54.248863,-119.523915
W017,Kakwa,2024-06-19T15:00:00,54.27243,-119.326794
W017,Kakwa,2024-06-19T19:00:00,54.194491,-119.44207
W017,Kakwa,2024-06-19T23:00:00,54.259342,-119.588372
W017,Kakwa,2024-06-20T03:00:00,54.227516,-119.725117
W017,Kakwa,2024-06-20T07:00:00,54.196008,-119.949916
W017,Kakwa,2024-06-20T11:00:00,54.251252,-119.811847
W017,Kakwa,2024-06-20T15:00:00,54.324629,-119.771333
W017,Kakwa,2024-06-20T19:00:00,54.419816,-119.62456
W017,Kakwa,2024-06-20T23:00:00,54.313655,-119.676624
W017,Kakwa,2024-06-21T03:00:00,54.372818,-119.555563
W017,Kakwa,2024-06-21T07:00:00,54.250784,-119.475554
W017,Kakwa,2024-06-21T11:00:00,54.280104,-119.692277
W017,Kakwa,2024-06-21T15:00:00,54.240019,-119.500377
W017,Kakwa,2024-06-21T19:00:00,54.278614,-119.669385
W017,Kakwa,2024-06-21T23:00:00,54.347006,-119.546644
W017,Kakwa,2024-06-22T03:00:00,54.312171,-119.388265
W017,Kakwa,2024-06-22T07:00:00,54.336896,-119.522782
W017,Kakwa,2024-06-22T11:00:00,54.216565,-119.417301
W017,Kakwa,2024-06-22T15:00:00,54.227614,-119.602453
W017,Kakwa,2024-06-22T19:00:00,54.110739,-119.510278
W017,Kakwa,2024-06-22T23:00:00,54.202402,-119.615706
W017,Kakwa,2024-06-23T03:00:00,54.141996,-119.777959
W017,Kakwa,2024-06-23T07:00:00,54.227039,-119.721681
W017,Kakwa,2024-06-23T11:00:00,54.191135,-119.539104
W017,Kakwa,2024-06-23T15:00:00,54.279707,-119.636104
W017,Kakwa,2024-06-23T19:00:00,54.357101,-119.505535
W017,Kakwa,2024-06-23T23:00:00,54.295008,-119.614631
W017,Kakwa,2024-06-24T03:00:00,54.409448,-119.578171
W017,Kakwa,2024-06-24T07:00:00,54.347163,-119.781346
W017,Kakwa,2024-06-24T11:00:00,54.324613,-119.558648
W017,Kakwa,2024-06-24T15:00:00,54.381911,-119.685084
W017,Kakwa,2024-06-24T19:00:00,54.401152,-119.853659
W017,Kakwa,2024-06-24T23:00:00,54.394299,-119.696221
W017,Kakwa,2024-06-25T03:00:00,54.405531,-119.927527
W017,Kakwa,2024-06-25T07:00:00,54.454914,-119.73588
W017,Kakwa,2024-06-25T11:00:00,54.354153,-119.699494
W017,Kakwa,2024-06-25T15:00:00,54.35682,-119.880716
W017,Kakwa,2024-06-25T19:00:00,54.321644,-119.656813
W017,Kakwa,2024-06-25T23:00:00,54.401963,-119.843146
W017,Kakwa,2024-06-26T03:00:00,54.426567,-119.695266
W017,Kakwa,2024-06-26T07:00:00,54.314171,-119.6862
W017,Kakwa,2024-06-26T11:00:00,54.41795,-119.543993
W017,Kakwa,2024-06-26T15:00:00,54.299366,-119.437074
W017,Kakwa,2024-06-26T19:00:00,54.323825,-119.583489
W017,Kakwa,2024-06-26T23:00:00,54.291362,-119.453245
W017,Kakwa,2024-06-27T03:00:00,54.226338,-119.635836
W017,Kakwa,2024-06-27T07:00:00,54.11363,-119.630767
W017,Kakwa,2024-06-27T11:00:00,54.209953,-119.59526
W017,Kakwa,2024-06-27T15:00:00,54.103229,-119.588047
W017,Kakwa,2024-06-27T19:00:00,54.179047,-119.701225
W017,Kakwa,2024-06-27T23:00:00,54.29362,-119.633187
W017,Kakwa,2024-06-28T03:00:00,54.337353,-119.749492
W017,Kakwa,2024-06-28T07:00:00,54.447749,-119.767437
W017,Kakwa,2024-06-28T11:00:00,54.446139,-119.550193
W017,Kakwa,2024-06-28T15:00:00,54.414241,-119.755634
W017,Kakwa,2024-06-28T19:00:00,54.330061,-119.71051
W017,Kakwa,2024-06-28T23:00:00,54.431401,-119.696518
W017,Kakwa,2024-06-29T03:00:00,54.37996,-119.557649
W017,Kakwa,2024-06-29T07:00:00,54.339565,-119.697043
W017,Kakwa,2024-06-29T11:00:00,54.428461,-119.555253
W017,Kakwa,2024-06-29T15:00:00,54.390021,-119.68786
W017,Kakwa,2024-06-29T19:00:00,54.495446,-119.833052
W017,Kakwa,2024-06-29T23:00:00,54.405255,-119.744077
W017,Kakwa,2024-06-30T03:00:00,54.305408,-119.620504
W017,Kakwa,2024-06-30T07:00:00,54.371997,-119.790659
W017,Kakwa,2024-06-30T11:00:00,54.310892,-119.660694
W017,Kakwa,2024-06-30T15:00:00,54.319189,-119.813014
W017,Kakwa,2024-06-30T19:00:00,54.330987,-120.013898
W017,Kakwa,2024-06-30T23:00:00,54.361853,-119.881906
W017,Kakwa,2024-07-01T03:00:00,54.455344,-119.748195
W018,Kakwa,2024-06-01T11:00:00,54.230934,-119.483018
W018,Kakwa,2024-06-01T15:00:00,54.279704,-119.670272
W018,Kakwa,2024-06-01T19:00:00,54.279272,-119.499766
W018,Kakwa,2024-06-01T23:00:00,54.334155,-119.393667
W018,Kakwa,2024-06-02T03:00:00,54.334272,-119.579828
W018,Kakwa,2024-06-02T07:00:00,54.435761,-119.500273
W018,Kakwa,2024-06-02T11:00:00,54.354558,-119.446261
W018,Kakwa,2024-06-02T15:00:00,54.37593,-119.592738
W018,Kakwa,2024-06-02T19:00:00,54.47669,-119.473043
W018,Kakwa,2024-06-02T23:00:00,54.470933,-119.694308
W018,Kakwa,2024-06-03T03:00:00,54.350397,-119.661708
W018,Kakwa,2024-06-03T07:00:00,54.373104,-119.53666
W018,Kakwa,2024-06-03T11:00:00,54.36599,-119.370356
W018,Kakwa,2024-06-03T15:00:00,54.302383,-119.480375
W018,Kakwa,2024-06-03T19:00:00,54.173004,-119.547247
W018,Kakwa,2024-06-03T23:00:00,54.25775,-119.673581
W018,Kakwa,2024-06-04T03:00:00,54.20425,-119.591424
W018,Kakwa,2024-06-04T07:00:00,54.296531,-119.735701
W018,Kakwa,2024-06-04T11:00:00,54.176303,-119.682331
W018,Kakwa,2024-06-04T15:00:00,54.297276,-119.598241
W018,Kakwa,2024-06-04T19:00:00,54.265139,-119.79261
W018,Kakwa,2024-06-04T23:00:00,54.168944,-119.783784
W018,Kakwa,2024-06-05T03:00:00,54.191935,-119.57029
W018,Kakwa,2024-06-05T07:00:00,54.273083,-119.668592
W018,Kakwa,2024-06-05T11:00:00,54.235126,-119.819778
W018,Kakwa,2024-06-05T15:00:00,54.300047,-119.727175
W018,Kakwa,2024-06-05T19:00:00,54.360485,-119.861828
W018,Kakwa,2024-06-05T23:00:00,54.337548,-119.712173
W018,Kakwa,2024-06-06T03:00:00,54.292865,-119.781419
W018,Kakwa,2024-06-06T07:00:00,54.22685,-119.631291
W018,Kakwa,2024-06-06T11:00:00,54.348712,-119.594035
W018,Kakwa,2024-06-06T15:00:00,54.45039,-119.543212
W018,Kakwa,2024-06-06T19:00:00,54.336469,-119.587374
W018,Kakwa,2024-06-06T23:00:00,54.420183,-119.704132
W018,Kakwa,2024-06-07T03:00:00,54.331382,-119.611406
W018,Kakwa,2024-06-07T07:00:00,54.26668,-119.448444
W018,Kakwa,2024-06-07T11:00:00,54.315795,-119.592938
W018,Kakwa,2024-06-07T15:00:00,54.2555,-119.731665
W018,Kakwa,2024-06-07T19:00:00,54.174791,-119.822457
W018,Kakwa,2024-06-07T23:00:00,54.250304,-119.677194
W018,Kakwa,2024-06-08T03:00:00,54.352096,-119.655504
W018,Kakwa,2024-06-08T07:00:00,54.295258,-119.467377
W018,Kakwa,2024-06-08T11:00:00,54.314689,-119.588369
W018,Kakwa,2024-06-08T15:00:00,54.307099,-119.464224
W018,Kakwa,2024-06-08T19:00:00,54.283444,-119.616653
W018,Kakwa,2024-06-08T23:00:00,54.368586,-119.629733
W018,Kakwa,2024-06-09T03:00:00,54.283088,-119.701674
W018,Kakwa,2024-06-09T07:00:00,54.326289,-119.89448
W018,Kakwa,2024-06-09T11:00:00,54.258579,-119.704264
W018,Kakwa,2024-06-09T15:00:00,54.267663,-119.869859
W018,Kakwa,2024-06-09T19:00:00,54.329844,-119.68147
W018,Kakwa,2024-06-09T23:00:00,54.245447,-119.513796
W018,Kakwa,2024-06-10T03:00:00,54.296358,-119.638044
W018,Kakwa,2024-06-10T07:00:00,54.323276,-119.832049
W018,Kakwa,2024-06-10T11:00:00,54.369507,-119.641961
W018,Kakwa,2024-06-10T15:00:00,54.476277,-119.646305
W018,Kakwa,2024-06-10T19:00:00,54.36685,-119.593948
W018,Kakwa,2024-06-10T23:00:00,54.361688,-119.792093
W018,Kakwa,2024-06-11T03:00:00,54.252865,-119.654589
W018,Kakwa,2024-06-11T07:00:00,54.363791,-119.569188
W018,Kakwa,2024-06-11T11:00:00,54.400858,-119.760134
W018,Kakwa,2024-06-11T15:00:00,54.332432,-119.644721
W018,Kakwa,2024-06-11T19:00:00,54.295465,-119.457037
W018,Kakwa,2024-06-11T23:00:00,54.31205,-119.596412
W018,Kakwa,2024-06-12T03:00:00,54.224855,-119.634737
W018,Kakwa,2024-06-12T07:00:00,54.144404,-119.772289
W018,Kakwa,2024-06-12T11:00:00,54.268557,-119.803561
W018,Kakwa,2024-06-12T15:00:00,54.317961,-119.622007
W018,Kakwa,2024-06-12T19:00:00,54.405859,-119.797979
W018,Kakwa,2024-06-12T23:00:00,54.371404,-119.615997
W018,Kakwa,2024-06-13T03:00:00,54.470838,-119.657411
W018,Kakwa,2024-06-13T07:00:00,54.382662,-119.552747
W018,Kakwa,2024-06-13T11:00:00,54.285871,-119.698204
W018,Kakwa,2024-06-13T15:00:00,54.297803,-119.867529
W018,Kakwa,2024-06-13T19:00:00,54.276219,-119.723437
W018,Kakwa,2024-06-13T23:00:00,54.215171,-119.603746
W018,Kakwa,2024-06-14T03:00:00,54.270568,-119.477165
W018,Kakwa,2024-06-14T07:00:00,54.358327,-119.627537
W018,Kakwa,2024-06-14T11:00:00,54.315629,-119.468337
W018,Kakwa,2024-06-14T15:00:00,54.31592,-119.685061
W018,Kakwa,2024-06-14T19:00:00,54.345364,-119.517016
W018,Kakwa,2024-06-14T23:00:00,54.297056,-119.625318
W018,Kakwa,2024-06-15T03:00:00,54.291967,-119.41017
W018,Kakwa,2024-06-15T07:00:00,54.267112,-119.564279
W018,Kakwa,2024-06-15T11:00:00,54.270356,-119.364014
W018,Kakwa,2024-06-15T15:00:00,54.311563,-119.549347
W018,Kakwa,2024-06-15T19:00:00,54.227564,-119.606172
W018,Kakwa,2024-06-15T23:00:00,54.309473,-119.572994
W018,Kakwa,2024-06-16T03:00:00,54.373244,-119.402278
W018,Kakwa,2024-06-16T07:00:00,54.373808,-119.603523
W018,Kakwa,2024-06-16T11:00:00,54.426201,-119.424258
W018,Kakwa,2024-06-16T15:00:00,54.447885,-119.562279
W018,Kakwa,2024-06-16T19:00:00,54.383519,-119.613788
W018,Kakwa,2024-06-16T23:00:00,54.452416,-119.75756
W018,Kakwa,2024-06-17T03:00:00,54.327976,-119.69759
W018,Kakwa,2024-06-17T07:00:00,54.216119,-119.570738
W018,Kakwa,2024-06-17T11:00:00,54.164187,-119.467977
W018,Kakwa,2024-06-17T15:00:00,54.210199,-119.626903
W018,Kakwa,2024-06-17T19:00:00,54.295971,-119.44834
W018,Kakwa,2024-06-17T23:00:00,54.354576,-119.582924
W018,Kakwa,2024-06-18T03:00:00,54.470544,-119.67212
W018,Kakwa,2024-06-18T07:00:00,54.398449,-119.639354
W018,Kakwa,2024-06-18T11:00:00,54.396914,-119.407236
W018,Kakwa,2024-06-18T15:00:00,54.387046,-119.569765
W018,Kakwa,2024-06-18T19:00:00,54.458449,-119.451271
W018,Kakwa,2024-06-18T23:00:00,54.357517,-119.541415
W018,Kakwa,2024-06-19T03:00:00,54.35657,-119.700402
W018,Kakwa,2024-06-19T07:00:00,54.365311,-119.531084
W018,Kakwa,2024-06-19T11:00:00,54.410265,-119.379288
W018,Kakwa,2024-06-19T15:00:00,54.426186,-119.571159
W018,Kakwa,2024-06-19T19:00:00,54.336606,-119.663546
W018,Kakwa,2024-06-19T23:00:00,54.204705,-119.649824
W018,Kakwa,2024-06-20T03:00:00,54.173419,-119.529322
W018,Kakwa,2024-06-20T07:00:00,54.191856,-119.758032
W018,Kakwa,2024-06-20T11:00:00,54.166064,-119.556517
W018,Kakwa,2024-06-20T15:00:00,54.264248,-119.585522
W018,Kakwa,2024-06-20T19:00:00,54.242522,-119.755294
W018,Kakwa,2024-06-20T23:00:00,54.349865,-119.794172
W018,Kakwa,2024-06-21T03:00:00,54.26742,-119.90506
W018,Kakwa,2024-06-21T07:00:00,54.350531,-119.75087
W018,Kakwa,2024-06-21T11:00:00,54.382836,-119.973695
W018,Kakwa,2024-06-21T15:00:00,54.354634,-119.812384
W018,Kakwa,2024-06-21T19:00:00,54.372171,-119.589762
W018,Kakwa,2024-06-21T23:00:00,54.284179,-119.413697
W018,Kakwa,2024-06-22T03:00:00,54.265406,-119.602168
W018,Kakwa,2024-06-22T07:00:00,54.164541,-119.456476
W018,Kakwa,2024-06-22T11:00:00,54.234683,-119.528069
W018,Kakwa,2024-06-22T15:00:00,54.332185,-119.551285
W018,Kakwa,2024-06-22T19:00:00,54.379752,-119.717259
W018,Kakwa,2024-06-22T23:00:00,54.390329,-119.51902
W018,Kakwa,2024-06-23T03:00:00,54.437673,-119.703598
W018,Kakwa,2024-06-23T07:00:00,54.34051,-119.554862
W018,Kakwa,2024-06-23T11:00:00,54.232029,-119.43059
W018,Kakwa,2024-06-23T15:00:00,54.315392,-119.473107
W018,Kakwa,2024-06-23T19:00:00,54.364738,-119.652598
W018,Kakwa,2024-06-23T23:00:00,54.296133,-119.630971
W018,Kakwa,2024-06-24T03:00:00,54.280142,-119.762811
W018,Kakwa,2024-06-24T07:00:00,54.370277,-119.913818
W018,Kakwa,2024-06-24T11:00:00,54.437688,-119.738312
W018,Kakwa,2024-06-24T15:00:00,54.394793,-119.580523
W018,Kakwa,2024-06-24T19:00:00,54.358915,-119.728828
W018,Kakwa,2024-06-24T23:00:00,54.244484,-119.669441
W018,Kakwa,2024-06-25T03:00:00,54.324229,-119.645755
W018,Kakwa,2024-06-25T07:00:00,54.233588,-119.811587
W018,Kakwa,2024-06-25T11:00:00,54.270318,-119.622598
W018,Kakwa,2024-06-25T15:00:00,54.190241,-119.523837
W018,Kakwa,2024-06-25T19:00:00,54.228385,-119.676794
W018,Kakwa,2024-06-25T23:00:00,54.111715,-119.69739
W018,Kakwa,2024-06-26T03:00:00,54.155747,-119.51926
W018,Kakwa,2024-06-26T07:00:00,54.236302,-119.625203
W018,Kakwa,2024-06-26T11:00:00,54.207503,-119.740567
W018,Kakwa,2024-06-26T15:00:00,54.312915,-119.674391
W018,Kakwa,2024-06-26T19:00:00,54.307617,-119.53926
W018,Kakwa,2024-06-26T23:00:00,54.264701,-119.71674
W018,Kakwa,2024-06-27T03:00:00,54.30372,-119.516849
W018,Kakwa,2024-06-27T07:00:00,54.235428,-119.44713
W018,Kakwa,2024-06-27T11:00:00,54.35207,-119.516034
W018,Kakwa,2024-06-27T15:00:00,54.37364,-119.287135
W018,Kakwa,2024-06-27T19:00:00,54.446704,-119.392383
W018,Kakwa,2024-06-27T23:00:00,54.369931,-119.48872
W018,Kakwa,2024-06-28T03:00:00,54.427747,-119.602421
W018,Kakwa,2024-06-28T07:00:00,54.360951,-119.681778
W018,Kakwa,2024-06-28T11:00:00,54.42674,-119.480151
W018,Kakwa,2024-06-28T15:00:00,54.396489,-119.630605
W018,Kakwa,2024-06-28T19:00:00,54.323855,-119.494217
W018,Kakwa,2024-06-28T23:00:00,54.433422,-119.558878
W018,Kakwa,2024-06-29T03:00:00,54.378762,-119.760428
W018,Kakwa,2024-06-29T07:00:00,54.316722,-119.701407
W018,Kakwa,2024-06-29T11:00:00,54.377224,-119.605814
W018,Kakwa,2024-06-29T15:00:00,54.350935,-119.79951
W018,Kakwa,2024-06-29T19:00:00,54.235745,-119.734873
W018,Kakwa,2024-06-29T23:00:00,54.124735,-119.72791
W018,Kakwa,2024-06-30T03:00:00,54.167868,-119.586237
W018,Kakwa,2024-06-30T07:00:00,54.141199,-119.810578
W018,Kakwa,2024-06-30T11:00:00,54.20029,-119.736047
W018,Kakwa,2024-06-30T15:00:00,54.330195,-119.675645
W018,Kakwa,2024-06-30T19:00:00,54.401461,-119.516142
W018,Kakwa,2024-06-30T23:00:00,54.373423,-119.68926
W018,Kakwa,2024-07-01T03:00:00,54.319427,-119.590096
W018,Kakwa,2024-07-01T07:00:00,54.286665,-119.718275
W019,Kakwa,2024-06-01T13:00:00,54.22744,-119.474505
W019,Kakwa,2024-06-01T17:00:00,54.262859,-119.583409
W019,Kakwa,2024-06-01T21:00:00,54.151804,-119.483942
W019,Kakwa,2024-06-02T01:00:00,54.211022,-119.626502
W019,Kakwa,2024-06-02T05:00:00,54.304136,-119.70013
W019,Kakwa,2024-06-02T09:00:00,54.199858,-119.667122
W019,Kakwa,2024-06-02T13:00:00,54.155407,-119.806991
W019,Kakwa,2024-06-02T17:00:00,54.215557,-119.61479
W019,Kakwa,2024-06-02T21:00:00,54.245411,-119.744091
W019,Kakwa,2024-06-03T01:00:00,54.150526,-119.59339
W019,Kakwa,2024-06-03T05:00:00,54.251736,-119.525094
W019,Kakwa,2024-06-03T09:00:00,54.322075,-119.393216
W019,Kakwa,2024-06-03T13:00:00,54.302373,-119.582565
W019,Kakwa,2024-06-03T17:00:00,54.189658,-119.573869
W019,Kakwa,2024-06-03T21:00:00,54.262797,-119.732213
W019,Kakwa,2024-06-04T01:00:00,54.368704,-119.617701
W019,Kakwa,2024-06-04T05:00:00,54.361951,-119.44065
W019,Kakwa,2024-06-04T09:00:00,54.29625,-119.544985
W019,Kakwa,2024-06-04T13:00:00,54.161116,-119.543836
W019,Kakwa,2024-06-04T17:00:00,54.253218,-119.681883
W019,Kakwa,2024-06-04T21:00:00,54.331759,-119.776
W019,Kakwa,2024-06-05T01:00:00,54.321574,-119.56615
W019,Kakwa,2024-06-05T05:00:00,54.194441,-119.589485
W019,Kakwa,2024-06-05T09:00:00,54.244746,-119.677434
W019,Kakwa,2024-06-05T13:00:00,54.235487,-119.869065
W019,Kakwa,2024-06-05T17:00:00,54.249425,-119.762079
W019,Kakwa,2024-06-05T21:00:00,54.203817,-119.852498
W019,Kakwa,2024-06-06T01:00:00,54.267584,-119.734119
W019,Kakwa,2024-06-06T05:00:00,54.373443,-119.669416
W019,Kakwa,2024-06-06T09:00:00,54.433598,-119.498358
W019,Kakwa,2024-06-06T13:00:00,54.329464,-119.6223
W019,Kakwa,2024-06-06T17:00:00,54.41641,-119.737694
W019,Kakwa,2024-06-06T21:00:00,54.344678,-119.64812
W019,Kakwa,2024-06-07T01:00:00,54.218104,-119.589097
W019,Kakwa,2024-06-07T05:00:00,54.29908,-119.470828
W019,Kakwa,2024-06-07T09:00:00,54.270469,-119.646056
W019,Kakwa,2024-06-07T13:00:00,54.248988,-119.477084
W019,Kakwa,2024-06-07T17:00:00,54.32592,-119.630144
W019,Kakwa,2024-06-07T21:00:00,54.362153,-119.756822
W019,Kakwa,2024-06-08T01:00:00,54.381722,-119.617329
W019,Kakwa,2024-06-08T05:00:00,54.479535,-119.619435
W019,Kakwa,2024-06-08T09:00:00,54.346851,-119.663532
W019,Kakwa,2024-06-08T13:00:00,54.349874,-119.448735
W019,Kakwa,2024-06-08T17:00:00,54.289223,-119.655929
W019,Kakwa,2024-06-08T21:00:00,54.237898,-119.492735
W019,Kakwa,2024-06-09T01:00:00,54.333505,-119.462364
W019,Kakwa,2024-06-09T05:00:00,54.352576,-119.666705
W019,Kakwa,2024-06-09T09:00:00,54.300949,-119.48883
W019,Kakwa,2024-06-09T13:00:00,54.403669,-119.456538
W019,Kakwa,2024-06-09T17:00:00,54.379967,-119.589112
W019,Kakwa,2024-06-09T21:00:00,54.369922,-119.447717
W019,Kakwa,2024-06-10T01:00:00,54.309199,-119.607851
W019,Kakwa,2024-06-10T05:00:00,54.400247,-119.563734
W019,Kakwa,2024-06-10T09:00:00,54.31139,-119.615786
W019,Kakwa,2024-06-10T13:00:00,54.424047,-119.743718
W019,Kakwa,2024-06-10T17:00:00,54.35349,-119.665919
W019,Kakwa,2024-06-10T21:00:00,54.418177,-119.794599
W019,Kakwa,2024-06-11T01:00:00,54.384999,-119.60934
W019,Kakwa,2024-06-11T05:00:00,54.273128,-119.667986
W019,Kakwa,2024-06-11T09:00:00,54.209313,-119.749818
W019,Kakwa,2024-06-11T13:00:00,54.269466,-119.572932
W019,Kakwa,2024-06-11T17:00:00,54.180888,-119.461145
W019,Kakwa,2024-06-11T21:00:00,54.286871,-119.604404
W019,Kakwa,2024-06-12T01:00:00,54.203014,-119.483267
W019,Kakwa,2024-06-12T05:00:00,54.273256,-119.570563
W019,Kakwa,2024-06-12T09:00:00,54.237785,-119.377631
W019,Kakwa,2024-06-12T13:00:00,54.286539,-119.53707
W019,Kakwa,2024-06-12T17:00:00,54.357235,-119.601977
W019,Kakwa,2024-06-12T21:00:00,54.276069,-119.431534
W019,Kakwa,2024-06-13T01:00:00,54.321466,-119.572842
W019,Kakwa,2024-06-13T05:00:00,54.35799,-119.380638
W019,Kakwa,2024-06-13T09:00:00,54.353839,-119.537136
W019,Kakwa,2024-06-13T13:00:00,54.442652,-119.440124
W019,Kakwa,2024-06-13T17:00:00,54.329843,-119.559137
W019,Kakwa,2024-06-13T21:00:00,54.375076,-119.375609
W019,Kakwa,2024-06-14T01:00:00,54.332389,-119.535945
W019,Kakwa,2024-06-14T05:00:00,54.305731,-119.627717
W019,Kakwa,2024-06-14T09:00:00,54.243316,-119.770398
W019,Kakwa,2024-06-14T13:00:00,54.146083,-119.799201
W019,Kakwa,2024-06-14T17:00:00,54.20012,-119.729963
W019,Kakwa,2024-06-14T21:00:00,54.290851,-119.649991
W019,Kakwa,2024-06-15T01:00:00,54.325717,-119.82794
W019,Kakwa,2024-06-15T05:00:00,54.233925,-119.818659
W019,Kakwa,2024-06-15T09:00:00,54.304235,-119.692231
W019,Kakwa,2024-06-15T13:00:00,54.20585,-119.769689
W019,Kakwa,2024-06-15T17:00:00,54.331464,-119.803311
W019,Kakwa,2024-06-15T21:00:00,54.236366,-119.81709
W019,Kakwa,2024-06-16T01:00:00,54.271106,-119.675866
W019,Kakwa,2024-06-16T05:00:00,54.301891,-119.802411
W019,Kakwa,2024-06-16T09:00:00,54.231489,-119.647787
W019,Kakwa,2024-06-16T13:00:00,54.312691,-119.633536
W019,Kakwa,2024-06-16T17:00:00,54.307193,-119.791511
W019,Kakwa,2024-06-16T21:00:00,54.349808,-119.902084
W019,Kakwa,2024-06-17T01:00:00,54.276068,-119.74973
W019,Kakwa,2024-06-17T05:00:00,54.244019,-119.935947
W019,Kakwa,2024-06-17T09:00:00,54.193821,-119.794302
W019,Kakwa,2024-06-17T13:00:00,54.294639,-119.7234
W019,Kakwa,2024-06-17T17:00:00,54.393846,-119.819493
W019,Kakwa,2024-06-17T21:00:00,54.33904,-119.691041
W019,Kakwa,2024-06-18T01:00:00,54.424182,-119.612866
W019,Kakwa,2024-06-18T05:00:00,54.305911,-119.664189
W019,Kakwa,2024-06-18T09:00:00,54.404496,-119.645089
W019,Kakwa,2024-06-18T13:00:00,54.313437,-119.642323
W019,Kakwa,2024-06-18T17:00:00,54.252113,-119.798695
W019,Kakwa,2024-06-18T21:00:00,54.20263,-119.928022
W019,Kakwa,2024-06-19T01:00:00,54.242943,-119.748173
W019,Kakwa,2024-06-19T05:00:00,54.217167,-119.620129
W019,Kakwa,2024-06-19T09:00:00,54.174277,-119.807673
W019,Kakwa,2024-06-19T13:00:00,54.169463,-119.66253
W019,Kakwa,2024-06-19T17:00:00,54.269939,-119.633459
W019,Kakwa,2024-06-19T21:00:00,54.336573,-119.503846
W019,Kakwa,2024-06-20T01:00:00,54.296605,-119.698203
W019,Kakwa,2024-06-20T05:00:00,54.347753,-119.483871
W019,Kakwa,2024-06-20T09:00:00,54.324269,-119.700543
W019,Kakwa,2024-06-20T13:00:00,54.387877,-119.86752
W019,Kakwa,2024-06-20T17:00:00,54.304826,-119.721857
W019,Kakwa,2024-06-20T21:00:00,54.382559,-119.641828
W019,Kakwa,2024-06-21T01:00:00,54.286102,-119.553304
W019,Kakwa,2024-06-21T05:00:00,54.359003,-119.441151
W019,Kakwa,2024-06-21T09:00:00,54.269166,-119.607716
W019,Kakwa,2024-06-21T13:00:00,54.357058,-119.58906
W019,Kakwa,2024-06-21T17:00:00,54.247693,-119.527449
W019,Kakwa,2024-06-21T21:00:00,54.299781,-119.690944
W019,Kakwa,2024-06-22T01:00:00,54.204042,-119.5582
W019,Kakwa,2024-06-22T05:00:00,54.291949,-119.652864
W019,Kakwa,2024-06-22T09:00:00,54.189142,-119.549716
W019,Kakwa,2024-06-22T13:00:00,54.205536,-119.705204
W019,Kakwa,2024-06-22T17:00:00,54.192638,-119.889823
W019,Kakwa,2024-06-22T21:00:00,54.23892,-119.713517
W019,Kakwa,2024-06-23T01:00:00,54.224524,-119.866644
W019,Kakwa,2024-06-23T05:00:00,54.150299,-119.7035
W019,Kakwa,2024-06-23T09:00:00,54.227388,-119.615768
W019,Kakwa,2024-06-23T13:00:00,54.318749,-119.553087
W019,Kakwa,2024-06-23T17:00:00,54.194489,-119.627158
W019,Kakwa,2024-06-23T21:00:00,54.30065,-119.682118
W019,Kakwa,2024-06-24T01:00:00,54.403431,-119.829439
W019,Kakwa,2024-06-24T05:00:00,54.297381,-119.710102
W019,Kakwa,2024-06-24T09:00:00,54.20882,-119.645819
W019,Kakwa,2024-06-24T13:00:00,54.257723,-119.511584
W019,Kakwa,2024-06-24T17:00:00,54.160481,-119.443377
W019,Kakwa,2024-06-24T21:00:00,54.154246,-119.593386
W019,Kakwa,2024-06-25T01:00:00,54.227301,-119.726788
W019,Kakwa,2024-06-25T05:00:00,54.27014,-119.823182
W019,Kakwa,2024-06-25T09:00:00,54.338488,-119.689599
W019,Kakwa,2024-06-25T13:00:00,54.23848,-119.548361
W019,Kakwa,2024-06-25T17:00:00,54.16155,-119.472575
W019,Kakwa,2024-06-25T21:00:00,54.213176,-119.681063
W019,Kakwa,2024-06-26T01:00:00,54.306691,-119.710589
W019,Kakwa,2024-06-26T05:00:00,54.371683,-119.530023
W019,Kakwa,2024-06-26T09:00:00,54.470605,-119.42787
W019,Kakwa,2024-06-26T13:00:00,54.360118,-119.560517
W019,Kakwa,2024-06-26T17:00:00,54.420806,-119.404508
W019,Kakwa,2024-06-26T21:00:00,54.390195,-119.524337
W019,Kakwa,2024-06-27T01:00:00,54.29616,-119.672974
W019,Kakwa,2024-06-27T05:00:00,54.40647,-119.673851
W019,Kakwa,2024-06-27T09:00:00,54.28944,-119.572757
W019,Kakwa,2024-06-27T13:00:00,54.236717,-119.755472
W019,Kakwa,2024-06-27T17:00:00,54.112377,-119.760123
W019,Kakwa,2024-06-27T21:00:00,54.216653,-119.613493
W019,Kakwa,2024-06-28T01:00:00,54.286645,-119.509331
W019,Kakwa,2024-06-28T05:00:00,54.175567,-119.492989
W019,Kakwa,2024-06-28T09:00:00,54.306539,-119.498542
W019,Kakwa,2024-06-28T13:00:00,54.319514,-119.680323
W019,Kakwa,2024-06-28T17:00:00,54.407784,-119.795719
W019,Kakwa,2024-06-28T21:00:00,54.326779,-119.749811
W019,Kakwa,2024-06-29T01:00:00,54.264202,-119.832281
W019,Kakwa,2024-06-29T05:00:00,54.275008,-119.640195
W019,Kakwa,2024-06-29T09:00:00,54.406439,-119.694015
W019,Kakwa,2024-06-29T13:00:00,54.314697,-119.637721
W019,Kakwa,2024-06-29T17:00:00,54.326411,-119.737356
W019,Kakwa,2024-06-29T21:00:00,54.391064,-119.654802
W019,Kakwa,2024-06-30T01:00:00,54.312105,-119.710947
W019,Kakwa,2024-06-30T05:00:00,54.383786,-119.598348
W019,Kakwa,2024-06-30T09:00:00,54.413556,-119.420779
W019,Kakwa,2024-06-30T13:00:00,54.427497,-119.572415
W019,Kakwa,2024-06-30T17:00:00,54.330988,-119.526253
W019,Kakwa,2024-06-30T21:00:00,54.37154,-119.424888
W019,Kakwa,2024-07-01T01:00:00,54.285652,-119.538634
W019,Kakwa,2024-07-01T05:00:00,54.38108,-119.379249
W019,Kakwa,2024-07-01T09:00:00,54.482019,-119.497786
